{
	"editor": {
		"allAngles": true,
		"entityTextureMode": true
	},
	"textureWidth": 64,
	"textureHeight": 64,
	"textureSizes": {
	},
	"textures": {
		"forlornhope-destroyed": "entity/humanoid/serapharmor/forlorn/forlorn-broken"
	},
	"elements": [
		{
			"name": "ArmorHead",
			"stepParentName": "Head",
			"from": [ -0.1, -0.2, -0.2 ],
			"to": [ 6.1, 5.2, 5.2 ],
			"autoUnwrap": false,
			"uv": [ 7.0, 0.0 ],
			"rotationOrigin": [ -0.1, -0.2, 2.6 ],
			"rotationX": 1.0,
			"faces": {
				"north": { "texture": "#forlornhope-destroyed", "uv": [ 0.0, 6.0, 6.0, 11.0 ] },
				"east": { "texture": "#forlornhope-destroyed", "uv": [ 17.0, 6.0, 22.0, 11.0 ] },
				"south": { "texture": "#forlornhope-destroyed", "uv": [ 11.0, 6.0, 17.0, 11.0 ] },
				"west": { "texture": "#forlornhope-destroyed", "uv": [ 6.0, 6.0, 11.0, 11.0 ] },
				"up": { "texture": "#forlornhope-destroyed", "uv": [ 6.0, 0.0, 11.0, 6.0 ], "rotation": 90 },
				"down": { "texture": "#forlornhope-destroyed", "uv": [ 0.5, 0.0, 5.5, 6.0 ], "rotation": 90 }
			},
			"children": [
				{
					"name": "ArmorNeck",
					"stepParentName": "Neck",
					"from": [ -0.1, 0.8, -0.1 ],
					"to": [ 3.1, 2.4, 3.1 ],
					"autoUnwrap": false,
					"uv": [ 11.5, 3.0 ],
					"rotationOrigin": [ -0.1, 0.8, 1.5 ],
					"faces": {
						"north": { "texture": "#forlornhope-destroyed", "uv": [ 11.0, 0.0, 14.0, 1.5 ] },
						"east": { "texture": "#forlornhope-destroyed", "uv": [ 20.0, 0.0, 23.0, 1.5 ] },
						"south": { "texture": "#forlornhope-destroyed", "uv": [ 17.0, 0.0, 20.0, 1.5 ] },
						"west": { "texture": "#forlornhope-destroyed", "uv": [ 14.0, 0.0, 17.0, 1.5 ] }
					}
				},
				{
					"name": "ArmorRidgeTop",
					"from": [ 0.2, 5.3, 2.4 ],
					"to": [ 6.2, 6.0, 3.0 ],
					"autoUnwrap": false,
					"uv": [ 11.5, 4.0 ],
					"rotationOrigin": [ 0.3, 5.3, 2.8 ],
					"rotationX": 22.0,
					"faces": {
						"north": { "texture": "#forlornhope-destroyed", "uv": [ 11.5, 4.5, 17.5, 5.0 ] },
						"south": { "texture": "#forlornhope-destroyed", "uv": [ 11.5, 3.5, 17.5, 4.0 ] },
						"west": { "texture": "#forlornhope-destroyed", "uv": [ 13.5, 3.5, 14.0, 4.0 ] },
						"up": { "texture": "#forlornhope-destroyed", "uv": [ 11.5, 4.0, 17.5, 4.5 ] }
					}
				},
				{
					"name": "ArmorRidgeBack",
					"from": [ 6.1, 1.0, 2.4 ],
					"to": [ 6.8, 6.1, 3.0 ],
					"uv": [ 34.0, 6.5 ],
					"rotationOrigin": [ 6.1, 1.0, 2.4 ],
					"rotationY": 22.0,
					"faces": {
						"north": { "texture": "#forlornhope-destroyed", "uv": [ 34.0, 7.0, 34.5, 12.0 ] },
						"east": { "texture": "#forlornhope-destroyed", "uv": [ 34.5, 7.0, 35.0, 12.0 ] },
						"south": { "texture": "#forlornhope-destroyed", "uv": [ 35.0, 7.0, 35.5, 12.0 ] },
						"up": { "texture": "#forlornhope-destroyed", "uv": [ 34.0, 6.5, 34.5, 7.0 ] },
						"down": { "texture": "#forlornhope-destroyed", "uv": [ 34.5, 6.5, 35.0, 7.0 ] }
					}
				}
			]
		}
	]}