{
	"editor": {
		"backDropShape": "entity/humanoid/seraph",
		"allAngles": true,
		"entityTextureMode": false
	},
	"textureWidth": 16,
	"textureHeight": 16,
	"textureSizes": {
		"bracelets1": [16,16]
	},
	"textures": {
		"bracelets1": "entity/humanoid/seraphclothes/arm/bracelets1"
	},
	"elements": [
		{
			"name": "hideupperarm",
			"stepParentName": "UpperArmL",
			"from": [ 0.0, 0.0, 0.0 ], 
			"to": [ 1.0, 1.0, 1.0 ], 
			"faces": {
				"north": { "texture": "#null", "uv": [ 0.0, 0.0, 1.0, 1.0 ], "enabled": false },
				"east": { "texture": "#null", "uv": [ 0.0, 0.0, 1.0, 1.0 ], "enabled": false },
				"south": { "texture": "#null", "uv": [ 0.0, 0.0, 1.0, 1.0 ], "enabled": false },
				"west": { "texture": "#null", "uv": [ 0.0, 0.0, 1.0, 1.0 ], "enabled": false },
				"up": { "texture": "#null", "uv": [ 0.0, 0.0, 1.0, 1.0 ], "enabled": false },
				"down": { "texture": "#null", "uv": [ 0.0, 0.0, 1.0, 1.0 ], "enabled": false }
			},
			"children": [
				{
					"name": "origin",
					"from": [ 1.1, 3.0, 0.9 ], 
					"to": [ 1.1, 3.0, 0.9 ], 
					"rotationOrigin": [ 1.1, 3.0, 0.9 ],
					"faces": {
						"north": { "texture": "#bracelets1", "uv": [ 0.0, 0.0, 0.5, 0.5 ], "enabled": false },
						"east": { "texture": "#bracelets1", "uv": [ 0.0, 0.0, 0.5, 0.5 ], "enabled": false },
						"south": { "texture": "#bracelets1", "uv": [ 0.0, 0.0, 0.5, 0.5 ], "enabled": false },
						"west": { "texture": "#bracelets1", "uv": [ 0.0, 0.0, 0.5, 0.5 ], "enabled": false },
						"up": { "texture": "#bracelets1", "uv": [ 0.0, 0.0, 0.5, 0.5 ], "enabled": false },
						"down": { "texture": "#bracelets1", "uv": [ 0.0, 0.0, 0.5, 0.5 ], "enabled": false }
					},
					"children": [
						{
							"name": "Cube19",
							"from": [ -1.0, 0.0, -1.4 ], 
							"to": [ 2.0, 0.5, -0.9 ], 
							"rotationOrigin": [ -1.0, 0.0, -0.9 ],
							"faces": {
								"north": { "texture": "#bracelets1", "uv": [ 3.5, 0.0, 6.5, 0.5 ] },
								"east": { "texture": "#bracelets1", "uv": [ 0.0, 0.0, 0.5, 0.5 ] },
								"south": { "texture": "#bracelets1", "uv": [ 9.5, 1.5, 12.5, 2.0 ] },
								"west": { "texture": "#bracelets1", "uv": [ 0.0, 0.0, 0.5, 0.5 ] },
								"up": { "texture": "#bracelets1", "uv": [ 0.0, 0.0, 3.0, 0.5 ] },
								"down": { "texture": "#bracelets1", "uv": [ 0.0, 0.0, 3.0, 0.5 ] }
							}
						},
						{
							"name": "Cube3",
							"from": [ -1.0, 0.0, 0.8 ], 
							"to": [ 2.0, 0.5, 1.3 ], 
							"rotationOrigin": [ -1.0, 0.0, 0.8 ],
							"faces": {
								"north": { "texture": "#bracelets1", "uv": [ 9.5, 1.5, 12.5, 2.0 ] },
								"east": { "texture": "#bracelets1", "uv": [ 0.0, 0.0, 0.5, 0.5 ] },
								"south": { "texture": "#bracelets1", "uv": [ 2.5, 0.5, 5.5, 1.0 ] },
								"west": { "texture": "#bracelets1", "uv": [ 0.0, 0.0, 0.5, 0.5 ] },
								"up": { "texture": "#bracelets1", "uv": [ 10.0, 0.5, 13.0, 1.0 ] },
								"down": { "texture": "#bracelets1", "uv": [ 0.0, 0.0, 3.0, 0.5 ] }
							}
						},
						{
							"name": "Cube1",
							"from": [ -1.2, 0.0, -1.3 ], 
							"to": [ -0.7, 0.5, 1.2 ], 
							"rotationOrigin": [ -1.2, 0.0, -1.3 ],
							"faces": {
								"north": { "texture": "#bracelets1", "uv": [ 0.0, 0.0, 0.5, 0.5 ] },
								"east": { "texture": "#bracelets1", "uv": [ 5.0, 1.5, 7.5, 2.0 ] },
								"south": { "texture": "#bracelets1", "uv": [ 8.0, 0.5, 8.5, 1.0 ] },
								"west": { "texture": "#bracelets1", "uv": [ 7.5, 0.5, 10.0, 1.0 ] },
								"up": { "texture": "#bracelets1", "uv": [ 11.0, 0.0, 13.5, 0.5 ], "rotation": 90 },
								"down": { "texture": "#bracelets1", "uv": [ 3.0, 0.5, 5.5, 1.0 ], "rotation": 90 }
							}
						},
						{
							"name": "Cube5",
							"from": [ 1.6, 0.0, -1.4 ], 
							"to": [ 2.1, 0.5, 1.1 ], 
							"rotationOrigin": [ 1.6, 0.0, -1.4 ],
							"faces": {
								"north": { "texture": "#bracelets1", "uv": [ 0.0, 0.0, 0.5, 0.5 ] },
								"east": { "texture": "#bracelets1", "uv": [ 7.5, 0.5, 10.0, 1.0 ] },
								"south": { "texture": "#bracelets1", "uv": [ 3.0, 0.5, 3.5, 1.0 ] },
								"west": { "texture": "#bracelets1", "uv": [ 11.5, 1.5, 14.0, 2.0 ] },
								"up": { "texture": "#bracelets1", "uv": [ 2.5, 0.5, 5.0, 1.0 ], "rotation": 90 },
								"down": { "texture": "#bracelets1", "uv": [ 7.0, 0.0, 9.5, 0.5 ], "rotation": 90 }
							}
						}
					]
				},
				{
					"name": "origin16",
					"from": [ 1.0, 2.1, 0.8 ], 
					"to": [ 1.0, 2.1, 0.8 ], 
					"rotationOrigin": [ 1.0, 2.1, 0.8 ],
					"faces": {
						"north": { "texture": "#bracelets1", "uv": [ 0.0, 0.0, 0.5, 0.5 ], "enabled": false },
						"east": { "texture": "#bracelets1", "uv": [ 0.0, 0.0, 0.5, 0.5 ], "enabled": false },
						"south": { "texture": "#bracelets1", "uv": [ 0.0, 0.0, 0.5, 0.5 ], "enabled": false },
						"west": { "texture": "#bracelets1", "uv": [ 0.0, 0.0, 0.5, 0.5 ], "enabled": false },
						"up": { "texture": "#bracelets1", "uv": [ 0.0, 0.0, 0.5, 0.5 ], "enabled": false },
						"down": { "texture": "#bracelets1", "uv": [ 0.0, 0.0, 0.5, 0.5 ], "enabled": false }
					},
					"children": [
						{
							"name": "Cube17",
							"from": [ -0.5, 0.0, -1.3 ], 
							"to": [ 2.0, 0.5, -0.8 ], 
							"rotationOrigin": [ -0.5, 0.0, -0.8 ],
							"faces": {
								"north": { "texture": "#bracelets1", "uv": [ 1.5, 0.5, 4.0, 1.0 ] },
								"east": { "texture": "#bracelets1", "uv": [ 0.0, 0.0, 0.5, 0.5 ] },
								"south": { "texture": "#bracelets1", "uv": [ 0.0, 0.0, 2.5, 0.5 ] },
								"west": { "texture": "#bracelets1", "uv": [ 0.0, 0.0, 0.5, 0.5 ] },
								"up": { "texture": "#bracelets1", "uv": [ 0.0, 0.0, 2.5, 0.5 ] },
								"down": { "texture": "#bracelets1", "uv": [ 0.0, 0.0, 2.5, 0.5 ] }
							}
						},
						{
							"name": "Cube18",
							"from": [ -1.0, 0.0, 0.8 ], 
							"to": [ 2.0, 0.5, 1.3 ], 
							"rotationOrigin": [ -1.0, 0.0, 0.8 ],
							"faces": {
								"north": { "texture": "#bracelets1", "uv": [ 4.0, 1.5, 7.0, 2.0 ] },
								"east": { "texture": "#bracelets1", "uv": [ 0.0, 0.0, 0.5, 0.5 ] },
								"south": { "texture": "#bracelets1", "uv": [ 10.0, 0.0, 13.0, 0.5 ] },
								"west": { "texture": "#bracelets1", "uv": [ 0.0, 0.0, 0.5, 0.5 ] },
								"up": { "texture": "#bracelets1", "uv": [ 2.0, 0.0, 5.0, 0.5 ] },
								"down": { "texture": "#bracelets1", "uv": [ 0.0, 0.0, 3.0, 0.5 ] }
							}
						},
						{
							"name": "Cube20",
							"from": [ -1.2, 0.0, -0.3 ], 
							"to": [ -0.7, 0.5, 1.2 ], 
							"rotationOrigin": [ -1.2, 0.0, -0.3 ],
							"faces": {
								"north": { "texture": "#bracelets1", "uv": [ 0.0, 0.0, 0.5, 0.5 ] },
								"east": { "texture": "#bracelets1", "uv": [ 2.0, 1.5, 3.5, 2.0 ] },
								"south": { "texture": "#bracelets1", "uv": [ 11.5, 0.0, 12.0, 0.5 ] },
								"west": { "texture": "#bracelets1", "uv": [ 12.5, 1.0, 14.0, 1.5 ] },
								"up": { "texture": "#bracelets1", "uv": [ 2.0, 0.5, 3.5, 1.0 ], "rotation": 90 },
								"down": { "texture": "#bracelets1", "uv": [ 3.0, 0.5, 4.5, 1.0 ], "rotation": 90 }
							}
						},
						{
							"name": "Cube20",
							"from": [ 1.7, 0.0, -1.3 ], 
							"to": [ 2.2, 0.5, 1.2 ], 
							"rotationOrigin": [ 1.7, 0.0, -1.3 ],
							"faces": {
								"north": { "texture": "#bracelets1", "uv": [ 0.5, 0.0, 1.0, 0.5 ] },
								"east": { "texture": "#bracelets1", "uv": [ 1.5, 0.5, 4.0, 1.0 ] },
								"south": { "texture": "#bracelets1", "uv": [ 11.0, 1.0, 11.5, 1.5 ] },
								"west": { "texture": "#bracelets1", "uv": [ 1.5, 1.5, 4.0, 2.0 ] },
								"up": { "texture": "#bracelets1", "uv": [ 2.5, 0.5, 5.0, 1.0 ], "rotation": 90 },
								"down": { "texture": "#bracelets1", "uv": [ 7.0, 0.0, 9.5, 0.5 ], "rotation": 90 }
							}
						},
						{
							"name": "Cube21",
							"from": [ -1.2, -0.7, -0.3 ], 
							"to": [ -0.7, 0.3, 0.2 ], 
							"rotationOrigin": [ -1.2, 0.3, 0.1 ],
							"rotationX": 17.0,
							"rotationY": -1.0,
							"faces": {
								"north": { "texture": "#bracelets1", "uv": [ 0.0, 0.0, 0.5, 1.0 ] },
								"east": { "texture": "#bracelets1", "uv": [ 6.0, 1.5, 7.0, 2.0 ], "rotation": 90 },
								"south": { "texture": "#bracelets1", "uv": [ 0.0, 0.0, 0.5, 1.0 ] },
								"west": { "texture": "#bracelets1", "uv": [ 3.0, 0.0, 3.5, 1.0 ] },
								"up": { "texture": "#bracelets1", "uv": [ 2.0, 0.5, 2.5, 1.0 ], "rotation": 90 },
								"down": { "texture": "#bracelets1", "uv": [ 3.0, 0.5, 3.5, 1.0 ], "rotation": 90 }
							}
						}
					]
				},
				{
					"name": "origin11",
					"from": [ 1.1, 5.0, 0.8 ], 
					"to": [ 1.1, 5.0, 0.8 ], 
					"rotationOrigin": [ 1.1, 5.0, 0.8 ],
					"faces": {
						"north": { "texture": "#bracelets1", "uv": [ 0.0, 0.0, 0.5, 0.5 ], "enabled": false },
						"east": { "texture": "#bracelets1", "uv": [ 0.0, 0.0, 0.5, 0.5 ], "enabled": false },
						"south": { "texture": "#bracelets1", "uv": [ 0.0, 0.0, 0.5, 0.5 ], "enabled": false },
						"west": { "texture": "#bracelets1", "uv": [ 0.0, 0.0, 0.5, 0.5 ], "enabled": false },
						"up": { "texture": "#bracelets1", "uv": [ 0.0, 0.0, 0.5, 0.5 ], "enabled": false },
						"down": { "texture": "#bracelets1", "uv": [ 0.0, 0.0, 0.5, 0.5 ], "enabled": false }
					},
					"children": [
						{
							"name": "Cube12",
							"from": [ -1.0, 0.0, -1.4 ], 
							"to": [ 1.5, 0.5, -0.9 ], 
							"rotationOrigin": [ -1.0, 0.0, -0.9 ],
							"faces": {
								"north": { "texture": "#bracelets1", "uv": [ 11.5, 0.0, 14.0, 0.5 ] },
								"east": { "texture": "#bracelets1", "uv": [ 0.0, 0.0, 0.5, 0.5 ] },
								"south": { "texture": "#bracelets1", "uv": [ 4.5, 1.5, 7.0, 2.0 ] },
								"west": { "texture": "#bracelets1", "uv": [ 0.0, 0.0, 0.5, 0.5 ] },
								"up": { "texture": "#bracelets1", "uv": [ 0.0, 0.0, 2.5, 0.5 ] },
								"down": { "texture": "#bracelets1", "uv": [ 0.0, 0.0, 2.5, 0.5 ] }
							}
						},
						{
							"name": "Cube13",
							"from": [ -1.2, 0.0, 0.0 ], 
							"to": [ -0.7, 1.0, 0.5 ], 
							"rotationOrigin": [ -1.2, 0.0, 0.0 ],
							"rotationX": 17.0,
							"rotationY": -1.0,
							"faces": {
								"north": { "texture": "#bracelets1", "uv": [ 0.0, 0.0, 0.5, 1.0 ] },
								"east": { "texture": "#bracelets1", "uv": [ 13.5, 1.5, 14.5, 2.0 ], "rotation": 90 },
								"south": { "texture": "#bracelets1", "uv": [ 0.0, 0.0, 0.5, 1.0 ] },
								"west": { "texture": "#bracelets1", "uv": [ 8.5, 0.0, 9.0, 1.0 ] },
								"up": { "texture": "#bracelets1", "uv": [ 8.5, 0.0, 9.0, 0.5 ] },
								"down": { "texture": "#bracelets1", "uv": [ 0.0, 0.0, 0.5, 0.5 ] }
							}
						},
						{
							"name": "Cube14",
							"from": [ -1.2, 0.0, -1.3 ], 
							"to": [ -0.7, 0.5, 0.2 ], 
							"rotationOrigin": [ -1.2, 0.0, -1.3 ],
							"faces": {
								"north": { "texture": "#bracelets1", "uv": [ 0.0, 0.0, 0.5, 0.5 ] },
								"east": { "texture": "#bracelets1", "uv": [ 7.5, 1.5, 9.0, 2.0 ] },
								"south": { "texture": "#bracelets1", "uv": [ 0.0, 0.0, 0.5, 0.5 ] },
								"west": { "texture": "#bracelets1", "uv": [ 3.0, 0.0, 4.5, 0.5 ] },
								"up": { "texture": "#bracelets1", "uv": [ 2.0, 0.5, 3.5, 1.0 ], "rotation": 90 },
								"down": { "texture": "#bracelets1", "uv": [ 3.0, 0.5, 4.5, 1.0 ], "rotation": 90 }
							}
						}
					]
				},
				{
					"name": "origin6",
					"from": [ 1.0, 4.0, 0.9 ], 
					"to": [ 1.0, 4.0, 0.9 ], 
					"rotationOrigin": [ 1.0, 4.0, 0.9 ],
					"faces": {
						"north": { "texture": "#bracelets1", "uv": [ 0.0, 0.0, 0.5, 0.5 ], "enabled": false },
						"east": { "texture": "#bracelets1", "uv": [ 0.0, 0.0, 0.5, 0.5 ], "enabled": false },
						"south": { "texture": "#bracelets1", "uv": [ 0.0, 0.0, 0.5, 0.5 ], "enabled": false },
						"west": { "texture": "#bracelets1", "uv": [ 0.0, 0.0, 0.5, 0.5 ], "enabled": false },
						"up": { "texture": "#bracelets1", "uv": [ 0.0, 0.0, 0.5, 0.5 ], "enabled": false },
						"down": { "texture": "#bracelets1", "uv": [ 0.0, 0.0, 0.5, 0.5 ], "enabled": false }
					},
					"children": [
						{
							"name": "Cube7",
							"from": [ -1.0, 0.0, -1.4 ], 
							"to": [ 2.0, 0.5, -0.9 ], 
							"rotationOrigin": [ -1.0, 0.0, -0.9 ],
							"faces": {
								"north": { "texture": "#bracelets1", "uv": [ 7.5, 0.5, 10.5, 1.0 ] },
								"east": { "texture": "#bracelets1", "uv": [ 0.0, 0.0, 0.5, 0.5 ] },
								"south": { "texture": "#bracelets1", "uv": [ 7.5, 1.5, 10.5, 2.0 ] },
								"west": { "texture": "#bracelets1", "uv": [ 0.0, 0.0, 0.5, 0.5 ] },
								"up": { "texture": "#bracelets1", "uv": [ 0.0, 0.0, 3.0, 0.5 ] },
								"down": { "texture": "#bracelets1", "uv": [ 0.0, 0.0, 3.0, 0.5 ] }
							}
						},
						{
							"name": "Cube8",
							"from": [ -1.0, 0.0, 0.8 ], 
							"to": [ 2.0, 0.5, 1.3 ], 
							"rotationOrigin": [ -1.0, 0.0, 0.8 ],
							"faces": {
								"north": { "texture": "#bracelets1", "uv": [ 5.0, 1.5, 8.0, 2.0 ] },
								"east": { "texture": "#bracelets1", "uv": [ 0.0, 0.0, 0.5, 0.5 ] },
								"south": { "texture": "#bracelets1", "uv": [ 7.5, 0.5, 10.5, 1.0 ] },
								"west": { "texture": "#bracelets1", "uv": [ 0.0, 0.0, 0.5, 0.5 ] },
								"up": { "texture": "#bracelets1", "uv": [ 0.0, 0.0, 3.0, 0.5 ] },
								"down": { "texture": "#bracelets1", "uv": [ 0.0, 0.0, 3.0, 0.5 ] }
							}
						},
						{
							"name": "Cube9",
							"from": [ -1.2, 0.0, -1.3 ], 
							"to": [ -0.7, 0.5, 1.2 ], 
							"rotationOrigin": [ -1.2, 0.0, -1.3 ],
							"faces": {
								"north": { "texture": "#bracelets1", "uv": [ 0.0, 0.0, 0.5, 0.5 ] },
								"east": { "texture": "#bracelets1", "uv": [ 11.0, 1.5, 13.5, 2.0 ] },
								"south": { "texture": "#bracelets1", "uv": [ 8.5, 0.0, 9.0, 0.5 ] },
								"west": { "texture": "#bracelets1", "uv": [ 2.5, 0.0, 5.0, 0.5 ] },
								"up": { "texture": "#bracelets1", "uv": [ 9.0, 0.5, 11.5, 1.0 ], "rotation": 90 },
								"down": { "texture": "#bracelets1", "uv": [ 3.0, 0.5, 5.5, 1.0 ], "rotation": 90 }
							}
						},
						{
							"name": "Cube10",
							"from": [ 1.6, 0.0, -1.4 ], 
							"to": [ 2.1, 0.5, 1.1 ], 
							"rotationOrigin": [ 1.6, 0.0, -1.4 ],
							"faces": {
								"north": { "texture": "#bracelets1", "uv": [ 0.0, 0.0, 0.5, 0.5 ] },
								"east": { "texture": "#bracelets1", "uv": [ 2.0, 0.5, 4.5, 1.0 ] },
								"south": { "texture": "#bracelets1", "uv": [ 11.5, 0.0, 12.0, 0.5 ] },
								"west": { "texture": "#bracelets1", "uv": [ 7.5, 1.5, 10.0, 2.0 ] },
								"up": { "texture": "#bracelets1", "uv": [ 2.5, 0.5, 5.0, 1.0 ], "rotation": 90 },
								"down": { "texture": "#bracelets1", "uv": [ 7.0, 0.0, 9.5, 0.5 ], "rotation": 90 }
							}
						}
					]
				}
			]
		}
	]}