{
	"editor": {
		"backDropShape": "entity/humanoid/seraph",
		"allAngles": true,
		"entityTextureMode": false
	},
	"textureWidth": 16,
	"textureHeight": 16,
	"textureSizes": {
		"bracelets1": [16,16]
	},
	"textures": {
		"bracelets1": "entity/humanoid/seraphclothes/arm/bracelets1"
	},
	"elements": [
		{
			"name": "hidelowerarm",
			"stepParentName": "LowerArmL",
			"from": [ 1.0, 1.0, 0.9 ], 
			"to": [ 1.0, 1.0, 0.9 ], 
			"rotationOrigin": [ 1.0, 1.0, 0.9 ],
			"faces": {
				"north": { "texture": "#bracelets1", "uv": [ 0.0, 0.0, 0.5, 0.5 ], "enabled": false },
				"east": { "texture": "#bracelets1", "uv": [ 0.0, 0.0, 0.5, 0.5 ], "enabled": false },
				"south": { "texture": "#bracelets1", "uv": [ 0.0, 0.0, 0.5, 0.5 ], "enabled": false },
				"west": { "texture": "#bracelets1", "uv": [ 0.0, 0.0, 0.5, 0.5 ], "enabled": false },
				"up": { "texture": "#bracelets1", "uv": [ 0.0, 0.0, 0.5, 0.5 ], "enabled": false },
				"down": { "texture": "#bracelets1", "uv": [ 0.0, 0.0, 0.5, 0.5 ], "enabled": false }
			},
			"children": [
				{
					"name": "Cube19",
					"from": [ -1.0, 0.0, -1.4 ], 
					"to": [ 1.5, 1.5, -0.9 ], 
					"rotationOrigin": [ -1.0, 0.0, -0.9 ],
					"faces": {
						"north": { "texture": "#bracelets1", "uv": [ 12.0, 4.0, 14.5, 5.5 ] },
						"east": { "texture": "#bracelets1", "uv": [ 0.0, 4.0, 0.5, 5.5 ] },
						"south": { "texture": "#bracelets1", "uv": [ 12.5, 4.0, 15.0, 5.5 ] },
						"west": { "texture": "#bracelets1", "uv": [ 11.0, 4.0, 11.5, 5.5 ] },
						"up": { "texture": "#bracelets1", "uv": [ 12.5, 4.0, 15.0, 4.5 ] },
						"down": { "texture": "#bracelets1", "uv": [ 12.0, 5.0, 14.5, 5.5 ] }
					}
				},
				{
					"name": "Cube3",
					"from": [ -1.0, 0.0, 0.8 ], 
					"to": [ 1.5, 1.5, 1.3 ], 
					"rotationOrigin": [ -1.0, 0.0, 0.8 ],
					"faces": {
						"north": { "texture": "#bracelets1", "uv": [ 4.0, 4.0, 6.5, 5.5 ] },
						"east": { "texture": "#bracelets1", "uv": [ 14.0, 4.0, 14.5, 5.5 ] },
						"south": { "texture": "#bracelets1", "uv": [ 3.5, 4.0, 6.0, 5.5 ] },
						"west": { "texture": "#bracelets1", "uv": [ 8.5, 5.0, 9.0, 6.5 ] },
						"up": { "texture": "#bracelets1", "uv": [ 8.5, 5.5, 11.0, 6.0 ] },
						"down": { "texture": "#bracelets1", "uv": [ 2.0, 3.5, 4.5, 4.0 ] }
					}
				},
				{
					"name": "Cube1",
					"from": [ -1.2, 0.0, -1.3 ], 
					"to": [ -0.7, 1.5, 1.2 ], 
					"rotationOrigin": [ -1.2, 0.0, -1.3 ],
					"rotationZ": 0.1,
					"faces": {
						"north": { "texture": "#bracelets1", "uv": [ 9.5, 4.0, 10.0, 5.5 ] },
						"east": { "texture": "#bracelets1", "uv": [ 9.0, 4.0, 11.5, 5.5 ] },
						"south": { "texture": "#bracelets1", "uv": [ 7.5, 4.0, 8.0, 5.5 ] },
						"west": { "texture": "#bracelets1", "uv": [ 9.0, 4.0, 11.5, 5.5 ] },
						"up": { "texture": "#bracelets1", "uv": [ 5.5, 6.5, 8.0, 7.0 ], "rotation": 90 },
						"down": { "texture": "#bracelets1", "uv": [ 5.0, 5.0, 7.5, 5.5 ], "rotation": 90 }
					}
				},
				{
					"name": "Cube5",
					"from": [ 1.1, 0.0, -1.4 ], 
					"to": [ 1.6, 1.5, 1.1 ], 
					"rotationOrigin": [ 1.1, 0.0, -1.4 ],
					"rotationZ": 0.1,
					"faces": {
						"north": { "texture": "#bracelets1", "uv": [ 2.5, 4.0, 3.0, 5.5 ] },
						"east": { "texture": "#bracelets1", "uv": [ 1.0, 5.0, 3.5, 6.5 ] },
						"south": { "texture": "#bracelets1", "uv": [ 1.0, 5.0, 1.5, 6.5 ] },
						"west": { "texture": "#bracelets1", "uv": [ 5.0, 4.0, 7.5, 5.5 ] },
						"up": { "texture": "#bracelets1", "uv": [ 0.5, 5.5, 3.0, 6.0 ], "rotation": 90 },
						"down": { "texture": "#bracelets1", "uv": [ 9.0, 6.0, 11.5, 6.5 ], "rotation": 90 }
					}
				}
			]
		}
	]}