{
	"editor": {
		"allAngles": true,
		"entityTextureMode": false
	},
	"textureWidth": 8,
	"textureHeight": 8,
	"textureSizes": {
	},
	"textures": {
		"tailor-arm-needlepuff": "entity/humanoid/seraphclothes/arm/tailor-needlepuff"
	},
	"elements": [
		{
			"name": "origin",
			"stepParentName": "LowerArmR",
			"from": [ 1.2, 4.0, 1.0 ], 
			"to": [ 1.2, 4.0, 1.0 ], 
			"rotationOrigin": [ 1.2, 4.0, 1.0 ],
			"faces": {
				"north": { "texture": "#null", "uv": [ 0.0, 0.0, 0.5, 0.5 ], "enabled": false },
				"east": { "texture": "#null", "uv": [ 0.0, 0.0, 0.5, 0.5 ], "enabled": false },
				"south": { "texture": "#null", "uv": [ 0.0, 0.0, 0.5, 0.5 ], "enabled": false },
				"west": { "texture": "#null", "uv": [ 0.0, 0.0, 0.5, 0.5 ], "enabled": false },
				"up": { "texture": "#null", "uv": [ 0.0, 0.0, 0.5, 0.5 ], "enabled": false },
				"down": { "texture": "#null", "uv": [ 0.0, 0.0, 0.5, 0.5 ], "enabled": false }
			},
			"children": [
				{
					"name": "hideme",
					"from": [ 0.0, 0.0, 0.0 ], 
					"to": [ 0.0, 0.0, 0.0 ], 
					"faces": {
						"north": { "texture": "#tailor-arm-needlepuff", "uv": [ 0.0, 0.0, 0.5, 0.5 ], "enabled": false },
						"east": { "texture": "#tailor-arm-needlepuff", "uv": [ 0.0, 0.0, 0.5, 0.5 ], "enabled": false },
						"south": { "texture": "#tailor-arm-needlepuff", "uv": [ 0.0, 0.0, 0.5, 0.5 ], "enabled": false },
						"west": { "texture": "#tailor-arm-needlepuff", "uv": [ 0.0, 0.0, 0.5, 0.5 ], "enabled": false },
						"up": { "texture": "#tailor-arm-needlepuff", "uv": [ 0.0, 0.0, 0.5, 0.5 ], "enabled": false },
						"down": { "texture": "#tailor-arm-needlepuff", "uv": [ 0.0, 0.0, 0.5, 0.5 ], "enabled": false }
					},
					"children": [
						{
							"name": "puff",
							"from": [ -1.0, -1.0, -2.0 ], 
							"to": [ 1.0, 1.0, -1.0 ], 
							"rotationOrigin": [ 0.0, 0.0, -1.0 ],
							"rotationZ": -45.0,
							"faces": {
								"north": { "texture": "#tailor-arm-needlepuff", "uv": [ 6.0, 0.0, 8.0, 2.0 ] },
								"east": { "texture": "#tailor-arm-needlepuff", "uv": [ 4.0, 0.0, 5.0, 2.0 ] },
								"south": { "texture": "#tailor-arm-needlepuff", "uv": [ 0.0, 0.0, 2.0, 2.0 ] },
								"west": { "texture": "#tailor-arm-needlepuff", "uv": [ 2.0, 0.0, 3.0, 2.0 ] },
								"up": { "texture": "#tailor-arm-needlepuff", "uv": [ 3.0, 0.0, 4.0, 2.0 ], "rotation": 90 },
								"down": { "texture": "#tailor-arm-needlepuff", "uv": [ 4.0, 0.0, 5.0, 2.0 ], "rotation": 90 }
							},
							"children": [
								{
									"name": "needle1",
									"from": [ -1.2, 0.6, 0.5 ], 
									"to": [ 0.3, 0.8, 0.7 ], 
									"rotationOrigin": [ 0.3, 0.7, 0.6 ],
									"rotationX": 45.0,
									"rotationZ": 50.0,
									"faces": {
										"north": { "texture": "#tailor-arm-needlepuff", "uv": [ 7.0, 2.5, 7.5, 4.0 ], "rotation": 90 },
										"east": { "texture": "#tailor-arm-needlepuff", "uv": [ 7.0, 3.5, 7.5, 4.0 ], "enabled": false },
										"south": { "texture": "#tailor-arm-needlepuff", "uv": [ 7.0, 4.5, 7.5, 6.0 ], "rotation": 90 },
										"west": { "texture": "#tailor-arm-needlepuff", "uv": [ 7.0, 5.0, 7.5, 5.5 ] },
										"up": { "texture": "#tailor-arm-needlepuff", "uv": [ 7.0, 3.5, 7.5, 5.0 ], "rotation": 90 },
										"down": { "texture": "#tailor-arm-needlepuff", "uv": [ 7.0, 5.5, 7.5, 7.0 ], "rotation": 90 }
									}
								},
								{
									"name": "needle2",
									"from": [ -1.2, 1.6, 0.5 ], 
									"to": [ 0.3, 1.8, 0.7 ], 
									"rotationOrigin": [ 0.3, 1.7, 0.6 ],
									"rotationX": -55.0,
									"rotationZ": -33.0,
									"faces": {
										"north": { "texture": "#tailor-arm-needlepuff", "uv": [ 7.0, 2.5, 7.5, 4.0 ], "rotation": 90 },
										"east": { "texture": "#tailor-arm-needlepuff", "uv": [ 7.0, 3.5, 7.5, 4.0 ], "enabled": false },
										"south": { "texture": "#tailor-arm-needlepuff", "uv": [ 7.0, 4.5, 7.5, 6.0 ], "rotation": 90 },
										"west": { "texture": "#tailor-arm-needlepuff", "uv": [ 7.0, 5.0, 7.5, 5.5 ] },
										"up": { "texture": "#tailor-arm-needlepuff", "uv": [ 7.0, 3.5, 7.5, 5.0 ], "rotation": 90 },
										"down": { "texture": "#tailor-arm-needlepuff", "uv": [ 7.0, 5.5, 7.5, 7.0 ], "rotation": 90 }
									}
								},
								{
									"name": "needle3",
									"from": [ -0.2, 0.6, 0.2 ], 
									"to": [ 1.3, 0.8, 0.4 ], 
									"rotationOrigin": [ 1.3, 0.7, 0.3 ],
									"rotationX": -47.0,
									"rotationY": -58.0,
									"rotationZ": -42.0,
									"faces": {
										"north": { "texture": "#tailor-arm-needlepuff", "uv": [ 7.0, 2.5, 7.5, 4.0 ], "rotation": 90 },
										"east": { "texture": "#tailor-arm-needlepuff", "uv": [ 7.0, 3.5, 7.5, 4.0 ], "enabled": false },
										"south": { "texture": "#tailor-arm-needlepuff", "uv": [ 7.0, 4.5, 7.5, 6.0 ], "rotation": 90 },
										"west": { "texture": "#tailor-arm-needlepuff", "uv": [ 7.0, 5.0, 7.5, 5.5 ] },
										"up": { "texture": "#tailor-arm-needlepuff", "uv": [ 7.0, 3.5, 7.5, 5.0 ], "rotation": 90 },
										"down": { "texture": "#tailor-arm-needlepuff", "uv": [ 7.0, 5.5, 7.5, 7.0 ], "rotation": 90 }
									}
								},
								{
									"name": "needle4",
									"from": [ -0.2, 1.9, 0.3 ], 
									"to": [ 1.3, 2.1, 0.5 ], 
									"rotationOrigin": [ 1.3, 2.0, 0.4 ],
									"rotationX": -47.0,
									"rotationZ": -83.0,
									"faces": {
										"north": { "texture": "#tailor-arm-needlepuff", "uv": [ 7.0, 2.5, 7.5, 4.0 ], "rotation": 90 },
										"east": { "texture": "#tailor-arm-needlepuff", "uv": [ 7.0, 3.5, 7.5, 4.0 ], "enabled": false },
										"south": { "texture": "#tailor-arm-needlepuff", "uv": [ 7.0, 4.5, 7.5, 6.0 ], "rotation": 90 },
										"west": { "texture": "#tailor-arm-needlepuff", "uv": [ 7.0, 5.0, 7.5, 5.5 ] },
										"up": { "texture": "#tailor-arm-needlepuff", "uv": [ 7.0, 3.5, 7.5, 5.0 ], "rotation": 90 },
										"down": { "texture": "#tailor-arm-needlepuff", "uv": [ 7.0, 5.5, 7.5, 7.0 ], "rotation": 90 }
									}
								},
								{
									"name": "needle5",
									"from": [ -0.5, 1.3, 0.1 ], 
									"to": [ 1.0, 1.5, 0.3 ], 
									"rotationOrigin": [ 1.0, 1.4, 0.2 ],
									"rotationX": -72.0,
									"rotationZ": -50.0,
									"faces": {
										"north": { "texture": "#tailor-arm-needlepuff", "uv": [ 7.0, 2.5, 7.5, 4.0 ], "rotation": 90 },
										"east": { "texture": "#tailor-arm-needlepuff", "uv": [ 7.0, 3.5, 7.5, 4.0 ], "enabled": false },
										"south": { "texture": "#tailor-arm-needlepuff", "uv": [ 7.0, 4.5, 7.5, 6.0 ], "rotation": 90 },
										"west": { "texture": "#tailor-arm-needlepuff", "uv": [ 7.0, 5.0, 7.5, 5.5 ] },
										"up": { "texture": "#tailor-arm-needlepuff", "uv": [ 7.0, 3.5, 7.5, 5.0 ], "rotation": 90 },
										"down": { "texture": "#tailor-arm-needlepuff", "uv": [ 7.0, 5.5, 7.5, 7.0 ], "rotation": 90 }
									}
								}
							]
						}
					]
				}
			]
		}
	]}