﻿{
	code: "fruitbar",
	class: "ExpandedFood",
	maxstacksize: 32,
	variantgroups: [
		{
			code: "type",
			states: [ "" ]
		},
		{
			code: "states",
			states: [ "raw" ]
		},
	],
	attributes: {
		displaycaseable: true,
		shelvable: true,
	    onDisplayTransform: { 
			translation: { x: 0, y: -0.25, z: 0 },
			scale: 0.5 
		},
		expandedNutritionPropsByType: {
			"*": {
      			"game:honeyportion" : { saturation: 4, foodcategory: "Fruit" },
      			"game:salt" : { saturation: 0, health: 0.5, foodcategory: "Fruit" },
      			"expandedfoods:fruitsyrupportion-saguaro" : { saturation: 12, "health": 0.2, foodcategory: "Fruit" }, 
      			"expandedfoods:fruitsyrupportion-*" : { saturation: 12, "health": 0.1, foodcategory: "Fruit" },
      			"expandedfoods:wildfruitsyrupportion-cloudberry" : { saturation: 12, "health": 0.5, foodcategory: "Fruit" },
      			"expandedfoods:wildfruitsyrupportion-husktomato" : { saturation: 12, "health": 0.3, foodcategory: "Fruit" },
      			"expandedfoods:wildfruitsyrupportion-juniper" : { saturation: 12, "health": 0.3, foodcategory: "Fruit" },
      			"expandedfoods:wildfruitsyrupportion-coralbead" : { saturation: 12, "health": -0.1, foodcategory: "Fruit" },
      			"expandedfoods:wildfruitsyrupportion-pokeberry" : { saturation: 12, "health": -0.25, foodcategory: "Fruit" },
      			"expandedfoods:wildfruitsyrupportion-snowberry" : { saturation: 12, "health": -0.25, foodcategory: "Fruit" },
      			"expandedfoods:wildfruitsyrupportion-falseorange" : { saturation: 12, "health": -0.25, foodcategory: "Fruit" },
      			"expandedfoods:wildfruitsyrupportion-blacknightshadeunripe" : { saturation: 12, "health": -1, foodcategory: "Fruit" },
      			"expandedfoods:wildfruitsyrupportion-bitternightshade" : { saturation: 12, "health": -2, foodcategory: "Fruit" },
      			"expandedfoods:wildfruitsyrupportion-wolfberry" : { saturation: 12, "health": -3, foodcategory: "Fruit" },
      			"expandedfoods:wildfruitsyrupportion-seamango" : { saturation: 12, "health": -4, foodcategory: "Fruit" },
      			"expandedfoods:wildfruitsyrupportion-crowseye" : { saturation: 12, "health": -5, foodcategory: "Fruit" },
      			"expandedfoods:wildfruitsyrupportion-*" : { saturation: 12, "health": 0.1, foodcategory: "Fruit" },
      			"expandedfoods:treesyrupportion-*" : { saturation: 9.6, "health": 0.1, foodcategory: "Fruit" },
				"expandedfoods:peanutliquid-paste": { saturation: 32, foodcategory: "Protein" },
			},
		},
		"renderIngredients": {
			"acorns:acorn-meal": { "shape": "expandedfoods:shapes/item/food/fruitbar/base.json", "name": "base", "textureMap": { "base": "acorn" } },
			"expandedfoods:acornportion": { "shape": "expandedfoods:shapes/item/food/fruitbar/base.json", "name": "base", "textureMap": { "base": "acorn" } },
			"game:legume-peanut": { "shape": "expandedfoods:shapes/item/food/fruitbar/base.json", "name": "base", "textureMap": { "base": "peanut" } },
			"expandedfoods:peanut-cooked": { "shape": "expandedfoods:shapes/item/food/fruitbar/base.json", "name": "base", "textureMap": { "base": "peanut" } },
			"expandedfoods:peanut-kernels": { "shape": "expandedfoods:shapes/item/food/fruitbar/base.json", "name": "base", "textureMap": { "base": "peanut" } },
			"game:grain-sunflower": { "shape": "expandedfoods:shapes/item/food/fruitbar/base.json", "name": "base", "textureMap": { "base": "sunflower" } },
			"game:fruit-*": { "shape": "expandedfoods:shapes/item/food/fruitbar/overlay.json", "name": "overlay", "textureMap": { "overlay": "{overlay}O" } },
			"expandedfoods:dehydratedfruit-*": { "shape": "expandedfoods:shapes/item/food/fruitbar/overlay.json", "name": "overlay", "textureMap": { "overlay": "{overlay}O" } },
			"expandedfoods:dryfruit-*": { "shape": "expandedfoods:shapes/item/food/fruitbar/overlay.json", "name": "overlay", "textureMap": { "overlay": "{overlay}O" } },
			"expandedfoods:candiedfruit-*": { "shape": "expandedfoods:shapes/item/food/fruitbar/overlay.json", "name": "overlay", "textureMap": { "overlay": "{overlay}O" } },
			"expandedfoods:choppedvegetable-pumpkin": { "shape": "expandedfoods:shapes/item/food/fruitbar/overlay.json", "name": "overlay", "textureMap": { "overlay": "pumpkinO" } },
			"wildcraftfruit:fruit-*": { "shape": "expandedfoods:shapes/item/food/fruitbar/overlay.json", "name": "overlay", "textureMap": { "overlay": "{overlay}O" } },
			"expandedfoods:wilddryfruit-*": { "shape": "expandedfoods:shapes/item/food/fruitbar/overlay.json", "name": "overlay", "textureMap": { "overlay": "{overlay}O" } },
			"expandedfoods:wilddehydratedfruit-*": { "shape": "expandedfoods:shapes/item/food/fruitbar/overlay.json", "name": "overlay", "textureMap": { "overlay": "{overlay}O" } },
			"expandedfoods:wildcandiedfruit-*": { "shape": "expandedfoods:shapes/item/food/fruitbar/overlay.json", "name": "overlay", "textureMap": { "overlay": "{overlay}O" } },
			"expandedfoods:gelatin-*": { "shape": "expandedfoods:shapes/item/food/fruitbar/filling.json", "name": "filling", "textureMap": { "filling": "{filling}F" } },
		},
	},
	shape: { base: "item/food/fruitbar/fruitbar" },
	creativeinventory: { "general": ["*"], "items": ["*"], "expandedfoods": ["*"] },
    textures: {
        "acorn": { base: "expandedfoods:item/food/candy/acorn" },
        "peanut": { base: "expandedfoods:item/food/candy/peanut" },
        "sunflower": { base: "expandedfoods:item/food/candy/sunflower" },
        "appleF": { base: "game:item/gelatin/apple" },
        "birchF": { base: "game:item/gelatin/birch" },
        "blackcurrantF": { base: "game:item/gelatin/blackcurrant" },
        "blueberryF": { base: "game:item/gelatin/blueberry" },
        "breadfruitF": { base: "game:item/gelatin/breadfruit" },
        "cherryF": { base: "game:item/gelatin/cherry" },
        "cranberryF": { base: "game:item/gelatin/cranberry" },
        "honeyF": { base: "game:item/gelatin/honey" },
        "lycheeF": { base: "game:item/gelatin/lychee" },
        "mangoF": { base: "game:item/gelatin/mango" },
        "mapleF": { base: "game:item/gelatin/maple" },
        "orangeF": { base: "game:item/gelatin/orange" },
        "peachF": { base: "game:item/gelatin/peach" },
        "pearF": { base: "game:item/gelatin/pear" },
        "pineappleF": { base: "game:item/gelatin/pineapple" },
        "plainF": { base: "game:item/gelatin/plain" },
        "pomegranateF": { base: "game:item/gelatin/pomegranate" },
        "pumpkinF": { base: "game:item/gelatin/pumpkin" },
        "redcurrantF": { base: "game:item/gelatin/redcurrant" },
        "saguaroF": { base: "game:item/gelatin/saguaro" },
        "whitecurrantF": { base: "game:item/gelatin/whitecurrant" },
        "achachaF": { base: "game:item/gelatin/achacha" },
        "apricotF": { base: "game:item/gelatin/apricot" },
        "beautyberryF": { base: "game:item/gelatin/beautyberry" },
        "bitternightshadeF": { base: "game:item/gelatin/bitternightshade" },
        "blacknightshadeF": { base: "game:item/gelatin/blacknightshade" },
        "blacknightshadeunripeF": { base: "game:item/gelatin/blacknightshadeunripe" },
        "blueraspberryF": { base: "game:item/gelatin/blueraspberry" },
        "bluetongueF": { base: "game:item/gelatin/bluetongue" },
        "brambleberryF": { base: "game:item/gelatin/brambleberry" },
        "bunchberryF": { base: "game:item/gelatin/bunchberry" },
        "bushlawyerF": { base: "game:item/gelatin/bushlawyer" },
        "cashewappleF": { base: "game:item/gelatin/cashewapple" },
        "cheeseberryF": { base: "game:item/gelatin/cheeseberry" },
        "cherryplumF": { base: "game:item/gelatin/cherryplum" },
        "chinaberryF": { base: "game:item/gelatin/chinaberry" },
        "citronF": { base: "game:item/gelatin/citron" },
        "cloudberryF": { base: "game:item/gelatin/cloudberry" },
        "cocoaF": { base: "game:item/gelatin/cocoa" },
        "coralbeadF": { base: "game:item/gelatin/coralbead" },
        "creepingpineF": { base: "game:item/gelatin/creepingpine" },
        "crowberryF": { base: "game:item/gelatin/crowberry" },
        "crowseyeF": { base: "game:item/gelatin/crowseye" },
        "dogroseF": { base: "game:item/gelatin/dogrose" },
        "elderberryF": { base: "game:item/gelatin/elderberry" },
        "engkalaF": { base: "game:item/gelatin/engkala" },
        "falseorangeF": { base: "game:item/gelatin/falseorange" },
        "falsestrawberryF": { base: "game:item/gelatin/falsestrawberry" },
        "feijoaF": { base: "game:item/gelatin/feijoa" },
        "figF": { base: "game:item/gelatin/fig" },
        "fingerlimeF": { base: "game:item/gelatin/fingerlime" },
        "flaxlilyF": { base: "game:item/gelatin/flaxlily" },
        "foxgrapeF": { base: "game:item/gelatin/foxgrape" },
        "fractureberryF": { base: "game:item/gelatin/fractureberry" },
        "gardenstrawberryF": { base: "game:item/gelatin/gardenstrawberry" },
        "gooseberryF": { base: "game:item/gelatin/gooseberry" },
        "guajavaF": { base: "game:item/gelatin/guajava" },
        "hawthornF": { base: "game:item/gelatin/hawthorn" },
        "honeypotsF": { base: "game:item/gelatin/honeypots" },
        "honeysuckleF": { base: "game:item/gelatin/honeysuckle" },
        "huckleberryF": { base: "game:item/gelatin/huckleberry" },
        "husktomatoF": { base: "game:item/gelatin/husktomato" },
        "illawarraF": { base: "game:item/gelatin/illawarra" },
        "jujubeF": { base: "game:item/gelatin/jujube" },
        "juniperF": { base: "game:item/gelatin/juniper" },
        "kakahaF": { base: "game:item/gelatin/kakaha" },
        "kawakawaF": { base: "game:item/gelatin/kawakawa" },
        "knyazberryF": { base: "game:item/gelatin/knyazberry" },
        "kumquatF": { base: "game:item/gelatin/kumquat" },
        "lemonaspenF": { base: "game:item/gelatin/lemonaspen" },
        "lillypillypinkF": { base: "game:item/gelatin/lillypillypink" },
        "lingonberryF": { base: "game:item/gelatin/lingonberry" },
        "loquatF": { base: "game:item/gelatin/loquat" },
        "midyimberryF": { base: "game:item/gelatin/midyimberry" },
        "mingimingiF": { base: "game:item/gelatin/mingimingi" },
        "munthariF": { base: "game:item/gelatin/munthari" },
        "naranjillaF": { base: "game:item/gelatin/naranjilla" },
        "numnumF": { base: "game:item/gelatin/numnum" },
        "pandanbitsF": { base: "game:item/gelatin/pandanbits" },
        "piloF": { base: "game:item/gelatin/pilo" },
        "pineheathF": { base: "game:item/gelatin/pineheath" },
        "pittedbeachalmondF": { base: "game:item/gelatin/pittedbeachalmond" },
        "pittedchinaberryF": { base: "game:item/gelatin/pittedchinaberry" },
        "pokeberryF": { base: "game:item/gelatin/pokeberry" },
        "pomeloF": { base: "game:item/gelatin/pomelo" },
        "pricklyheathF": { base: "game:item/gelatin/pricklyheath" },
        "purpleplumF": { base: "game:item/gelatin/purpleplum" },
        "quinceF": { base: "game:item/gelatin/quince" },
        "raspberryF": { base: "game:item/gelatin/raspberry" },
        "redgrapeF": { base: "game:item/gelatin/redgrape" },
        "redquandongF": { base: "game:item/gelatin/redquandong" },
        "roseappleF": { base: "game:item/gelatin/roseapple" },
        "rowanberryF": { base: "game:item/gelatin/rowanberry" },
        "rubysaltbushF": { base: "game:item/gelatin/rubysaltbush" },
        "sallowthornF": { base: "game:item/gelatin/sallowthorn" },
        "seamangoF": { base: "game:item/gelatin/seamango" },
        "silvernettleF": { base: "game:item/gelatin/silvernettle" },
        "snowberryF": { base: "game:item/gelatin/snowberry" },
        "spindleF": { base: "game:item/gelatin/spindle" },
        "strawberryF": { base: "game:item/gelatin/strawberry" },
        "sumacF": { base: "game:item/gelatin/sumac" },
        "turkscapF": { base: "game:item/gelatin/turkscap" },
        "ugniF": { base: "game:item/gelatin/ugni" },
        "virgingrapeF": { base: "game:item/gelatin/virgingrape" },
        "whitegrapeF": { base: "game:item/gelatin/whitegrape" },
        "wolfberryF": { base: "game:item/gelatin/wolfberry" },
        "appleO": { base: "expandedfoods:item/food/grain/overlays/apple" },
        "blackcurrantO": { base: "expandedfoods:item/food/grain/overlays/blackcurrant" },
        "blueberryO": { base: "expandedfoods:item/food/grain/overlays/blueberry" },
        "breadfruitO": { base: "expandedfoods:item/food/grain/overlays/breadfruit" },
        "cherryO": { base: "expandedfoods:item/food/grain/overlays/cherry" },
        "cranberryO": { base: "expandedfoods:item/food/grain/overlays/cranberry" },
        "lycheeO": { base: "expandedfoods:item/food/grain/overlays/lychee" },
        "mangoO": { base: "expandedfoods:item/food/grain/overlays/mango" },
        "orangeO": { base: "expandedfoods:item/food/grain/overlays/orange" },
        "peachO": { base: "expandedfoods:item/food/grain/overlays/peach" },
        "pearO": { base: "expandedfoods:item/food/grain/overlays/pear" },
        "pineappleO": { base: "expandedfoods:item/food/grain/overlays/pineapple" },
        "pomegranateO": { base: "expandedfoods:item/food/grain/overlays/pomegranate" },
        "pumpkinO": { base: "expandedfoods:item/food/grain/overlays/pumpkin" },
        "redcurrantO": { base: "expandedfoods:item/food/grain/overlays/redcurrant" },
        "saguaroO": { base: "expandedfoods:item/food/grain/overlays/saguaro" },
        "whitecurrantO": { base: "expandedfoods:item/food/grain/overlays/whitecurrant" },
        "achachaO": { base: "expandedfoods:item/food/grain/overlays/achacha" },
        "apricotO": { base: "expandedfoods:item/food/grain/overlays/apricot" },
        "beachalmondO": { base: "expandedfoods:item/food/grain/overlays/beachalmond" },
        "beautyberryO": { base: "expandedfoods:item/food/grain/overlays/beautyberry" },
        "bitternightshadeO": { base: "expandedfoods:item/food/grain/overlays/bitternightshade" },
        "blacknightshadeO": { base: "expandedfoods:item/food/grain/overlays/blacknightshade" },
        "blacknightshadeunripeO": { base: "expandedfoods:item/food/grain/overlays/blacknightshadeunripe" },
        "blueraspberryO": { base: "expandedfoods:item/food/grain/overlays/blueraspberry" },
        "bluetongueO": { base: "expandedfoods:item/food/grain/overlays/bluetongue" },
        "brambleberryO": { base: "expandedfoods:item/food/grain/overlays/brambleberry" },
        "bunchberryO": { base: "expandedfoods:item/food/grain/overlays/bunchberry" },
        "bushlawyerO": { base: "expandedfoods:item/food/grain/overlays/bushlawyer" },
        "cashewappleO": { base: "expandedfoods:item/food/grain/overlays/cashewapple" },
        "cheeseberryO": { base: "expandedfoods:item/food/grain/overlays/cheeseberry" },
        "cherryplumO": { base: "expandedfoods:item/food/grain/overlays/cherryplum" },
        "chinaberryO": { base: "expandedfoods:item/food/grain/overlays/chinaberry" },
        "citronO": { base: "expandedfoods:item/food/grain/overlays/citron" },
        "cloudberryO": { base: "expandedfoods:item/food/grain/overlays/cloudberry" },
        "cocoaO": { base: "expandedfoods:item/food/grain/overlays/cocoa" },
        "coralbeadO": { base: "expandedfoods:item/food/grain/overlays/coralbead" },
        "creepingpineO": { base: "expandedfoods:item/food/grain/overlays/creepingpine" },
        "crowberryO": { base: "expandedfoods:item/food/grain/overlays/crowberry" },
        "crowseyeO": { base: "expandedfoods:item/food/grain/overlays/crowseye" },
        "dogroseO": { base: "expandedfoods:item/food/grain/overlays/dogrose" },
        "elderberryO": { base: "expandedfoods:item/food/grain/overlays/elderberry" },
        "engkalaO": { base: "expandedfoods:item/food/grain/overlays/engkala" },
        "falseorangeO": { base: "expandedfoods:item/food/grain/overlays/falseorange" },
        "falsestrawberryO": { base: "expandedfoods:item/food/grain/overlays/falsestrawberry" },
        "feijoaO": { base: "expandedfoods:item/food/grain/overlays/feijoa" },
        "figO": { base: "expandedfoods:item/food/grain/overlays/fig" },
        "fingerlimeO": { base: "expandedfoods:item/food/grain/overlays/fingerlime" },
        "flaxlilyO": { base: "expandedfoods:item/food/grain/overlays/flaxlily" },
        "foxgrapeO": { base: "expandedfoods:item/food/grain/overlays/foxgrape" },
        "fractureberryO": { base: "expandedfoods:item/food/grain/overlays/fractureberry" },
        "gardenstrawberryO": { base: "expandedfoods:item/food/grain/overlays/gardenstrawberry" },
        "gooseberryO": { base: "expandedfoods:item/food/grain/overlays/gooseberry" },
        "guajavaO": { base: "expandedfoods:item/food/grain/overlays/guajava" },
        "hawthornO": { base: "expandedfoods:item/food/grain/overlays/hawthorn" },
        "honeypotsO": { base: "expandedfoods:item/food/grain/overlays/honeypots" },
        "honeysuckleO": { base: "expandedfoods:item/food/grain/overlays/honeysuckle" },
        "huckleberryO": { base: "expandedfoods:item/food/grain/overlays/huckleberry" },
        "husktomatoO": { base: "expandedfoods:item/food/grain/overlays/husktomato" },
        "illawarraO": { base: "expandedfoods:item/food/grain/overlays/illawarra" },
        "jujubeO": { base: "expandedfoods:item/food/grain/overlays/jujube" },
        "juniperO": { base: "expandedfoods:item/food/grain/overlays/juniper" },
        "kakahaO": { base: "expandedfoods:item/food/grain/overlays/kakaha" },
        "kawakawa": { base: "expandedfoods:item/food/grain/overlays/kawakawa" },
        "knyazberryO": { base: "expandedfoods:item/food/grain/overlays/knyazberry" },
        "kumquatO": { base: "expandedfoods:item/food/grain/overlays/kumquat" },
        "lemonaspenO": { base: "expandedfoods:item/food/grain/overlays/lemonaspen" },
        "lillypillypinkO": { base: "expandedfoods:item/food/grain/overlays/lillypillypink" },
        "lingonberryO": { base: "expandedfoods:item/food/grain/overlays/lingonberry" },
        "loquatO": { base: "expandedfoods:item/food/grain/overlays/loquat" },
        "midyimberryO": { base: "expandedfoods:item/food/grain/overlays/midyimberry" },
        "mingimingiO": { base: "expandedfoods:item/food/grain/overlays/mingimingi" },
        "munthariO": { base: "expandedfoods:item/food/grain/overlays/munthari" },
        "naranjillaO": { base: "expandedfoods:item/food/grain/overlays/naranjilla" },
        "numnumO": { base: "expandedfoods:item/food/grain/overlays/numnum" },
        "pandanbitsO": { base: "expandedfoods:item/food/grain/overlays/pandanbits" },
        "piloO": { base: "expandedfoods:item/food/grain/overlays/pilo" },
        "pineheathO": { base: "expandedfoods:item/food/grain/overlays/pineheath" },
        "pokeberryO": { base: "expandedfoods:item/food/grain/overlays/pokeberry" },
        "pomeloO": { base: "expandedfoods:item/food/grain/overlays/pomelo" },
        "pricklyheathO": { base: "expandedfoods:item/food/grain/overlays/pricklyheath" },
        "purpleplumO": { base: "expandedfoods:item/food/grain/overlays/purpleplum" },
        "quinceO": { base: "expandedfoods:item/food/grain/overlays/quince" },
        "raspberryO": { base: "expandedfoods:item/food/grain/overlays/raspberry" },
        "redgrapeO": { base: "expandedfoods:item/food/grain/overlays/redgrape" },
        "redquandongO": { base: "expandedfoods:item/food/grain/overlays/redquandong" },
        "roseappleO": { base: "expandedfoods:item/food/grain/overlays/roseapple" },
        "rowanberryO": { base: "expandedfoods:item/food/grain/overlays/rowanberry" },
        "rubysaltbushO": { base: "expandedfoods:item/food/grain/overlays/rubysaltbush" },
        "sallowthornO": { base: "expandedfoods:item/food/grain/overlays/sallowthorn" },
        "seamangoO": { base: "expandedfoods:item/food/grain/overlays/seamango" },
        "silvernettleO": { base: "expandedfoods:item/food/grain/overlays/silvernettle" },
        "snowberryO": { base: "expandedfoods:item/food/grain/overlays/snowberry" },
        "spindleO": { base: "expandedfoods:item/food/grain/overlays/spindle" },
        "strawberryO": { base: "expandedfoods:item/food/grain/overlays/strawberry" },
        "sumacO": { base: "expandedfoods:item/food/grain/overlays/sumac" },
        "turkscapO": { base: "expandedfoods:item/food/grain/overlays/turkscap" },
        "ugniO": { base: "expandedfoods:item/food/grain/overlays/ugni" },
        "virgingrapeO": { base: "expandedfoods:item/food/grain/overlays/virgingrape" },
        "whitegrapeO": { base: "expandedfoods:item/food/grain/overlays/whitegrape" },
        "wolfberryO": { base: "expandedfoods:item/food/grain/overlays/wolfberry" },

        "almondO": { base: "expandedfoods:item/food/grain/overlays/almond" },
        "bearnutO": { base: "expandedfoods:item/food/grain/overlays/bearnut" },
        "commonhackberryO": { base: "expandedfoods:item/food/grain/overlays/commonhackberry" },
        "hazelnutO": { base: "expandedfoods:item/food/grain/overlays/hazelnut" },
        "sugarhackberryO": { base: "expandedfoods:item/food/grain/overlays/sugarhackberry" },
    },
    transitionablePropsByType: {
		"*": [
			{
				type: "Perish",
				freshHours: { avg: 2190 },
				transitionHours: { avg: 220 },
				transitionedStack: {
					type: "item",
					code: "game:rot"
				},
				transitionRatio: 0.25
			}
		],
	},
	materialDensity: 600,
	nutritionPropsByType: {
			"*-raw": {
				saturation: 100,
				health: 0.5,
				foodcategory: "Fruit"
			},
	},
	heldTpIdleAnimationByType: {
			"*": "holdbothhands"
	},
	guiTransformByType: {
			"*": {
				translation: { x: 0, y: 0, z: 0 },
				rotation: { x: 145, y: 30, z: 0 },
				origin: { x: 0.45, y: 0.075, z: 0.5 },
				scale: 2.5
			}
	},
	groundTransformByType: {
			"*": {
				origin: { x: 0.5, y: 0, z: 0.5 },
				scale: 2.5
			}
	},
	tpHandTransformByType: {
		"*": {
			translation: { x: -1.75, y: -0.75, z: -1.25 },
			rotation: { x: 0, y: 0, z: -90 },
			origin: { x: 0.5, y: 0.21, z: 0.48 },
			scale: 0.37
		}
	},
}