{
	"enabled": false,
	"code":  "limberedgun",
	"class": "EntityLimber",
    "variantgroups": [
		{ "code": "type",     "states": ["supportgun", "fieldgun", "howitzer", "heavymachinegun", "heavyfieldgun", "howitzer-120mm"]},
		{ "code": "material", "states": ["tinbronze", "iron", "steel"]},
		{ "code": "barrel",   "states": ["smoothbore", "rifled"]}
	],
	"skipVariants": [
		"limberedgun-supportgun-*-rifled",
		"limberedgun-supportgun-steel-*",

		"limberedgun-fieldgun-steel-*",
		"limberedgun-howitzer-steel-*",

		"limberedgun-heavymachinegun-*-smoothbore",

		"limberedgun-heavyfieldgun-tinbronze-*",
		"limberedgun-heavyfieldgun-*-smoothbore",

		"limberedgun-howitzer-120mm-tinbronze-*",
		"limberedgun-howitzer-120mm-*-smoothbore"
	],
	"hitboxSize":   { "x": 1.15, "y": 1.4 },
	"weightByType": {
		"*-supportgun-tinbronze-*":        700,
		"*-supportgun-steel-*":            800,
		"*-supportgun-*":                  900,

		"*-fieldgun-tinbronze-*":        900,
		"*-fieldgun-steel-*":           1000,
		"*-fieldgun-*":                 1200,

		"*-howitzer-tinbronze-*":        800,
		"*-howitzer-steel-*":            900,
		"*-howitzer-*":                 1100,

		"*-heavymachinegun-tinbronze-*": 800,
		"*-heavymachinegun-steel-*":     900,
		"*-heavymachinegun-*":          1000,

		"*-heavyfieldgun-tinbronze-*":  3500,
		"*-heavyfieldgun-steel-*":      4000,
		"*-heavyfieldgun-*":            5000,

		"*-howitzer-120mm-tinbronze-*":  3300,
		"*-howitzer-120mm-steel-*":      3800,
		"*-howitzer-120mm-*":            4800,
		
		"*":                             800
	},
	"drops": [{
		"type": "block", 
		"code": "game:wagonwheels-spoked-west", 
		"quantity": { "avg": 1, "var": 0.5 } 
	}],
	"attributes": { "limber": {
		"entityCodes": [ "limber" ],
		"deployedBlock": "rustyshell:{type}-{material}-{barrel}",
		"offset": -2
	}},
	"client": {
		"renderer": "Shape",
		"shape":   { "base": "gun/{type}" },
        "textures": {
			"metal":    { "base": "game:block/metal/plate/{material}" },
			"metalalt": { "base": "game:block/metal/sheet/{material}1" },
			"iron1":    { "base": "game:block/metal/sheet/iron1" },
			"top":      { "base": "game:block/wood/echochamber/top" },
			"plainoak": { "base": "game:block/wood/plainoak" },
			"generic":  { "base": "game:block/wood/planks/generic" },
			"girdle":  { "base": "game:block/wood/charred" }
        },
		"behaviors": [
			{ "code": "controlledphysics", "stepHeight": 1.1251 }, 
			{ "code": "interpolateposition" },
			{ "code": "floatupwhenstuck", "onlyWhenDead": true },
			{ "code": "deployablelimber" }
		],
		"animations": [{
			"code":      "move",
			"animation": "move",
			"weight":    10,
			"blendMode": "AddAverage"
		}]
	},
	"server": {
		"behaviors": [
			{ "code": "controlledphysics", "stepHeight": 1.1251 },
			{ "code": "health", "currenthealth": 20, "maxhealth": 20 },
			{ "code": "floatupwhenstuck", "onlyWhenDead": true },
			{ "code": "deployablelimber" }
		]
	}
}