{
	"editor": {
		"backDropShape": "entity/humanoid/seraph",
		"allAngles": false,
		"entityTextureMode": false
	},
	"textureWidth": 8,
	"textureHeight": 8,
	"textureSizes": {
		"blackguard-belt": [8, 8]
	},
	"textures": {
		"blackguard-belt": "entity/humanoid/seraphclothes/waist/blackguard-belt"
	},
	"elements": [
		{
			"name": "Waist",
			"stepParentName": "LowerTorso",
			"from": [ -0.2, 0.0, -0.3 ], 
			"to": [ 5.3, 1.0, 6.3 ], 
			"rotationOrigin": [ 0.9, 0.0, 2.8 ],
			"faces": {
				"north": { "texture": "#blackguard-belt", "uv": [ 0.0, 2.5, 1.0, 8.0 ], "rotation": 90 },
				"east": { "texture": "#blackguard-belt", "uv": [ 0.0, 7.0, 6.5, 8.0 ], "rotation": 180 },
				"south": { "texture": "#blackguard-belt", "uv": [ 5.5, 2.5, 6.5, 8.0 ], "rotation": 270 },
				"west": { "texture": "#blackguard-belt", "uv": [ 0.0, 2.5, 6.5, 3.5 ] },
				"up": { "texture": "#blackguard-belt", "uv": [ 0.0, 2.5, 6.5, 8.0 ], "rotation": 90 },
				"down": { "texture": "#blackguard-belt", "uv": [ 0.0, 2.5, 6.5, 8.0 ], "rotation": 90 }
			},
			"children": [
				{
					"name": "BuckleDown",
					"from": [ -0.3, -0.3, 3.5 ], 
					"to": [ 0.2, 0.0, 4.5 ], 
					"rotationOrigin": [ -0.3, 0.0, 3.5 ],
					"rotationX": -45.0,
					"faces": {
						"north": { "texture": "#blackguard-belt", "uv": [ 0.0, 0.0, 0.5, 0.5 ], "enabled": false },
						"east": { "texture": "#blackguard-belt", "uv": [ 0.0, 0.0, 1.0, 0.5 ], "enabled": false },
						"south": { "texture": "#blackguard-belt", "uv": [ 0.0, 0.0, 0.5, 0.5 ] },
						"west": { "texture": "#blackguard-belt", "uv": [ 0.0, 0.0, 1.0, 0.5 ] },
						"up": { "texture": "#blackguard-belt", "uv": [ 0.0, 0.0, 0.5, 1.0 ] },
						"down": { "texture": "#blackguard-belt", "uv": [ 0.0, 0.0, 0.5, 1.0 ] }
					},
					"children": [
						{
							"name": "BuckleL",
							"from": [ 0.0, 0.0, -0.3 ], 
							"to": [ 0.5, 1.0, 0.0 ], 
							"rotationOrigin": [ 0.0, 0.0, -0.3 ],
							"faces": {
								"north": { "texture": "#blackguard-belt", "uv": [ 0.0, 0.0, 0.5, 1.0 ] },
								"east": { "texture": "#blackguard-belt", "uv": [ 0.0, 0.0, 0.5, 1.0 ], "enabled": false },
								"south": { "texture": "#blackguard-belt", "uv": [ 0.0, 0.0, 0.5, 1.0 ] },
								"west": { "texture": "#blackguard-belt", "uv": [ 2.0, 0.5, 2.5, 1.5 ] },
								"up": { "texture": "#blackguard-belt", "uv": [ 1.0, 0.0, 1.5, 0.5 ], "enabled": false },
								"down": { "texture": "#blackguard-belt", "uv": [ 0.0, 0.0, 0.5, 0.5 ] }
							}
						},
						{
							"name": "BuckleR",
							"from": [ 0.0, 0.3, 0.7 ], 
							"to": [ 0.5, 1.3, 1.0 ], 
							"rotationOrigin": [ 0.0, 0.3, 0.7 ],
							"faces": {
								"north": { "texture": "#blackguard-belt", "uv": [ 0.0, 0.0, 0.5, 1.0 ] },
								"east": { "texture": "#blackguard-belt", "uv": [ 0.0, 0.0, 0.5, 1.0 ], "enabled": false },
								"south": { "texture": "#blackguard-belt", "uv": [ 0.0, 0.0, 0.5, 1.0 ] },
								"west": { "texture": "#blackguard-belt", "uv": [ 0.0, 0.0, 0.5, 1.0 ] },
								"up": { "texture": "#blackguard-belt", "uv": [ 0.0, 0.0, 0.5, 0.5 ] },
								"down": { "texture": "#blackguard-belt", "uv": [ 0.0, 0.0, 0.5, 0.5 ], "enabled": false }
							}
						},
						{
							"name": "BuckletTop",
							"from": [ 0.0, 1.0, -0.3 ], 
							"to": [ 0.5, 1.3, 0.7 ], 
							"rotationOrigin": [ 0.0, 1.0, -0.3 ],
							"faces": {
								"north": { "texture": "#blackguard-belt", "uv": [ 0.0, 0.0, 0.5, 0.5 ] },
								"east": { "texture": "#blackguard-belt", "uv": [ 0.0, 0.0, 1.0, 0.5 ], "enabled": false },
								"south": { "texture": "#blackguard-belt", "uv": [ 0.0, 0.0, 0.5, 0.5 ], "enabled": false },
								"west": { "texture": "#blackguard-belt", "uv": [ 0.0, 0.0, 1.0, 0.5 ] },
								"up": { "texture": "#blackguard-belt", "uv": [ 0.0, 0.0, 0.5, 1.0 ] },
								"down": { "texture": "#blackguard-belt", "uv": [ 0.0, 0.0, 0.5, 1.0 ] }
							}
						}
					]
				},
				{
					"name": "BeltPin",
					"from": [ -0.1, 0.3, 2.4 ], 
					"to": [ 0.2, 0.6, 3.4 ], 
					"rotationOrigin": [ -0.1, 0.3, 2.4 ],
					"faces": {
						"north": { "texture": "#blackguard-belt", "uv": [ 1.0, 0.5, 1.5, 1.0 ] },
						"east": { "texture": "#blackguard-belt", "uv": [ 0.0, 0.0, 1.0, 0.5 ], "enabled": false },
						"south": { "texture": "#blackguard-belt", "uv": [ 0.5, 1.0, 1.0, 1.5 ] },
						"west": { "texture": "#blackguard-belt", "uv": [ 0.5, 0.0, 1.5, 0.5 ] },
						"up": { "texture": "#blackguard-belt", "uv": [ 2.0, 0.0, 2.5, 1.0 ] },
						"down": { "texture": "#blackguard-belt", "uv": [ 2.0, 0.5, 2.5, 1.5 ] }
					}
				},
				{
					"name": "BeltHole1",
					"from": [ -0.2, 0.3, 4.7 ], 
					"to": [ 0.1, 0.6, 5.0 ], 
					"rotationOrigin": [ -0.2, 0.45, 4.85 ],
					"rotationX": -45.0,
					"faces": {
						"north": { "texture": "#blackguard-belt", "uv": [ 2.0, 0.0, 2.5, 0.5 ] },
						"east": { "texture": "#blackguard-belt", "uv": [ 0.0, 0.0, 0.5, 0.5 ], "enabled": false },
						"south": { "texture": "#blackguard-belt", "uv": [ 1.5, 0.5, 2.0, 1.0 ] },
						"west": { "texture": "#blackguard-belt", "uv": [ 1.0, 0.5, 1.5, 1.0 ] },
						"up": { "texture": "#blackguard-belt", "uv": [ 1.5, 1.0, 2.0, 1.5 ] },
						"down": { "texture": "#blackguard-belt", "uv": [ 1.5, 0.5, 2.0, 1.0 ] }
					}
				},
				{
					"name": "BeltHole2",
					"from": [ -0.2, 0.3, 5.4 ], 
					"to": [ 0.1, 0.6, 5.7 ], 
					"rotationOrigin": [ -0.2, 0.45, 5.55 ],
					"rotationX": -45.0,
					"faces": {
						"north": { "texture": "#blackguard-belt", "uv": [ 2.0, 0.0, 2.5, 0.5 ] },
						"east": { "texture": "#blackguard-belt", "uv": [ 0.0, 0.0, 0.5, 0.5 ], "enabled": false },
						"south": { "texture": "#blackguard-belt", "uv": [ 1.5, 0.5, 2.0, 1.0 ] },
						"west": { "texture": "#blackguard-belt", "uv": [ 1.0, 0.5, 1.5, 1.0 ] },
						"up": { "texture": "#blackguard-belt", "uv": [ 1.5, 1.0, 2.0, 1.5 ] },
						"down": { "texture": "#blackguard-belt", "uv": [ 1.5, 0.5, 2.0, 1.0 ] }
					}
				},
				{
					"name": "BeltDown",
					"from": [ 0.0, -2.7, 2.4 ], 
					"to": [ 0.5, 0.3, 3.4 ], 
					"rotationOrigin": [ 0.0, 0.3, 2.9 ],
					"rotationX": 3.0,
					"rotationY": -4.0,
					"rotationZ": -12.0,
					"faces": {
						"north": { "texture": "#blackguard-belt", "uv": [ 7.5, 3.5, 8.0, 6.5 ] },
						"east": { "texture": "#blackguard-belt", "uv": [ 7.0, 3.5, 8.0, 6.5 ] },
						"south": { "texture": "#blackguard-belt", "uv": [ 7.0, 3.5, 7.5, 6.5 ] },
						"west": { "texture": "#blackguard-belt", "uv": [ 7.0, 3.5, 8.0, 6.5 ] },
						"up": { "texture": "#blackguard-belt", "uv": [ 0.0, 0.0, 0.5, 1.0 ], "enabled": false },
						"down": { "texture": "#blackguard-belt", "uv": [ 7.5, 7.0, 8.0, 8.0 ], "enabled": false }
					},
					"children": [
						{
							"name": "BeltTip",
							"from": [ -0.1, -0.5, -0.1 ], 
							"to": [ 0.5, 0.0, 1.1 ], 
							"rotationOrigin": [ -0.1, 0.0, 0.5 ],
							"faces": {
								"north": { "texture": "#blackguard-belt", "uv": [ 2.0, 0.5, 2.5, 1.0 ] },
								"east": { "texture": "#blackguard-belt", "uv": [ 1.0, 0.5, 2.0, 1.0 ] },
								"south": { "texture": "#blackguard-belt", "uv": [ 0.0, 0.0, 0.5, 0.5 ] },
								"west": { "texture": "#blackguard-belt", "uv": [ 1.5, 0.0, 2.5, 0.5 ] },
								"up": { "texture": "#blackguard-belt", "uv": [ 1.5, 0.5, 2.0, 1.5 ] },
								"down": { "texture": "#blackguard-belt", "uv": [ 2.0, 0.0, 2.5, 1.0 ] }
							}
						},
						{
							"name": "BeltHole3",
							"from": [ -0.2, 2.4, 0.3 ], 
							"to": [ 0.1, 2.7, 0.6 ], 
							"rotationOrigin": [ 0.0, 2.55, 0.45 ],
							"rotationX": -45.0,
							"faces": {
								"north": { "texture": "#blackguard-belt", "uv": [ 0.0, 0.0, 0.5, 0.5 ] },
								"east": { "texture": "#blackguard-belt", "uv": [ 0.0, 0.0, 0.5, 0.5 ] },
								"south": { "texture": "#blackguard-belt", "uv": [ 0.0, 0.0, 0.5, 0.5 ] },
								"west": { "texture": "#blackguard-belt", "uv": [ 2.5, 0.5, 3.0, 1.0 ] },
								"up": { "texture": "#blackguard-belt", "uv": [ 0.0, 0.0, 0.5, 0.5 ] },
								"down": { "texture": "#blackguard-belt", "uv": [ 0.0, 0.0, 0.5, 0.5 ] }
							}
						},
						{
							"name": "BeltHole4",
							"from": [ -0.2, 1.7, 0.3 ], 
							"to": [ 0.1, 2.0, 0.6 ], 
							"rotationOrigin": [ 0.0, 1.85, 0.45 ],
							"rotationX": -45.0,
							"faces": {
								"north": { "texture": "#blackguard-belt", "uv": [ 0.0, 0.0, 0.5, 0.5 ] },
								"east": { "texture": "#blackguard-belt", "uv": [ 0.0, 0.0, 0.5, 0.5 ] },
								"south": { "texture": "#blackguard-belt", "uv": [ 0.0, 0.0, 0.5, 0.5 ] },
								"west": { "texture": "#blackguard-belt", "uv": [ 2.5, 0.5, 3.0, 1.0 ] },
								"up": { "texture": "#blackguard-belt", "uv": [ 0.0, 0.0, 0.5, 0.5 ] },
								"down": { "texture": "#blackguard-belt", "uv": [ 0.0, 0.0, 0.5, 0.5 ] }
							}
						},
						{
							"name": "BeltHole5",
							"from": [ -0.2, 1.0, 0.3 ], 
							"to": [ 0.1, 1.3, 0.6 ], 
							"rotationOrigin": [ 0.0, 1.15, 0.45 ],
							"rotationX": -45.0,
							"faces": {
								"north": { "texture": "#blackguard-belt", "uv": [ 0.0, 0.0, 0.5, 0.5 ] },
								"east": { "texture": "#blackguard-belt", "uv": [ 0.0, 0.0, 0.5, 0.5 ] },
								"south": { "texture": "#blackguard-belt", "uv": [ 0.0, 0.0, 0.5, 0.5 ] },
								"west": { "texture": "#blackguard-belt", "uv": [ 2.5, 0.5, 3.0, 1.0 ] },
								"up": { "texture": "#blackguard-belt", "uv": [ 0.0, 0.0, 0.5, 0.5 ] },
								"down": { "texture": "#blackguard-belt", "uv": [ 0.0, 0.0, 0.5, 0.5 ] }
							}
						}
					]
				}
			]
		}
	]}