{
	"editor": {
		"backDropShape": "entity/humanoid/seraph",
		"allAngles": false,
		"entityTextureMode": false
	},
	"textureWidth": 8,
	"textureHeight": 8,
	"textureSizes": {
		"clockmaker-belt": [8,8]
	},
	"textures": {
		"clockmaker-belt": "entity/humanoid/seraphclothes/waist/clockmaker-belt"
	},
	"elements": [
		{
			"name": "Waist",
			"stepParentName": "LowerTorso",
			"from": [ 0.0, 0.0, 0.0 ], 
			"to": [ 0.0, 0.0, 0.0 ], 
			"faces": {
				"north": { "texture": "#clockmaker-belt", "uv": [ 0.0, 0.0, 0.5, 0.5 ], "enabled": false },
				"east": { "texture": "#clockmaker-belt", "uv": [ 0.0, 0.0, 0.5, 0.5 ], "enabled": false },
				"south": { "texture": "#clockmaker-belt", "uv": [ 0.0, 0.0, 0.5, 0.5 ], "enabled": false },
				"west": { "texture": "#clockmaker-belt", "uv": [ 0.0, 0.0, 0.5, 0.5 ], "enabled": false },
				"up": { "texture": "#clockmaker-belt", "uv": [ 0.0, 0.0, 0.5, 0.5 ], "enabled": false },
				"down": { "texture": "#clockmaker-belt", "uv": [ 0.0, 0.0, 0.5, 0.5 ], "enabled": false }
			},
			"children": [
				{
					"name": "waist",
					"from": [ -0.2, 0.5, -0.3 ], 
					"to": [ 5.1, 1.0, 6.3 ], 
					"rotationOrigin": [ 1.8, 0.0, 3.0 ],
					"faces": {
						"north": { "texture": "#clockmaker-belt", "uv": [ 1.5, 0.5, 6.5, 1.0 ] },
						"east": { "texture": "#clockmaker-belt", "uv": [ 1.5, 0.5, 8.0, 1.0 ] },
						"south": { "texture": "#clockmaker-belt", "uv": [ 1.5, 0.5, 6.5, 1.0 ] },
						"west": { "texture": "#clockmaker-belt", "uv": [ 1.5, 0.5, 8.0, 1.0 ] },
						"up": { "texture": "#clockmaker-belt", "uv": [ 0.0, 0.0, 5.0, 6.5 ], "enabled": false },
						"down": { "texture": "#clockmaker-belt", "uv": [ 0.0, 0.0, 5.0, 6.5 ], "enabled": false }
					},
					"children": [
						{
							"name": "W-bottom",
							"from": [ -0.2, -0.5, -0.2 ], 
							"to": [ 0.8, 0.0, 6.8 ], 
							"rotationOrigin": [ 0.8, -0.5, 3.3 ],
							"faces": {
								"north": { "texture": "#clockmaker-belt", "uv": [ 0.0, 0.0, 1.0, 0.5 ] },
								"east": { "texture": "#clockmaker-belt", "uv": [ 0.0, 0.0, 7.0, 0.5 ], "enabled": false },
								"south": { "texture": "#clockmaker-belt", "uv": [ 4.5, 0.0, 5.5, 0.5 ] },
								"west": { "texture": "#clockmaker-belt", "uv": [ 0.0, 0.0, 7.0, 0.5 ] },
								"up": { "texture": "#clockmaker-belt", "uv": [ 0.0, 1.0, 7.0, 2.0 ], "rotation": 90 },
								"down": { "texture": "#clockmaker-belt", "uv": [ 1.0, 1.0, 8.0, 2.0 ], "rotation": 90 }
							}
						},
						{
							"name": "W-top",
							"from": [ -0.2, 0.5, -0.2 ], 
							"to": [ 0.8, 1.0, 6.8 ], 
							"rotationOrigin": [ 0.8, 0.5, 3.3 ],
							"faces": {
								"north": { "texture": "#clockmaker-belt", "uv": [ 0.0, 0.0, 1.0, 0.5 ] },
								"east": { "texture": "#clockmaker-belt", "uv": [ 0.0, 0.0, 7.0, 0.5 ], "enabled": false },
								"south": { "texture": "#clockmaker-belt", "uv": [ 4.5, 0.0, 5.5, 0.5 ] },
								"west": { "texture": "#clockmaker-belt", "uv": [ 0.0, 0.0, 7.0, 0.5 ] },
								"up": { "texture": "#clockmaker-belt", "uv": [ 0.0, 1.0, 7.0, 2.0 ], "rotation": 90 },
								"down": { "texture": "#clockmaker-belt", "uv": [ 1.0, 1.0, 8.0, 2.0 ], "rotation": 90 }
							}
						},
						{
							"name": "E-top",
							"from": [ 4.5, 0.5, -0.2 ], 
							"to": [ 5.5, 1.0, 6.8 ], 
							"rotationOrigin": [ 5.5, 0.5, 3.3 ],
							"faces": {
								"north": { "texture": "#clockmaker-belt", "uv": [ 0.0, 0.0, 1.0, 0.5 ] },
								"east": { "texture": "#clockmaker-belt", "uv": [ 0.0, 0.0, 7.0, 0.5 ] },
								"south": { "texture": "#clockmaker-belt", "uv": [ 4.5, 0.0, 5.5, 0.5 ] },
								"west": { "texture": "#clockmaker-belt", "uv": [ 0.0, 0.0, 7.0, 0.5 ], "enabled": false },
								"up": { "texture": "#clockmaker-belt", "uv": [ 0.0, 1.0, 7.0, 2.0 ], "rotation": 90 },
								"down": { "texture": "#clockmaker-belt", "uv": [ 1.0, 1.0, 8.0, 2.0 ], "rotation": 90 }
							}
						},
						{
							"name": "E-down",
							"from": [ 4.5, -0.5, -0.2 ], 
							"to": [ 5.5, 0.0, 6.8 ], 
							"rotationOrigin": [ 5.5, -0.5, 3.3 ],
							"faces": {
								"north": { "texture": "#clockmaker-belt", "uv": [ 0.0, 0.0, 1.0, 0.5 ] },
								"east": { "texture": "#clockmaker-belt", "uv": [ 0.0, 0.0, 7.0, 0.5 ] },
								"south": { "texture": "#clockmaker-belt", "uv": [ 4.5, 0.0, 5.5, 0.5 ] },
								"west": { "texture": "#clockmaker-belt", "uv": [ 0.0, 0.0, 7.0, 0.5 ], "enabled": false },
								"up": { "texture": "#clockmaker-belt", "uv": [ 0.0, 1.0, 7.0, 2.0 ], "rotation": 90 },
								"down": { "texture": "#clockmaker-belt", "uv": [ 1.0, 1.0, 8.0, 2.0 ], "rotation": 90 }
							}
						},
						{
							"name": "N-down",
							"from": [ 0.8, -0.5, -0.2 ], 
							"to": [ 4.5, 0.0, 0.8 ], 
							"rotationOrigin": [ 0.8, -0.5, -0.2 ],
							"faces": {
								"north": { "texture": "#clockmaker-belt", "uv": [ 4.0, 1.0, 7.5, 1.5 ] },
								"east": { "texture": "#clockmaker-belt", "uv": [ 0.0, 0.0, 1.0, 0.5 ], "enabled": false },
								"south": { "texture": "#clockmaker-belt", "uv": [ 0.0, 0.0, 3.5, 0.5 ], "enabled": false },
								"west": { "texture": "#clockmaker-belt", "uv": [ 0.0, 0.0, 1.0, 0.5 ], "enabled": false },
								"up": { "texture": "#clockmaker-belt", "uv": [ 3.5, 1.0, 7.0, 2.0 ] },
								"down": { "texture": "#clockmaker-belt", "uv": [ 3.5, 1.0, 7.0, 2.0 ] }
							}
						},
						{
							"name": "N-top",
							"from": [ 0.8, 0.5, -0.2 ], 
							"to": [ 4.5, 1.0, 0.8 ], 
							"rotationOrigin": [ 0.8, 0.5, -0.2 ],
							"faces": {
								"north": { "texture": "#clockmaker-belt", "uv": [ 4.0, 1.0, 7.5, 1.5 ] },
								"east": { "texture": "#clockmaker-belt", "uv": [ 0.0, 0.0, 1.0, 0.5 ], "enabled": false },
								"south": { "texture": "#clockmaker-belt", "uv": [ 0.0, 0.0, 3.5, 0.5 ], "enabled": false },
								"west": { "texture": "#clockmaker-belt", "uv": [ 0.0, 0.0, 1.0, 0.5 ], "enabled": false },
								"up": { "texture": "#clockmaker-belt", "uv": [ 3.5, 1.0, 7.0, 2.0 ] },
								"down": { "texture": "#clockmaker-belt", "uv": [ 3.5, 1.0, 7.0, 2.0 ] }
							}
						},
						{
							"name": "S-top",
							"from": [ 0.8, 0.5, 5.8 ], 
							"to": [ 4.5, 1.0, 6.8 ], 
							"rotationOrigin": [ 0.8, 0.5, 5.8 ],
							"faces": {
								"north": { "texture": "#clockmaker-belt", "uv": [ 4.0, 1.0, 7.5, 1.5 ], "enabled": false },
								"east": { "texture": "#clockmaker-belt", "uv": [ 0.0, 0.0, 1.0, 0.5 ], "enabled": false },
								"south": { "texture": "#clockmaker-belt", "uv": [ 3.0, 1.5, 6.5, 2.0 ] },
								"west": { "texture": "#clockmaker-belt", "uv": [ 0.0, 0.0, 1.0, 0.5 ], "enabled": false },
								"up": { "texture": "#clockmaker-belt", "uv": [ 3.5, 1.0, 7.0, 2.0 ] },
								"down": { "texture": "#clockmaker-belt", "uv": [ 3.5, 1.0, 7.0, 2.0 ] }
							}
						},
						{
							"name": "S-down",
							"from": [ 0.8, -0.5, 5.8 ], 
							"to": [ 4.5, 0.0, 6.8 ], 
							"rotationOrigin": [ 0.8, -0.5, 5.8 ],
							"faces": {
								"north": { "texture": "#clockmaker-belt", "uv": [ 4.0, 1.0, 7.5, 1.5 ], "enabled": false },
								"east": { "texture": "#clockmaker-belt", "uv": [ 0.0, 0.0, 1.0, 0.5 ], "enabled": false },
								"south": { "texture": "#clockmaker-belt", "uv": [ 3.0, 1.5, 6.5, 2.0 ] },
								"west": { "texture": "#clockmaker-belt", "uv": [ 0.0, 0.0, 1.0, 0.5 ], "enabled": false },
								"up": { "texture": "#clockmaker-belt", "uv": [ 3.5, 1.0, 7.0, 2.0 ] },
								"down": { "texture": "#clockmaker-belt", "uv": [ 3.5, 1.0, 7.0, 2.0 ] }
							}
						},
						{
							"name": "pouch-string",
							"from": [ 1.8, -0.9, -0.2 ], 
							"to": [ 2.3, 1.1, 0.3 ], 
							"rotationOrigin": [ 2.0, 1.1, 0.1 ],
							"rotationX": 8.0,
							"rotationY": -45.0,
							"faces": {
								"north": { "texture": "#clockmaker-belt", "uv": [ 5.5, 3.0, 6.0, 5.0 ] },
								"east": { "texture": "#clockmaker-belt", "uv": [ 5.0, 3.0, 5.5, 5.0 ], "enabled": false },
								"south": { "texture": "#clockmaker-belt", "uv": [ 5.5, 3.0, 6.0, 5.0 ], "enabled": false },
								"west": { "texture": "#clockmaker-belt", "uv": [ 5.0, 3.0, 5.5, 5.0 ] },
								"up": { "texture": "#clockmaker-belt", "uv": [ 5.0, 3.5, 5.5, 4.0 ] },
								"down": { "texture": "#clockmaker-belt", "uv": [ 0.0, 0.0, 0.5, 0.5 ], "enabled": false }
							},
							"children": [
								{
									"name": "pouch-top",
									"from": [ -0.5, -0.5, -0.5 ], 
									"to": [ 1.0, 0.0, 1.0 ], 
									"rotationOrigin": [ -0.5, -0.5, -0.5 ],
									"faces": {
										"north": { "texture": "#clockmaker-belt", "uv": [ 6.5, 4.5, 8.0, 5.0 ] },
										"east": { "texture": "#clockmaker-belt", "uv": [ 6.0, 5.0, 7.5, 5.5 ] },
										"south": { "texture": "#clockmaker-belt", "uv": [ 6.5, 5.0, 8.0, 5.5 ] },
										"west": { "texture": "#clockmaker-belt", "uv": [ 6.5, 3.0, 8.0, 3.5 ] },
										"up": { "texture": "#clockmaker-belt", "uv": [ 6.5, 3.0, 8.0, 4.5 ] },
										"down": { "texture": "#clockmaker-belt", "uv": [ 6.0, 3.5, 7.5, 5.0 ] }
									}
								},
								{
									"name": "pouch",
									"from": [ -0.5, -3.0, -0.5 ], 
									"to": [ 1.0, -1.0, 1.0 ], 
									"rotationOrigin": [ -0.5, -3.0, -0.5 ],
									"faces": {
										"north": { "texture": "#clockmaker-belt", "uv": [ 6.0, 3.0, 7.5, 5.0 ] },
										"east": { "texture": "#clockmaker-belt", "uv": [ 6.5, 3.0, 8.0, 5.0 ] },
										"south": { "texture": "#clockmaker-belt", "uv": [ 6.5, 3.5, 8.0, 5.5 ] },
										"west": { "texture": "#clockmaker-belt", "uv": [ 6.0, 3.5, 7.5, 5.5 ] },
										"up": { "texture": "#clockmaker-belt", "uv": [ 6.0, 3.0, 7.5, 4.5 ] },
										"down": { "texture": "#clockmaker-belt", "uv": [ 6.5, 4.0, 8.0, 5.5 ] }
									}
								},
								{
									"name": "pouch-down",
									"from": [ -0.2, -3.5, -0.2 ], 
									"to": [ 0.8, -3.0, 0.8 ], 
									"rotationOrigin": [ -0.2, -3.5, -0.2 ],
									"faces": {
										"north": { "texture": "#clockmaker-belt", "uv": [ 6.5, 4.0, 7.5, 4.5 ] },
										"east": { "texture": "#clockmaker-belt", "uv": [ 6.5, 4.5, 7.5, 5.0 ] },
										"south": { "texture": "#clockmaker-belt", "uv": [ 6.5, 4.5, 7.5, 5.0 ] },
										"west": { "texture": "#clockmaker-belt", "uv": [ 6.5, 4.5, 7.5, 5.0 ] },
										"up": { "texture": "#clockmaker-belt", "uv": [ 0.0, 0.0, 1.0, 1.0 ], "enabled": false },
										"down": { "texture": "#clockmaker-belt", "uv": [ 6.5, 4.0, 7.5, 5.0 ] }
									}
								},
								{
									"name": "pouch-tie",
									"from": [ -0.2, -1.0, -0.2 ], 
									"to": [ 0.8, -0.5, 0.8 ], 
									"rotationOrigin": [ -0.2, -1.0, -0.2 ],
									"faces": {
										"north": { "texture": "#clockmaker-belt", "uv": [ 6.5, 4.0, 7.5, 4.5 ] },
										"east": { "texture": "#clockmaker-belt", "uv": [ 6.5, 4.5, 7.5, 5.0 ] },
										"south": { "texture": "#clockmaker-belt", "uv": [ 6.5, 3.5, 7.5, 4.0 ] },
										"west": { "texture": "#clockmaker-belt", "uv": [ 6.5, 4.0, 7.5, 4.5 ] },
										"up": { "texture": "#clockmaker-belt", "uv": [ 0.0, 0.0, 1.0, 1.0 ], "enabled": false },
										"down": { "texture": "#clockmaker-belt", "uv": [ 6.5, 4.0, 7.5, 5.0 ], "enabled": false }
									}
								}
							]
						},
						{
							"name": "tool1",
							"from": [ -0.2, -1.0, 5.5 ], 
							"to": [ 0.1, 1.0, 5.8 ], 
							"rotationOrigin": [ -0.05, 1.0, 5.65 ],
							"rotationX": -5.0,
							"rotationY": -45.0,
							"rotationZ": -5.0,
							"faces": {
								"north": { "texture": "#clockmaker-belt", "uv": [ 5.0, 3.0, 5.5, 5.0 ] },
								"east": { "texture": "#clockmaker-belt", "uv": [ 5.0, 3.0, 5.5, 5.0 ] },
								"south": { "texture": "#clockmaker-belt", "uv": [ 5.0, 3.0, 5.5, 5.0 ] },
								"west": { "texture": "#clockmaker-belt", "uv": [ 5.0, 3.0, 5.5, 5.0 ] },
								"up": { "texture": "#clockmaker-belt", "uv": [ 5.0, 4.0, 5.5, 4.5 ] },
								"down": { "texture": "#clockmaker-belt", "uv": [ 0.0, 0.0, 0.5, 0.5 ], "enabled": false }
							},
							"children": [
								{
									"name": "Cube1",
									"from": [ -0.1, -0.5, -0.1 ], 
									"to": [ 0.4, 0.0, 0.4 ], 
									"rotationOrigin": [ 0.15, -0.5, 0.15 ],
									"faces": {
										"north": { "texture": "#clockmaker-belt", "uv": [ 6.0, 6.0, 6.5, 6.5 ] },
										"east": { "texture": "#clockmaker-belt", "uv": [ 6.5, 6.5, 7.0, 7.0 ] },
										"south": { "texture": "#clockmaker-belt", "uv": [ 6.5, 6.5, 7.0, 7.0 ] },
										"west": { "texture": "#clockmaker-belt", "uv": [ 7.0, 7.0, 7.5, 7.5 ] },
										"up": { "texture": "#clockmaker-belt", "uv": [ 6.5, 7.5, 7.0, 8.0 ] },
										"down": { "texture": "#clockmaker-belt", "uv": [ 7.5, 6.0, 8.0, 6.5 ], "enabled": false }
									}
								},
								{
									"name": "Cube17",
									"from": [ -0.1, -2.5, -0.1 ], 
									"to": [ 0.4, -1.5, 0.4 ], 
									"rotationOrigin": [ 0.15, -2.5, 0.15 ],
									"faces": {
										"north": { "texture": "#clockmaker-belt", "uv": [ 7.0, 7.0, 7.5, 8.0 ] },
										"east": { "texture": "#clockmaker-belt", "uv": [ 6.5, 6.0, 7.0, 7.0 ] },
										"south": { "texture": "#clockmaker-belt", "uv": [ 7.0, 7.0, 7.5, 8.0 ] },
										"west": { "texture": "#clockmaker-belt", "uv": [ 7.0, 6.5, 7.5, 7.5 ] },
										"up": { "texture": "#clockmaker-belt", "uv": [ 6.5, 7.0, 7.0, 7.5 ], "enabled": false },
										"down": { "texture": "#clockmaker-belt", "uv": [ 7.0, 7.0, 7.5, 7.5 ] }
									}
								},
								{
									"name": "Cube18",
									"from": [ -0.1, -1.5, -0.1 ], 
									"to": [ 0.4, -0.5, 0.4 ], 
									"rotationOrigin": [ -0.1, -1.5, -0.1 ],
									"faces": {
										"north": { "texture": "#clockmaker-belt", "uv": [ 5.0, 3.5, 5.5, 4.5 ] },
										"east": { "texture": "#clockmaker-belt", "uv": [ 5.0, 3.5, 5.5, 4.5 ] },
										"south": { "texture": "#clockmaker-belt", "uv": [ 5.0, 3.5, 5.5, 4.5 ] },
										"west": { "texture": "#clockmaker-belt", "uv": [ 5.0, 3.5, 5.5, 4.5 ] },
										"up": { "texture": "#clockmaker-belt", "uv": [ 0.0, 0.0, 0.5, 0.5 ], "enabled": false },
										"down": { "texture": "#clockmaker-belt", "uv": [ 0.0, 0.0, 0.5, 0.5 ], "enabled": false }
									}
								}
							]
						},
						{
							"name": "tool2",
							"from": [ -0.2, -1.0, 4.0 ], 
							"to": [ 0.1, 1.0, 4.3 ], 
							"rotationOrigin": [ -0.05, 1.0, 4.15 ],
							"rotationX": -5.0,
							"rotationY": -45.0,
							"rotationZ": -5.0,
							"faces": {
								"north": { "texture": "#clockmaker-belt", "uv": [ 5.0, 3.0, 5.5, 5.0 ] },
								"east": { "texture": "#clockmaker-belt", "uv": [ 5.0, 3.0, 5.5, 5.0 ] },
								"south": { "texture": "#clockmaker-belt", "uv": [ 5.0, 3.0, 5.5, 5.0 ] },
								"west": { "texture": "#clockmaker-belt", "uv": [ 5.0, 3.0, 5.5, 5.0 ] },
								"up": { "texture": "#clockmaker-belt", "uv": [ 5.0, 4.0, 5.5, 4.5 ] },
								"down": { "texture": "#clockmaker-belt", "uv": [ 0.0, 0.0, 0.5, 0.5 ], "enabled": false }
							},
							"children": [
								{
									"name": "Cube20",
									"from": [ -0.1, -0.5, -0.1 ], 
									"to": [ 0.4, 0.0, 0.4 ], 
									"rotationOrigin": [ 0.15, -0.5, 0.15 ],
									"faces": {
										"north": { "texture": "#clockmaker-belt", "uv": [ 6.0, 6.0, 6.5, 6.5 ] },
										"east": { "texture": "#clockmaker-belt", "uv": [ 6.5, 6.5, 7.0, 7.0 ] },
										"south": { "texture": "#clockmaker-belt", "uv": [ 6.5, 6.5, 7.0, 7.0 ] },
										"west": { "texture": "#clockmaker-belt", "uv": [ 7.0, 7.0, 7.5, 7.5 ] },
										"up": { "texture": "#clockmaker-belt", "uv": [ 6.5, 7.5, 7.0, 8.0 ] },
										"down": { "texture": "#clockmaker-belt", "uv": [ 7.5, 6.0, 8.0, 6.5 ] }
									}
								}
							]
						},
						{
							"name": "tool3",
							"from": [ -0.2, -1.9, 3.0 ], 
							"to": [ 0.1, 0.1, 3.3 ], 
							"rotationOrigin": [ -0.05, 0.1, 3.15 ],
							"rotationX": -5.0,
							"rotationY": -45.0,
							"rotationZ": -5.0,
							"faces": {
								"north": { "texture": "#clockmaker-belt", "uv": [ 5.0, 3.0, 5.5, 5.0 ] },
								"east": { "texture": "#clockmaker-belt", "uv": [ 5.0, 3.0, 5.5, 5.0 ] },
								"south": { "texture": "#clockmaker-belt", "uv": [ 5.0, 3.0, 5.5, 5.0 ] },
								"west": { "texture": "#clockmaker-belt", "uv": [ 5.0, 3.0, 5.5, 5.0 ] },
								"up": { "texture": "#clockmaker-belt", "uv": [ 5.0, 4.0, 5.5, 4.5 ] },
								"down": { "texture": "#clockmaker-belt", "uv": [ 0.0, 0.0, 0.5, 0.5 ], "enabled": false }
							},
							"children": [
								{
									"name": "Cube22",
									"from": [ -0.1, -0.5, -0.1 ], 
									"to": [ 0.4, 0.0, 0.4 ], 
									"rotationOrigin": [ 0.15, -0.5, 0.15 ],
									"faces": {
										"north": { "texture": "#clockmaker-belt", "uv": [ 6.0, 6.0, 6.5, 6.5 ] },
										"east": { "texture": "#clockmaker-belt", "uv": [ 6.5, 6.5, 7.0, 7.0 ] },
										"south": { "texture": "#clockmaker-belt", "uv": [ 6.5, 6.5, 7.0, 7.0 ] },
										"west": { "texture": "#clockmaker-belt", "uv": [ 7.0, 7.0, 7.5, 7.5 ] },
										"up": { "texture": "#clockmaker-belt", "uv": [ 6.5, 7.5, 7.0, 8.0 ] },
										"down": { "texture": "#clockmaker-belt", "uv": [ 7.5, 6.0, 8.0, 6.5 ] }
									}
								}
							]
						},
						{
							"name": "tool4",
							"from": [ -0.3, -0.6, 0.9 ], 
							"to": [ 0.0, 0.9, 1.2 ], 
							"rotationOrigin": [ -0.15, 0.8, 1.05 ],
							"rotationZ": -5.0,
							"faces": {
								"north": { "texture": "#clockmaker-belt", "uv": [ 5.0, 3.0, 5.5, 4.5 ] },
								"east": { "texture": "#clockmaker-belt", "uv": [ 5.0, 3.0, 5.5, 4.5 ], "enabled": false },
								"south": { "texture": "#clockmaker-belt", "uv": [ 5.0, 3.0, 5.5, 4.5 ] },
								"west": { "texture": "#clockmaker-belt", "uv": [ 5.0, 3.0, 5.5, 4.5 ] },
								"up": { "texture": "#clockmaker-belt", "uv": [ 5.0, 4.0, 5.5, 4.5 ] },
								"down": { "texture": "#clockmaker-belt", "uv": [ 0.0, 0.0, 0.5, 0.5 ], "enabled": false }
							},
							"children": [
								{
									"name": "Cube24",
									"from": [ -0.1, -1.5, -0.1 ], 
									"to": [ 0.4, 0.0, 0.4 ], 
									"rotationOrigin": [ 0.15, -1.5, 0.15 ],
									"faces": {
										"north": { "texture": "#clockmaker-belt", "uv": [ 6.0, 6.0, 6.5, 7.5 ] },
										"east": { "texture": "#clockmaker-belt", "uv": [ 6.5, 6.5, 7.0, 8.0 ], "enabled": false },
										"south": { "texture": "#clockmaker-belt", "uv": [ 7.0, 6.5, 7.5, 8.0 ] },
										"west": { "texture": "#clockmaker-belt", "uv": [ 7.0, 6.0, 7.5, 7.5 ] },
										"up": { "texture": "#clockmaker-belt", "uv": [ 6.5, 7.5, 7.0, 8.0 ] },
										"down": { "texture": "#clockmaker-belt", "uv": [ 7.5, 6.0, 8.0, 6.5 ] }
									}
								},
								{
									"name": "Cube25",
									"from": [ -0.1, -2.5, 0.4 ], 
									"to": [ 0.4, -1.0, 0.9 ], 
									"rotationOrigin": [ 0.15, -2.5, 0.65 ],
									"faces": {
										"north": { "texture": "#clockmaker-belt", "uv": [ 7.0, 6.5, 7.5, 8.0 ] },
										"east": { "texture": "#clockmaker-belt", "uv": [ 6.5, 6.5, 7.0, 8.0 ], "enabled": false },
										"south": { "texture": "#clockmaker-belt", "uv": [ 7.5, 6.0, 8.0, 7.5 ] },
										"west": { "texture": "#clockmaker-belt", "uv": [ 7.5, 6.5, 8.0, 8.0 ] },
										"up": { "texture": "#clockmaker-belt", "uv": [ 6.5, 7.5, 7.0, 8.0 ] },
										"down": { "texture": "#clockmaker-belt", "uv": [ 7.5, 6.0, 8.0, 6.5 ] }
									}
								},
								{
									"name": "Cube26",
									"from": [ -0.1, -1.0, -0.6 ], 
									"to": [ 0.4, -0.5, -0.1 ], 
									"rotationOrigin": [ 0.15, -1.0, -0.35 ],
									"faces": {
										"north": { "texture": "#clockmaker-belt", "uv": [ 7.5, 7.5, 8.0, 8.0 ] },
										"east": { "texture": "#clockmaker-belt", "uv": [ 7.5, 7.5, 8.0, 8.0 ], "enabled": false },
										"south": { "texture": "#clockmaker-belt", "uv": [ 7.0, 6.5, 7.5, 7.0 ], "enabled": false },
										"west": { "texture": "#clockmaker-belt", "uv": [ 7.0, 7.0, 7.5, 7.5 ] },
										"up": { "texture": "#clockmaker-belt", "uv": [ 6.5, 6.0, 7.0, 6.5 ] },
										"down": { "texture": "#clockmaker-belt", "uv": [ 7.5, 6.0, 8.0, 6.5 ] }
									}
								},
								{
									"name": "Cube27",
									"from": [ -0.1, -2.0, -0.6 ], 
									"to": [ 0.4, -1.5, -0.1 ], 
									"rotationOrigin": [ 0.15, -2.0, -0.35 ],
									"faces": {
										"north": { "texture": "#clockmaker-belt", "uv": [ 7.5, 7.5, 8.0, 8.0 ] },
										"east": { "texture": "#clockmaker-belt", "uv": [ 7.5, 7.5, 8.0, 8.0 ], "enabled": false },
										"south": { "texture": "#clockmaker-belt", "uv": [ 7.0, 6.5, 7.5, 7.0 ] },
										"west": { "texture": "#clockmaker-belt", "uv": [ 7.0, 7.0, 7.5, 7.5 ] },
										"up": { "texture": "#clockmaker-belt", "uv": [ 6.5, 6.0, 7.0, 6.5 ] },
										"down": { "texture": "#clockmaker-belt", "uv": [ 7.5, 6.0, 8.0, 6.5 ] }
									}
								},
								{
									"name": "Cube28",
									"from": [ -0.1, -2.5, -0.1 ], 
									"to": [ 0.4, -2.0, 0.4 ], 
									"rotationOrigin": [ 0.15, -2.5, 0.15 ],
									"faces": {
										"north": { "texture": "#clockmaker-belt", "uv": [ 7.5, 7.5, 8.0, 8.0 ] },
										"east": { "texture": "#clockmaker-belt", "uv": [ 7.5, 7.5, 8.0, 8.0 ], "enabled": false },
										"south": { "texture": "#clockmaker-belt", "uv": [ 7.0, 6.5, 7.5, 7.0 ], "enabled": false },
										"west": { "texture": "#clockmaker-belt", "uv": [ 7.0, 7.0, 7.5, 7.5 ] },
										"up": { "texture": "#clockmaker-belt", "uv": [ 6.5, 6.0, 7.0, 6.5 ] },
										"down": { "texture": "#clockmaker-belt", "uv": [ 7.5, 6.0, 8.0, 6.5 ] }
									}
								}
							]
						},
						{
							"name": "tool5",
							"from": [ 5.3, -1.0, 3.0 ], 
							"to": [ 5.6, 1.0, 3.3 ], 
							"rotationOrigin": [ 5.45, 1.0, 3.15 ],
							"rotationX": -5.0,
							"rotationY": -45.0,
							"rotationZ": -5.0,
							"faces": {
								"north": { "texture": "#clockmaker-belt", "uv": [ 5.0, 3.0, 5.5, 5.0 ] },
								"east": { "texture": "#clockmaker-belt", "uv": [ 5.0, 3.0, 5.5, 5.0 ] },
								"south": { "texture": "#clockmaker-belt", "uv": [ 5.0, 3.0, 5.5, 5.0 ] },
								"west": { "texture": "#clockmaker-belt", "uv": [ 5.0, 3.0, 5.5, 5.0 ] },
								"up": { "texture": "#clockmaker-belt", "uv": [ 5.0, 4.0, 5.5, 4.5 ] },
								"down": { "texture": "#clockmaker-belt", "uv": [ 0.0, 0.0, 0.5, 0.5 ], "enabled": false }
							},
							"children": [
								{
									"name": "Cube30",
									"from": [ -0.1, -0.5, -0.1 ], 
									"to": [ 0.4, 0.0, 0.4 ], 
									"rotationOrigin": [ 0.15, -0.5, 0.15 ],
									"faces": {
										"north": { "texture": "#clockmaker-belt", "uv": [ 6.0, 6.0, 6.5, 6.5 ] },
										"east": { "texture": "#clockmaker-belt", "uv": [ 6.5, 6.5, 7.0, 7.0 ] },
										"south": { "texture": "#clockmaker-belt", "uv": [ 6.5, 6.5, 7.0, 7.0 ] },
										"west": { "texture": "#clockmaker-belt", "uv": [ 7.0, 7.0, 7.5, 7.5 ] },
										"up": { "texture": "#clockmaker-belt", "uv": [ 6.5, 7.5, 7.0, 8.0 ] },
										"down": { "texture": "#clockmaker-belt", "uv": [ 7.5, 6.0, 8.0, 6.5 ] }
									}
								}
							]
						},
						{
							"name": "tool6",
							"from": [ 5.3, -2.0, 6.0 ], 
							"to": [ 5.6, 0.0, 6.3 ], 
							"rotationOrigin": [ 5.45, 0.0, 6.15 ],
							"rotationX": -5.0,
							"rotationY": -45.0,
							"rotationZ": -5.0,
							"faces": {
								"north": { "texture": "#clockmaker-belt", "uv": [ 5.0, 3.0, 5.5, 5.0 ] },
								"east": { "texture": "#clockmaker-belt", "uv": [ 5.0, 3.0, 5.5, 5.0 ] },
								"south": { "texture": "#clockmaker-belt", "uv": [ 5.0, 3.0, 5.5, 5.0 ] },
								"west": { "texture": "#clockmaker-belt", "uv": [ 5.0, 3.0, 5.5, 5.0 ] },
								"up": { "texture": "#clockmaker-belt", "uv": [ 5.0, 4.0, 5.5, 4.5 ] },
								"down": { "texture": "#clockmaker-belt", "uv": [ 0.0, 0.0, 0.5, 0.5 ], "enabled": false }
							},
							"children": [
								{
									"name": "Cube32",
									"from": [ -0.1, -0.5, -0.1 ], 
									"to": [ 0.4, 0.0, 0.4 ], 
									"rotationOrigin": [ 0.15, -0.5, 0.15 ],
									"faces": {
										"north": { "texture": "#clockmaker-belt", "uv": [ 6.0, 6.0, 6.5, 6.5 ] },
										"east": { "texture": "#clockmaker-belt", "uv": [ 6.5, 6.5, 7.0, 7.0 ] },
										"south": { "texture": "#clockmaker-belt", "uv": [ 6.5, 6.5, 7.0, 7.0 ] },
										"west": { "texture": "#clockmaker-belt", "uv": [ 7.0, 7.0, 7.5, 7.5 ] },
										"up": { "texture": "#clockmaker-belt", "uv": [ 6.5, 7.5, 7.0, 8.0 ] },
										"down": { "texture": "#clockmaker-belt", "uv": [ 7.5, 6.0, 8.0, 6.5 ] }
									}
								}
							]
						},
						{
							"name": "tool7",
							"from": [ 5.2, -1.5, 4.4 ], 
							"to": [ 5.5, 0.5, 4.7 ], 
							"rotationOrigin": [ 5.35, 0.5, 4.55 ],
							"rotationZ": 5.0,
							"faces": {
								"north": { "texture": "#clockmaker-belt", "uv": [ 5.0, 3.0, 5.5, 5.0 ] },
								"east": { "texture": "#clockmaker-belt", "uv": [ 5.0, 3.0, 5.5, 5.0 ] },
								"south": { "texture": "#clockmaker-belt", "uv": [ 5.0, 3.0, 5.5, 5.0 ] },
								"west": { "texture": "#clockmaker-belt", "uv": [ 5.0, 3.0, 5.5, 5.0 ] },
								"up": { "texture": "#clockmaker-belt", "uv": [ 5.0, 4.0, 5.5, 4.5 ] },
								"down": { "texture": "#clockmaker-belt", "uv": [ 0.0, 0.0, 0.5, 0.5 ], "enabled": false }
							},
							"children": [
								{
									"name": "Cube34",
									"from": [ -0.1, -0.5, -0.1 ], 
									"to": [ 0.4, 0.0, 0.4 ], 
									"rotationOrigin": [ 0.15, -0.5, 0.15 ],
									"faces": {
										"north": { "texture": "#clockmaker-belt", "uv": [ 6.0, 6.0, 6.5, 6.5 ] },
										"east": { "texture": "#clockmaker-belt", "uv": [ 6.5, 6.5, 7.0, 7.0 ] },
										"south": { "texture": "#clockmaker-belt", "uv": [ 6.5, 6.5, 7.0, 7.0 ] },
										"west": { "texture": "#clockmaker-belt", "uv": [ 7.0, 7.0, 7.5, 7.5 ] },
										"up": { "texture": "#clockmaker-belt", "uv": [ 6.5, 7.5, 7.0, 8.0 ] },
										"down": { "texture": "#clockmaker-belt", "uv": [ 7.5, 6.0, 8.0, 6.5 ], "enabled": false }
									}
								},
								{
									"name": "Cube35",
									"from": [ 0.05, -2.5, 0.4 ], 
									"to": [ 0.25, -0.5, 0.9 ], 
									"rotationOrigin": [ 0.25, -2.5, 0.65 ],
									"faces": {
										"north": { "texture": "#clockmaker-belt", "uv": [ 7.0, 6.0, 7.5, 8.0 ] },
										"east": { "texture": "#clockmaker-belt", "uv": [ 6.5, 6.0, 7.0, 8.0 ] },
										"south": { "texture": "#clockmaker-belt", "uv": [ 7.0, 6.0, 7.5, 8.0 ] },
										"west": { "texture": "#clockmaker-belt", "uv": [ 7.0, 6.0, 7.5, 8.0 ] },
										"up": { "texture": "#clockmaker-belt", "uv": [ 6.5, 7.0, 7.0, 7.5 ] },
										"down": { "texture": "#clockmaker-belt", "uv": [ 7.0, 7.0, 7.5, 7.5 ] }
									}
								},
								{
									"name": "Cube36",
									"from": [ -0.1, -2.5, -0.1 ], 
									"to": [ 0.4, -0.5, 0.4 ], 
									"rotationOrigin": [ -0.1, -2.5, -0.1 ],
									"faces": {
										"north": { "texture": "#clockmaker-belt", "uv": [ 5.0, 3.0, 5.5, 5.0 ] },
										"east": { "texture": "#clockmaker-belt", "uv": [ 5.5, 3.0, 6.0, 5.0 ] },
										"south": { "texture": "#clockmaker-belt", "uv": [ 5.0, 3.0, 5.5, 5.0 ] },
										"west": { "texture": "#clockmaker-belt", "uv": [ 5.0, 3.0, 5.5, 5.0 ] },
										"up": { "texture": "#clockmaker-belt", "uv": [ 0.0, 0.0, 0.5, 0.5 ], "enabled": false },
										"down": { "texture": "#clockmaker-belt", "uv": [ 6.0, 4.0, 6.5, 4.5 ] }
									}
								},
								{
									"name": "Cube37",
									"from": [ 0.05, -3.5, 0.0 ], 
									"to": [ 0.25, -2.5, 0.6 ], 
									"rotationOrigin": [ 0.25, -3.5, 0.25 ],
									"faces": {
										"north": { "texture": "#clockmaker-belt", "uv": [ 6.0, 6.0, 6.5, 7.0 ] },
										"east": { "texture": "#clockmaker-belt", "uv": [ 6.5, 6.5, 7.0, 7.5 ] },
										"south": { "texture": "#clockmaker-belt", "uv": [ 6.5, 6.5, 7.0, 7.5 ] },
										"west": { "texture": "#clockmaker-belt", "uv": [ 7.0, 7.0, 7.5, 8.0 ] },
										"up": { "texture": "#clockmaker-belt", "uv": [ 6.5, 7.5, 7.0, 8.0 ], "enabled": false },
										"down": { "texture": "#clockmaker-belt", "uv": [ 7.5, 6.0, 8.0, 6.5 ] }
									}
								}
							]
						},
						{
							"name": "tool8",
							"from": [ 5.3, -1.6, 0.9 ], 
							"to": [ 5.6, -0.1, 1.2 ], 
							"rotationOrigin": [ 5.45, -0.2, 1.05 ],
							"rotationZ": -5.0,
							"faces": {
								"north": { "texture": "#clockmaker-belt", "uv": [ 5.0, 3.0, 5.5, 4.5 ] },
								"east": { "texture": "#clockmaker-belt", "uv": [ 5.0, 3.0, 5.5, 4.5 ] },
								"south": { "texture": "#clockmaker-belt", "uv": [ 5.0, 3.0, 5.5, 4.5 ] },
								"west": { "texture": "#clockmaker-belt", "uv": [ 5.0, 3.0, 5.5, 4.5 ], "enabled": false },
								"up": { "texture": "#clockmaker-belt", "uv": [ 5.0, 4.0, 5.5, 4.5 ] },
								"down": { "texture": "#clockmaker-belt", "uv": [ 0.0, 0.0, 0.5, 0.5 ], "enabled": false }
							},
							"children": [
								{
									"name": "Cube39",
									"from": [ -0.1, -0.5, -0.6 ], 
									"to": [ 0.4, 0.0, 0.9 ], 
									"rotationOrigin": [ 0.15, -0.5, 0.05 ],
									"faces": {
										"north": { "texture": "#clockmaker-belt", "uv": [ 6.0, 6.0, 6.5, 6.5 ] },
										"east": { "texture": "#clockmaker-belt", "uv": [ 6.5, 6.5, 8.0, 7.0 ] },
										"south": { "texture": "#clockmaker-belt", "uv": [ 7.0, 6.5, 7.5, 7.0 ] },
										"west": { "texture": "#clockmaker-belt", "uv": [ 6.5, 6.0, 8.0, 6.5 ], "enabled": false },
										"up": { "texture": "#clockmaker-belt", "uv": [ 6.5, 6.5, 7.0, 8.0 ] },
										"down": { "texture": "#clockmaker-belt", "uv": [ 7.5, 6.0, 8.0, 7.5 ] }
									}
								},
								{
									"name": "Cube40",
									"from": [ -0.1, -2.0, 0.4 ], 
									"to": [ 0.4, -0.5, 0.9 ], 
									"rotationOrigin": [ 0.15, -2.0, 0.65 ],
									"faces": {
										"north": { "texture": "#clockmaker-belt", "uv": [ 7.0, 6.5, 7.5, 8.0 ] },
										"east": { "texture": "#clockmaker-belt", "uv": [ 6.5, 6.5, 7.0, 8.0 ] },
										"south": { "texture": "#clockmaker-belt", "uv": [ 7.5, 6.0, 8.0, 7.5 ] },
										"west": { "texture": "#clockmaker-belt", "uv": [ 7.5, 6.5, 8.0, 8.0 ], "enabled": false },
										"up": { "texture": "#clockmaker-belt", "uv": [ 6.5, 7.5, 7.0, 8.0 ], "enabled": false },
										"down": { "texture": "#clockmaker-belt", "uv": [ 7.5, 6.0, 8.0, 6.5 ] }
									}
								},
								{
									"name": "Cube41",
									"from": [ -0.1, -1.0, -0.6 ], 
									"to": [ 0.4, -0.5, -0.1 ], 
									"rotationOrigin": [ 0.15, -1.0, -0.35 ],
									"faces": {
										"north": { "texture": "#clockmaker-belt", "uv": [ 7.5, 7.5, 8.0, 8.0 ] },
										"east": { "texture": "#clockmaker-belt", "uv": [ 7.5, 7.5, 8.0, 8.0 ] },
										"south": { "texture": "#clockmaker-belt", "uv": [ 7.0, 6.5, 7.5, 7.0 ] },
										"west": { "texture": "#clockmaker-belt", "uv": [ 7.0, 7.0, 7.5, 7.5 ], "enabled": false },
										"up": { "texture": "#clockmaker-belt", "uv": [ 6.5, 6.0, 7.0, 6.5 ], "enabled": false },
										"down": { "texture": "#clockmaker-belt", "uv": [ 7.5, 6.0, 8.0, 6.5 ] }
									}
								},
								{
									"name": "Cube43",
									"from": [ -0.1, -2.5, -0.1 ], 
									"to": [ 0.4, -2.0, 0.4 ], 
									"rotationOrigin": [ 0.15, -2.5, 0.15 ],
									"faces": {
										"north": { "texture": "#clockmaker-belt", "uv": [ 7.5, 7.5, 8.0, 8.0 ] },
										"east": { "texture": "#clockmaker-belt", "uv": [ 7.5, 7.5, 8.0, 8.0 ] },
										"south": { "texture": "#clockmaker-belt", "uv": [ 7.0, 6.5, 7.5, 7.0 ] },
										"west": { "texture": "#clockmaker-belt", "uv": [ 7.0, 7.0, 7.5, 7.5 ] },
										"up": { "texture": "#clockmaker-belt", "uv": [ 6.5, 6.0, 7.0, 6.5 ] },
										"down": { "texture": "#clockmaker-belt", "uv": [ 7.5, 6.0, 8.0, 6.5 ] }
									}
								},
								{
									"name": "Cube44",
									"from": [ -0.1, 1.5, -0.1 ], 
									"to": [ 0.4, 2.0, 0.4 ], 
									"rotationOrigin": [ 0.15, 1.5, 0.15 ],
									"faces": {
										"north": { "texture": "#clockmaker-belt", "uv": [ 7.5, 7.5, 8.0, 8.0 ] },
										"east": { "texture": "#clockmaker-belt", "uv": [ 7.5, 7.5, 8.0, 8.0 ] },
										"south": { "texture": "#clockmaker-belt", "uv": [ 7.0, 6.5, 7.5, 7.0 ] },
										"west": { "texture": "#clockmaker-belt", "uv": [ 7.0, 7.0, 7.5, 7.5 ], "enabled": false },
										"up": { "texture": "#clockmaker-belt", "uv": [ 6.5, 6.0, 7.0, 6.5 ] },
										"down": { "texture": "#clockmaker-belt", "uv": [ 7.5, 6.0, 8.0, 6.5 ] }
									}
								}
							]
						}
					]
				}
			]
		}
	]}