{
	"editor": {
		"backDropShape": "entity/humanoid/seraph",
		"allAngles": false,
		"entityTextureMode": false
	},
	"textureWidth": 8,
	"textureHeight": 8,
	"textureSizes": {
		"heavy-tool-belt": [8, 8]
	},
	"textures": {
		"heavy-tool-belt": "entity/humanoid/seraphclothes/waist/heavy-tool-belt"
	},
	"elements": [
		{
			"name": "Waist",
			"stepParentName": "LowerTorso",
			"from": [ -0.2, 0.5, -0.3 ], 
			"to": [ 5.1, 1.0, 6.3 ], 
			"rotationOrigin": [ 1.8, 0.0, 3.0 ],
			"faces": {
				"north": { "texture": "#heavy-tool-belt", "uv": [ 1.5, 0.5, 6.5, 1.0 ] },
				"east": { "texture": "#heavy-tool-belt", "uv": [ 1.5, 0.5, 8.0, 1.0 ] },
				"south": { "texture": "#heavy-tool-belt", "uv": [ 1.5, 0.5, 6.5, 1.0 ] },
				"west": { "texture": "#heavy-tool-belt", "uv": [ 1.5, 0.5, 8.0, 1.0 ] },
				"up": { "texture": "#heavy-tool-belt", "uv": [ 0.0, 0.0, 5.0, 6.5 ], "enabled": false },
				"down": { "texture": "#heavy-tool-belt", "uv": [ 0.0, 0.0, 5.0, 6.5 ], "enabled": false }
			},
			"children": [
				{
					"name": "W-bottom",
					"from": [ -0.2, -0.5, -0.2 ], 
					"to": [ 0.8, 0.0, 6.8 ], 
					"rotationOrigin": [ 0.8, -0.5, 3.3 ],
					"faces": {
						"north": { "texture": "#heavy-tool-belt", "uv": [ 0.0, 0.0, 1.0, 0.5 ] },
						"east": { "texture": "#heavy-tool-belt", "uv": [ 0.0, 0.0, 7.0, 0.5 ], "enabled": false },
						"south": { "texture": "#heavy-tool-belt", "uv": [ 4.5, 0.0, 5.5, 0.5 ] },
						"west": { "texture": "#heavy-tool-belt", "uv": [ 0.0, 0.0, 7.0, 0.5 ] },
						"up": { "texture": "#heavy-tool-belt", "uv": [ 0.0, 1.0, 7.0, 2.0 ], "rotation": 90 },
						"down": { "texture": "#heavy-tool-belt", "uv": [ 1.0, 1.0, 8.0, 2.0 ], "rotation": 90 }
					}
				},
				{
					"name": "W-top",
					"from": [ -0.2, 0.5, -0.2 ], 
					"to": [ 0.8, 1.0, 6.8 ], 
					"rotationOrigin": [ 0.8, 0.5, 3.3 ],
					"faces": {
						"north": { "texture": "#heavy-tool-belt", "uv": [ 0.0, 0.0, 1.0, 0.5 ] },
						"east": { "texture": "#heavy-tool-belt", "uv": [ 0.0, 0.0, 7.0, 0.5 ], "enabled": false },
						"south": { "texture": "#heavy-tool-belt", "uv": [ 4.5, 0.0, 5.5, 0.5 ] },
						"west": { "texture": "#heavy-tool-belt", "uv": [ 0.0, 0.0, 7.0, 0.5 ] },
						"up": { "texture": "#heavy-tool-belt", "uv": [ 0.0, 1.0, 7.0, 2.0 ], "rotation": 90 },
						"down": { "texture": "#heavy-tool-belt", "uv": [ 1.0, 1.0, 8.0, 2.0 ], "rotation": 90 }
					}
				},
				{
					"name": "E-top",
					"from": [ 4.5, 0.5, -0.2 ], 
					"to": [ 5.5, 1.0, 6.8 ], 
					"rotationOrigin": [ 5.5, 0.5, 3.3 ],
					"faces": {
						"north": { "texture": "#heavy-tool-belt", "uv": [ 0.0, 0.0, 1.0, 0.5 ] },
						"east": { "texture": "#heavy-tool-belt", "uv": [ 0.0, 0.0, 7.0, 0.5 ] },
						"south": { "texture": "#heavy-tool-belt", "uv": [ 4.5, 0.0, 5.5, 0.5 ] },
						"west": { "texture": "#heavy-tool-belt", "uv": [ 0.0, 0.0, 7.0, 0.5 ], "enabled": false },
						"up": { "texture": "#heavy-tool-belt", "uv": [ 0.0, 1.0, 7.0, 2.0 ], "rotation": 90 },
						"down": { "texture": "#heavy-tool-belt", "uv": [ 1.0, 1.0, 8.0, 2.0 ], "rotation": 90 }
					}
				},
				{
					"name": "E-down",
					"from": [ 4.5, -0.5, -0.2 ], 
					"to": [ 5.5, 0.0, 6.8 ], 
					"rotationOrigin": [ 5.5, -0.5, 3.3 ],
					"faces": {
						"north": { "texture": "#heavy-tool-belt", "uv": [ 0.0, 0.0, 1.0, 0.5 ] },
						"east": { "texture": "#heavy-tool-belt", "uv": [ 0.0, 0.0, 7.0, 0.5 ] },
						"south": { "texture": "#heavy-tool-belt", "uv": [ 4.5, 0.0, 5.5, 0.5 ] },
						"west": { "texture": "#heavy-tool-belt", "uv": [ 0.0, 0.0, 7.0, 0.5 ], "enabled": false },
						"up": { "texture": "#heavy-tool-belt", "uv": [ 0.0, 1.0, 7.0, 2.0 ], "rotation": 90 },
						"down": { "texture": "#heavy-tool-belt", "uv": [ 1.0, 1.0, 8.0, 2.0 ], "rotation": 90 }
					}
				},
				{
					"name": "N-down",
					"from": [ 0.8, -0.5, -0.2 ], 
					"to": [ 4.5, 0.0, 0.8 ], 
					"rotationOrigin": [ 0.8, -0.5, -0.2 ],
					"faces": {
						"north": { "texture": "#heavy-tool-belt", "uv": [ 4.0, 1.0, 7.5, 1.5 ] },
						"east": { "texture": "#heavy-tool-belt", "uv": [ 0.0, 0.0, 1.0, 0.5 ], "enabled": false },
						"south": { "texture": "#heavy-tool-belt", "uv": [ 0.0, 0.0, 3.5, 0.5 ], "enabled": false },
						"west": { "texture": "#heavy-tool-belt", "uv": [ 0.0, 0.0, 1.0, 0.5 ], "enabled": false },
						"up": { "texture": "#heavy-tool-belt", "uv": [ 3.5, 1.0, 7.0, 2.0 ] },
						"down": { "texture": "#heavy-tool-belt", "uv": [ 3.5, 1.0, 7.0, 2.0 ] }
					}
				},
				{
					"name": "N-top",
					"from": [ 0.8, 0.5, -0.2 ], 
					"to": [ 4.5, 1.0, 0.8 ], 
					"rotationOrigin": [ 0.8, 0.5, -0.2 ],
					"faces": {
						"north": { "texture": "#heavy-tool-belt", "uv": [ 4.0, 1.0, 7.5, 1.5 ] },
						"east": { "texture": "#heavy-tool-belt", "uv": [ 0.0, 0.0, 1.0, 0.5 ], "enabled": false },
						"south": { "texture": "#heavy-tool-belt", "uv": [ 0.0, 0.0, 3.5, 0.5 ], "enabled": false },
						"west": { "texture": "#heavy-tool-belt", "uv": [ 0.0, 0.0, 1.0, 0.5 ], "enabled": false },
						"up": { "texture": "#heavy-tool-belt", "uv": [ 3.5, 1.0, 7.0, 2.0 ] },
						"down": { "texture": "#heavy-tool-belt", "uv": [ 3.5, 1.0, 7.0, 2.0 ] }
					}
				},
				{
					"name": "S-top",
					"from": [ 0.8, 0.5, 5.8 ], 
					"to": [ 4.5, 1.0, 6.8 ], 
					"rotationOrigin": [ 0.8, 0.5, 5.8 ],
					"faces": {
						"north": { "texture": "#heavy-tool-belt", "uv": [ 4.0, 1.0, 7.5, 1.5 ], "enabled": false },
						"east": { "texture": "#heavy-tool-belt", "uv": [ 0.0, 0.0, 1.0, 0.5 ], "enabled": false },
						"south": { "texture": "#heavy-tool-belt", "uv": [ 3.0, 1.5, 6.5, 2.0 ] },
						"west": { "texture": "#heavy-tool-belt", "uv": [ 0.0, 0.0, 1.0, 0.5 ], "enabled": false },
						"up": { "texture": "#heavy-tool-belt", "uv": [ 3.5, 1.0, 7.0, 2.0 ] },
						"down": { "texture": "#heavy-tool-belt", "uv": [ 3.5, 1.0, 7.0, 2.0 ] }
					}
				},
				{
					"name": "S-down",
					"from": [ 0.8, -0.5, 5.8 ], 
					"to": [ 4.5, 0.0, 6.8 ], 
					"rotationOrigin": [ 0.8, -0.5, 5.8 ],
					"faces": {
						"north": { "texture": "#heavy-tool-belt", "uv": [ 4.0, 1.0, 7.5, 1.5 ], "enabled": false },
						"east": { "texture": "#heavy-tool-belt", "uv": [ 0.0, 0.0, 1.0, 0.5 ], "enabled": false },
						"south": { "texture": "#heavy-tool-belt", "uv": [ 3.0, 1.5, 6.5, 2.0 ] },
						"west": { "texture": "#heavy-tool-belt", "uv": [ 0.0, 0.0, 1.0, 0.5 ], "enabled": false },
						"up": { "texture": "#heavy-tool-belt", "uv": [ 3.5, 1.0, 7.0, 2.0 ] },
						"down": { "texture": "#heavy-tool-belt", "uv": [ 3.5, 1.0, 7.0, 2.0 ] }
					}
				},
				{
					"name": "pouch-string",
					"from": [ 1.8, -0.9, -0.2 ], 
					"to": [ 2.3, 1.1, 0.3 ], 
					"rotationOrigin": [ 2.0, 1.1, 0.1 ],
					"rotationX": 8.0,
					"rotationY": -45.0,
					"faces": {
						"north": { "texture": "#heavy-tool-belt", "uv": [ 5.5, 3.0, 6.0, 5.0 ] },
						"east": { "texture": "#heavy-tool-belt", "uv": [ 5.0, 3.0, 5.5, 5.0 ], "enabled": false },
						"south": { "texture": "#heavy-tool-belt", "uv": [ 5.5, 3.0, 6.0, 5.0 ], "enabled": false },
						"west": { "texture": "#heavy-tool-belt", "uv": [ 5.0, 3.0, 5.5, 5.0 ] },
						"up": { "texture": "#heavy-tool-belt", "uv": [ 5.0, 3.5, 5.5, 4.0 ] },
						"down": { "texture": "#heavy-tool-belt", "uv": [ 0.0, 0.0, 0.5, 0.5 ], "enabled": false }
					},
					"children": [
						{
							"name": "pouch-top",
							"from": [ -0.5, -0.5, -0.5 ], 
							"to": [ 1.0, 0.0, 1.0 ], 
							"rotationOrigin": [ -0.5, -0.5, -0.5 ],
							"faces": {
								"north": { "texture": "#heavy-tool-belt", "uv": [ 6.5, 4.5, 8.0, 5.0 ] },
								"east": { "texture": "#heavy-tool-belt", "uv": [ 6.0, 5.0, 7.5, 5.5 ] },
								"south": { "texture": "#heavy-tool-belt", "uv": [ 6.5, 5.0, 8.0, 5.5 ] },
								"west": { "texture": "#heavy-tool-belt", "uv": [ 6.5, 3.0, 8.0, 3.5 ] },
								"up": { "texture": "#heavy-tool-belt", "uv": [ 6.5, 3.0, 8.0, 4.5 ] },
								"down": { "texture": "#heavy-tool-belt", "uv": [ 6.0, 3.5, 7.5, 5.0 ] }
							}
						},
						{
							"name": "pouch",
							"from": [ -0.5, -3.0, -0.5 ], 
							"to": [ 1.0, -1.0, 1.0 ], 
							"rotationOrigin": [ -0.5, -3.0, -0.5 ],
							"faces": {
								"north": { "texture": "#heavy-tool-belt", "uv": [ 6.0, 3.0, 7.5, 5.0 ] },
								"east": { "texture": "#heavy-tool-belt", "uv": [ 6.5, 3.0, 8.0, 5.0 ] },
								"south": { "texture": "#heavy-tool-belt", "uv": [ 6.5, 3.5, 8.0, 5.5 ] },
								"west": { "texture": "#heavy-tool-belt", "uv": [ 6.0, 3.5, 7.5, 5.5 ] },
								"up": { "texture": "#heavy-tool-belt", "uv": [ 6.0, 3.0, 7.5, 4.5 ] },
								"down": { "texture": "#heavy-tool-belt", "uv": [ 6.5, 4.0, 8.0, 5.5 ] }
							}
						},
						{
							"name": "pouch-down",
							"from": [ -0.2, -3.5, -0.2 ], 
							"to": [ 0.8, -3.0, 0.8 ], 
							"rotationOrigin": [ -0.2, -3.5, -0.2 ],
							"faces": {
								"north": { "texture": "#heavy-tool-belt", "uv": [ 6.5, 4.0, 7.5, 4.5 ] },
								"east": { "texture": "#heavy-tool-belt", "uv": [ 6.5, 4.5, 7.5, 5.0 ] },
								"south": { "texture": "#heavy-tool-belt", "uv": [ 6.5, 4.5, 7.5, 5.0 ] },
								"west": { "texture": "#heavy-tool-belt", "uv": [ 6.5, 4.5, 7.5, 5.0 ] },
								"up": { "texture": "#heavy-tool-belt", "uv": [ 0.0, 0.0, 1.0, 1.0 ], "enabled": false },
								"down": { "texture": "#heavy-tool-belt", "uv": [ 6.5, 4.0, 7.5, 5.0 ] }
							}
						},
						{
							"name": "pouch-tie",
							"from": [ -0.2, -1.0, -0.2 ], 
							"to": [ 0.8, -0.5, 0.8 ], 
							"rotationOrigin": [ -0.2, -1.0, -0.2 ],
							"faces": {
								"north": { "texture": "#heavy-tool-belt", "uv": [ 6.5, 4.0, 7.5, 4.5 ] },
								"east": { "texture": "#heavy-tool-belt", "uv": [ 6.5, 4.5, 7.5, 5.0 ] },
								"south": { "texture": "#heavy-tool-belt", "uv": [ 6.5, 3.5, 7.5, 4.0 ] },
								"west": { "texture": "#heavy-tool-belt", "uv": [ 6.5, 4.0, 7.5, 4.5 ] },
								"up": { "texture": "#heavy-tool-belt", "uv": [ 0.0, 0.0, 1.0, 1.0 ], "enabled": false },
								"down": { "texture": "#heavy-tool-belt", "uv": [ 6.5, 4.0, 7.5, 5.0 ], "enabled": false }
							}
						}
					]
				},
				{
					"name": "tool1",
					"from": [ -0.2, -1.0, 0.0 ], 
					"to": [ 0.1, 1.0, 0.3 ], 
					"rotationOrigin": [ -0.05, 1.0, 0.15 ],
					"rotationX": -5.0,
					"rotationY": -45.0,
					"rotationZ": -5.0,
					"faces": {
						"north": { "texture": "#heavy-tool-belt", "uv": [ 5.0, 3.0, 5.5, 5.0 ] },
						"east": { "texture": "#heavy-tool-belt", "uv": [ 5.0, 3.0, 5.5, 5.0 ] },
						"south": { "texture": "#heavy-tool-belt", "uv": [ 5.0, 3.0, 5.5, 5.0 ] },
						"west": { "texture": "#heavy-tool-belt", "uv": [ 5.0, 3.0, 5.5, 5.0 ] },
						"up": { "texture": "#heavy-tool-belt", "uv": [ 5.0, 4.0, 5.5, 4.5 ] },
						"down": { "texture": "#heavy-tool-belt", "uv": [ 0.0, 0.0, 0.5, 0.5 ], "enabled": false }
					},
					"children": [
						{
							"name": "Cube1",
							"from": [ -0.1, -0.5, -0.1 ], 
							"to": [ 0.4, 0.0, 0.4 ], 
							"rotationOrigin": [ 0.15, -0.5, 0.15 ],
							"faces": {
								"north": { "texture": "#heavy-tool-belt", "uv": [ 6.0, 6.0, 6.5, 6.5 ] },
								"east": { "texture": "#heavy-tool-belt", "uv": [ 6.5, 6.5, 7.0, 7.0 ] },
								"south": { "texture": "#heavy-tool-belt", "uv": [ 6.5, 6.5, 7.0, 7.0 ] },
								"west": { "texture": "#heavy-tool-belt", "uv": [ 7.0, 7.0, 7.5, 7.5 ] },
								"up": { "texture": "#heavy-tool-belt", "uv": [ 6.5, 7.5, 7.0, 8.0 ] },
								"down": { "texture": "#heavy-tool-belt", "uv": [ 7.5, 6.0, 8.0, 6.5 ], "enabled": false }
							}
						},
						{
							"name": "Cube17",
							"from": [ -0.1, -3.5, -0.1 ], 
							"to": [ 0.4, -1.5, 0.4 ], 
							"rotationOrigin": [ 0.15, -3.5, 0.15 ],
							"faces": {
								"north": { "texture": "#heavy-tool-belt", "uv": [ 6.5, 6.0, 7.0, 8.0 ] },
								"east": { "texture": "#heavy-tool-belt", "uv": [ 7.0, 6.0, 7.5, 8.0 ] },
								"south": { "texture": "#heavy-tool-belt", "uv": [ 6.5, 6.0, 7.0, 8.0 ] },
								"west": { "texture": "#heavy-tool-belt", "uv": [ 7.5, 6.0, 8.0, 8.0 ] },
								"up": { "texture": "#heavy-tool-belt", "uv": [ 6.5, 7.0, 7.0, 7.5 ], "enabled": false },
								"down": { "texture": "#heavy-tool-belt", "uv": [ 7.0, 7.0, 7.5, 7.5 ] }
							}
						},
						{
							"name": "Cube18",
							"from": [ -0.1, -1.5, -0.1 ], 
							"to": [ 0.4, -0.5, 0.4 ], 
							"rotationOrigin": [ -0.1, -1.5, -0.1 ],
							"faces": {
								"north": { "texture": "#heavy-tool-belt", "uv": [ 5.0, 3.5, 5.5, 4.5 ] },
								"east": { "texture": "#heavy-tool-belt", "uv": [ 5.0, 3.5, 5.5, 4.5 ] },
								"south": { "texture": "#heavy-tool-belt", "uv": [ 5.0, 3.5, 5.5, 4.5 ] },
								"west": { "texture": "#heavy-tool-belt", "uv": [ 5.0, 3.5, 5.5, 4.5 ] },
								"up": { "texture": "#heavy-tool-belt", "uv": [ 0.0, 0.0, 0.5, 0.5 ], "enabled": false },
								"down": { "texture": "#heavy-tool-belt", "uv": [ 0.0, 0.0, 0.5, 0.5 ], "enabled": false }
							}
						}
					]
				},
				{
					"name": "tool2",
					"from": [ -0.2, -1.0, 6.0 ], 
					"to": [ 0.1, 1.0, 6.3 ], 
					"rotationOrigin": [ -0.05, 1.0, 6.15 ],
					"rotationX": -5.0,
					"rotationY": -45.0,
					"rotationZ": -5.0,
					"faces": {
						"north": { "texture": "#heavy-tool-belt", "uv": [ 5.0, 3.0, 5.5, 5.0 ] },
						"east": { "texture": "#heavy-tool-belt", "uv": [ 5.0, 3.0, 5.5, 5.0 ] },
						"south": { "texture": "#heavy-tool-belt", "uv": [ 5.0, 3.0, 5.5, 5.0 ] },
						"west": { "texture": "#heavy-tool-belt", "uv": [ 5.0, 3.0, 5.5, 5.0 ] },
						"up": { "texture": "#heavy-tool-belt", "uv": [ 5.0, 4.0, 5.5, 4.5 ] },
						"down": { "texture": "#heavy-tool-belt", "uv": [ 0.0, 0.0, 0.5, 0.5 ], "enabled": false }
					},
					"children": [
						{
							"name": "Cube20",
							"from": [ -0.1, -0.5, -0.1 ], 
							"to": [ 0.4, 0.0, 0.4 ], 
							"rotationOrigin": [ 0.15, -0.5, 0.15 ],
							"faces": {
								"north": { "texture": "#heavy-tool-belt", "uv": [ 6.0, 6.0, 6.5, 6.5 ] },
								"east": { "texture": "#heavy-tool-belt", "uv": [ 6.5, 6.5, 7.0, 7.0 ] },
								"south": { "texture": "#heavy-tool-belt", "uv": [ 6.5, 6.5, 7.0, 7.0 ] },
								"west": { "texture": "#heavy-tool-belt", "uv": [ 7.0, 7.0, 7.5, 7.5 ] },
								"up": { "texture": "#heavy-tool-belt", "uv": [ 6.5, 7.5, 7.0, 8.0 ] },
								"down": { "texture": "#heavy-tool-belt", "uv": [ 7.5, 6.0, 8.0, 6.5 ] }
							}
						}
					]
				},
				{
					"name": "tool3",
					"from": [ -0.2, -0.6, 4.6 ], 
					"to": [ 0.1, 0.4, 4.9 ], 
					"rotationOrigin": [ -0.05, 0.4, 4.75 ],
					"rotationZ": -5.0,
					"faces": {
						"north": { "texture": "#heavy-tool-belt", "uv": [ 5.0, 3.5, 5.5, 4.5 ] },
						"east": { "texture": "#heavy-tool-belt", "uv": [ 5.0, 3.0, 5.5, 4.0 ] },
						"south": { "texture": "#heavy-tool-belt", "uv": [ 5.0, 3.0, 5.5, 4.0 ] },
						"west": { "texture": "#heavy-tool-belt", "uv": [ 5.0, 3.0, 5.5, 4.0 ] },
						"up": { "texture": "#heavy-tool-belt", "uv": [ 5.0, 4.0, 5.5, 4.5 ] },
						"down": { "texture": "#heavy-tool-belt", "uv": [ 0.0, 0.0, 0.5, 0.5 ], "enabled": false }
					},
					"children": [
						{
							"name": "Cube22",
							"from": [ -0.1, -1.0, -0.1 ], 
							"to": [ 0.4, 0.0, 0.4 ], 
							"rotationOrigin": [ 0.15, -0.5, 0.15 ],
							"faces": {
								"north": { "texture": "#heavy-tool-belt", "uv": [ 6.0, 6.0, 6.5, 7.0 ] },
								"east": { "texture": "#heavy-tool-belt", "uv": [ 6.5, 6.5, 7.0, 7.5 ] },
								"south": { "texture": "#heavy-tool-belt", "uv": [ 6.5, 6.5, 7.0, 7.5 ] },
								"west": { "texture": "#heavy-tool-belt", "uv": [ 7.0, 7.0, 7.5, 8.0 ] },
								"up": { "texture": "#heavy-tool-belt", "uv": [ 6.5, 7.5, 7.0, 8.0 ] },
								"down": { "texture": "#heavy-tool-belt", "uv": [ 7.5, 6.0, 8.0, 6.5 ] }
							}
						},
						{
							"name": "Cube46",
							"from": [ -0.1, -1.5, 0.4 ], 
							"to": [ 0.4, -1.0, 0.9 ], 
							"rotationOrigin": [ 0.15, -1.0, 0.65 ],
							"faces": {
								"north": { "texture": "#heavy-tool-belt", "uv": [ 6.0, 6.0, 6.5, 6.5 ] },
								"east": { "texture": "#heavy-tool-belt", "uv": [ 6.5, 6.5, 7.0, 7.0 ] },
								"south": { "texture": "#heavy-tool-belt", "uv": [ 6.5, 6.5, 7.0, 7.0 ] },
								"west": { "texture": "#heavy-tool-belt", "uv": [ 7.0, 7.0, 7.5, 7.5 ] },
								"up": { "texture": "#heavy-tool-belt", "uv": [ 6.5, 7.5, 7.0, 8.0 ] },
								"down": { "texture": "#heavy-tool-belt", "uv": [ 7.5, 6.0, 8.0, 6.5 ] }
							}
						},
						{
							"name": "Cube47",
							"from": [ -0.1, -2.0, -0.6 ], 
							"to": [ 0.4, -1.5, 0.4 ], 
							"rotationOrigin": [ 0.15, -1.5, 0.65 ],
							"faces": {
								"north": { "texture": "#heavy-tool-belt", "uv": [ 6.0, 6.0, 6.5, 6.5 ] },
								"east": { "texture": "#heavy-tool-belt", "uv": [ 6.5, 6.5, 7.5, 7.0 ] },
								"south": { "texture": "#heavy-tool-belt", "uv": [ 6.5, 6.5, 7.0, 7.0 ] },
								"west": { "texture": "#heavy-tool-belt", "uv": [ 7.0, 7.0, 8.0, 7.5 ] },
								"up": { "texture": "#heavy-tool-belt", "uv": [ 6.5, 6.5, 7.0, 7.5 ] },
								"down": { "texture": "#heavy-tool-belt", "uv": [ 7.5, 6.0, 8.0, 7.0 ] }
							}
						}
					]
				},
				{
					"name": "tool4",
					"from": [ -0.3, -0.6, 1.4 ], 
					"to": [ 0.0, 0.9, 1.7 ], 
					"rotationOrigin": [ -0.15, 0.8, 1.55 ],
					"rotationZ": -5.0,
					"faces": {
						"north": { "texture": "#heavy-tool-belt", "uv": [ 5.0, 3.0, 5.5, 4.5 ] },
						"east": { "texture": "#heavy-tool-belt", "uv": [ 5.0, 3.0, 5.5, 4.5 ], "enabled": false },
						"south": { "texture": "#heavy-tool-belt", "uv": [ 5.0, 3.0, 5.5, 4.5 ] },
						"west": { "texture": "#heavy-tool-belt", "uv": [ 5.0, 3.0, 5.5, 4.5 ] },
						"up": { "texture": "#heavy-tool-belt", "uv": [ 5.0, 4.0, 5.5, 4.5 ] },
						"down": { "texture": "#heavy-tool-belt", "uv": [ 0.0, 0.0, 0.5, 0.5 ], "enabled": false }
					},
					"children": [
						{
							"name": "Cube24",
							"from": [ -0.1, -1.5, -0.1 ], 
							"to": [ 0.4, 0.0, 0.4 ], 
							"rotationOrigin": [ 0.15, -1.5, 0.15 ],
							"faces": {
								"north": { "texture": "#heavy-tool-belt", "uv": [ 7.0, 3.0, 7.5, 4.5 ] },
								"east": { "texture": "#heavy-tool-belt", "uv": [ 6.5, 6.5, 7.0, 8.0 ], "enabled": false },
								"south": { "texture": "#heavy-tool-belt", "uv": [ 7.0, 4.0, 7.5, 5.5 ] },
								"west": { "texture": "#heavy-tool-belt", "uv": [ 7.0, 4.0, 7.5, 5.5 ] },
								"up": { "texture": "#heavy-tool-belt", "uv": [ 6.5, 3.0, 7.0, 3.5 ] },
								"down": { "texture": "#heavy-tool-belt", "uv": [ 6.5, 4.0, 7.0, 4.5 ] }
							}
						},
						{
							"name": "Cube25",
							"from": [ -0.1, -2.5, 0.4 ], 
							"to": [ 0.4, -1.0, 0.9 ], 
							"rotationOrigin": [ 0.15, -2.5, 0.65 ],
							"faces": {
								"north": { "texture": "#heavy-tool-belt", "uv": [ 7.0, 6.5, 7.5, 8.0 ] },
								"east": { "texture": "#heavy-tool-belt", "uv": [ 6.5, 6.5, 7.0, 8.0 ], "enabled": false },
								"south": { "texture": "#heavy-tool-belt", "uv": [ 7.5, 6.0, 8.0, 7.5 ] },
								"west": { "texture": "#heavy-tool-belt", "uv": [ 7.5, 6.5, 8.0, 8.0 ] },
								"up": { "texture": "#heavy-tool-belt", "uv": [ 6.5, 7.5, 7.0, 8.0 ] },
								"down": { "texture": "#heavy-tool-belt", "uv": [ 7.5, 6.0, 8.0, 6.5 ] }
							}
						},
						{
							"name": "Cube28",
							"from": [ -0.1, -3.0, -0.1 ], 
							"to": [ 0.4, -2.0, 0.4 ], 
							"rotationOrigin": [ 0.15, -3.0, 0.15 ],
							"faces": {
								"north": { "texture": "#heavy-tool-belt", "uv": [ 7.0, 6.0, 7.5, 7.0 ] },
								"east": { "texture": "#heavy-tool-belt", "uv": [ 7.5, 7.5, 8.0, 8.5 ], "enabled": false },
								"south": { "texture": "#heavy-tool-belt", "uv": [ 7.0, 6.5, 7.5, 7.5 ] },
								"west": { "texture": "#heavy-tool-belt", "uv": [ 7.0, 7.0, 7.5, 8.0 ] },
								"up": { "texture": "#heavy-tool-belt", "uv": [ 6.5, 6.0, 7.0, 6.5 ] },
								"down": { "texture": "#heavy-tool-belt", "uv": [ 7.5, 6.0, 8.0, 6.5 ] }
							}
						},
						{
							"name": "Cube45",
							"from": [ -0.1, -2.5, -0.6 ], 
							"to": [ 0.4, -1.0, -0.1 ], 
							"rotationOrigin": [ 0.15, -2.5, -0.35 ],
							"faces": {
								"north": { "texture": "#heavy-tool-belt", "uv": [ 7.0, 6.5, 7.5, 8.0 ] },
								"east": { "texture": "#heavy-tool-belt", "uv": [ 6.5, 6.5, 7.0, 8.0 ], "enabled": false },
								"south": { "texture": "#heavy-tool-belt", "uv": [ 7.5, 6.0, 8.0, 7.5 ] },
								"west": { "texture": "#heavy-tool-belt", "uv": [ 7.5, 6.5, 8.0, 8.0 ] },
								"up": { "texture": "#heavy-tool-belt", "uv": [ 6.5, 7.5, 7.0, 8.0 ] },
								"down": { "texture": "#heavy-tool-belt", "uv": [ 7.5, 6.0, 8.0, 6.5 ] }
							}
						}
					]
				},
				{
					"name": "tool6",
					"from": [ 5.3, -2.0, 6.0 ], 
					"to": [ 5.6, 0.0, 6.3 ], 
					"rotationOrigin": [ 5.45, 0.0, 6.15 ],
					"rotationX": -5.0,
					"rotationY": -45.0,
					"rotationZ": -5.0,
					"faces": {
						"north": { "texture": "#heavy-tool-belt", "uv": [ 5.0, 3.0, 5.5, 5.0 ] },
						"east": { "texture": "#heavy-tool-belt", "uv": [ 5.0, 3.0, 5.5, 5.0 ] },
						"south": { "texture": "#heavy-tool-belt", "uv": [ 5.0, 3.0, 5.5, 5.0 ] },
						"west": { "texture": "#heavy-tool-belt", "uv": [ 5.0, 3.0, 5.5, 5.0 ] },
						"up": { "texture": "#heavy-tool-belt", "uv": [ 5.0, 4.0, 5.5, 4.5 ] },
						"down": { "texture": "#heavy-tool-belt", "uv": [ 0.0, 0.0, 0.5, 0.5 ], "enabled": false }
					},
					"children": [
						{
							"name": "Cube32",
							"from": [ -0.1, -0.5, -0.1 ], 
							"to": [ 0.4, 0.0, 0.4 ], 
							"rotationOrigin": [ 0.15, -0.5, 0.15 ],
							"faces": {
								"north": { "texture": "#heavy-tool-belt", "uv": [ 6.0, 6.0, 6.5, 6.5 ] },
								"east": { "texture": "#heavy-tool-belt", "uv": [ 6.5, 6.5, 7.0, 7.0 ] },
								"south": { "texture": "#heavy-tool-belt", "uv": [ 6.5, 6.5, 7.0, 7.0 ] },
								"west": { "texture": "#heavy-tool-belt", "uv": [ 7.0, 7.0, 7.5, 7.5 ] },
								"up": { "texture": "#heavy-tool-belt", "uv": [ 6.5, 7.5, 7.0, 8.0 ] },
								"down": { "texture": "#heavy-tool-belt", "uv": [ 7.5, 6.0, 8.0, 6.5 ] }
							}
						}
					]
				},
				{
					"name": "tool8",
					"from": [ 5.3, -1.6, 0.8 ], 
					"to": [ 5.8, -0.1, 1.3 ], 
					"rotationOrigin": [ 5.45, -0.2, 1.05 ],
					"rotationZ": -5.0,
					"faces": {
						"north": { "texture": "#heavy-tool-belt", "uv": [ 5.0, 3.0, 5.5, 4.5 ] },
						"east": { "texture": "#heavy-tool-belt", "uv": [ 5.0, 3.0, 5.5, 4.5 ] },
						"south": { "texture": "#heavy-tool-belt", "uv": [ 5.0, 3.0, 5.5, 4.5 ] },
						"west": { "texture": "#heavy-tool-belt", "uv": [ 5.0, 3.0, 5.5, 4.5 ], "enabled": false },
						"up": { "texture": "#heavy-tool-belt", "uv": [ 5.0, 4.0, 5.5, 4.5 ], "enabled": false },
						"down": { "texture": "#heavy-tool-belt", "uv": [ 0.0, 0.0, 0.5, 0.5 ], "enabled": false }
					},
					"children": [
						{
							"name": "Cube39",
							"from": [ 0.0, -0.5, 0.0 ], 
							"to": [ 0.5, 0.0, 1.0 ], 
							"rotationOrigin": [ 0.25, -0.5, 0.25 ],
							"faces": {
								"north": { "texture": "#heavy-tool-belt", "uv": [ 6.0, 6.0, 6.5, 6.5 ] },
								"east": { "texture": "#heavy-tool-belt", "uv": [ 6.5, 6.5, 7.5, 7.0 ] },
								"south": { "texture": "#heavy-tool-belt", "uv": [ 7.0, 6.5, 7.5, 7.0 ] },
								"west": { "texture": "#heavy-tool-belt", "uv": [ 6.5, 6.0, 7.5, 6.5 ], "enabled": false },
								"up": { "texture": "#heavy-tool-belt", "uv": [ 6.5, 6.5, 7.0, 7.5 ] },
								"down": { "texture": "#heavy-tool-belt", "uv": [ 7.5, 6.0, 8.0, 7.0 ] }
							}
						},
						{
							"name": "Cube40",
							"from": [ 0.0, -1.0, 0.5 ], 
							"to": [ 0.5, -0.5, 1.0 ], 
							"rotationOrigin": [ 0.25, -1.0, 0.75 ],
							"faces": {
								"north": { "texture": "#heavy-tool-belt", "uv": [ 7.0, 6.5, 7.5, 7.0 ] },
								"east": { "texture": "#heavy-tool-belt", "uv": [ 6.5, 6.5, 7.0, 7.0 ] },
								"south": { "texture": "#heavy-tool-belt", "uv": [ 7.5, 6.0, 8.0, 6.5 ] },
								"west": { "texture": "#heavy-tool-belt", "uv": [ 7.5, 6.5, 8.0, 7.0 ], "enabled": false },
								"up": { "texture": "#heavy-tool-belt", "uv": [ 6.5, 7.5, 7.0, 8.0 ], "enabled": false },
								"down": { "texture": "#heavy-tool-belt", "uv": [ 7.5, 6.0, 8.0, 6.5 ] }
							}
						},
						{
							"name": "Cube43",
							"from": [ 0.0, -1.5, 0.0 ], 
							"to": [ 0.5, -1.0, 0.5 ], 
							"rotationOrigin": [ 0.25, -1.5, 0.25 ],
							"faces": {
								"north": { "texture": "#heavy-tool-belt", "uv": [ 7.5, 7.5, 8.0, 8.0 ] },
								"east": { "texture": "#heavy-tool-belt", "uv": [ 7.5, 7.5, 8.0, 8.0 ] },
								"south": { "texture": "#heavy-tool-belt", "uv": [ 7.0, 6.5, 7.5, 7.0 ] },
								"west": { "texture": "#heavy-tool-belt", "uv": [ 7.0, 7.0, 7.5, 7.5 ] },
								"up": { "texture": "#heavy-tool-belt", "uv": [ 6.5, 6.0, 7.0, 6.5 ] },
								"down": { "texture": "#heavy-tool-belt", "uv": [ 7.5, 6.0, 8.0, 6.5 ] }
							}
						},
						{
							"name": "Cube44",
							"from": [ 0.0, 1.5, 0.0 ], 
							"to": [ 0.5, 2.0, 0.5 ], 
							"rotationOrigin": [ 0.25, 1.5, 0.25 ],
							"faces": {
								"north": { "texture": "#heavy-tool-belt", "uv": [ 7.5, 7.5, 8.0, 8.0 ] },
								"east": { "texture": "#heavy-tool-belt", "uv": [ 7.5, 7.5, 8.0, 8.0 ] },
								"south": { "texture": "#heavy-tool-belt", "uv": [ 7.0, 6.5, 7.5, 7.0 ] },
								"west": { "texture": "#heavy-tool-belt", "uv": [ 7.0, 7.0, 7.5, 7.5 ], "enabled": false },
								"up": { "texture": "#heavy-tool-belt", "uv": [ 6.5, 6.0, 7.0, 6.5 ] },
								"down": { "texture": "#heavy-tool-belt", "uv": [ 7.5, 6.0, 8.0, 6.5 ], "enabled": false }
							}
						}
					]
				},
				{
					"name": "pouch-string45",
					"from": [ 4.8, -1.6, 4.8 ], 
					"to": [ 5.3, 0.4, 5.3 ], 
					"rotationOrigin": [ 5.0, 0.4, 5.1 ],
					"rotationX": -6.0,
					"rotationY": 45.0,
					"rotationZ": 8.0,
					"faces": {
						"north": { "texture": "#heavy-tool-belt", "uv": [ 5.5, 3.0, 6.0, 5.0 ], "enabled": false },
						"east": { "texture": "#heavy-tool-belt", "uv": [ 5.0, 3.0, 5.5, 5.0 ] },
						"south": { "texture": "#heavy-tool-belt", "uv": [ 5.5, 3.0, 6.0, 5.0 ] },
						"west": { "texture": "#heavy-tool-belt", "uv": [ 5.0, 3.0, 5.5, 5.0 ], "enabled": false, "autoUv": false },
						"up": { "texture": "#heavy-tool-belt", "uv": [ 5.0, 3.5, 5.5, 4.0 ] },
						"down": { "texture": "#heavy-tool-belt", "uv": [ 0.0, 0.0, 0.5, 0.5 ], "enabled": false }
					},
					"children": [
						{
							"name": "pouch-top46",
							"from": [ -0.5, -0.5, -0.5 ], 
							"to": [ 1.0, 0.0, 1.0 ], 
							"rotationOrigin": [ -0.5, -0.5, -0.5 ],
							"faces": {
								"north": { "texture": "#heavy-tool-belt", "uv": [ 6.5, 4.5, 8.0, 5.0 ] },
								"east": { "texture": "#heavy-tool-belt", "uv": [ 6.0, 5.0, 7.5, 5.5 ] },
								"south": { "texture": "#heavy-tool-belt", "uv": [ 6.5, 5.0, 8.0, 5.5 ] },
								"west": { "texture": "#heavy-tool-belt", "uv": [ 6.5, 3.0, 8.0, 3.5 ] },
								"up": { "texture": "#heavy-tool-belt", "uv": [ 6.5, 3.0, 8.0, 4.5 ] },
								"down": { "texture": "#heavy-tool-belt", "uv": [ 6.0, 3.5, 7.5, 5.0 ] }
							}
						},
						{
							"name": "pouch47",
							"from": [ -0.5, -3.0, -0.5 ], 
							"to": [ 1.0, -1.0, 1.0 ], 
							"rotationOrigin": [ -0.5, -3.0, -0.5 ],
							"faces": {
								"north": { "texture": "#heavy-tool-belt", "uv": [ 6.0, 3.0, 7.5, 5.0 ] },
								"east": { "texture": "#heavy-tool-belt", "uv": [ 6.5, 3.0, 8.0, 5.0 ] },
								"south": { "texture": "#heavy-tool-belt", "uv": [ 6.5, 3.5, 8.0, 5.5 ] },
								"west": { "texture": "#heavy-tool-belt", "uv": [ 6.0, 3.5, 7.5, 5.5 ] },
								"up": { "texture": "#heavy-tool-belt", "uv": [ 6.0, 3.0, 7.5, 4.5 ] },
								"down": { "texture": "#heavy-tool-belt", "uv": [ 6.5, 4.0, 8.0, 5.5 ] }
							}
						},
						{
							"name": "pouch-down48",
							"from": [ -0.2, -3.5, -0.2 ], 
							"to": [ 0.8, -3.0, 0.8 ], 
							"rotationOrigin": [ -0.2, -3.5, -0.2 ],
							"faces": {
								"north": { "texture": "#heavy-tool-belt", "uv": [ 6.5, 4.0, 7.5, 4.5 ] },
								"east": { "texture": "#heavy-tool-belt", "uv": [ 6.5, 4.5, 7.5, 5.0 ] },
								"south": { "texture": "#heavy-tool-belt", "uv": [ 6.5, 4.5, 7.5, 5.0 ] },
								"west": { "texture": "#heavy-tool-belt", "uv": [ 6.5, 4.5, 7.5, 5.0 ] },
								"up": { "texture": "#heavy-tool-belt", "uv": [ 0.0, 0.0, 1.0, 1.0 ], "enabled": false },
								"down": { "texture": "#heavy-tool-belt", "uv": [ 6.5, 4.0, 7.5, 5.0 ] }
							}
						},
						{
							"name": "pouch-tie49",
							"from": [ -0.2, -1.0, -0.2 ], 
							"to": [ 0.8, -0.5, 0.8 ], 
							"rotationOrigin": [ -0.2, -1.0, -0.2 ],
							"faces": {
								"north": { "texture": "#heavy-tool-belt", "uv": [ 6.5, 4.0, 7.5, 4.5 ] },
								"east": { "texture": "#heavy-tool-belt", "uv": [ 6.5, 4.5, 7.5, 5.0 ] },
								"south": { "texture": "#heavy-tool-belt", "uv": [ 6.5, 3.5, 7.5, 4.0 ] },
								"west": { "texture": "#heavy-tool-belt", "uv": [ 6.5, 4.0, 7.5, 4.5 ] },
								"up": { "texture": "#heavy-tool-belt", "uv": [ 0.0, 0.0, 1.0, 1.0 ], "enabled": false },
								"down": { "texture": "#heavy-tool-belt", "uv": [ 6.5, 4.0, 7.5, 5.0 ], "enabled": false }
							}
						}
					]
				},
				{
					"name": "tool42",
					"from": [ 5.2, -1.2, 2.8 ], 
					"to": [ 5.5, 0.3, 3.1 ], 
					"rotationOrigin": [ 5.35, 0.2, 2.95 ],
					"rotationZ": 2.0,
					"faces": {
						"north": { "texture": "#heavy-tool-belt", "uv": [ 5.0, 3.0, 5.5, 4.5 ] },
						"east": { "texture": "#heavy-tool-belt", "uv": [ 5.0, 3.0, 5.5, 4.5 ], "enabled": false },
						"south": { "texture": "#heavy-tool-belt", "uv": [ 5.0, 3.0, 5.5, 4.5 ] },
						"west": { "texture": "#heavy-tool-belt", "uv": [ 5.0, 3.0, 5.5, 4.5 ] },
						"up": { "texture": "#heavy-tool-belt", "uv": [ 5.0, 4.0, 5.5, 4.5 ] },
						"down": { "texture": "#heavy-tool-belt", "uv": [ 0.0, 0.0, 0.5, 0.5 ], "enabled": false }
					},
					"children": [
						{
							"name": "Cube48",
							"from": [ -0.1, -1.5, -0.1 ], 
							"to": [ 0.4, 0.0, 0.4 ], 
							"rotationOrigin": [ 0.15, -1.5, 0.15 ],
							"faces": {
								"north": { "texture": "#heavy-tool-belt", "uv": [ 7.0, 3.0, 7.5, 4.5 ] },
								"east": { "texture": "#heavy-tool-belt", "uv": [ 6.5, 4.0, 7.0, 5.5 ] },
								"south": { "texture": "#heavy-tool-belt", "uv": [ 7.0, 4.0, 7.5, 5.5 ] },
								"west": { "texture": "#heavy-tool-belt", "uv": [ 7.0, 4.0, 7.5, 5.5 ], "enabled": false, "autoUv": false },
								"up": { "texture": "#heavy-tool-belt", "uv": [ 6.5, 3.0, 7.0, 3.5 ] },
								"down": { "texture": "#heavy-tool-belt", "uv": [ 7.5, 6.0, 8.0, 6.5 ], "enabled": false }
							}
						},
						{
							"name": "Cube4",
							"from": [ -0.1, -2.5, 0.4 ], 
							"to": [ 0.4, -1.0, 0.9 ], 
							"rotationOrigin": [ 0.15, -2.5, 0.65 ],
							"faces": {
								"north": { "texture": "#heavy-tool-belt", "uv": [ 7.0, 6.5, 7.5, 8.0 ], "enabled": false },
								"east": { "texture": "#heavy-tool-belt", "uv": [ 5.0, 6.5, 5.5, 8.0 ] },
								"south": { "texture": "#heavy-tool-belt", "uv": [ 5.0, 6.5, 5.5, 8.0 ] },
								"west": { "texture": "#heavy-tool-belt", "uv": [ 5.0, 6.5, 5.5, 8.0 ], "enabled": false },
								"up": { "texture": "#heavy-tool-belt", "uv": [ 4.5, 7.5, 5.0, 8.0 ] },
								"down": { "texture": "#heavy-tool-belt", "uv": [ 4.5, 6.5, 5.0, 7.0 ] }
							}
						},
						{
							"name": "Cube2",
							"from": [ -0.1, -3.0, -0.1 ], 
							"to": [ 0.4, -1.5, 0.4 ], 
							"rotationOrigin": [ 0.15, -3.0, 0.15 ],
							"faces": {
								"north": { "texture": "#heavy-tool-belt", "uv": [ 5.0, 6.0, 5.5, 7.5 ] },
								"east": { "texture": "#heavy-tool-belt", "uv": [ 4.5, 6.0, 5.0, 7.5 ] },
								"south": { "texture": "#heavy-tool-belt", "uv": [ 4.5, 6.5, 5.0, 8.0 ] },
								"west": { "texture": "#heavy-tool-belt", "uv": [ 7.0, 6.0, 7.5, 7.5 ], "enabled": false },
								"up": { "texture": "#heavy-tool-belt", "uv": [ 6.5, 6.0, 7.0, 6.5 ], "enabled": false },
								"down": { "texture": "#heavy-tool-belt", "uv": [ 7.5, 6.0, 8.0, 6.5 ] }
							}
						},
						{
							"name": "Cube3",
							"from": [ -0.1, -2.5, -0.6 ], 
							"to": [ 0.4, -1.0, -0.1 ], 
							"rotationOrigin": [ 0.15, -2.5, -0.35 ],
							"faces": {
								"north": { "texture": "#heavy-tool-belt", "uv": [ 4.5, 6.0, 5.0, 7.5 ] },
								"east": { "texture": "#heavy-tool-belt", "uv": [ 4.0, 6.5, 4.5, 8.0 ] },
								"south": { "texture": "#heavy-tool-belt", "uv": [ 7.5, 6.0, 8.0, 7.5 ], "enabled": false },
								"west": { "texture": "#heavy-tool-belt", "uv": [ 4.5, 6.5, 5.0, 8.0 ], "enabled": false },
								"up": { "texture": "#heavy-tool-belt", "uv": [ 4.5, 7.5, 5.0, 8.0 ] },
								"down": { "texture": "#heavy-tool-belt", "uv": [ 5.5, 7.5, 6.0, 8.0 ] }
							}
						}
					]
				}
			]
		}
	]}