{
	"editor": {
		"backDropShape": "entity/humanoid/seraph",
		"allAngles": false,
		"entityTextureMode": false
	},
	"textureWidth": 8,
	"textureHeight": 8,
	"textureSizes": {
		"merchant-belt": [8, 8]
	},
	"textures": {
		"merchant-belt": "entity/humanoid/seraphclothes/waist/merchant-belt"
	},
	"elements": [
		{
			"name": "Waist",
			"stepParentName": "LowerTorso",
			"from": [ -0.2, 0.0, -0.4 ], 
			"to": [ 5.2, 1.0, 6.4 ], 
			"rotationOrigin": [ 2.8, 0.0, 3.0 ],
			"faces": {
				"north": { "texture": "#merchant-belt", "uv": [ 0.0, 0.0, 5.0, 1.0 ] },
				"east": { "texture": "#merchant-belt", "uv": [ 1.5, 0.5, 8.0, 1.5 ] },
				"south": { "texture": "#merchant-belt", "uv": [ 0.0, 0.0, 5.0, 1.0 ] },
				"west": { "texture": "#merchant-belt", "uv": [ 1.0, 0.5, 7.5, 1.5 ] },
				"up": { "texture": "#merchant-belt", "uv": [ 0.0, 1.5, 5.0, 8.0 ] },
				"down": { "texture": "#merchant-belt", "uv": [ 0.0, 1.5, 5.0, 8.0 ] }
			},
			"children": [
				{
					"name": "buckle-down",
					"from": [ -0.3, -0.5, 3.0 ], 
					"to": [ 0.2, 0.0, 4.5 ], 
					"rotationOrigin": [ -0.3, -0.5, 3.0 ],
					"faces": {
						"north": { "texture": "#merchant-belt", "uv": [ 0.0, 0.0, 0.5, 0.5 ], "enabled": false },
						"east": { "texture": "#merchant-belt", "uv": [ 6.0, 2.5, 7.5, 3.0 ], "enabled": false },
						"south": { "texture": "#merchant-belt", "uv": [ 7.0, 2.0, 7.5, 2.5 ] },
						"west": { "texture": "#merchant-belt", "uv": [ 6.0, 2.5, 7.5, 3.0 ] },
						"up": { "texture": "#merchant-belt", "uv": [ 7.0, 1.5, 7.5, 3.0 ] },
						"down": { "texture": "#merchant-belt", "uv": [ 7.0, 1.5, 7.5, 3.0 ] }
					},
					"children": [
						{
							"name": "buckle-left",
							"from": [ 0.0, 0.0, -0.5 ], 
							"to": [ 0.5, 1.5, 0.0 ], 
							"rotationOrigin": [ 0.0, 0.0, -0.5 ],
							"faces": {
								"north": { "texture": "#merchant-belt", "uv": [ 6.5, 1.5, 7.0, 3.0 ] },
								"east": { "texture": "#merchant-belt", "uv": [ 0.0, 0.0, 0.5, 1.5 ], "enabled": false },
								"south": { "texture": "#merchant-belt", "uv": [ 6.5, 2.0, 7.0, 3.5 ] },
								"west": { "texture": "#merchant-belt", "uv": [ 6.5, 2.0, 7.0, 3.5 ] },
								"up": { "texture": "#merchant-belt", "uv": [ 0.0, 0.0, 0.5, 0.5 ], "enabled": false },
								"down": { "texture": "#merchant-belt", "uv": [ 6.5, 2.0, 7.0, 2.5 ] }
							}
						},
						{
							"name": "buckle-right",
							"from": [ 0.0, 0.5, 1.0 ], 
							"to": [ 0.5, 2.0, 1.5 ], 
							"rotationOrigin": [ 0.0, 0.5, 1.0 ],
							"faces": {
								"north": { "texture": "#merchant-belt", "uv": [ 6.5, 1.5, 7.0, 3.0 ] },
								"east": { "texture": "#merchant-belt", "uv": [ 0.0, 0.0, 0.5, 1.5 ], "enabled": false },
								"south": { "texture": "#merchant-belt", "uv": [ 6.5, 1.5, 7.0, 3.0 ] },
								"west": { "texture": "#merchant-belt", "uv": [ 6.5, 1.5, 7.0, 3.0 ] },
								"up": { "texture": "#merchant-belt", "uv": [ 7.5, 3.0, 8.0, 3.5 ] },
								"down": { "texture": "#merchant-belt", "uv": [ 0.0, 0.0, 0.5, 0.5 ], "enabled": false }
							}
						},
						{
							"name": "buckle-up",
							"from": [ 0.0, 1.5, -0.5 ], 
							"to": [ 0.5, 2.0, 1.0 ], 
							"rotationOrigin": [ 0.0, 1.5, 0.0 ],
							"faces": {
								"north": { "texture": "#merchant-belt", "uv": [ 7.5, 2.0, 8.0, 2.5 ] },
								"east": { "texture": "#merchant-belt", "uv": [ 3.0, 0.5, 4.5, 1.0 ], "enabled": false },
								"south": { "texture": "#merchant-belt", "uv": [ 0.0, 0.0, 0.5, 0.5 ], "enabled": false },
								"west": { "texture": "#merchant-belt", "uv": [ 6.0, 2.5, 7.5, 3.0 ] },
								"up": { "texture": "#merchant-belt", "uv": [ 6.5, 2.0, 7.0, 3.5 ] },
								"down": { "texture": "#merchant-belt", "uv": [ 7.5, 1.5, 8.0, 3.0 ] }
							}
						},
						{
							"name": "belt-pin",
							"from": [ 0.2, 0.8, 0.5 ], 
							"to": [ 0.7, 1.2, 2.0 ], 
							"rotationOrigin": [ 0.2, 0.8, 0.7 ],
							"faces": {
								"north": { "texture": "#merchant-belt", "uv": [ 7.0, 2.5, 7.5, 3.0 ] },
								"east": { "texture": "#merchant-belt", "uv": [ 0.0, 0.0, 1.5, 0.5 ], "enabled": false },
								"south": { "texture": "#merchant-belt", "uv": [ 7.0, 1.5, 7.5, 2.0 ] },
								"west": { "texture": "#merchant-belt", "uv": [ 6.5, 3.0, 8.0, 3.5 ] },
								"up": { "texture": "#merchant-belt", "uv": [ 6.5, 2.0, 7.0, 3.5 ] },
								"down": { "texture": "#merchant-belt", "uv": [ 6.5, 1.5, 7.0, 3.0 ] }
							}
						}
					]
				},
				{
					"name": "belt-loop",
					"from": [ -0.2, -0.2, 1.5 ], 
					"to": [ 0.3, 1.2, 2.0 ], 
					"rotationOrigin": [ -0.2, -0.2, 1.5 ],
					"faces": {
						"north": { "texture": "#merchant-belt", "uv": [ 6.0, 2.5, 6.5, 3.5 ] },
						"east": { "texture": "#merchant-belt", "uv": [ 0.0, 0.0, 0.5, 1.0 ], "enabled": false },
						"south": { "texture": "#merchant-belt", "uv": [ 6.0, 2.5, 6.5, 3.5 ] },
						"west": { "texture": "#merchant-belt", "uv": [ 6.5, 2.0, 7.0, 3.0 ] },
						"up": { "texture": "#merchant-belt", "uv": [ 7.0, 3.0, 7.5, 3.5 ] },
						"down": { "texture": "#merchant-belt", "uv": [ 6.5, 2.5, 7.0, 3.0 ] }
					}
				},
				{
					"name": "pouch1",
					"from": [ 0.4, -1.5, 6.0 ], 
					"to": [ 1.9, 0.5, 7.5 ], 
					"rotationOrigin": [ 1.2, 0.5, 6.8 ],
					"rotationX": -22.5,
					"rotationY": -45.0,
					"faces": {
						"north": { "texture": "#merchant-belt", "uv": [ 6.0, 5.5, 7.5, 7.5 ] },
						"east": { "texture": "#merchant-belt", "uv": [ 6.5, 5.5, 8.0, 7.5 ] },
						"south": { "texture": "#merchant-belt", "uv": [ 6.0, 6.0, 7.5, 8.0 ] },
						"west": { "texture": "#merchant-belt", "uv": [ 6.5, 6.0, 8.0, 8.0 ] },
						"up": { "texture": "#merchant-belt", "uv": [ 6.0, 5.5, 7.5, 7.0 ] },
						"down": { "texture": "#merchant-belt", "uv": [ 6.5, 6.5, 8.0, 8.0 ] }
					},
					"children": [
						{
							"name": "pouch1-top",
							"from": [ 0.3, 2.2, 0.3 ], 
							"to": [ 1.3, 2.7, 1.3 ], 
							"rotationOrigin": [ 0.8, 2.2, 0.8 ],
							"rotationY": 45.0,
							"faces": {
								"north": { "texture": "#merchant-belt", "uv": [ 7.0, 7.0, 8.0, 7.5 ] },
								"east": { "texture": "#merchant-belt", "uv": [ 6.5, 6.5, 7.5, 7.0 ] },
								"south": { "texture": "#merchant-belt", "uv": [ 6.5, 6.0, 7.5, 6.5 ] },
								"west": { "texture": "#merchant-belt", "uv": [ 6.5, 6.5, 7.5, 7.0 ] },
								"up": { "texture": "#merchant-belt", "uv": [ 6.0, 7.0, 7.0, 8.0 ] },
								"down": { "texture": "#merchant-belt", "uv": [ 7.0, 7.0, 8.0, 8.0 ] }
							}
						},
						{
							"name": "pouch1-tie",
							"from": [ 0.6, 2.0, 0.5 ], 
							"to": [ 1.1, 2.5, 1.0 ], 
							"rotationOrigin": [ 0.8, 2.0, 0.7 ],
							"faces": {
								"north": { "texture": "#merchant-belt", "uv": [ 5.5, 2.0, 6.0, 2.5 ] },
								"east": { "texture": "#merchant-belt", "uv": [ 5.0, 1.5, 5.5, 2.0 ] },
								"south": { "texture": "#merchant-belt", "uv": [ 5.0, 1.5, 5.5, 2.0 ] },
								"west": { "texture": "#merchant-belt", "uv": [ 5.5, 1.5, 6.0, 2.0 ] },
								"up": { "texture": "#merchant-belt", "uv": [ 0.0, 0.0, 0.5, 0.5 ], "enabled": false },
								"down": { "texture": "#merchant-belt", "uv": [ 0.0, 0.0, 0.5, 0.5 ], "enabled": false }
							}
						}
					]
				},
				{
					"name": "pouch2",
					"from": [ 1.4, -1.5, -1.0 ], 
					"to": [ 2.9, 0.5, 0.5 ], 
					"rotationOrigin": [ 2.2, 0.5, -0.2 ],
					"rotationX": 8.0,
					"rotationY": -67.5,
					"faces": {
						"north": { "texture": "#merchant-belt", "uv": [ 6.0, 5.5, 7.5, 7.5 ] },
						"east": { "texture": "#merchant-belt", "uv": [ 6.0, 6.0, 7.5, 8.0 ] },
						"south": { "texture": "#merchant-belt", "uv": [ 6.5, 5.5, 8.0, 7.5 ] },
						"west": { "texture": "#merchant-belt", "uv": [ 6.5, 6.0, 8.0, 8.0 ] },
						"up": { "texture": "#merchant-belt", "uv": [ 6.0, 5.5, 7.5, 7.0 ] },
						"down": { "texture": "#merchant-belt", "uv": [ 6.0, 5.5, 7.5, 7.0 ] }
					},
					"children": [
						{
							"name": "pouch2top",
							"from": [ 0.3, 2.2, 0.3 ], 
							"to": [ 1.3, 2.7, 1.3 ], 
							"rotationOrigin": [ 0.8, 2.2, 0.8 ],
							"rotationY": 45.0,
							"faces": {
								"north": { "texture": "#merchant-belt", "uv": [ 6.0, 6.0, 7.0, 6.5 ] },
								"east": { "texture": "#merchant-belt", "uv": [ 6.0, 6.5, 7.0, 7.0 ] },
								"south": { "texture": "#merchant-belt", "uv": [ 6.0, 5.5, 7.0, 6.0 ] },
								"west": { "texture": "#merchant-belt", "uv": [ 7.0, 6.5, 8.0, 7.0 ] },
								"up": { "texture": "#merchant-belt", "uv": [ 6.0, 6.0, 7.0, 7.0 ] },
								"down": { "texture": "#merchant-belt", "uv": [ 6.5, 6.0, 7.5, 7.0 ] }
							}
						},
						{
							"name": "pouch2-tie",
							"from": [ 0.6, 2.0, 0.5 ], 
							"to": [ 1.1, 2.5, 1.0 ], 
							"rotationOrigin": [ 0.8, 2.0, 0.7 ],
							"faces": {
								"north": { "texture": "#merchant-belt", "uv": [ 5.0, 1.5, 5.5, 2.0 ] },
								"east": { "texture": "#merchant-belt", "uv": [ 5.5, 2.0, 6.0, 2.5 ] },
								"south": { "texture": "#merchant-belt", "uv": [ 5.0, 2.0, 5.5, 2.5 ] },
								"west": { "texture": "#merchant-belt", "uv": [ 5.5, 1.5, 6.0, 2.0 ] },
								"up": { "texture": "#merchant-belt", "uv": [ 0.0, 0.0, 0.5, 0.5 ], "enabled": false },
								"down": { "texture": "#merchant-belt", "uv": [ 0.0, 0.0, 0.5, 0.5 ], "enabled": false }
							}
						}
					]
				}
			]
		}
	]}