{
	"editor": {
		"backDropShape": "entity/humanoid/seraph",
		"allAngles": false,
		"entityTextureMode": false
	},
	"textureWidth": 8,
	"textureHeight": 8,
	"textureSizes": {
		"peasant-strap": [8, 8]
	},
	"textures": {
		"peasant-strap": "entity/humanoid/seraphclothes/waist/peasant-strap"
	},
	"elements": [
		{
			"name": "Waist",
			"stepParentName": "LowerTorso",
			"from": [ -0.2, 0.0, -0.4 ], 
			"to": [ 5.2, 1.0, 6.4 ], 
			"rotationOrigin": [ 2.8, 0.0, 3.0 ],
			"faces": {
				"north": { "texture": "#peasant-strap", "uv": [ 0.0, 0.0, 5.0, 1.0 ] },
				"east": { "texture": "#peasant-strap", "uv": [ 1.5, 0.5, 8.0, 1.5 ] },
				"south": { "texture": "#peasant-strap", "uv": [ 0.0, 0.0, 5.0, 1.0 ] },
				"west": { "texture": "#peasant-strap", "uv": [ 1.0, 0.5, 7.5, 1.5 ] },
				"up": { "texture": "#peasant-strap", "uv": [ 0.0, 1.5, 5.0, 8.0 ] },
				"down": { "texture": "#peasant-strap", "uv": [ 0.0, 1.5, 5.0, 8.0 ] }
			},
			"children": [
				{
					"name": "buckle-down",
					"from": [ -0.3, -0.5, 3.5 ], 
					"to": [ 0.2, 0.0, 5.0 ], 
					"rotationOrigin": [ -0.3, -0.5, 3.5 ],
					"faces": {
						"north": { "texture": "#peasant-strap", "uv": [ 0.0, 0.0, 0.5, 0.5 ], "enabled": false },
						"east": { "texture": "#peasant-strap", "uv": [ 6.0, 2.5, 7.5, 3.0 ], "enabled": false },
						"south": { "texture": "#peasant-strap", "uv": [ 7.0, 2.0, 7.5, 2.5 ] },
						"west": { "texture": "#peasant-strap", "uv": [ 6.0, 2.5, 7.5, 3.0 ] },
						"up": { "texture": "#peasant-strap", "uv": [ 7.0, 1.5, 7.5, 3.0 ] },
						"down": { "texture": "#peasant-strap", "uv": [ 7.0, 1.5, 7.5, 3.0 ] }
					},
					"children": [
						{
							"name": "buckle-left",
							"from": [ 0.0, 0.0, -0.5 ], 
							"to": [ 0.5, 1.5, 0.0 ], 
							"rotationOrigin": [ 0.0, 0.0, -0.5 ],
							"faces": {
								"north": { "texture": "#peasant-strap", "uv": [ 6.5, 1.5, 7.0, 3.0 ] },
								"east": { "texture": "#peasant-strap", "uv": [ 0.0, 0.0, 0.5, 1.5 ], "enabled": false },
								"south": { "texture": "#peasant-strap", "uv": [ 6.5, 2.0, 7.0, 3.5 ] },
								"west": { "texture": "#peasant-strap", "uv": [ 6.5, 2.0, 7.0, 3.5 ] },
								"up": { "texture": "#peasant-strap", "uv": [ 0.0, 0.0, 0.5, 0.5 ], "enabled": false },
								"down": { "texture": "#peasant-strap", "uv": [ 6.5, 2.0, 7.0, 2.5 ] }
							}
						},
						{
							"name": "buckle-right",
							"from": [ 0.0, 0.5, 1.0 ], 
							"to": [ 0.5, 2.0, 1.5 ], 
							"rotationOrigin": [ 0.0, 0.5, 1.0 ],
							"faces": {
								"north": { "texture": "#peasant-strap", "uv": [ 6.5, 1.5, 7.0, 3.0 ] },
								"east": { "texture": "#peasant-strap", "uv": [ 0.0, 0.0, 0.5, 1.5 ], "enabled": false },
								"south": { "texture": "#peasant-strap", "uv": [ 6.5, 1.5, 7.0, 3.0 ] },
								"west": { "texture": "#peasant-strap", "uv": [ 6.5, 1.5, 7.0, 3.0 ] },
								"up": { "texture": "#peasant-strap", "uv": [ 7.5, 3.0, 8.0, 3.5 ] },
								"down": { "texture": "#peasant-strap", "uv": [ 0.0, 0.0, 0.5, 0.5 ], "enabled": false }
							}
						},
						{
							"name": "buckle-up",
							"from": [ 0.0, 1.5, -0.5 ], 
							"to": [ 0.5, 2.0, 1.0 ], 
							"rotationOrigin": [ 0.0, 1.5, 0.0 ],
							"faces": {
								"north": { "texture": "#peasant-strap", "uv": [ 7.5, 2.0, 8.0, 2.5 ] },
								"east": { "texture": "#peasant-strap", "uv": [ 3.0, 0.5, 4.5, 1.0 ], "enabled": false },
								"south": { "texture": "#peasant-strap", "uv": [ 0.0, 0.0, 0.5, 0.5 ], "enabled": false },
								"west": { "texture": "#peasant-strap", "uv": [ 6.0, 2.5, 7.5, 3.0 ] },
								"up": { "texture": "#peasant-strap", "uv": [ 6.5, 2.0, 7.0, 3.5 ] },
								"down": { "texture": "#peasant-strap", "uv": [ 7.5, 1.5, 8.0, 3.0 ] }
							}
						},
						{
							"name": "belt-pin",
							"from": [ 0.2, 0.8, 0.5 ], 
							"to": [ 0.7, 1.2, 2.0 ], 
							"rotationOrigin": [ 0.2, 0.8, 0.7 ],
							"faces": {
								"north": { "texture": "#peasant-strap", "uv": [ 7.0, 2.5, 7.5, 3.0 ] },
								"east": { "texture": "#peasant-strap", "uv": [ 0.0, 0.0, 1.5, 0.5 ], "enabled": false },
								"south": { "texture": "#peasant-strap", "uv": [ 7.0, 1.5, 7.5, 2.0 ] },
								"west": { "texture": "#peasant-strap", "uv": [ 6.5, 3.0, 8.0, 3.5 ] },
								"up": { "texture": "#peasant-strap", "uv": [ 6.5, 2.0, 7.0, 3.5 ] },
								"down": { "texture": "#peasant-strap", "uv": [ 6.5, 1.5, 7.0, 3.0 ] }
							}
						}
					]
				},
				{
					"name": "belt-loop",
					"from": [ -0.2, -0.2, 2.0 ], 
					"to": [ 0.3, 1.2, 2.5 ], 
					"rotationOrigin": [ -0.2, -0.2, 2.0 ],
					"faces": {
						"north": { "texture": "#peasant-strap", "uv": [ 6.0, 2.5, 6.5, 3.5 ] },
						"east": { "texture": "#peasant-strap", "uv": [ 0.0, 0.0, 0.5, 1.0 ], "enabled": false },
						"south": { "texture": "#peasant-strap", "uv": [ 6.0, 2.5, 6.5, 3.5 ] },
						"west": { "texture": "#peasant-strap", "uv": [ 6.5, 2.0, 7.0, 3.0 ] },
						"up": { "texture": "#peasant-strap", "uv": [ 7.0, 3.0, 7.5, 3.5 ] },
						"down": { "texture": "#peasant-strap", "uv": [ 6.5, 2.5, 7.0, 3.0 ] }
					}
				},
				{
					"name": "belt-down",
					"from": [ -0.1, -2.7, 1.0 ], 
					"to": [ 0.4, 0.3, 2.0 ], 
					"rotationOrigin": [ -0.1, 0.3, 1.5 ],
					"rotationX": 4.0,
					"rotationZ": -8.0,
					"faces": {
						"north": { "texture": "#peasant-strap", "uv": [ 4.0, 3.5, 4.5, 6.5 ] },
						"east": { "texture": "#peasant-strap", "uv": [ 5.0, 0.5, 8.0, 1.5 ], "rotation": 90, "enabled": false },
						"south": { "texture": "#peasant-strap", "uv": [ 0.0, 4.0, 0.5, 7.0 ] },
						"west": { "texture": "#peasant-strap", "uv": [ 2.5, 0.5, 5.5, 1.5 ], "rotation": 90 },
						"up": { "texture": "#peasant-strap", "uv": [ 0.0, 0.0, 0.5, 1.0 ], "enabled": false },
						"down": { "texture": "#peasant-strap", "uv": [ 0.0, 0.0, 0.5, 1.0 ], "enabled": false }
					},
					"children": [
						{
							"name": "belt-tip",
							"from": [ 0.0, -0.5, -0.1 ], 
							"to": [ 0.5, 0.0, 1.1 ], 
							"rotationOrigin": [ 0.0, -0.5, 0.0 ],
							"faces": {
								"north": { "texture": "#peasant-strap", "uv": [ 7.5, 2.5, 8.0, 3.0 ] },
								"east": { "texture": "#peasant-strap", "uv": [ 7.5, 1.5, 8.5, 2.0 ], "enabled": false },
								"south": { "texture": "#peasant-strap", "uv": [ 6.5, 2.5, 7.0, 3.0 ] },
								"west": { "texture": "#peasant-strap", "uv": [ 7.0, 2.0, 8.0, 2.5 ] },
								"up": { "texture": "#peasant-strap", "uv": [ 6.5, 1.5, 7.0, 2.5 ] },
								"down": { "texture": "#peasant-strap", "uv": [ 7.0, 2.5, 7.5, 3.5 ] }
							}
						}
					]
				}
			]
		}
	]}