{
	"editor": {
		"backDropShape": "entity/humanoid/seraph",
		"allAngles": false,
		"entityTextureMode": false
	},
	"textureWidth": 8,
	"textureHeight": 8,
	"textureSizes": {
		"prince-waistband": [8, 8]
	},
	"textures": {
		"prince-waistband": "entity/humanoid/seraphclothes/waist/prince-waistband"
	},
	"elements": [
		{
			"name": "Waist",
			"stepParentName": "LowerTorso",
			"from": [ -0.3, 0.0, -0.4 ], 
			"to": [ 5.2, 1.5, 6.4 ], 
			"rotationOrigin": [ 1.7, 0.0, 3.0 ],
			"faces": {
				"north": { "texture": "#prince-waistband", "uv": [ 0.0, 0.0, 5.5, 1.5 ] },
				"east": { "texture": "#prince-waistband", "uv": [ 1.5, 0.0, 8.0, 1.5 ] },
				"south": { "texture": "#prince-waistband", "uv": [ 2.0, 0.0, 7.5, 1.5 ] },
				"west": { "texture": "#prince-waistband", "uv": [ 1.0, 0.0, 7.5, 1.5 ] },
				"up": { "texture": "#prince-waistband", "uv": [ 0.0, 2.5, 6.5, 8.0 ], "rotation": 90 },
				"down": { "texture": "#prince-waistband", "uv": [ 0.0, 2.5, 6.5, 8.0 ], "rotation": 90 }
			},
			"children": [
				{
					"name": "buckle-down",
					"from": [ -0.4, -1.0, 3.4 ], 
					"to": [ 0.6, -0.5, 5.4 ], 
					"rotationOrigin": [ -0.4, -1.0, 3.4 ],
					"rotationX": -45.0,
					"faces": {
						"north": { "texture": "#prince-waistband", "uv": [ 7.0, 2.0, 8.0, 2.5 ] },
						"east": { "texture": "#prince-waistband", "uv": [ 0.0, 0.0, 2.0, 0.5 ], "enabled": false },
						"south": { "texture": "#prince-waistband", "uv": [ 0.0, 0.0, 1.0, 0.5 ], "enabled": false },
						"west": { "texture": "#prince-waistband", "uv": [ 6.0, 2.0, 8.0, 2.5 ] },
						"up": { "texture": "#prince-waistband", "uv": [ 6.5, 1.5, 7.5, 3.5 ] },
						"down": { "texture": "#prince-waistband", "uv": [ 6.5, 1.5, 7.5, 3.5 ] }
					},
					"children": [
						{
							"name": "buckle-left",
							"from": [ 0.0, 0.5, 0.0 ], 
							"to": [ 1.0, 2.5, 0.5 ], 
							"rotationOrigin": [ 0.0, 0.5, 0.0 ],
							"faces": {
								"north": { "texture": "#prince-waistband", "uv": [ 6.5, 1.5, 7.5, 3.5 ] },
								"east": { "texture": "#prince-waistband", "uv": [ 0.0, 0.0, 0.5, 2.0 ], "enabled": false },
								"south": { "texture": "#prince-waistband", "uv": [ 6.5, 1.5, 7.5, 3.5 ] },
								"west": { "texture": "#prince-waistband", "uv": [ 6.5, 1.5, 7.0, 3.5 ] },
								"up": { "texture": "#prince-waistband", "uv": [ 6.0, 2.0, 7.0, 2.5 ] },
								"down": { "texture": "#prince-waistband", "uv": [ 0.0, 0.0, 1.0, 0.5 ], "enabled": false }
							}
						},
						{
							"name": "buckle-right",
							"from": [ 0.0, 0.0, 2.0 ], 
							"to": [ 1.0, 2.0, 2.5 ], 
							"rotationOrigin": [ 0.0, 0.0, 2.0 ],
							"faces": {
								"north": { "texture": "#prince-waistband", "uv": [ 6.5, 1.5, 7.5, 3.5 ] },
								"east": { "texture": "#prince-waistband", "uv": [ 0.0, 0.0, 0.5, 2.0 ], "enabled": false },
								"south": { "texture": "#prince-waistband", "uv": [ 7.0, 1.5, 8.0, 3.5 ] },
								"west": { "texture": "#prince-waistband", "uv": [ 7.0, 1.5, 7.5, 3.5 ] },
								"up": { "texture": "#prince-waistband", "uv": [ 0.0, 0.0, 1.0, 0.5 ], "enabled": false },
								"down": { "texture": "#prince-waistband", "uv": [ 6.0, 1.5, 7.0, 2.0 ] }
							}
						},
						{
							"name": "buckle-top",
							"from": [ 0.0, 2.0, 0.5 ], 
							"to": [ 1.0, 2.5, 2.5 ], 
							"rotationOrigin": [ 0.0, 2.0, 0.5 ],
							"faces": {
								"north": { "texture": "#prince-waistband", "uv": [ 0.0, 0.0, 1.0, 0.5 ], "enabled": false },
								"east": { "texture": "#prince-waistband", "uv": [ 0.0, 0.0, 2.0, 0.5 ], "enabled": false },
								"south": { "texture": "#prince-waistband", "uv": [ 7.0, 2.0, 8.0, 2.5 ] },
								"west": { "texture": "#prince-waistband", "uv": [ 6.0, 1.5, 8.0, 2.0 ] },
								"up": { "texture": "#prince-waistband", "uv": [ 6.5, 1.5, 7.5, 3.5 ] },
								"down": { "texture": "#prince-waistband", "uv": [ 7.0, 1.5, 8.0, 3.5 ] }
							}
						}
					]
				},
				{
					"name": "buckle-pin",
					"from": [ -0.2, 0.5, 1.5 ], 
					"to": [ 0.3, 1.0, 3.5 ], 
					"rotationOrigin": [ -0.2, 0.5, 1.5 ],
					"faces": {
						"north": { "texture": "#prince-waistband", "uv": [ 7.0, 3.0, 7.5, 3.5 ] },
						"east": { "texture": "#prince-waistband", "uv": [ 0.5, -0.5, 2.5, 0.0 ], "enabled": false },
						"south": { "texture": "#prince-waistband", "uv": [ 7.0, 3.0, 7.5, 3.5 ] },
						"west": { "texture": "#prince-waistband", "uv": [ 6.0, 1.5, 8.0, 2.0 ] },
						"up": { "texture": "#prince-waistband", "uv": [ 7.0, 1.5, 7.5, 3.5 ] },
						"down": { "texture": "#prince-waistband", "uv": [ 7.5, 1.5, 8.0, 3.5 ] }
					}
				},
				{
					"name": "Cube1",
					"from": [ 5.2, -0.15, 3.1 ], 
					"to": [ 5.7, 1.65, 3.6 ], 
					"rotationOrigin": [ 5.2, -0.2, 3.3 ],
					"faces": {
						"north": { "texture": "#prince-waistband", "uv": [ 6.5, 2.0, 7.0, 3.5 ] },
						"east": { "texture": "#prince-waistband", "uv": [ 6.5, 2.0, 7.0, 3.5 ] },
						"south": { "texture": "#prince-waistband", "uv": [ 6.5, 2.0, 7.0, 3.5 ] },
						"west": { "texture": "#prince-waistband", "uv": [ 7.5, 1.5, 8.0, 3.0 ], "enabled": false },
						"up": { "texture": "#prince-waistband", "uv": [ 7.0, 1.5, 7.5, 2.0 ] },
						"down": { "texture": "#prince-waistband", "uv": [ 6.0, 1.5, 6.5, 2.0 ] }
					}
				},
				{
					"name": "Cube8",
					"from": [ 5.2, -0.15, 4.1 ], 
					"to": [ 5.7, 1.65, 4.6 ], 
					"rotationOrigin": [ 5.2, -0.2, 4.3 ],
					"faces": {
						"north": { "texture": "#prince-waistband", "uv": [ 6.5, 2.0, 7.0, 3.5 ] },
						"east": { "texture": "#prince-waistband", "uv": [ 6.5, 1.5, 7.0, 3.0 ] },
						"south": { "texture": "#prince-waistband", "uv": [ 6.5, 1.5, 7.0, 3.0 ] },
						"west": { "texture": "#prince-waistband", "uv": [ 7.5, 1.5, 8.0, 3.0 ], "enabled": false },
						"up": { "texture": "#prince-waistband", "uv": [ 7.0, 1.5, 7.5, 2.0 ] },
						"down": { "texture": "#prince-waistband", "uv": [ 6.0, 1.5, 6.5, 2.0 ] }
					}
				},
				{
					"name": "Cube9",
					"from": [ 5.2, -0.15, 2.1 ], 
					"to": [ 5.7, 1.65, 2.6 ], 
					"rotationOrigin": [ 5.2, -0.2, 2.3 ],
					"faces": {
						"north": { "texture": "#prince-waistband", "uv": [ 7.0, 2.0, 7.5, 3.5 ] },
						"east": { "texture": "#prince-waistband", "uv": [ 7.0, 2.0, 7.5, 3.5 ] },
						"south": { "texture": "#prince-waistband", "uv": [ 6.5, 1.5, 7.0, 3.0 ] },
						"west": { "texture": "#prince-waistband", "uv": [ 7.5, 1.5, 8.0, 3.0 ], "enabled": false },
						"up": { "texture": "#prince-waistband", "uv": [ 7.0, 1.5, 7.5, 2.0 ] },
						"down": { "texture": "#prince-waistband", "uv": [ 7.5, 3.0, 8.0, 3.5 ] }
					}
				},
				{
					"name": "Cube10",
					"from": [ 5.2, -0.15, 1.1 ], 
					"to": [ 5.7, 1.65, 1.6 ], 
					"rotationOrigin": [ 5.2, -0.2, 1.3 ],
					"faces": {
						"north": { "texture": "#prince-waistband", "uv": [ 6.5, 2.0, 7.0, 3.5 ] },
						"east": { "texture": "#prince-waistband", "uv": [ 6.5, 1.5, 7.0, 3.0 ] },
						"south": { "texture": "#prince-waistband", "uv": [ 6.5, 1.5, 7.0, 3.0 ] },
						"west": { "texture": "#prince-waistband", "uv": [ 7.5, 1.5, 8.0, 3.0 ], "enabled": false },
						"up": { "texture": "#prince-waistband", "uv": [ 7.0, 1.5, 7.5, 2.0 ] },
						"down": { "texture": "#prince-waistband", "uv": [ 6.0, 1.5, 6.5, 2.0 ] }
					}
				},
				{
					"name": "Cube11",
					"from": [ 5.2, -0.15, 5.1 ], 
					"to": [ 5.7, 1.65, 5.6 ], 
					"rotationOrigin": [ 5.2, -0.2, 5.3 ],
					"faces": {
						"north": { "texture": "#prince-waistband", "uv": [ 6.5, 2.0, 7.0, 3.5 ] },
						"east": { "texture": "#prince-waistband", "uv": [ 7.0, 1.5, 7.5, 3.0 ] },
						"south": { "texture": "#prince-waistband", "uv": [ 6.5, 1.5, 7.0, 3.0 ] },
						"west": { "texture": "#prince-waistband", "uv": [ 7.5, 1.5, 8.0, 3.0 ], "enabled": false },
						"up": { "texture": "#prince-waistband", "uv": [ 7.0, 1.5, 7.5, 2.0 ] },
						"down": { "texture": "#prince-waistband", "uv": [ 6.0, 1.5, 6.5, 2.0 ] }
					}
				},
				{
					"name": "Cube12",
					"from": [ 4.7, -0.15, 6.2 ], 
					"to": [ 5.7, 1.65, 6.7 ], 
					"rotationOrigin": [ 5.2, -0.2, 6.4 ],
					"rotationY": -45.0,
					"faces": {
						"north": { "texture": "#prince-waistband", "uv": [ 6.5, 2.0, 7.5, 3.5 ] },
						"east": { "texture": "#prince-waistband", "uv": [ 7.0, 1.5, 7.5, 3.0 ] },
						"south": { "texture": "#prince-waistband", "uv": [ 6.5, 1.5, 7.5, 3.0 ] },
						"west": { "texture": "#prince-waistband", "uv": [ 7.5, 1.5, 8.0, 3.0 ], "enabled": false },
						"up": { "texture": "#prince-waistband", "uv": [ 7.0, 1.5, 8.0, 2.0 ] },
						"down": { "texture": "#prince-waistband", "uv": [ 6.0, 1.5, 7.0, 2.0 ] }
					}
				},
				{
					"name": "Cube13",
					"from": [ 4.7, -0.15, 0.0 ], 
					"to": [ 5.7, 1.65, 0.5 ], 
					"rotationOrigin": [ 5.2, -0.2, 0.2 ],
					"rotationY": 45.0,
					"faces": {
						"north": { "texture": "#prince-waistband", "uv": [ 6.5, 2.0, 7.5, 3.5 ] },
						"east": { "texture": "#prince-waistband", "uv": [ 7.0, 1.5, 7.5, 3.0 ] },
						"south": { "texture": "#prince-waistband", "uv": [ 6.5, 1.5, 7.5, 3.0 ] },
						"west": { "texture": "#prince-waistband", "uv": [ 7.5, 1.5, 8.0, 3.0 ], "enabled": false },
						"up": { "texture": "#prince-waistband", "uv": [ 7.0, 1.5, 8.0, 2.0 ] },
						"down": { "texture": "#prince-waistband", "uv": [ 6.0, 1.5, 7.0, 2.0 ] }
					}
				},
				{
					"name": "Cube14",
					"from": [ 4.0, -0.1, -0.3 ], 
					"to": [ 4.5, 1.7, 0.2 ], 
					"rotationOrigin": [ 4.0, -0.1, -0.3 ],
					"faces": {
						"north": { "texture": "#prince-waistband", "uv": [ 6.5, 2.0, 7.0, 3.5 ] },
						"east": { "texture": "#prince-waistband", "uv": [ 6.5, 1.5, 7.0, 3.0 ] },
						"south": { "texture": "#prince-waistband", "uv": [ 0.0, 0.0, 0.5, 1.5 ], "enabled": false },
						"west": { "texture": "#prince-waistband", "uv": [ 7.5, 2.0, 8.0, 3.5 ] },
						"up": { "texture": "#prince-waistband", "uv": [ 7.0, 2.0, 7.5, 2.5 ] },
						"down": { "texture": "#prince-waistband", "uv": [ 6.0, 1.5, 6.5, 2.0 ] }
					}
				},
				{
					"name": "Cube15",
					"from": [ 3.0, -0.1, -0.3 ], 
					"to": [ 3.5, 1.7, 0.2 ], 
					"rotationOrigin": [ 3.0, -0.1, -0.3 ],
					"faces": {
						"north": { "texture": "#prince-waistband", "uv": [ 6.5, 2.0, 7.0, 3.5 ] },
						"east": { "texture": "#prince-waistband", "uv": [ 6.5, 1.5, 7.0, 3.0 ] },
						"south": { "texture": "#prince-waistband", "uv": [ 0.0, 0.0, 0.5, 1.5 ], "enabled": false },
						"west": { "texture": "#prince-waistband", "uv": [ 7.5, 2.0, 8.0, 3.5 ] },
						"up": { "texture": "#prince-waistband", "uv": [ 7.0, 2.0, 7.5, 2.5 ] },
						"down": { "texture": "#prince-waistband", "uv": [ 6.0, 1.5, 6.5, 2.0 ] }
					}
				},
				{
					"name": "Cube16",
					"from": [ 2.0, -0.1, -0.3 ], 
					"to": [ 2.5, 1.7, 0.2 ], 
					"rotationOrigin": [ 2.0, -0.1, -0.3 ],
					"faces": {
						"north": { "texture": "#prince-waistband", "uv": [ 7.0, 1.5, 7.5, 3.0 ] },
						"east": { "texture": "#prince-waistband", "uv": [ 7.0, 1.5, 7.5, 3.0 ] },
						"south": { "texture": "#prince-waistband", "uv": [ 0.0, 0.0, 0.5, 1.5 ], "enabled": false },
						"west": { "texture": "#prince-waistband", "uv": [ 7.5, 2.0, 8.0, 3.5 ] },
						"up": { "texture": "#prince-waistband", "uv": [ 7.0, 2.0, 7.5, 2.5 ] },
						"down": { "texture": "#prince-waistband", "uv": [ 6.0, 1.5, 6.5, 2.0 ] }
					}
				},
				{
					"name": "Cube17",
					"from": [ 1.0, -0.1, -0.3 ], 
					"to": [ 1.5, 1.7, 0.2 ], 
					"rotationOrigin": [ 1.0, -0.1, -0.3 ],
					"faces": {
						"north": { "texture": "#prince-waistband", "uv": [ 6.5, 2.0, 7.0, 3.5 ] },
						"east": { "texture": "#prince-waistband", "uv": [ 6.5, 1.5, 7.0, 3.0 ] },
						"south": { "texture": "#prince-waistband", "uv": [ 0.0, 0.0, 0.5, 1.5 ], "enabled": false },
						"west": { "texture": "#prince-waistband", "uv": [ 7.5, 2.0, 8.0, 3.5 ] },
						"up": { "texture": "#prince-waistband", "uv": [ 7.0, 2.0, 7.5, 2.5 ] },
						"down": { "texture": "#prince-waistband", "uv": [ 6.0, 1.5, 6.5, 2.0 ] }
					}
				},
				{
					"name": "Cube18",
					"from": [ -0.3, -0.1, 0.1 ], 
					"to": [ 0.2, 1.7, 1.1 ], 
					"rotationOrigin": [ -0.1, -0.1, 0.1 ],
					"rotationY": 45.0,
					"faces": {
						"north": { "texture": "#prince-waistband", "uv": [ 7.0, 2.0, 7.5, 3.5 ] },
						"east": { "texture": "#prince-waistband", "uv": [ 6.5, 2.0, 7.5, 3.5 ] },
						"south": { "texture": "#prince-waistband", "uv": [ 0.0, 0.0, 0.5, 1.5 ], "enabled": false },
						"west": { "texture": "#prince-waistband", "uv": [ 6.5, 1.5, 7.5, 3.0 ] },
						"up": { "texture": "#prince-waistband", "uv": [ 7.0, 2.0, 7.5, 3.0 ] },
						"down": { "texture": "#prince-waistband", "uv": [ 6.0, 1.5, 6.5, 2.5 ] }
					}
				},
				{
					"name": "Cube19",
					"from": [ -0.2, -0.1, 1.0 ], 
					"to": [ 0.3, 1.7, 1.5 ], 
					"rotationOrigin": [ -0.2, -0.1, 1.0 ],
					"faces": {
						"north": { "texture": "#prince-waistband", "uv": [ 6.5, 2.0, 7.0, 3.5 ] },
						"east": { "texture": "#prince-waistband", "uv": [ 0.0, 0.0, 0.5, 1.5 ], "enabled": false },
						"south": { "texture": "#prince-waistband", "uv": [ 7.5, 2.0, 8.0, 3.5 ] },
						"west": { "texture": "#prince-waistband", "uv": [ 6.5, 1.5, 7.0, 3.0 ] },
						"up": { "texture": "#prince-waistband", "uv": [ 6.5, 1.5, 7.0, 2.0 ] },
						"down": { "texture": "#prince-waistband", "uv": [ 6.5, 2.0, 7.0, 2.5 ] }
					}
				},
				{
					"name": "Cube20",
					"from": [ -0.2, -0.1, 5.2 ], 
					"to": [ 0.3, 1.7, 5.7 ], 
					"rotationOrigin": [ -0.2, -0.1, 5.2 ],
					"faces": {
						"north": { "texture": "#prince-waistband", "uv": [ 6.5, 2.0, 7.0, 3.5 ] },
						"east": { "texture": "#prince-waistband", "uv": [ 0.0, 0.0, 0.5, 1.5 ], "enabled": false },
						"south": { "texture": "#prince-waistband", "uv": [ 7.5, 2.0, 8.0, 3.5 ] },
						"west": { "texture": "#prince-waistband", "uv": [ 6.5, 1.5, 7.0, 3.0 ] },
						"up": { "texture": "#prince-waistband", "uv": [ 6.5, 1.5, 7.0, 2.0 ] },
						"down": { "texture": "#prince-waistband", "uv": [ 6.5, 2.0, 7.0, 2.5 ] }
					}
				},
				{
					"name": "Cube21",
					"from": [ 4.0, -0.1, 6.6 ], 
					"to": [ 4.5, 1.7, 7.1 ], 
					"rotationOrigin": [ 4.0, -0.1, 6.6 ],
					"faces": {
						"north": { "texture": "#prince-waistband", "uv": [ 0.0, 0.0, 0.5, 1.5 ], "enabled": false },
						"east": { "texture": "#prince-waistband", "uv": [ 6.5, 1.5, 7.0, 3.0 ] },
						"south": { "texture": "#prince-waistband", "uv": [ 7.0, 1.5, 7.5, 3.0 ] },
						"west": { "texture": "#prince-waistband", "uv": [ 6.5, 1.5, 7.0, 3.0 ] },
						"up": { "texture": "#prince-waistband", "uv": [ 6.5, 2.0, 7.0, 2.5 ] },
						"down": { "texture": "#prince-waistband", "uv": [ 7.0, 2.5, 7.5, 3.0 ] }
					}
				},
				{
					"name": "Cube22",
					"from": [ 3.0, -0.1, 6.6 ], 
					"to": [ 3.5, 1.7, 7.1 ], 
					"rotationOrigin": [ 3.0, -0.1, 6.6 ],
					"faces": {
						"north": { "texture": "#prince-waistband", "uv": [ 0.0, 0.0, 0.5, 1.5 ], "enabled": false },
						"east": { "texture": "#prince-waistband", "uv": [ 7.0, 2.0, 7.5, 3.5 ] },
						"south": { "texture": "#prince-waistband", "uv": [ 6.5, 1.5, 7.0, 3.0 ] },
						"west": { "texture": "#prince-waistband", "uv": [ 6.5, 1.5, 7.0, 3.0 ] },
						"up": { "texture": "#prince-waistband", "uv": [ 6.5, 2.0, 7.0, 2.5 ] },
						"down": { "texture": "#prince-waistband", "uv": [ 7.0, 2.5, 7.5, 3.0 ] }
					}
				},
				{
					"name": "Cube23",
					"from": [ 2.0, -0.1, 6.6 ], 
					"to": [ 2.5, 1.7, 7.1 ], 
					"rotationOrigin": [ 2.0, -0.1, 6.6 ],
					"faces": {
						"north": { "texture": "#prince-waistband", "uv": [ 0.0, 0.0, 0.5, 1.5 ], "enabled": false },
						"east": { "texture": "#prince-waistband", "uv": [ 7.0, 2.0, 7.5, 3.5 ] },
						"south": { "texture": "#prince-waistband", "uv": [ 7.0, 2.0, 7.5, 3.5 ] },
						"west": { "texture": "#prince-waistband", "uv": [ 7.0, 1.5, 7.5, 3.0 ] },
						"up": { "texture": "#prince-waistband", "uv": [ 6.5, 2.0, 7.0, 2.5 ] },
						"down": { "texture": "#prince-waistband", "uv": [ 7.0, 2.5, 7.5, 3.0 ] }
					}
				},
				{
					"name": "Cube24",
					"from": [ 1.0, -0.1, 6.6 ], 
					"to": [ 1.5, 1.7, 7.1 ], 
					"rotationOrigin": [ 1.0, -0.1, 6.6 ],
					"faces": {
						"north": { "texture": "#prince-waistband", "uv": [ 0.0, 0.0, 0.5, 1.5 ], "enabled": false },
						"east": { "texture": "#prince-waistband", "uv": [ 7.0, 2.0, 7.5, 3.5 ] },
						"south": { "texture": "#prince-waistband", "uv": [ 6.5, 1.5, 7.0, 3.0 ] },
						"west": { "texture": "#prince-waistband", "uv": [ 7.0, 1.5, 7.5, 3.0 ] },
						"up": { "texture": "#prince-waistband", "uv": [ 6.5, 2.0, 7.0, 2.5 ] },
						"down": { "texture": "#prince-waistband", "uv": [ 7.0, 2.5, 7.5, 3.0 ] }
					}
				},
				{
					"name": "Cube25",
					"from": [ 0.0, -0.1, 6.0 ], 
					"to": [ 0.5, 1.7, 7.0 ], 
					"rotationOrigin": [ 0.2, -0.1, 6.6 ],
					"rotationY": -45.0,
					"faces": {
						"north": { "texture": "#prince-waistband", "uv": [ 0.0, 0.0, 0.5, 1.5 ], "enabled": false },
						"east": { "texture": "#prince-waistband", "uv": [ 7.0, 2.0, 8.0, 3.5 ] },
						"south": { "texture": "#prince-waistband", "uv": [ 6.5, 1.5, 7.0, 3.0 ] },
						"west": { "texture": "#prince-waistband", "uv": [ 7.0, 1.5, 8.0, 3.0 ] },
						"up": { "texture": "#prince-waistband", "uv": [ 6.5, 2.0, 7.0, 3.0 ] },
						"down": { "texture": "#prince-waistband", "uv": [ 7.0, 2.5, 7.5, 3.5 ] }
					}
				}
			]
		}
	]}