{
	"editor": {
		"backDropShape": "entity/humanoid/seraph",
		"allAngles": false,
		"entityTextureMode": false
	},
	"textureWidth": 8,
	"textureHeight": 8,
	"textureSizes": {
		"scribe-belt": [8,8]
	},
	"textures": {
		"scribe-belt": "entity/humanoid/seraphclothes/waist/scribe"
	},
	"elements": [
		{
			"name": "Waist",
			"stepParentName": "LowerTorso",
			"from": [ -0.2, 0.0, -0.4 ], 
			"to": [ 5.2, 1.0, 6.4 ], 
			"rotationOrigin": [ 2.8, 0.0, 3.0 ],
			"faces": {
				"north": { "texture": "#scribe-belt", "uv": [ 0.0, 0.0, 5.0, 1.0 ] },
				"east": { "texture": "#scribe-belt", "uv": [ 1.5, 0.0, 8.0, 1.0 ] },
				"south": { "texture": "#scribe-belt", "uv": [ 0.0, 0.0, 5.0, 1.0 ] },
				"west": { "texture": "#scribe-belt", "uv": [ 1.5, 0.0, 8.0, 1.0 ] },
				"up": { "texture": "#scribe-belt", "uv": [ 0.0, 1.5, 5.0, 8.0 ] },
				"down": { "texture": "#scribe-belt", "uv": [ 0.0, 1.5, 5.0, 8.0 ] }
			},
			"children": [
				{
					"name": "buckle-down",
					"from": [ -0.3, -0.1, 3.5 ], 
					"to": [ 0.0, 0.2, 4.6 ], 
					"rotationOrigin": [ -0.3, -0.1, 3.5 ],
					"faces": {
						"north": { "texture": "#scribe-belt", "uv": [ 0.0, 0.0, 0.5, 0.5 ], "enabled": false },
						"east": { "texture": "#scribe-belt", "uv": [ 6.0, 2.5, 7.0, 3.0 ], "enabled": false },
						"south": { "texture": "#scribe-belt", "uv": [ 7.0, 2.0, 7.5, 2.5 ] },
						"west": { "texture": "#scribe-belt", "uv": [ 6.0, 2.5, 7.0, 3.0 ] },
						"up": { "texture": "#scribe-belt", "uv": [ 7.0, 1.5, 7.5, 2.5 ] },
						"down": { "texture": "#scribe-belt", "uv": [ 7.0, 1.5, 7.5, 2.5 ] }
					},
					"children": [
						{
							"name": "buckle-left",
							"from": [ 0.0, 0.0, -0.3 ], 
							"to": [ 0.3, 1.2, 0.0 ], 
							"rotationOrigin": [ 0.0, 0.0, -0.3 ],
							"faces": {
								"north": { "texture": "#scribe-belt", "uv": [ 6.5, 1.5, 7.0, 2.5 ] },
								"east": { "texture": "#scribe-belt", "uv": [ 0.0, 0.0, 0.5, 1.0 ], "enabled": false },
								"south": { "texture": "#scribe-belt", "uv": [ 6.5, 2.0, 7.0, 3.0 ] },
								"west": { "texture": "#scribe-belt", "uv": [ 6.5, 2.0, 7.0, 3.0 ] },
								"up": { "texture": "#scribe-belt", "uv": [ 0.0, 0.0, 0.5, 0.5 ], "enabled": false },
								"down": { "texture": "#scribe-belt", "uv": [ 6.5, 2.0, 7.0, 2.5 ] }
							}
						},
						{
							"name": "buckle-right",
							"from": [ 0.0, 0.3, 0.8 ], 
							"to": [ 0.3, 1.5, 1.1 ], 
							"rotationOrigin": [ 0.0, 0.3, 0.8 ],
							"faces": {
								"north": { "texture": "#scribe-belt", "uv": [ 6.5, 1.5, 7.0, 2.5 ] },
								"east": { "texture": "#scribe-belt", "uv": [ 0.0, 0.0, 0.5, 1.0 ], "enabled": false },
								"south": { "texture": "#scribe-belt", "uv": [ 6.5, 1.5, 7.0, 2.5 ] },
								"west": { "texture": "#scribe-belt", "uv": [ 6.5, 1.5, 7.0, 2.5 ] },
								"up": { "texture": "#scribe-belt", "uv": [ 7.5, 3.0, 8.0, 3.5 ] },
								"down": { "texture": "#scribe-belt", "uv": [ 0.0, 0.0, 0.5, 0.5 ], "enabled": false }
							}
						},
						{
							"name": "buckle-up",
							"from": [ 0.0, 1.2, -0.3 ], 
							"to": [ 0.3, 1.5, 0.8 ], 
							"rotationOrigin": [ 0.0, 1.2, 0.2 ],
							"faces": {
								"north": { "texture": "#scribe-belt", "uv": [ 7.5, 2.0, 8.0, 2.5 ] },
								"east": { "texture": "#scribe-belt", "uv": [ 3.0, 0.5, 4.0, 1.0 ], "enabled": false },
								"south": { "texture": "#scribe-belt", "uv": [ 0.0, 0.0, 0.5, 0.5 ], "enabled": false },
								"west": { "texture": "#scribe-belt", "uv": [ 6.0, 2.5, 7.0, 3.0 ] },
								"up": { "texture": "#scribe-belt", "uv": [ 6.5, 2.0, 7.0, 3.0 ] },
								"down": { "texture": "#scribe-belt", "uv": [ 7.5, 1.5, 8.0, 2.5 ] }
							}
						},
						{
							"name": "belt-pin",
							"from": [ 0.2, 0.6, 0.3 ], 
							"to": [ 0.7, 0.9, 1.4 ], 
							"rotationOrigin": [ 0.2, 0.6, 0.5 ],
							"faces": {
								"north": { "texture": "#scribe-belt", "uv": [ 7.0, 2.5, 7.5, 3.0 ] },
								"east": { "texture": "#scribe-belt", "uv": [ 0.0, 0.0, 1.0, 0.5 ], "enabled": false },
								"south": { "texture": "#scribe-belt", "uv": [ 7.0, 1.5, 7.5, 2.0 ] },
								"west": { "texture": "#scribe-belt", "uv": [ 6.5, 3.0, 7.5, 3.5 ] },
								"up": { "texture": "#scribe-belt", "uv": [ 6.5, 2.0, 7.0, 3.0 ] },
								"down": { "texture": "#scribe-belt", "uv": [ 6.5, 1.5, 7.0, 2.5 ] }
							}
						}
					]
				},
				{
					"name": "belt-down",
					"from": [ -0.1, -1.7, 1.0 ], 
					"to": [ 0.4, 0.3, 2.0 ], 
					"rotationOrigin": [ -0.1, 0.3, 1.5 ],
					"rotationX": 4.0,
					"rotationZ": -8.0,
					"faces": {
						"north": { "texture": "#scribe-belt", "uv": [ 4.0, 3.5, 4.5, 5.5 ] },
						"east": { "texture": "#scribe-belt", "uv": [ 5.0, 0.5, 7.0, 1.5 ], "rotation": 90, "enabled": false },
						"south": { "texture": "#scribe-belt", "uv": [ 0.0, 4.0, 0.5, 6.0 ] },
						"west": { "texture": "#scribe-belt", "uv": [ 2.5, 0.0, 4.5, 1.0 ], "rotation": 90 },
						"up": { "texture": "#scribe-belt", "uv": [ 0.0, 0.0, 0.5, 1.0 ], "enabled": false },
						"down": { "texture": "#scribe-belt", "uv": [ 0.0, 0.0, 0.5, 1.0 ], "windMode": [-1,-1,-1,-1] }
					}
				},
				{
					"name": "book",
					"from": [ -0.4, -2.6, 5.0 ], 
					"to": [ 0.1, -0.6, 8.0 ], 
					"rotationOrigin": [ -0.15, -0.6, 6.5 ],
					"rotationX": -10.0,
					"rotationY": 22.5,
					"faces": {
						"north": { "texture": "#scribe-belt", "uv": [ 5.0, 1.0, 7.0, 1.5 ], "rotation": 90 },
						"east": { "texture": "#scribe-belt", "uv": [ 5.0, 6.0, 8.0, 8.0 ], "enabled": false },
						"south": { "texture": "#scribe-belt", "uv": [ 5.0, 1.0, 7.0, 1.5 ], "rotation": 90 },
						"west": { "texture": "#scribe-belt", "uv": [ 5.0, 3.5, 8.0, 5.5 ], "enabled": false },
						"up": { "texture": "#scribe-belt", "uv": [ 0.0, 4.0, 0.5, 7.0 ], "enabled": false },
						"down": { "texture": "#scribe-belt", "uv": [ 5.0, 1.0, 8.0, 1.5 ], "rotation": 90 }
					},
					"children": [
						{
							"name": "cover-back",
							"from": [ 0.5, -0.1, -0.1 ], 
							"to": [ 0.7, 2.1, 3.1 ], 
							"rotationOrigin": [ 0.5, 0.0, 0.0 ],
							"faces": {
								"north": { "texture": "#scribe-belt", "uv": [ 1.0, 1.0, 3.0, 1.5 ], "rotation": 90 },
								"east": { "texture": "#scribe-belt", "uv": [ 5.0, 6.0, 8.0, 8.0 ] },
								"south": { "texture": "#scribe-belt", "uv": [ 0.0, 1.0, 2.0, 1.5 ], "rotation": 90 },
								"west": { "texture": "#scribe-belt", "uv": [ 5.0, 6.0, 8.0, 8.0 ] },
								"up": { "texture": "#scribe-belt", "uv": [ 5.0, 5.5, 8.0, 6.0 ], "rotation": 90 },
								"down": { "texture": "#scribe-belt", "uv": [ 1.0, 1.0, 4.0, 1.5 ], "rotation": 90 }
							}
						},
						{
							"name": "cover-front",
							"from": [ -0.2, -0.1, -0.1 ], 
							"to": [ 0.0, 2.1, 3.1 ], 
							"rotationOrigin": [ -0.2, 0.0, 0.0 ],
							"faces": {
								"north": { "texture": "#scribe-belt", "uv": [ 1.0, 1.0, 3.0, 1.5 ], "rotation": 90 },
								"east": { "texture": "#scribe-belt", "uv": [ 5.0, 6.0, 8.0, 8.0 ] },
								"south": { "texture": "#scribe-belt", "uv": [ 0.0, 1.0, 2.0, 1.5 ], "rotation": 90 },
								"west": { "texture": "#scribe-belt", "uv": [ 5.0, 3.5, 8.0, 5.5 ] },
								"up": { "texture": "#scribe-belt", "uv": [ 5.0, 5.5, 8.0, 6.0 ], "rotation": 90 },
								"down": { "texture": "#scribe-belt", "uv": [ 1.0, 1.0, 4.0, 1.5 ], "rotation": 90 }
							}
						},
						{
							"name": "cover-edge",
							"from": [ 0.0, 2.0, -0.1 ], 
							"to": [ 0.5, 2.2, 3.1 ], 
							"rotationOrigin": [ 0.0, 2.0, 0.0 ],
							"faces": {
								"north": { "texture": "#scribe-belt", "uv": [ 7.5, 5.5, 8.0, 6.0 ] },
								"east": { "texture": "#scribe-belt", "uv": [ 5.0, 5.5, 8.0, 6.0 ] },
								"south": { "texture": "#scribe-belt", "uv": [ 6.0, 5.5, 6.5, 6.0 ] },
								"west": { "texture": "#scribe-belt", "uv": [ 5.0, 5.5, 8.0, 6.0 ] },
								"up": { "texture": "#scribe-belt", "uv": [ 5.0, 5.5, 8.0, 6.0 ], "rotation": 90 },
								"down": { "texture": "#scribe-belt", "uv": [ 2.0, 1.0, 5.0, 1.5 ], "rotation": 90 }
							}
						},
						{
							"name": "strapN1",
							"from": [ -0.5, -0.3, 0.5 ], 
							"to": [ -0.2, 2.4, 1.0 ], 
							"rotationOrigin": [ -0.5, -0.3, 0.5 ],
							"faces": {
								"north": { "texture": "#scribe-belt", "uv": [ 5.0, 0.0, 7.5, 0.5 ], "rotation": 90 },
								"east": { "texture": "#scribe-belt", "uv": [ 0.0, 0.0, 0.5, 2.5 ], "enabled": false },
								"south": { "texture": "#scribe-belt", "uv": [ 1.5, 1.0, 4.0, 1.5 ], "rotation": 90 },
								"west": { "texture": "#scribe-belt", "uv": [ 2.5, 0.0, 5.0, 0.5 ], "rotation": 90 },
								"up": { "texture": "#scribe-belt", "uv": [ 2.0, 0.0, 2.5, 0.5 ] },
								"down": { "texture": "#scribe-belt", "uv": [ 3.0, 0.0, 3.5, 0.5 ] }
							},
							"children": [
								{
									"name": "strapN2",
									"from": [ 1.2, 0.0, 0.0 ], 
									"to": [ 1.5, 4.0, 0.5 ], 
									"rotationOrigin": [ 1.2, 0.0, 0.0 ],
									"faces": {
										"north": { "texture": "#scribe-belt", "uv": [ 3.0, 0.0, 7.0, 0.5 ], "rotation": 90 },
										"east": { "texture": "#scribe-belt", "uv": [ 1.0, 0.0, 5.0, 0.5 ], "rotation": 90 },
										"south": { "texture": "#scribe-belt", "uv": [ 0.0, 0.0, 4.0, 0.5 ], "rotation": 90 },
										"west": { "texture": "#scribe-belt", "uv": [ 3.0, 0.0, 7.0, 0.5 ], "rotation": 90 },
										"up": { "texture": "#scribe-belt", "uv": [ 4.0, 0.0, 4.5, 0.5 ] },
										"down": { "texture": "#scribe-belt", "uv": [ 3.5, 0.0, 4.0, 0.5 ] }
									}
								},
								{
									"name": "strapN3",
									"from": [ 0.3, 0.0, 0.0 ], 
									"to": [ 1.2, 0.2, 0.5 ], 
									"rotationOrigin": [ 0.3, 0.0, 0.0 ],
									"faces": {
										"north": { "texture": "#scribe-belt", "uv": [ 0.0, 0.0, 0.5, 0.5 ] },
										"east": { "texture": "#scribe-belt", "uv": [ 0.0, 0.0, 0.5, 0.5 ], "enabled": false },
										"south": { "texture": "#scribe-belt", "uv": [ 0.0, 0.0, 0.5, 0.5 ] },
										"west": { "texture": "#scribe-belt", "uv": [ 0.0, 0.0, 0.5, 0.5 ], "enabled": false },
										"up": { "texture": "#scribe-belt", "uv": [ 0.0, 0.0, 0.5, 0.5 ], "enabled": false },
										"down": { "texture": "#scribe-belt", "uv": [ 0.0, 0.0, 0.5, 0.5 ] }
									}
								},
								{
									"name": "strapN4",
									"from": [ 0.3, 2.5, 0.0 ], 
									"to": [ 1.2, 2.7, 0.5 ], 
									"rotationOrigin": [ 0.3, 2.5, 0.0 ],
									"faces": {
										"north": { "texture": "#scribe-belt", "uv": [ 4.0, 0.5, 4.5, 1.0 ] },
										"east": { "texture": "#scribe-belt", "uv": [ 0.0, 0.0, 0.5, 0.5 ], "enabled": false },
										"south": { "texture": "#scribe-belt", "uv": [ 6.0, 0.5, 6.5, 1.0 ] },
										"west": { "texture": "#scribe-belt", "uv": [ 0.0, 0.0, 0.5, 0.5 ], "enabled": false },
										"up": { "texture": "#scribe-belt", "uv": [ 2.5, 0.5, 3.0, 1.0 ] },
										"down": { "texture": "#scribe-belt", "uv": [ 0.0, 0.0, 0.5, 0.5 ], "enabled": false }
									}
								}
							]
						},
						{
							"name": "strapS1",
							"from": [ -0.5, -0.3, 1.8 ], 
							"to": [ -0.2, 2.4, 2.3 ], 
							"rotationOrigin": [ -0.5, -0.3, 1.8 ],
							"faces": {
								"north": { "texture": "#scribe-belt", "uv": [ 2.0, 0.0, 4.5, 0.5 ], "rotation": 90 },
								"east": { "texture": "#scribe-belt", "uv": [ 4.0, 0.0, 6.5, 0.5 ], "rotation": 90, "enabled": false },
								"south": { "texture": "#scribe-belt", "uv": [ 3.0, 0.0, 5.5, 0.5 ], "rotation": 90 },
								"west": { "texture": "#scribe-belt", "uv": [ 3.0, 0.0, 5.5, 0.5 ], "rotation": 90 },
								"up": { "texture": "#scribe-belt", "uv": [ 2.0, 0.0, 2.5, 0.5 ] },
								"down": { "texture": "#scribe-belt", "uv": [ 2.0, 0.0, 2.5, 0.5 ] }
							},
							"children": [
								{
									"name": "strapS2",
									"from": [ 1.2, 0.0, 0.0 ], 
									"to": [ 1.5, 4.0, 0.5 ], 
									"rotationOrigin": [ 1.2, 0.0, 0.0 ],
									"faces": {
										"north": { "texture": "#scribe-belt", "uv": [ 3.0, 0.0, 7.0, 0.5 ], "rotation": 90 },
										"east": { "texture": "#scribe-belt", "uv": [ 1.0, 0.0, 5.0, 0.5 ], "rotation": 90 },
										"south": { "texture": "#scribe-belt", "uv": [ 0.0, 0.0, 4.0, 0.5 ], "rotation": 90 },
										"west": { "texture": "#scribe-belt", "uv": [ 3.0, 0.0, 7.0, 0.5 ], "rotation": 90 },
										"up": { "texture": "#scribe-belt", "uv": [ 4.0, 0.0, 4.5, 0.5 ] },
										"down": { "texture": "#scribe-belt", "uv": [ 3.5, 0.0, 4.0, 0.5 ] }
									}
								},
								{
									"name": "strapS3",
									"from": [ 0.3, 0.0, 0.0 ], 
									"to": [ 1.2, 0.2, 0.5 ], 
									"rotationOrigin": [ 0.3, 0.0, 0.0 ],
									"faces": {
										"north": { "texture": "#scribe-belt", "uv": [ 0.0, 0.0, 0.5, 0.5 ] },
										"east": { "texture": "#scribe-belt", "uv": [ 0.0, 0.0, 0.5, 0.5 ], "enabled": false },
										"south": { "texture": "#scribe-belt", "uv": [ 0.0, 0.0, 0.5, 0.5 ] },
										"west": { "texture": "#scribe-belt", "uv": [ 0.0, 0.0, 0.5, 0.5 ], "enabled": false },
										"up": { "texture": "#scribe-belt", "uv": [ 0.0, 0.0, 0.5, 0.5 ], "enabled": false },
										"down": { "texture": "#scribe-belt", "uv": [ 0.0, 0.0, 0.5, 0.5 ] }
									}
								},
								{
									"name": "strapS4",
									"from": [ 0.3, 2.5, 0.0 ], 
									"to": [ 1.2, 2.7, 0.5 ], 
									"rotationOrigin": [ 0.3, 2.5, 0.0 ],
									"faces": {
										"north": { "texture": "#scribe-belt", "uv": [ 4.0, 0.5, 4.5, 1.0 ] },
										"east": { "texture": "#scribe-belt", "uv": [ 0.0, 0.0, 0.5, 0.5 ], "enabled": false },
										"south": { "texture": "#scribe-belt", "uv": [ 4.0, 0.5, 4.5, 1.0 ] },
										"west": { "texture": "#scribe-belt", "uv": [ 0.0, 0.0, 0.5, 0.5 ], "enabled": false },
										"up": { "texture": "#scribe-belt", "uv": [ 5.0, 0.0, 5.5, 0.5 ] },
										"down": { "texture": "#scribe-belt", "uv": [ 0.0, 0.0, 0.5, 0.5 ], "enabled": false }
									}
								}
							]
						}
					]
				},
				{
					"name": "vial-holder",
					"from": [ -0.5, -1.0, -0.5 ], 
					"to": [ 0.5, 1.5, 0.5 ], 
					"rotationOrigin": [ 0.0, 0.5, 0.0 ],
					"rotationY": -22.5,
					"faces": {
						"north": { "texture": "#scribe-belt", "uv": [ 1.0, 0.0, 2.0, 2.5 ] },
						"east": { "texture": "#scribe-belt", "uv": [ 3.0, 0.0, 4.0, 2.5 ] },
						"south": { "texture": "#scribe-belt", "uv": [ 0.0, 0.0, 1.0, 2.5 ] },
						"west": { "texture": "#scribe-belt", "uv": [ 2.0, 0.0, 3.0, 2.5 ] },
						"up": { "texture": "#scribe-belt", "uv": [ 1.0, 0.0, 2.0, 1.0 ], "enabled": false },
						"down": { "texture": "#scribe-belt", "uv": [ 0.0, 0.0, 1.0, 1.0 ] }
					},
					"children": [
						{
							"name": "cap",
							"from": [ -0.1, 2.5, -0.1 ], 
							"to": [ 1.1, 3.0, 1.1 ], 
							"rotationOrigin": [ 0.6, 2.5, 0.6 ],
							"faces": {
								"north": { "texture": "#scribe-belt", "uv": [ 6.5, 2.5, 7.5, 3.0 ] },
								"east": { "texture": "#scribe-belt", "uv": [ 7.0, 2.5, 8.0, 3.0 ] },
								"south": { "texture": "#scribe-belt", "uv": [ 6.0, 2.0, 7.0, 2.5 ] },
								"west": { "texture": "#scribe-belt", "uv": [ 6.5, 2.5, 7.5, 3.0 ] },
								"up": { "texture": "#scribe-belt", "uv": [ 7.0, 2.0, 8.0, 3.0 ] },
								"down": { "texture": "#scribe-belt", "uv": [ 6.0, 2.0, 7.0, 3.0 ] }
							}
						}
					]
				},
				{
					"name": "pouch",
					"from": [ 2.0, -0.5, 6.7 ], 
					"to": [ 4.0, 1.5, 7.7 ], 
					"rotationOrigin": [ 3.0, 0.5, 6.7 ],
					"rotationX": 5.0,
					"faces": {
						"north": { "texture": "#scribe-belt", "uv": [ 0.0, 0.0, 2.0, 2.0 ] },
						"east": { "texture": "#scribe-belt", "uv": [ 0.0, 0.0, 1.0, 2.0 ] },
						"south": { "texture": "#scribe-belt", "uv": [ 0.0, 0.0, 2.0, 2.0 ] },
						"west": { "texture": "#scribe-belt", "uv": [ 0.0, 0.0, 1.0, 2.0 ] },
						"up": { "texture": "#scribe-belt", "uv": [ 0.0, 0.0, 2.0, 1.0 ] },
						"down": { "texture": "#scribe-belt", "uv": [ 0.0, 0.0, 2.0, 1.0 ] }
					},
					"children": [
						{
							"name": "flap",
							"from": [ 0.0, 1.0, 1.0 ], 
							"to": [ 2.0, 2.0, 1.2 ], 
							"rotationOrigin": [ 1.0, 1.0, 1.0 ],
							"faces": {
								"north": { "texture": "#scribe-belt", "uv": [ 0.0, 0.0, 2.0, 1.0 ], "enabled": false },
								"east": { "texture": "#scribe-belt", "uv": [ 4.5, 0.5, 5.5, 1.0 ], "rotation": 90 },
								"south": { "texture": "#scribe-belt", "uv": [ 5.5, 6.5, 7.5, 7.5 ] },
								"west": { "texture": "#scribe-belt", "uv": [ 0.0, 0.0, 0.5, 1.0 ] },
								"up": { "texture": "#scribe-belt", "uv": [ 2.5, 0.5, 4.5, 1.0 ] },
								"down": { "texture": "#scribe-belt", "uv": [ 5.5, 0.5, 7.5, 1.0 ] }
							},
							"children": [
								{
									"name": "clasp",
									"from": [ 0.9, -0.1, -0.2 ], 
									"to": [ 1.3, 0.3, 0.4 ], 
									"rotationOrigin": [ 1.1, 0.1, -0.2 ],
									"rotationZ": -45.0,
									"faces": {
										"north": { "texture": "#scribe-belt", "uv": [ 0.0, 0.0, 0.5, 0.5 ], "enabled": false },
										"east": { "texture": "#scribe-belt", "uv": [ 6.0, 2.0, 6.5, 2.5 ] },
										"south": { "texture": "#scribe-belt", "uv": [ 6.0, 3.0, 6.5, 3.5 ] },
										"west": { "texture": "#scribe-belt", "uv": [ 7.0, 3.0, 7.5, 3.5 ] },
										"up": { "texture": "#scribe-belt", "uv": [ 6.0, 2.0, 6.5, 2.5 ] },
										"down": { "texture": "#scribe-belt", "uv": [ 7.5, 2.5, 8.0, 3.0 ] }
									}
								}
							]
						}
					]
				}
			]
		}
	]}