{
	"editor": {
		"allAngles": false,
		"entityTextureMode": false
	},
	"textureWidth": 8,
	"textureHeight": 8,
	"textureSizes": {
		"cerise-embroidered-reindeer-herder-waistband": [8,8]
	},
	"textures": {
		"tailor-belt": "entity/humanoid/seraphclothes/waist/tailor-belt",
		"cerise-embroidered-reindeer-herder-waistband": "entity/humanoid/seraphclothes/waist/cerise-embroidered-reindeer-herder-waistband"
	},
	"elements": [
		{
			"name": "hideme",
			"stepParentName": "LowerTorso",
			"from": [ 1.0, 0.0, 3.0 ], 
			"to": [ 1.0, 0.0, 3.0 ], 
			"rotationOrigin": [ 1.0, 0.0, 3.0 ],
			"faces": {
				"north": { "texture": "#cerise-embroidered-reindeer-herder-waistband", "uv": [ 0.0, 0.0, 0.5, 0.5 ] },
				"east": { "texture": "#cerise-embroidered-reindeer-herder-waistband", "uv": [ 0.0, 0.0, 0.5, 0.5 ] },
				"south": { "texture": "#cerise-embroidered-reindeer-herder-waistband", "uv": [ 0.0, 0.0, 0.5, 0.5 ] },
				"west": { "texture": "#cerise-embroidered-reindeer-herder-waistband", "uv": [ 0.0, 0.0, 0.5, 0.5 ] },
				"up": { "texture": "#cerise-embroidered-reindeer-herder-waistband", "uv": [ 0.0, 0.0, 0.5, 0.5 ] },
				"down": { "texture": "#cerise-embroidered-reindeer-herder-waistband", "uv": [ 0.0, 0.0, 0.5, 0.5 ] }
			},
			"children": [
				{
					"name": "Waist",
					"from": [ -1.2, 0.0, -3.3 ], 
					"to": [ 4.2, 0.5, 3.3 ], 
					"rotationOrigin": [ 1.8, 0.0, 0.0 ],
					"faces": {
						"north": { "texture": "#tailor-belt", "uv": [ 1.5, 3.5, 6.5, 4.0 ] },
						"east": { "texture": "#tailor-belt", "uv": [ 0.5, 2.0, 7.0, 2.5 ] },
						"south": { "texture": "#tailor-belt", "uv": [ 1.5, 3.5, 6.5, 4.0 ] },
						"west": { "texture": "#tailor-belt", "uv": [ 0.5, 0.5, 7.0, 1.0 ] },
						"up": { "texture": "#tailor-belt", "uv": [ 0.0, 0.0, 5.0, 6.5 ], "enabled": false },
						"down": { "texture": "#tailor-belt", "uv": [ 0.0, 0.0, 5.0, 6.5 ], "enabled": false }
					},
					"children": [
						{
							"name": "W-Top",
							"from": [ -0.2, 0.5, -0.2 ], 
							"to": [ 0.8, 1.0, 6.8 ], 
							"rotationOrigin": [ -0.2, 0.5, -0.2 ],
							"faces": {
								"north": { "texture": "#tailor-belt", "uv": [ 6.0, 2.5, 7.0, 3.0 ] },
								"east": { "texture": "#tailor-belt", "uv": [ 0.5, 0.0, 7.5, 0.5 ], "enabled": false },
								"south": { "texture": "#tailor-belt", "uv": [ 6.5, 0.0, 7.5, 0.5 ] },
								"west": { "texture": "#tailor-belt", "uv": [ 0.5, 0.0, 7.5, 0.5 ] },
								"up": { "texture": "#tailor-belt", "uv": [ 0.0, 1.0, 7.0, 2.0 ], "rotation": 90 },
								"down": { "texture": "#tailor-belt", "uv": [ 1.0, 1.0, 8.0, 2.0 ], "rotation": 90 }
							}
						},
						{
							"name": "W-Down",
							"from": [ -0.2, -0.5, -0.2 ], 
							"to": [ 0.8, 0.0, 6.8 ], 
							"rotationOrigin": [ -0.2, -0.5, 3.3 ],
							"faces": {
								"north": { "texture": "#tailor-belt", "uv": [ 6.0, 2.5, 7.0, 3.0 ] },
								"east": { "texture": "#tailor-belt", "uv": [ 0.5, 0.0, 7.5, 0.5 ], "enabled": false },
								"south": { "texture": "#tailor-belt", "uv": [ 6.5, 0.0, 7.5, 0.5 ] },
								"west": { "texture": "#tailor-belt", "uv": [ 0.5, 0.0, 7.5, 0.5 ] },
								"up": { "texture": "#tailor-belt", "uv": [ 0.0, 1.0, 7.0, 2.0 ], "rotation": 90 },
								"down": { "texture": "#tailor-belt", "uv": [ 1.0, 1.0, 8.0, 2.0 ], "rotation": 90 }
							}
						},
						{
							"name": "E-Down",
							"from": [ 4.6, -0.5, -0.2 ], 
							"to": [ 5.6, 0.0, 6.8 ], 
							"rotationOrigin": [ 4.6, -0.5, 3.3 ],
							"faces": {
								"north": { "texture": "#tailor-belt", "uv": [ 6.0, 2.5, 7.0, 3.0 ] },
								"east": { "texture": "#tailor-belt", "uv": [ 0.5, 0.0, 7.5, 0.5 ] },
								"south": { "texture": "#tailor-belt", "uv": [ 6.5, 0.0, 7.5, 0.5 ] },
								"west": { "texture": "#tailor-belt", "uv": [ 0.5, 0.0, 7.5, 0.5 ], "enabled": false },
								"up": { "texture": "#tailor-belt", "uv": [ 0.0, 1.0, 7.0, 2.0 ], "rotation": 90 },
								"down": { "texture": "#tailor-belt", "uv": [ 1.0, 1.0, 8.0, 2.0 ], "rotation": 90 }
							}
						},
						{
							"name": "E-Top",
							"from": [ 4.6, 0.5, -0.2 ], 
							"to": [ 5.6, 1.0, 6.8 ], 
							"rotationOrigin": [ 4.6, 0.5, 3.3 ],
							"faces": {
								"north": { "texture": "#tailor-belt", "uv": [ 6.0, 2.5, 7.0, 3.0 ] },
								"east": { "texture": "#tailor-belt", "uv": [ 0.5, 0.0, 7.5, 0.5 ] },
								"south": { "texture": "#tailor-belt", "uv": [ 6.5, 0.0, 7.5, 0.5 ] },
								"west": { "texture": "#tailor-belt", "uv": [ 0.5, 0.0, 7.5, 0.5 ], "enabled": false },
								"up": { "texture": "#tailor-belt", "uv": [ 0.0, 1.0, 7.0, 2.0 ], "rotation": 90 },
								"down": { "texture": "#tailor-belt", "uv": [ 1.0, 1.0, 8.0, 2.0 ], "rotation": 90 }
							}
						},
						{
							"name": "S-Down",
							"from": [ 0.8, -0.5, 5.8 ], 
							"to": [ 4.6, 0.0, 6.8 ], 
							"rotationOrigin": [ 0.8, -0.5, 5.8 ],
							"faces": {
								"north": { "texture": "#tailor-belt", "uv": [ 1.0, 0.0, 4.5, 0.5 ], "enabled": false },
								"east": { "texture": "#tailor-belt", "uv": [ 2.0, 0.0, 3.0, 0.5 ] },
								"south": { "texture": "#tailor-belt", "uv": [ 2.5, 0.0, 6.0, 0.5 ] },
								"west": { "texture": "#tailor-belt", "uv": [ 0.0, 0.0, 1.0, 0.5 ] },
								"up": { "texture": "#tailor-belt", "uv": [ 3.0, 1.0, 6.5, 2.0 ] },
								"down": { "texture": "#tailor-belt", "uv": [ 4.5, 1.0, 8.0, 2.0 ] }
							}
						},
						{
							"name": "S-Top",
							"from": [ 0.8, 0.5, 5.8 ], 
							"to": [ 4.6, 1.0, 6.8 ], 
							"rotationOrigin": [ 0.8, 0.5, 5.8 ],
							"faces": {
								"north": { "texture": "#tailor-belt", "uv": [ 1.0, 0.0, 4.5, 0.5 ], "enabled": false },
								"east": { "texture": "#tailor-belt", "uv": [ 2.0, 0.0, 3.0, 0.5 ] },
								"south": { "texture": "#tailor-belt", "uv": [ 2.5, 0.0, 6.0, 0.5 ] },
								"west": { "texture": "#tailor-belt", "uv": [ 0.0, 0.0, 1.0, 0.5 ] },
								"up": { "texture": "#tailor-belt", "uv": [ 3.0, 1.0, 6.5, 2.0 ] },
								"down": { "texture": "#tailor-belt", "uv": [ 4.5, 1.0, 8.0, 2.0 ] }
							}
						},
						{
							"name": "N-Down",
							"from": [ 0.8, -0.5, -0.2 ], 
							"to": [ 4.6, 0.0, 0.8 ], 
							"rotationOrigin": [ 0.8, -0.5, -0.2 ],
							"faces": {
								"north": { "texture": "#tailor-belt", "uv": [ 1.0, 0.0, 4.5, 0.5 ] },
								"east": { "texture": "#tailor-belt", "uv": [ 2.0, 0.0, 3.0, 0.5 ] },
								"south": { "texture": "#tailor-belt", "uv": [ 2.5, 0.0, 6.0, 0.5 ], "enabled": false },
								"west": { "texture": "#tailor-belt", "uv": [ 0.0, 0.0, 1.0, 0.5 ] },
								"up": { "texture": "#tailor-belt", "uv": [ 3.0, 1.0, 6.5, 2.0 ] },
								"down": { "texture": "#tailor-belt", "uv": [ 4.5, 1.0, 8.0, 2.0 ] }
							}
						},
						{
							"name": "N-Top",
							"from": [ 0.8, 0.5, -0.2 ], 
							"to": [ 4.6, 1.0, 0.8 ], 
							"rotationOrigin": [ 0.8, 0.5, -0.2 ],
							"faces": {
								"north": { "texture": "#tailor-belt", "uv": [ 1.0, 0.0, 4.5, 0.5 ] },
								"east": { "texture": "#tailor-belt", "uv": [ 2.0, 0.0, 3.0, 0.5 ] },
								"south": { "texture": "#tailor-belt", "uv": [ 2.5, 0.0, 6.0, 0.5 ], "enabled": false },
								"west": { "texture": "#tailor-belt", "uv": [ 0.0, 0.0, 1.0, 0.5 ] },
								"up": { "texture": "#tailor-belt", "uv": [ 3.0, 1.0, 6.5, 2.0 ] },
								"down": { "texture": "#tailor-belt", "uv": [ 4.5, 1.0, 8.0, 2.0 ] }
							}
						},
						{
							"name": "Holster",
							"from": [ -0.5, -1.9, 0.6 ], 
							"to": [ 0.0, 0.1, 1.6 ], 
							"rotationOrigin": [ 0.0, 0.1, 1.1 ],
							"faces": {
								"north": { "texture": "#tailor-belt", "uv": [ 0.5, 0.0, 1.0, 2.0 ] },
								"east": { "texture": "#tailor-belt", "uv": [ 1.0, 0.5, 2.0, 2.5 ] },
								"south": { "texture": "#tailor-belt", "uv": [ 0.5, 0.5, 1.0, 2.5 ] },
								"west": { "texture": "#tailor-belt", "uv": [ 1.0, 0.0, 2.0, 2.0 ] },
								"up": { "texture": "#tailor-belt", "uv": [ 0.0, 0.0, 0.5, 1.0 ] },
								"down": { "texture": "#tailor-belt", "uv": [ 0.0, 0.5, 0.5, 1.5 ] }
							},
							"children": [
								{
									"name": "scissorL",
									"from": [ 0.1, -1.0, 0.1 ], 
									"to": [ 0.3, 3.0, 0.5 ], 
									"rotationOrigin": [ 0.1, 2.0, 0.5 ],
									"rotationX": -6.0,
									"faces": {
										"north": { "texture": "#tailor-belt", "uv": [ 3.0, 5.0, 7.0, 5.5 ], "rotation": 90 },
										"east": { "texture": "#tailor-belt", "uv": [ 3.5, 5.0, 7.5, 5.5 ], "rotation": 90 },
										"south": { "texture": "#tailor-belt", "uv": [ 4.0, 4.5, 8.0, 5.0 ], "rotation": 90 },
										"west": { "texture": "#tailor-belt", "uv": [ 3.5, 4.5, 7.5, 5.0 ], "rotation": 90 },
										"up": { "texture": "#tailor-belt", "uv": [ 3.5, 5.5, 4.0, 6.0 ], "enabled": false, "autoUv": false },
										"down": { "texture": "#tailor-belt", "uv": [ 5.0, 4.5, 5.5, 5.0 ] }
									},
									"children": [
										{
											"name": "handleL",
											"from": [ 0.0, 4.0, -0.3 ], 
											"to": [ 0.2, 4.7, 0.4 ], 
											"rotationOrigin": [ 0.0, 4.0, 0.0 ],
											"faces": {
												"north": { "texture": "#tailor-belt", "uv": [ 3.0, 4.5, 3.5, 5.0 ] },
												"east": { "texture": "#tailor-belt", "uv": [ 3.5, 5.0, 4.0, 5.5 ] },
												"south": { "texture": "#tailor-belt", "uv": [ 5.0, 4.5, 5.5, 5.0 ] },
												"west": { "texture": "#tailor-belt", "uv": [ 2.5, 4.5, 3.0, 5.0 ] },
												"up": { "texture": "#tailor-belt", "uv": [ 3.5, 4.5, 4.0, 5.0 ] },
												"down": { "texture": "#tailor-belt", "uv": [ 2.5, 4.5, 3.0, 5.0 ] }
											}
										}
									]
								},
								{
									"name": "scissorR",
									"from": [ 0.2, -1.0, 0.5 ], 
									"to": [ 0.4, 3.0, 0.9 ], 
									"rotationOrigin": [ 0.2, 2.0, 0.5 ],
									"rotationX": 5.0,
									"faces": {
										"north": { "texture": "#tailor-belt", "uv": [ 3.0, 5.0, 7.0, 5.5 ], "rotation": 90 },
										"east": { "texture": "#tailor-belt", "uv": [ 3.5, 5.0, 7.5, 5.5 ], "rotation": 90 },
										"south": { "texture": "#tailor-belt", "uv": [ 4.0, 4.5, 8.0, 5.0 ], "rotation": 90 },
										"west": { "texture": "#tailor-belt", "uv": [ 3.5, 4.5, 7.5, 5.0 ], "rotation": 90 },
										"up": { "texture": "#tailor-belt", "uv": [ 3.5, 5.5, 4.0, 6.0 ], "enabled": false },
										"down": { "texture": "#tailor-belt", "uv": [ 5.0, 4.5, 5.5, 5.0 ] }
									},
									"children": [
										{
											"name": "handleR",
											"from": [ 0.0, 4.0, 0.0 ], 
											"to": [ 0.2, 4.7, 0.7 ], 
											"rotationOrigin": [ 0.0, 4.0, 0.0 ],
											"faces": {
												"north": { "texture": "#tailor-belt", "uv": [ 4.5, 4.5, 5.0, 5.0 ] },
												"east": { "texture": "#tailor-belt", "uv": [ 5.0, 5.0, 5.5, 5.5 ] },
												"south": { "texture": "#tailor-belt", "uv": [ 5.5, 4.5, 6.0, 5.0 ] },
												"west": { "texture": "#tailor-belt", "uv": [ 5.0, 5.0, 5.5, 5.5 ] },
												"up": { "texture": "#tailor-belt", "uv": [ 4.5, 5.0, 5.0, 5.5 ] },
												"down": { "texture": "#tailor-belt", "uv": [ 5.0, 5.5, 5.5, 6.0 ] }
											}
										}
									]
								}
							]
						}
					]
				}
			]
		}
	]}