{
  "code": "baggedcharge",
  "class": "ItemCharge",
  "variantgroups": [{ "code": "type", "states": ["dry", "oiled", "cured"]}],
  "maxstacksize": 1,
  "creativeinventory": { "general": ["*"], "items": ["*"], "rustyshell": ["*"] },
  "behaviors": [{
    "name": "GroundStorable",
    "properties": { "layout": "Quadrants", "collisionBox": { "x1": 0, "y1": 0, "z1": 0, "x2": 1, "y2": 0.5, "z2": 1 } }
  }],
  "attributes": {
    "propellant": {
      "strengthByType" : {
        "baggedcharge-dry"   : 3,
        "baggedcharge-oiled" : 2,
        "baggedcharge-cured" : 4
      }
    },

    "groundStorageTransform": {
      "rotation": { "x": 0,   "y": -40, "z": 0   },
      "origin":   { "x": 0.5, "y":   0, "z": 0.5 }
    },

    "scrollrackable"        :  true,
    "onscrollrackTransform" : {
      "translation": { "x": -0.6, "y": -0.12, "z": 0.5  },
      "rotation":    { "x":   45, "y":     0, "z": -90  },
      "origin":      { "x":  0.5, "y":     0, "z":  0.5 },
      "scale": 1
    }
  },
  "transitionablePropsByType": {
		"baggedcharge-oiled":	[
			{
				"type": "Cure",
				"freshHours": { "avg": 0 },
				"transitionHours": { "avg": 48 },
				"transitionedStack": { "type": "item", "code": "rustyshell:baggedcharge-cured" },
				"transitionRatio": 1
			}
		]
  },
  "shape": { "base": "ammunition/baggedcharge" },
  "texturesByType": {
    "baggedcharge-oiled" : {
      "blastpowdersack": {
        "base": "game:item/resource/blastpowdersack",
        "overlays": ["game:item/resource/hide/oiled"]
      }
    }
  },
  "heldTpIdleAnimation": "holdbothhandslarge", "heldTpUseAnimation": "twohandplaceblock",
	"tpHandTransform": {
		"translation": { "x": -0.4, "y": 0, "z": -0.2 },
		"rotation":    { "x":  114, "y": 2, "z": -130 },
		"origin":      { "x":  0.5, "y": 0, "z":  0.5 },
		"scale": 1
	},
	"guiTransform": {
		"translation": { "x":   2, "y":   2, "z":   0 },
		"rotation":    { "x":   5, "y":  41, "z": 132 },
		"origin":      { "x": 0.5, "y": 0.2, "z": 0.5 },
		"scale": 2.56
	},
  "groundTransform": {
    "translation": { "x":  0, "y": 0.1, "z": 0 },
    "rotation":    { "x": 94, "y": 0,   "z": 0 },
    "scale": 3.6
  }
}