{
    "code": "barrel",
    "class": "Item",
	  "variantgroups": [
		  { "code": "type",     "states": ["machinegun"]},
      { "code": "material", "states": ["iron", "steel", "ruined"]}
    ],
    "maxstacksize": 1,
    "creativeinventory": { "general": ["*"], "items": ["*"], "rustyshell": ["*"] },
    "behaviors": [{ 
		"name": "GroundStorable",
      "properties": {

        "layout"             : "WallHalves",
        "wallOffY"           : "2",
        "selectionBox"       : { "x1": 0, "y1": 0, "z1": 0, "x2": 1, "y2": 1.5, "z2": 1 },
        "collisionBoxByType" : { "x1": 0, "y1": 0, "z1": 0, "x2": 0, "y2": 0,   "z2": 0 }
      }
    }],
    "shape": { "base": "barrel/{type}-complete" },
    "texturesByType": {
      "*-ruined": {
        "material"    : { "base": "game:block/metal/corroded/normal1" },
        "materialalt" : { "base": "game:block/metal/tarnished/iron" }
      },
      "*": {
        "material"    : { "base": "game:block/metal/plate/{material}" },
        "materialalt" : { "base": "game:block/metal/sheet/{material}1" }
      }
    } ,
    "attributes": {
      "groundStorageTransform": {
        "translation": { "x":  0,   "y": 0.6, "z":  0.2 },
        "rotation":    { "x": -69,  "y": 180, "z": -150  },
        "origin":      { "x":  0.5, "y": 0,   "z":  0.5 },
        "scale": 0.88
      },
		  "handbook": { "groupBy": [ "barrel-{type}-*" ]}
    },
    "heldTpIdleAnimation": "holdbothhandslarge", "heldTpUseAnimation": "twohandplaceblock",
    "tpHandTransform": {
      "translation": { "x": -0.8, "y":   0, "z": -0.3 },
      "rotation":    { "x":  0,   "y": -25, "z": -160 },
      "origin":      { "x":  0.5, "y":   0, "z":  0.5 },
      "scale": 0.65
    },
    "guiTransform": {
      "translation": { "x":  0,   "y":  0,   "z":  0   },
      "rotation":    { "x": -45,  "y":  34,  "z": -170 },
      "origin":      { "x":  0.3, "y": -0.3, "z":  0   },
      "scale": 1.3
    },
    "groundTransform": {
      "translation": { "x": 0,   "y": 0.1, "z": 0 },
      "rotation":    { "x": 0,   "y": 0,   "z": 0 },
      "origin":      { "x": 0.5, "y": 0,   "z": 0.5 },
      "scale": 2.56
    }
}