{
    "code": "barrel",
    "class": "Item",
	  "variantgroups": [
		  { "code": "type",     "states": ["fieldgun", "howitzer"]},
		  { "code": "class",    "states": ["12pdr", "120mm"]},
      { "code": "material", "states": ["ruined"]}
    ],
    "maxstacksize": 1,
    "creativeinventory": { "general": ["*"], "items": ["*"], "rustyshell": ["*"] },
    "behaviors": [{ 
      "name": "GroundStorable",
        "properties": {

          "layout"             : "WallHalves",
          "wallOffY"           : "2",
          "selectionBox"       : { "x1": 0, "y1": 0, "z1": 0, "x2": 1, "y2": 1.5, "z2": 1 },
          "collisionBoxByType" : { "x1": 0, "y1": 0, "z1": 0, "x2": 0, "y2": 0,   "z2": 0 }
        }
      }],
    "shape": { "base": "barrel/{type}-{class}" },
    "textures": {
      "material"      : { "base": "game:block/metal/corroded/normal1" },
      "materialalt"   : { "base": "game:block/metal/tarnished/iron" },
      "materialsheet" : { "base": "game:block/metal/corroded/normal2" },
      "barrel"        : { "base": "game:block/metal/corroded/normal3" }
    },
    "attributes": {
      "groundStorageTransformByType": {
        "*-fieldgun-12pdr-*": {
          "translation": { "x":  0,   "y": 0.65, "z": 0   },
          "rotation":    { "x": -69,  "y": 180,  "z": 20  },
          "origin":      { "x":  0.5, "y": 0,    "z": 0.5 },
          "scale": 0.88
        },
        "*-howitzer-12pdr-*": {
          "translation": { "x":  0,   "y": 0.65, "z": 0.2 },
          "rotation":    { "x": -69,  "y": 180,  "z": 20  },
          "origin":      { "x":  0.5, "y": 0,    "z": 0.5 },
          "scale": 0.88
        },
        "*-120mm-*": {
          "translation": { "x":  0,   "y": 1.1, "z": -0.1 },
          "rotation":    { "x": -69,  "y": 180, "z":  20  },
          "origin":      { "x":  0.5, "y": 0,   "z":  0.5 },
          "scale": 0.88
        }
      },
		  "handbook": { "groupBy": [ "barrel-{type}-*" ]}
    },
    "heldTpIdleAnimation": "holdbothhandslarge", "heldTpUseAnimation": "twohandplaceblock",
    "tpHandTransformByType": {
      "*-12pdr-*": {
        "translation": { "x": -0.7, "y":   0, "z": -0.5 },
        "rotation":    { "x":  0,   "y": -25, "z": -80  },
        "origin":      { "x":  0.5, "y":   0, "z":  0.5 },
        "scale": 0.65
      },
      "*-120mm-*": {
        "translation": { "x": -0.7, "y":  0.2, "z": -0.4 },
        "rotation":    { "x":  0,   "y": -36,  "z": -80  },
        "origin":      { "x":  0.5, "y":  0,   "z":  0.5 },
        "scale": 0.65
      }
    },
    "guiTransformByType": {
      "*-fieldgun-12pdr-*": {
        "translation": { "x":  1,   "y": -2,  "z":  0   },
        "rotation":    { "x": -45,  "y":  34, "z": -170 },
        "origin":      { "x":  0.5, "y":  0,  "z":  0   },
        "scale": 0.88
      },
      "*-howitzer-12pdr-*": {
        "translation": { "x":  0,   "y":  0,   "z":  0   },
        "rotation":    { "x": -45,  "y":  34,  "z": -170 },
        "origin":      { "x":  0.3, "y": -0.3, "z":  0   },
        "scale": 0.88
      },
      "*-120mm-*": {
        "translation": { "x":  2,   "y":  6,   "z":  0 },
        "rotation":    { "x": -45,  "y":  34,  "z": -170 },
        "origin":      { "x":  0.4, "y": -0.3, "z":  0 },
        "scale": 0.61
      }
    },
    "groundTransform": {
      "translation": { "x": 0,   "y": 0.1, "z": 0 },
      "rotation":    { "x": 0,   "y": 0,   "z": 0 },
      "origin":      { "x": 0.5, "y": 0,   "z": 0.5 },
      "scale": 2.56
    }
}