{
    "code": "cartridge",
    "class": "ItemAmmunition",
    "variantgroups": [
      { "code": "shape" ,         "states": ["round"]},
      { "code": "type",           "states": ["common"]},
      { "code": "material",       "states": ["lead", "copper", "steel"]},
      { "code": "casingmaterial", "states": ["copper", "brass"]}
    ],
    "maxstacksize": 32,
    "creativeinventory": { "general": ["*"], "items": ["*"], "rustyshell": ["*"] },
    "attributes": {
  
      "damageByType": {
        "*-lead-*"   : 38,
        "*-copper-*" : 20,
        "*-steel-*"  : 25
      },
  
      "casingCode" : "rustyshell:cartridgecasing-{casingmaterial}-fine",
      "entityCode" : "rustyshell:bullet-{material}",
  
      "propellant": {
        "strength"    : 8,
        "isSmokeless" : true
      },
  
      "handbook": { "groupBy": [ "*-{type}-*" ]}

    },
    "shape": { "base": "ammunition/cartridge" },
    "textures": {
      "bullet": { "base": "game:block/metal/ingot/{material}" },
      "casing": { "base": "game:block/metal/ingot/{casingmaterial}" }
    },
    "tpHandTransform": {
      "translation": { "x": -0.9, "y": -0.1, "z": -0.8 },
      "rotation":    { "x":    0, "y":    0, "z":  -90 },
      "origin":      { "x":  0.5, "y":  0.1, "z":  0.5 },
      "scale": 0.65
    },
    "guiTransform": {
      "translation": { "x":   5, "y":   5, "z":   0 },
      "rotation":    { "x":  23, "y":  21, "z": 132 },
      "origin":      { "x": 0.5, "y": 0.1, "z": 0.5 },
      "scale": 3.6
    },
    "groundTransform": {
      "translation": { "x":   0, "y": 0.05, "z":   0 },
      "rotation":    { "x":  94, "y":    0, "z":   0 },
      "origin":      { "x": 0.5, "y":  0.1, "z": 0.5 },
      "scale": 3.6
    }
  }