{
  "code": "fuze",
  "class": "Item",
  "variantgroups": [{ "code": "type", "states": ["percussion", "pressure"]}],
  "maxstacksize": 8,
  "creativeinventory": { "general": ["*"], "items": ["*"], "rustyshell": ["*"] },
  "shape": { "base": "item/fuze-{type}" },
  "heldTpIdleAnimation": "holdbothhandslarge", "heldTpUseAnimation": "twohandplaceblock",
  "tpHandTransform": {
    "translation": { "x": -1,   "y": -0.1, "z": -0.8 },
    "rotation":    { "x":  0,   "y":    0, "z":  -90 },
    "origin":      { "x":  0.5, "y":  0.1, "z":  0.5 },
    "scale": 0.65
  },
	"guiTransform": {
		"translation": { "x": 0,   "y": 0,   "z": 0   },
		"rotation":    { "x": 5,   "y": 41,  "z": 132 },
		"origin":      { "x": 0.5, "yByType": { "fuze-percussion": 0.05, "fuze-pressure": 0.1 }, "z": 0.5 },
		"scale": 6
	},
  "groundTransform": {
    "translation": { "x": 0,   "y": 0,   "z": 0   },
    "rotation":    { "x": 94,  "y": 0,   "z": 0   },
    "origin":      { "x": 0.5, "y": 0.1, "z": 0.5 },
    "scale": 3.6
  }
}