{
	"code":  "clothes",
	"class": "ItemWearable",
	"variantgroups": [
		{ "code": "category",  "states": ["face"] },
		{ "code": "face",      "combine": "SelectiveMultiply", "onVariant": "category", "states": [ "gasmask" ]}
	],
	"shape": { "base": "equipment/{face}" },
	"storageFlags": 128,
	"attributesByType": {
		"*": {
			"wearableAttachment": true,
			"disableElements":   ["beard", "hideme"],
			"clothescategory":   "armorhead",
			"warmth":            0.25,
			"statModifiers": {
				"rangedWeaponsAcc":    -0.2,
				"rangedWeaponsSpeed":  -0.2,
				"walkSpeed":           -0.1,
				"healingeffectivness": -0.3,
				"hungerrate":          0.24
			}
		}
	},
	"durability":  500,
	"texturesByType":    { "*": { "seraph": { "base": "game:block/transparent" }}},
	"creativeinventory": { "general": ["*"], "items": ["*"], "clothing": ["*"], "rustyshell": ["*"] },
	"renderAlphaTest": 0.25,
	"guiTransform": {
		"translation": { "x":   8, "y":   -2, "z":    0 },
		"rotation":    { "x":   1, "y": -121, "z": -167 },
		"origin":      { "x": 0.5, "y": 1.62, "z":  0.5 },
		"scale": 3.23
	},
	"tpHandTransform": {
		"translation": { "x": -0.7, "y": -2.2, "z": -0.7 },
		"rotation":    { "x":   32, "y":  149, "z":   42 },
		"origin":      { "x":  0.5, "y":  1.5, "z":  0.5 },
		"scale": 0.68
	},
	"groundTransform": {
		"rotation": { "x":   0, "y":   0, "z":      0 },
		"origin":   { "x": 0.5, "y": 1.5, "z": 0.5299 },
		"scale": 2.58
	},
	"fpHandTransform": {
		"translation": { "x": 0.08, "y": -1.3, "z": -0.5 },
		"rotation":    { "x":  -10, "y":  -45, "z":  -35 },
		"origin":      { "x":  0.5, "y":    1, "z":  0.5 },
		"scale": 2.8
	}
}