{
	"code": "primer",
    "class": "Item",
    "variantgroups": [{ "code": "material", "states": ["copper", "tinbronze", "bismuthbronze", "blackbronze", "iron", "meteoriciron", "steel" ] }],
	"attributes": {
		"rackable": true,
		"toolrackTransform": {
			"translation": { "x":   0, "y": 0.45, "z":   0 },
			"rotation":    { "x": -20, "y": -90, "z":   0 },
			"origin":      { "x": 0.5, "y":   0, "z": 0.5 },
			"scale": 1.25
		},
		"handbook": { "groupBy": [ "primer-*" ]}
	},
	"shape": { "base": "item/primer" },
	"creativeinventory": { "general": ["*"], "items": ["*"], "tools": ["*"], "rustyshell": ["*"] },
	"textures": {
		"metal": { "base": "game:block/metal/ingot/{material}" },
		"rope":  { "base": "game:item/resource/rope" }
	},
	"guiTransform": {
		"translation": { "x":    0, "y":     0, "z":    0 },
		"rotation":    { "x":  -32, "y":    36, "z": -180 },
		"origin":      { "x": 0.53, "y": 0.125, "z":  0.5 },
		"scale": 2.1
	},
	"fpHandTransform": {
		"translation": { "x":   0, "y":   0.1, "z":   0 },
		"rotation":    { "x":  45, "y":   180, "z": -80 },
		"origin":      { "x": 0.5, "y": 0.125, "z": 0.5 },
		"scale": 2.1
	},
	"groundTransform": {
		"translation": { "x":   0, "y": 0, "z":   0 },
		"rotation":    { "x":   0, "y": 0, "z":   0 },
		"origin":      { "x": 0.5, "y": 0, "z": 0.5 },
		"scale": 3.6
	},
	"tpHandTransform": {
		"translation": { "x": -0.7, "y": -0.28, "z": -0.8 },
		"rotation":    { "x":  -78, "y":     7, "z":    8 },
		"origin":      { "x":  0.5, "y": 0.125, "z":  0.5 },
		"scale": 0.7
	},
	"durabilityByType": {
		"*-copper":         40,
		"*-tinbronze":     100,
		"*-bismuthbronze": 140,
		"*-blackbronze":   200,
		"*-iron":          400,
		"*-meteoriciron":  500,
		"*-steel":         800
	}
}