{
    "code": "ramrod",
    "class": "Item",
    "maxstacksize": 1,
    "creativeinventory": { "general": ["*"], "tools": ["*"], "rustyshell": ["*"] },
	"durability": 500,
	"attributes": {
		"groundStorageTransform": {
			"translation": { "x":  0, "y":   1, "z": -0.075 },
			"rotation":    { "x": -9, "y": -89, "z":     79 }
		}
	},
    "shape": { "base": "item/ramrod" },
    "textures": {
		"aged-side": { "base": "game:block/hay/aged-side" },
		"plainoak":  { "base": "game:block/wood/plainoak" }
	},
    "behaviors": [{ 
		"name": "GroundStorable",
		"properties": {
			"layout":    "WallHalves",
			"wallOffY":  "2",
			"sprintKey": "true",
			"selectionBox": { "x1": 0, "y1": 0, "z1": 0, "x2": 1, "y2": 0.1, "z2": 1 },
			"collisionBox": { "x1": 0, "y1": 0, "z1": 0, "x2": 0, "y2": 0,   "z2": 0 }
		}
	}],
	"heldTpHitAnimation": "spearhit",
	"heldTpIdleAnimation": "crudeOarIdle",
	"guiTransform": {
		"translation": { "x":   0, "y":   10, "z":   0 },
		"rotation":    { "x":   0, "y":    0, "z": -44 },
		"origin":      { "x": 0.5, "y": 0.15, "z": 0.5 },
		"scale": 1.5
	},
	"tpHandTransform": {
		"translation": { "x": -1.29, "y": -0.2, "z": -0.57 },
		"rotation":    { "x": -31,   "y": -9,   "z": -23 },
		"origin":      { "x": 0.45,  "y": -0.5, "z": 0.6 },
		"scale": 0.8
	},
	"groundTransform": {
		"translation": { "x": 0,   "y": 0.1, "z": -0.3 },
		"rotation":    { "x": -8,  "y": -66, "z": -2 },
		"origin":      { "x": 0.5, "y": 0,   "z": 0.5 },
		"scale": 3.75
	}
}