{
    "code": "shot",
    "class": "Item",
    "variantgroups": [
      { "code": "class" ,   "states": ["12pdr"]},
      { "code": "shape" ,   "states": ["hollow"]},
      { "code": "material", "states": ["lead", "iron"]}
    ],
    "maxstacksize": 1,
    "creativeinventory": { "general": ["*"], "items": ["*"], "rustyshell": ["*"] },
    "attributes": {
      "shelvable": true
    },

    "shape"    : { "base": "ammunition/shot-hollow" },
    "textures" : { "material": { "base": "game:block/metal/ingot/{material}" }},
    
    "behaviors": [{ "name": "GroundStorable", "properties": { "layout": "Quadrants", "collisionBox": { "x1": 0, "y1": 0, "z1": 0, "x2": 1, "y2": 0.4, "z2": 1 } }}],
    "heldTpIdleAnimation" : "holdbothhandslarge",
    "heldTpUseAnimation"  : "twohandplaceblock",
    "tpHandTransform": {
      "translation" : { "x": -0.7, "y": -0.3, "z": -0.4 },
      "rotation"    : { "x":    0, "y":    0, "z": -110 },
      "origin"      : { "x":  0.5, "y":  0.2, "z":  0.5 },
      "scale"       : 0.8
    },
    "guiTransform": {
      "rotation": { "x": 45,  "y": 45,  "z": 24 },
      "origin":   { "x": 0.5, "y": 0.2, "z": 0.5 },
      "scale": 2.3
    },
    "groundTransform": {
      "translation": { "x":  0, "y": 0.05, "z":  0 },
      "rotation":    { "x": 90, "y":    0, "z": 20 },
      "scale": 3
    }
}