{
	"editor": {
		"allAngles": true,
		"entityTextureMode": true
	},
	"textureWidth": 64,
	"textureHeight": 64,
	"textureSizes": {
		"seraph": [64,64]
	},
	"textures": {
	},
	"elements": [
		{
			"name": "hidefacialhair",
			"stepParentName": "Head",
			"from": [ -0.15, 1.1, 2.2 ],
			"to": [ 0.05, 1.5, 2.8 ],
			"unwrapMode": 2,
			"uv": [ 28.0, 1.0 ],
			"rotationOrigin": [ 0.1, 1.5, 2.2 ],
			"faces": {
				"north": { "texture": "#seraph", "uv": [ 29.0, 1.5, 29.5, 2.0 ] },
				"east": { "texture": "#seraph", "uv": [ 28.5, 1.5, 29.0, 2.0 ] },
				"south": { "texture": "#seraph", "uv": [ 28.0, 1.5, 28.5, 2.0 ] },
				"west": { "texture": "#seraph", "uv": [ 29.5, 1.5, 30.0, 2.0 ] },
				"up": { "texture": "#seraph", "uv": [ 28.5, 1.0, 29.0, 1.5 ], "rotation": 270 },
				"down": { "texture": "#seraph", "uv": [ 28.5, 2.0, 29.0, 2.5 ], "rotation": 270 }
			},
			"children": [
				{
					"name": "Cube2",
					"from": [ 1.0, 4.0, 0.0 ],
					"to": [ 2.0, 6.0, 1.0 ],
					"uv": [ 27.75, -0.25 ],
					"rotationOrigin": [ 1.0, 4.0, 0.0 ],
					"rotationZ": -15.0,
					"faces": {
						"north": { "texture": "#seraph", "uv": [ 28.0, 1.0, 29.0, 3.0 ] },
						"east": { "texture": "#seraph", "uv": [ 29.0, 1.0, 30.0, 3.0 ] },
						"south": { "texture": "#seraph", "uv": [ 30.0, 1.0, 31.0, 3.0 ] },
						"west": { "texture": "#seraph", "uv": [ 31.0, 1.0, 32.0, 3.0 ] },
						"up": { "texture": "#seraph", "uv": [ 28.0, 0.0, 29.0, 1.0 ] },
						"down": { "texture": "#seraph", "uv": [ 29.0, 0.0, 30.0, 1.0 ] }
					},
					"children": [
						{
							"name": "Cube3",
							"from": [ 1.5, 0.0, 0.0 ],
							"to": [ 2.5, 3.0, 1.0 ],
							"autoUnwrap": false,
							"uv": [ 31.125, -0.45 ],
							"rotationOrigin": [ 1.5, 0.0, 0.0 ],
							"rotationZ": -5.0,
							"faces": {
								"north": { "texture": "#seraph", "uv": [ 31.0, 0.0, 32.0, 3.0 ] },
								"east": { "texture": "#seraph", "uv": [ 32.0, 0.0, 33.0, 3.0 ] },
								"south": { "texture": "#seraph", "uv": [ 32.5, 0.0, 33.5, 3.0 ] },
								"west": { "texture": "#seraph", "uv": [ 33.0, 0.0, 34.0, 3.0 ] },
								"up": { "texture": "#seraph", "uv": [ 32.0, 0.5, 33.0, 1.5 ] },
								"down": { "texture": "#seraph", "uv": [ 32.0, 1.0, 33.0, 2.0 ] }
							},
							"children": [
								{
									"name": "Cube4",
									"from": [ 1.5, 0.0, 0.0 ],
									"to": [ 2.5, 4.0, 1.0 ],
									"autoUnwrap": false,
									"uv": [ 27.5, -1.25 ],
									"rotationOrigin": [ 1.5, 0.0, 0.0 ],
									"rotationZ": -5.0,
									"faces": {
										"north": { "texture": "#seraph", "uv": [ 28.0, 0.0, 32.0, 1.0 ], "rotation": 90 },
										"east": { "texture": "#seraph", "uv": [ 28.0, 0.0, 32.0, 1.0 ], "rotation": 90 },
										"south": { "texture": "#seraph", "uv": [ 29.5, 0.0, 30.5, 3.0 ], "autoUv": false },
										"west": { "texture": "#seraph", "uv": [ 30.0, 0.0, 34.0, 1.0 ], "rotation": 90 },
										"up": { "texture": "#seraph", "uv": [ 27.5, 1.0, 28.5, 2.0 ] },
										"down": { "texture": "#seraph", "uv": [ 30.0, 0.5, 31.0, 1.5 ] }
									}
								}
							]
						}
					]
				}
			]
		}
	]}