{
	"editor": {
		"allAngles": true,
		"entityTextureMode": true
	},
	"textureWidth": 64,
	"textureHeight": 64,
	"textureSizes": {
		"seraph": [64,64]
	},
	"textures": {
	},
	"elements": [
		{
			"name": "Cube2",
			"stepParentName": "Head",
			"from": [ 1.0, 3.0, 2.0 ],
			"to": [ 2.0, 4.0, 3.0 ],
			"uv": [ 30.75, 3.0 ],
			"rotationOrigin": [ 1.5, 3.0, 2.5 ],
			"faces": {
			},
			"children": [
				{
					"name": "mst-pencilL",
					"from": [ 0.0, 1.9, -1.2 ],
					"to": [ 1.0, 3.9, -0.2 ],
					"autoUnwrap": false,
					"uv": [ 26.25, 2.25 ],
					"rotationOrigin": [ 0.0, 1.9, -0.7 ],
					"rotationX": -5.0,
					"rotationZ": -25.0,
					"faces": {
						"north": { "texture": "#seraph", "uv": [ 29.25, 0.375, 30.0, 1.875 ], "autoUv": false },
						"east": { "texture": "#seraph", "uv": [ 32.5, 1.0, 24.5, 1.5 ], "autoUv": false, "windMode": [-1,-1,-1,-1] },
						"south": { "texture": "#seraph", "uv": [ 31.5, 0.5, 32.5, 2.5 ], "windMode": [-1,-1,-1,-1] },
						"west": { "texture": "#seraph", "uv": [ 29.25, 0.375, 30.0, 1.875 ], "autoUv": false, "windMode": [-1,-1,-1,-1] },
						"up": { "texture": "#seraph", "uv": [ 28.5, 2.0, 29.5, 3.0 ] }
					},
					"children": [
						{
							"name": "mst-pencilL3",
							"from": [ 0.25, 1.5, 0.25 ],
							"to": [ 0.75, 2.5, 0.75 ],
							"autoUnwrap": false,
							"uv": [ 19.5, 2.25 ],
							"rotationOrigin": [ 0.2, 1.5, 0.7 ],
							"faces": {
								"north": { "texture": "#seraph", "uv": [ 28.5, 1.5, 28.875, 2.25 ] },
								"east": { "texture": "#seraph", "uv": [ 30.5, 1.0, 31.0, 2.0 ], "windMode": [-1,-1,-1,-1] },
								"south": { "texture": "#seraph", "uv": [ 27.5, 1.5, 28.0, 2.5 ] },
								"west": { "texture": "#seraph", "uv": [ 30.0, 2.0, 30.5, 3.0 ] },
								"up": { "texture": "#seraph", "uv": [ 29.5, 2.5, 30.0, 3.0 ] }
							}
						}
					]
				},
				{
					"name": "mst-pencilL2",
					"from": [ 2.0, 1.9, -1.5 ],
					"to": [ 3.0, 4.9, -0.5 ],
					"autoUnwrap": false,
					"uv": [ 27.375, 0.0 ],
					"rotationOrigin": [ 2.0, 1.9, -1.0 ],
					"rotationX": -5.0,
					"rotationZ": -35.0,
					"faces": {
						"north": { "texture": "#seraph", "uv": [ 27.375, 0.375, 28.125, 3.375 ] },
						"east": { "texture": "#seraph", "uv": [ 29.5, 0.0, 30.5, 3.0 ], "windMode": [-1,-1,-1,-1] },
						"south": { "texture": "#seraph", "uv": [ 28.125, 0.375, 28.875, 3.375 ] },
						"west": { "texture": "#seraph", "uv": [ 28.875, 0.0, 29.625, 3.0 ] },
						"up": { "texture": "#seraph", "uv": [ 27.375, 0.0, 28.125, 0.75 ] }
					},
					"children": [
						{
							"name": "mst-pencilL4",
							"from": [ 0.2, 2.7, 0.2 ],
							"to": [ 0.8, 3.7, 0.8 ],
							"uv": [ 30.75, 1.5 ],
							"rotationOrigin": [ 0.2, 2.7, 0.7 ],
							"faces": {
								"north": { "texture": "#seraph", "uv": [ 31.0, 2.0, 31.5, 3.0 ] },
								"east": { "texture": "#seraph", "uv": [ 31.5, 2.0, 32.0, 3.0 ], "windMode": [-1,-1,-1,-1] },
								"south": { "texture": "#seraph", "uv": [ 32.0, 2.0, 32.5, 3.0 ] },
								"west": { "texture": "#seraph", "uv": [ 32.5, 2.0, 33.0, 3.0 ] },
								"up": { "texture": "#seraph", "uv": [ 31.0, 1.5, 31.5, 2.0 ] }
							}
						}
					]
				},
				{
					"name": "mst-pencilL7",
					"from": [ 2.0, 1.9, 1.5 ],
					"to": [ 3.0, 4.9, 2.5 ],
					"autoUnwrap": false,
					"uv": [ 29.625, -0.375 ],
					"rotationOrigin": [ 2.0, 1.9, 2.0 ],
					"rotationX": 5.0,
					"rotationZ": -35.0,
					"faces": {
						"north": { "texture": "#seraph", "uv": [ 29.5, 0.5, 30.5, 3.5 ] },
						"east": { "texture": "#seraph", "uv": [ 28.0, 0.0, 29.0, 3.0 ] },
						"south": { "texture": "#seraph", "uv": [ 30.5, 0.5, 31.5, 3.5 ] },
						"west": { "texture": "#seraph", "uv": [ 31.0, 0.5, 32.0, 3.5 ] },
						"up": { "texture": "#seraph", "uv": [ 29.0, 1.0, 30.0, 2.0 ] }
					},
					"children": [
						{
							"name": "mst-pencilL8",
							"from": [ 0.2, 2.7, 0.2 ],
							"to": [ 0.8, 3.7, 0.8 ],
							"autoUnwrap": false,
							"uv": [ 29.625, 1.125 ],
							"rotationOrigin": [ 0.2, 2.7, 0.7 ],
							"faces": {
								"north": { "texture": "#seraph", "uv": [ 29.5, 1.5, 30.0, 2.5 ] },
								"east": { "texture": "#seraph", "uv": [ 28.5, 1.0, 29.0, 2.0 ] },
								"south": { "texture": "#seraph", "uv": [ 30.0, 1.5, 30.5, 2.5 ] },
								"west": { "texture": "#seraph", "uv": [ 30.5, 1.5, 31.0, 2.5 ] },
								"up": { "texture": "#seraph", "uv": [ 29.5, 1.0, 30.0, 1.5 ] }
							}
						}
					]
				},
				{
					"name": "mst-pencilL5",
					"from": [ 0.0, 1.9, 1.1 ],
					"to": [ 1.0, 3.9, 2.1 ],
					"autoUnwrap": false,
					"uv": [ 26.25, 2.25 ],
					"rotationOrigin": [ 0.0, 1.9, 1.6 ],
					"rotationX": 5.0,
					"rotationZ": -25.0,
					"faces": {
						"north": { "texture": "#seraph", "uv": [ 29.625, 1.125, 30.375, 2.625 ], "autoUv": false },
						"east": { "texture": "#seraph", "uv": [ 29.0, 1.0, 30.0, 3.0 ] },
						"south": { "texture": "#seraph", "uv": [ 29.5, 1.0, 30.5, 3.0 ] },
						"west": { "texture": "#seraph", "uv": [ 28.5, 1.0, 29.5, 3.0 ] },
						"up": { "texture": "#seraph", "uv": [ 28.0, 2.0, 28.0, 3.0 ] }
					},
					"children": [
						{
							"name": "mst-pencilL6",
							"from": [ 0.25, 1.5, 0.25 ],
							"to": [ 0.75, 2.5, 0.75 ],
							"autoUnwrap": false,
							"uv": [ 19.5, 2.25 ],
							"rotationOrigin": [ 0.2, 1.5, 0.7 ],
							"faces": {
								"north": { "texture": "#seraph", "uv": [ 30.0, 2.25, 30.375, 3.0 ] },
								"east": { "texture": "#seraph", "uv": [ 28.5, 1.0, 29.0, 2.0 ] },
								"south": { "texture": "#seraph", "uv": [ 28.875, 1.5, 29.25, 2.25 ] },
								"west": { "texture": "#seraph", "uv": [ 31.0, 1.5, 31.5, 2.5 ] },
								"up": { "texture": "#seraph", "uv": [ 31.0, 2.0, 31.5, 2.5 ] }
							}
						}
					]
				}
			]
		}
	]}