{
	"editor": {
		"allAngles": true,
		"entityTextureMode": true
	},
	"textureWidth": 64,
	"textureHeight": 64,
	"textureSizes": {
		"seraph": [64,64]
	},
	"textures": {
	},
	"elements": [
		{
			"name": "hidefacialhair",
			"stepParentName": "Head",
			"from": [ 0.0, 0.0, 0.0 ],
			"to": [ 0.0, 0.0, 0.0 ],
			"unwrapMode": 2,
			"uv": [ 27.25, 0.75 ],
			"rotationOrigin": [ 0.0, 0.0, 2.5 ],
			"faces": {
				"north": { "texture": "#seraph", "uv": [ 28.125, 1.125, 28.5, 1.5 ] },
				"east": { "texture": "#seraph", "uv": [ 27.75, 1.125, 28.125, 1.5 ] },
				"south": { "texture": "#seraph", "uv": [ 27.375, 1.125, 27.75, 1.5 ] },
				"west": { "texture": "#seraph", "uv": [ 28.5, 1.125, 28.875, 1.5 ] },
				"up": { "texture": "#seraph", "uv": [ 27.75, 0.75, 28.125, 1.125 ], "rotation": 270 },
				"down": { "texture": "#seraph", "uv": [ 27.75, 1.5, 28.125, 1.875 ], "rotation": 270 }
			},
			"children": [
				{
					"name": "Cube3",
					"from": [ 3.0, 4.7, 0.8 ],
					"to": [ 3.6, 6.2, 1.4 ],
					"uv": [ 29.375, 0.375 ],
					"rotationOrigin": [ 3.3, 5.0, 1.1 ],
					"rotationZ": -39.0,
					"faces": {
						"north": { "texture": "#seraph", "uv": [ 29.5, 1.0, 30.0, 2.5 ] },
						"east": { "texture": "#seraph", "uv": [ 30.0, 1.0, 30.5, 2.5 ] },
						"south": { "texture": "#seraph", "uv": [ 30.5, 1.0, 31.0, 2.5 ] },
						"west": { "texture": "#seraph", "uv": [ 31.0, 1.0, 31.5, 2.5 ] },
						"up": { "texture": "#seraph", "uv": [ 29.5, 0.5, 30.0, 1.0 ] }
					}
				},
				{
					"name": "Cube4",
					"from": [ 5.0, 4.7, 0.6 ],
					"to": [ 5.6, 6.5, 1.2 ],
					"uv": [ 27.75, 0.25 ],
					"rotationOrigin": [ 5.3, 5.0, 0.9 ],
					"rotationZ": -47.0,
					"faces": {
						"north": { "texture": "#seraph", "uv": [ 28.0, 1.0, 28.5, 2.5 ] },
						"east": { "texture": "#seraph", "uv": [ 28.5, 1.0, 29.0, 2.5 ] },
						"south": { "texture": "#seraph", "uv": [ 29.0, 1.0, 29.5, 2.5 ] },
						"west": { "texture": "#seraph", "uv": [ 29.5, 1.0, 30.0, 2.5 ] },
						"up": { "texture": "#seraph", "uv": [ 28.0, 0.5, 28.5, 1.0 ] }
					}
				},
				{
					"name": "Cube5",
					"from": [ 5.7, 3.6, 0.4 ],
					"to": [ 6.3, 5.4, 1.0 ],
					"uv": [ 28.125, 0.25 ],
					"rotationOrigin": [ 6.0, 3.9, 0.7 ],
					"rotationZ": -120.0,
					"faces": {
						"north": { "texture": "#seraph", "uv": [ 28.0, 1.0, 28.5, 2.5 ] },
						"east": { "texture": "#seraph", "uv": [ 29.0, 1.0, 29.5, 2.5 ] },
						"south": { "texture": "#seraph", "uv": [ 29.5, 1.0, 30.0, 2.5 ] },
						"west": { "texture": "#seraph", "uv": [ 30.0, 1.0, 30.5, 2.5 ] },
						"up": { "texture": "#seraph", "uv": [ 28.0, 0.5, 28.5, 1.0 ] }
					}
				},
				{
					"name": "Cube6",
					"from": [ 5.7, 1.7, 0.1 ],
					"to": [ 6.3, 3.6, 0.7 ],
					"uv": [ 27.625, -0.125 ],
					"rotationOrigin": [ 6.0, 2.0, 0.4 ],
					"rotationZ": -133.0,
					"faces": {
						"north": { "texture": "#seraph", "uv": [ 27.5, 0.5, 28.0, 2.0 ] },
						"east": { "texture": "#seraph", "uv": [ 28.5, 0.5, 29.0, 2.0 ] },
						"south": { "texture": "#seraph", "uv": [ 29.0, 0.5, 29.5, 2.0 ] },
						"west": { "texture": "#seraph", "uv": [ 29.5, 0.5, 30.0, 2.0 ] },
						"up": { "texture": "#seraph", "uv": [ 27.5, 0.0, 28.0, 0.5 ] }
					}
				},
				{
					"name": "Cube8",
					"from": [ 3.0, 4.7, 3.7 ],
					"to": [ 3.6, 6.2, 4.3 ],
					"uv": [ 30.0, 0.25 ],
					"rotationOrigin": [ 3.3, 5.0, 4.0 ],
					"rotationZ": -39.0,
					"faces": {
						"north": { "texture": "#seraph", "uv": [ 30.0, 1.0, 30.5, 2.5 ] },
						"east": { "texture": "#seraph", "uv": [ 30.5, 1.0, 31.0, 2.5 ] },
						"south": { "texture": "#seraph", "uv": [ 31.0, 1.0, 31.5, 2.5 ] },
						"west": { "texture": "#seraph", "uv": [ 31.5, 1.0, 32.0, 2.5 ] },
						"up": { "texture": "#seraph", "uv": [ 30.0, 0.5, 30.5, 1.0 ] }
					}
				},
				{
					"name": "Cube9",
					"from": [ 5.0, 4.7, 3.9 ],
					"to": [ 5.6, 6.5, 4.5 ],
					"uv": [ 27.375, 0.25 ],
					"rotationOrigin": [ 5.3, 5.0, 4.2 ],
					"rotationZ": -47.0,
					"faces": {
						"north": { "texture": "#seraph", "uv": [ 27.5, 1.0, 28.0, 2.5 ] },
						"east": { "texture": "#seraph", "uv": [ 28.0, 1.0, 28.5, 2.5 ] },
						"south": { "texture": "#seraph", "uv": [ 28.5, 1.0, 29.0, 2.5 ] },
						"west": { "texture": "#seraph", "uv": [ 29.0, 1.0, 29.5, 2.5 ] },
						"up": { "texture": "#seraph", "uv": [ 27.5, 0.5, 28.0, 1.0 ] }
					}
				},
				{
					"name": "Cube10",
					"from": [ 5.7, 3.6, 4.1 ],
					"to": [ 6.3, 5.4, 4.7 ],
					"uv": [ 27.25, 0.375 ],
					"rotationOrigin": [ 6.0, 3.9, 4.4 ],
					"rotationZ": -120.0,
					"faces": {
						"north": { "texture": "#seraph", "uv": [ 27.5, 1.0, 28.0, 2.5 ] },
						"east": { "texture": "#seraph", "uv": [ 28.0, 1.0, 28.5, 2.5 ] },
						"south": { "texture": "#seraph", "uv": [ 28.5, 1.0, 29.0, 2.5 ] },
						"west": { "texture": "#seraph", "uv": [ 29.0, 1.0, 29.5, 2.5 ] },
						"up": { "texture": "#seraph", "uv": [ 27.5, 0.5, 28.0, 1.0 ] }
					}
				},
				{
					"name": "Cube11",
					"from": [ 5.7, 1.7, 4.3 ],
					"to": [ 6.3, 3.6, 4.9 ],
					"uv": [ 29.25, 0.25 ],
					"rotationOrigin": [ 6.0, 2.0, 4.6 ],
					"rotationZ": -133.0,
					"faces": {
						"north": { "texture": "#seraph", "uv": [ 29.5, 1.0, 30.0, 2.5 ] },
						"east": { "texture": "#seraph", "uv": [ 30.0, 1.0, 30.5, 2.5 ] },
						"south": { "texture": "#seraph", "uv": [ 30.5, 1.0, 31.0, 2.5 ] },
						"west": { "texture": "#seraph", "uv": [ 31.0, 1.0, 31.5, 2.5 ] },
						"up": { "texture": "#seraph", "uv": [ 29.5, 0.5, 30.0, 1.0 ] }
					}
				},
				{
					"name": "Cube12",
					"from": [ 1.0, 4.7, 3.7 ],
					"to": [ 1.6, 6.2, 4.3 ],
					"uv": [ 31.125, 0.25 ],
					"rotationOrigin": [ 1.3, 5.0, 4.0 ],
					"rotationZ": -39.0,
					"faces": {
						"north": { "texture": "#seraph", "uv": [ 31.0, 1.0, 31.5, 2.5 ] },
						"east": { "texture": "#seraph", "uv": [ 32.0, 1.0, 32.5, 2.5 ] },
						"south": { "texture": "#seraph", "uv": [ 32.5, 1.0, 33.0, 2.5 ] },
						"west": { "texture": "#seraph", "uv": [ 33.0, 1.0, 33.5, 2.5 ] },
						"up": { "texture": "#seraph", "uv": [ 31.0, 0.5, 31.5, 1.0 ] }
					}
				},
				{
					"name": "Cube7",
					"from": [ 1.0, 4.7, 0.8 ],
					"to": [ 1.6, 6.2, 1.4 ],
					"uv": [ 28.875, 0.125 ],
					"rotationOrigin": [ 1.3, 5.0, 1.1 ],
					"rotationZ": -39.0,
					"faces": {
						"north": { "texture": "#seraph", "uv": [ 29.0, 1.0, 29.5, 2.5 ] },
						"east": { "texture": "#seraph", "uv": [ 29.5, 1.0, 30.0, 2.5 ] },
						"south": { "texture": "#seraph", "uv": [ 30.0, 1.0, 30.5, 2.5 ] },
						"west": { "texture": "#seraph", "uv": [ 30.5, 1.0, 31.0, 2.5 ] },
						"up": { "texture": "#seraph", "uv": [ 29.0, 0.0, 29.5, 0.5 ] }
					}
				}
			]
		}
	]}