{
	"editor": {
		"allAngles": true,
		"entityTextureMode": true
	},
	"textureWidth": 64,
	"textureHeight": 64,
	"textureSizes": {
		"seraph": [64,64]
	},
	"textures": {
	},
	"elements": [
		{
			"name": "hidefacialhair",
			"stepParentName": "Head",
			"from": [ -0.15, 1.1, 1.5 ],
			"to": [ 0.25, 1.4, 3.5 ],
			"unwrapMode": 2,
			"uv": [ 28.375, 0.75 ],
			"rotationOrigin": [ -0.2, 1.1, 1.5 ],
			"faces": {
				"north": { "texture": "#seraph", "uv": [ 31.0, 1.5, 31.5, 2.0 ] },
				"east": { "texture": "#seraph", "uv": [ 29.0, 1.5, 31.0, 2.0 ] },
				"south": { "texture": "#seraph", "uv": [ 28.5, 1.5, 29.0, 2.0 ] },
				"west": { "texture": "#seraph", "uv": [ 31.5, 1.5, 33.5, 2.0 ] },
				"up": { "texture": "#seraph", "uv": [ 29.0, 1.0, 31.0, 1.5 ], "rotation": 270 },
				"down": { "texture": "#seraph", "uv": [ 29.0, 2.0, 31.0, 2.5 ], "rotation": 270 }
			},
			"children": [
				{
					"name": "Cube2",
					"from": [ 1.5, 3.5, 1.5 ],
					"to": [ 2.7, 5.5, 2.7 ],
					"autoUnwrap": false,
					"uv": [ 27.5, 0.5 ],
					"rotationOrigin": [ 2.1, 3.5, 2.1 ],
					"rotationX": 15.0,
					"rotationY": -30.0,
					"rotationZ": -15.0,
					"faces": {
						"north": { "texture": "#seraph", "uv": [ 29.5, 0.5, 30.5, 2.5 ] },
						"east": { "texture": "#seraph", "uv": [ 32.5, 0.0, 33.5, 2.0 ] },
						"south": { "texture": "#seraph", "uv": [ 32.0, 0.0, 33.0, 2.0 ] },
						"west": { "texture": "#seraph", "uv": [ 32.5, 0.5, 33.5, 2.5 ] },
						"up": { "texture": "#seraph", "uv": [ 29.5, 0.5, 30.5, 1.5 ] },
						"down": { "texture": "#seraph", "uv": [ 31.0, 0.5, 32.0, 1.5 ] }
					},
					"children": [
						{
							"name": "Cube3",
							"from": [ 0.0, 1.6, 0.0 ],
							"to": [ 1.1, 3.2, 1.1 ],
							"uv": [ 28.125, -0.125 ],
							"rotationOrigin": [ 0.5, 1.6, 0.5 ],
							"rotationX": 15.0,
							"rotationZ": -30.0,
							"faces": {
								"north": { "texture": "#seraph", "uv": [ 28.0, 1.0, 29.0, 2.5 ] },
								"east": { "texture": "#seraph", "uv": [ 29.5, 1.0, 30.5, 2.5 ] },
								"south": { "texture": "#seraph", "uv": [ 30.5, 1.0, 31.5, 2.5 ] },
								"west": { "texture": "#seraph", "uv": [ 31.5, 1.0, 32.5, 2.5 ] },
								"up": { "texture": "#seraph", "uv": [ 28.0, 0.0, 29.0, 1.0 ] },
								"down": { "texture": "#seraph", "uv": [ 29.5, 0.0, 30.5, 1.0 ] }
							},
							"children": [
								{
									"name": "Cube4",
									"from": [ 0.0, 1.2, 0.0 ],
									"to": [ 1.0, 2.7, 1.0 ],
									"uv": [ 28.125, -0.125 ],
									"rotationOrigin": [ 0.5, 1.2, 0.5 ],
									"rotationX": 15.0,
									"rotationZ": -30.0,
									"faces": {
										"north": { "texture": "#seraph", "uv": [ 28.0, 1.0, 29.0, 2.5 ] },
										"east": { "texture": "#seraph", "uv": [ 29.5, 1.0, 30.5, 2.5 ] },
										"south": { "texture": "#seraph", "uv": [ 30.5, 1.0, 31.5, 2.5 ] },
										"west": { "texture": "#seraph", "uv": [ 31.5, 1.0, 32.5, 2.5 ] },
										"up": { "texture": "#seraph", "uv": [ 28.0, 0.0, 29.0, 1.0 ] },
										"down": { "texture": "#seraph", "uv": [ 29.5, 0.0, 30.5, 1.0 ] }
									},
									"children": [
										{
											"name": "Cube5",
											"from": [ 0.0, 1.1, 0.0 ],
											"to": [ 0.9, 2.6, 0.9 ],
											"uv": [ 28.875, 0.375 ],
											"rotationOrigin": [ 0.5, 1.1, 0.5 ],
											"rotationX": 15.0,
											"rotationZ": -30.0,
											"faces": {
												"north": { "texture": "#seraph", "uv": [ 29.0, 1.0, 29.5, 2.5 ] },
												"east": { "texture": "#seraph", "uv": [ 29.5, 1.0, 30.0, 2.5 ] },
												"south": { "texture": "#seraph", "uv": [ 30.0, 1.0, 30.5, 2.5 ] },
												"west": { "texture": "#seraph", "uv": [ 30.5, 1.0, 31.0, 2.5 ] },
												"up": { "texture": "#seraph", "uv": [ 29.0, 0.5, 29.5, 1.0 ] },
												"down": { "texture": "#seraph", "uv": [ 29.5, 0.5, 30.0, 1.0 ] }
											},
											"children": [
												{
													"name": "Cube6",
													"from": [ 0.0, 1.1, 0.0 ],
													"to": [ 0.8, 2.3, 0.8 ],
													"uv": [ 28.5, 0.625 ],
													"rotationOrigin": [ 0.5, 1.1, 0.5 ],
													"rotationX": 15.0,
													"rotationZ": -30.0,
													"faces": {
														"north": { "texture": "#seraph", "uv": [ 28.5, 1.5, 29.0, 2.5 ] },
														"east": { "texture": "#seraph", "uv": [ 29.0, 1.5, 29.5, 2.5 ] },
														"south": { "texture": "#seraph", "uv": [ 29.5, 1.5, 30.0, 2.5 ] },
														"west": { "texture": "#seraph", "uv": [ 30.0, 1.5, 30.5, 2.5 ] },
														"up": { "texture": "#seraph", "uv": [ 28.5, 0.5, 29.0, 1.0 ] },
														"down": { "texture": "#seraph", "uv": [ 29.0, 0.5, 29.5, 1.0 ] }
													}
												}
											]
										}
									]
								}
							]
						}
					]
				},
				{
					"name": "Cube7",
					"from": [ 1.5, 3.5, -0.7 ],
					"to": [ 2.7, 5.5, 0.5 ],
					"autoUnwrap": false,
					"uv": [ 28.875, -0.125 ],
					"rotationOrigin": [ 2.1, 3.5, -0.1 ],
					"rotationX": -15.0,
					"rotationY": 30.0,
					"rotationZ": -15.0,
					"faces": {
						"north": { "texture": "#seraph", "uv": [ 29.0, 0.0, 30.0, 2.0 ] },
						"east": { "texture": "#seraph", "uv": [ 30.0, 0.5, 31.0, 2.5 ] },
						"south": { "texture": "#seraph", "uv": [ 31.0, 0.0, 32.0, 2.0 ] },
						"west": { "texture": "#seraph", "uv": [ 32.0, 0.5, 33.0, 2.5 ] },
						"up": { "texture": "#seraph", "uv": [ 29.0, 0.0, 30.0, 1.0 ] },
						"down": { "texture": "#seraph", "uv": [ 30.0, 0.0, 31.0, 1.0 ] }
					},
					"children": [
						{
							"name": "Cube8",
							"from": [ 0.0, 1.6, 0.0 ],
							"to": [ 1.1, 3.2, 1.1 ],
							"uv": [ 28.125, -0.125 ],
							"rotationOrigin": [ 0.5, 1.6, 0.5 ],
							"rotationX": -15.0,
							"rotationZ": -30.0,
							"faces": {
								"north": { "texture": "#seraph", "uv": [ 28.0, 1.0, 29.0, 2.5 ] },
								"east": { "texture": "#seraph", "uv": [ 29.5, 1.0, 30.5, 2.5 ] },
								"south": { "texture": "#seraph", "uv": [ 30.5, 1.0, 31.5, 2.5 ] },
								"west": { "texture": "#seraph", "uv": [ 31.5, 1.0, 32.5, 2.5 ] },
								"up": { "texture": "#seraph", "uv": [ 28.0, 0.0, 29.0, 1.0 ] },
								"down": { "texture": "#seraph", "uv": [ 29.5, 0.0, 30.5, 1.0 ] }
							},
							"children": [
								{
									"name": "Cube9",
									"from": [ 0.0, 1.2, 0.0 ],
									"to": [ 1.0, 2.7, 1.0 ],
									"uv": [ 28.25, -0.125 ],
									"rotationOrigin": [ 0.5, 1.2, 0.5 ],
									"rotationX": -15.0,
									"rotationZ": -30.0,
									"faces": {
										"north": { "texture": "#seraph", "uv": [ 28.5, 1.0, 29.5, 2.5 ] },
										"east": { "texture": "#seraph", "uv": [ 29.5, 1.0, 30.5, 2.5 ] },
										"south": { "texture": "#seraph", "uv": [ 30.5, 1.0, 31.5, 2.5 ] },
										"west": { "texture": "#seraph", "uv": [ 31.5, 1.0, 32.5, 2.5 ] },
										"up": { "texture": "#seraph", "uv": [ 28.5, 0.0, 29.5, 1.0 ] },
										"down": { "texture": "#seraph", "uv": [ 29.5, 0.0, 30.5, 1.0 ] }
									},
									"children": [
										{
											"name": "Cube10",
											"from": [ 0.0, 1.1, 0.0 ],
											"to": [ 0.9, 2.6, 0.9 ],
											"uv": [ 28.875, 0.0 ],
											"rotationOrigin": [ 0.5, 1.1, 0.5 ],
											"rotationX": -15.0,
											"rotationZ": -30.0,
											"faces": {
												"north": { "texture": "#seraph", "uv": [ 28.875, 0.75, 29.625, 2.25 ] },
												"east": { "texture": "#seraph", "uv": [ 29.625, 0.75, 30.375, 2.25 ] },
												"south": { "texture": "#seraph", "uv": [ 30.375, 0.75, 31.125, 2.25 ] },
												"west": { "texture": "#seraph", "uv": [ 31.125, 0.75, 31.875, 2.25 ] },
												"up": { "texture": "#seraph", "uv": [ 28.875, 0.0, 29.625, 0.75 ] },
												"down": { "texture": "#seraph", "uv": [ 29.625, 0.0, 30.375, 0.75 ] }
											},
											"children": [
												{
													"name": "Cube11",
													"from": [ 0.0, 1.1, 0.0 ],
													"to": [ 0.8, 2.3, 0.8 ],
													"uv": [ 28.625, 0.25 ],
													"rotationOrigin": [ 0.5, 1.1, 0.5 ],
													"rotationX": -15.0,
													"rotationZ": -30.0,
													"faces": {
														"north": { "texture": "#seraph", "uv": [ 28.5, 1.0, 29.0, 2.0 ] },
														"east": { "texture": "#seraph", "uv": [ 29.5, 1.0, 30.0, 2.0 ] },
														"south": { "texture": "#seraph", "uv": [ 30.0, 1.0, 30.5, 2.0 ] },
														"west": { "texture": "#seraph", "uv": [ 30.5, 1.0, 31.0, 2.0 ] },
														"up": { "texture": "#seraph", "uv": [ 28.5, 0.5, 29.0, 1.0 ] },
														"down": { "texture": "#seraph", "uv": [ 29.5, 0.5, 30.0, 1.0 ] }
													}
												}
											]
										}
									]
								}
							]
						}
					]
				}
			]
		}
	]}