{
	"editor": {
		"allAngles": true,
		"entityTextureMode": true
	},
	"textureWidth": 64,
	"textureHeight": 64,
	"textureSizes": {
		"seraph": [64,64]
	},
	"textures": {
	},
	"elements": [
		{
			"name": "hidefacialhair",
			"stepParentName": "Head",
			"from": [ -0.15, 1.1, 2.0 ],
			"to": [ 0.05, 1.5, 3.0 ],
			"unwrapMode": 2,
			"uv": [ 22.75, 1.25 ],
			"rotationOrigin": [ 0.1, 1.5, 2.0 ],
			"faces": {
			},
			"children": [
				{
					"name": "Cube2",
					"from": [ 1.0, 3.7, -1.8 ],
					"to": [ 2.5, 5.7, -0.3 ],
					"autoUnwrap": false,
					"uv": [ 26.25, -1.15 ],
					"rotationOrigin": [ 1.55, 3.7, -0.2 ],
					"rotationX": -15.0,
					"rotationZ": -15.0,
					"faces": {
						"north": { "texture": "#seraph", "uv": [ 28.5, 0.5, 30.0, 2.5 ] },
						"east": { "texture": "#seraph", "uv": [ 28.0, 0.5, 29.5, 2.5 ] },
						"south": { "texture": "#seraph", "uv": [ 29.5, 0.5, 31.0, 2.5 ] },
						"west": { "texture": "#seraph", "uv": [ 31.0, 0.5, 32.5, 2.5 ] },
						"up": { "texture": "#seraph", "uv": [ 28.0, 0.5, 29.5, 2.0 ] }
					},
					"children": [
						{
							"name": "Cube3",
							"from": [ 0.1, 1.8, 0.1 ],
							"to": [ 1.4, 3.3, 1.4 ],
							"autoUnwrap": false,
							"uv": [ 26.75, -0.5 ],
							"rotationOrigin": [ 0.6, 1.8, 0.75 ],
							"rotationX": 15.0,
							"rotationZ": -8.0,
							"faces": {
								"north": { "texture": "#seraph", "uv": [ 28.5, 0.5, 29.5, 2.0 ] },
								"east": { "texture": "#seraph", "uv": [ 28.0, 0.5, 29.0, 2.0 ] },
								"south": { "texture": "#seraph", "uv": [ 29.0, 0.5, 30.0, 2.0 ] },
								"west": { "texture": "#seraph", "uv": [ 30.0, 0.5, 31.0, 2.0 ] },
								"up": { "texture": "#seraph", "uv": [ 30.5, 1.0, 31.5, 2.0 ] }
							},
							"children": [
								{
									"name": "Cube4",
									"from": [ 0.1, 1.3, 0.1 ],
									"to": [ 1.2, 2.3, 1.2 ],
									"uv": [ 28.0, 0.25 ],
									"rotationOrigin": [ 0.6, 1.3, 0.65 ],
									"rotationX": 15.0,
									"rotationZ": -8.0,
									"faces": {
										"north": { "texture": "#seraph", "uv": [ 28.0, 1.5, 29.0, 2.5 ] },
										"east": { "texture": "#seraph", "uv": [ 29.0, 1.5, 30.0, 2.5 ] },
										"south": { "texture": "#seraph", "uv": [ 30.0, 1.5, 31.0, 2.5 ] },
										"west": { "texture": "#seraph", "uv": [ 31.0, 1.5, 32.0, 2.5 ] },
										"up": { "texture": "#seraph", "uv": [ 28.0, 0.5, 29.0, 1.5 ] }
									}
								}
							]
						}
					]
				},
				{
					"name": "Cube5",
					"from": [ 1.0, 3.7, 1.3 ],
					"to": [ 2.5, 5.7, 2.8 ],
					"autoUnwrap": false,
					"uv": [ 27.45, -1.0 ],
					"rotationOrigin": [ 1.55, 3.7, 1.3 ],
					"rotationX": 15.0,
					"rotationZ": -15.0,
					"faces": {
						"north": { "texture": "#seraph", "uv": [ 28.5, 0.5, 30.0, 2.5 ] },
						"east": { "texture": "#seraph", "uv": [ 29.0, 0.5, 30.5, 2.5 ] },
						"south": { "texture": "#seraph", "uv": [ 30.5, 0.5, 32.0, 2.5 ] },
						"west": { "texture": "#seraph", "uv": [ 29.5, 0.5, 31.0, 2.5 ] },
						"up": { "texture": "#seraph", "uv": [ 29.0, 0.5, 30.5, 2.0 ] }
					},
					"children": [
						{
							"name": "Cube6",
							"from": [ 0.1, 1.8, 0.1 ],
							"to": [ 1.4, 3.3, 1.4 ],
							"autoUnwrap": false,
							"uv": [ 28.5, -0.25 ],
							"rotationOrigin": [ 0.6, 1.8, 0.75 ],
							"rotationX": -15.0,
							"rotationZ": -8.0,
							"faces": {
								"north": { "texture": "#seraph", "uv": [ 28.5, 1.0, 29.5, 2.5 ] },
								"east": { "texture": "#seraph", "uv": [ 29.5, 1.0, 30.5, 2.5 ] },
								"south": { "texture": "#seraph", "uv": [ 30.5, 1.0, 31.5, 2.5 ] },
								"west": { "texture": "#seraph", "uv": [ 31.5, 1.0, 32.5, 2.5 ] },
								"up": { "texture": "#seraph", "uv": [ 28.5, 0.5, 29.5, 1.5 ] }
							},
							"children": [
								{
									"name": "Cube7",
									"from": [ 0.1, 1.3, 0.1 ],
									"to": [ 1.2, 2.3, 1.2 ],
									"autoUnwrap": false,
									"uv": [ 28.25, -0.25 ],
									"rotationOrigin": [ 0.6, 1.3, 0.65 ],
									"rotationX": -15.0,
									"rotationZ": -8.0,
									"faces": {
										"north": { "texture": "#seraph", "uv": [ 28.5, 1.0, 29.5, 2.0 ] },
										"east": { "texture": "#seraph", "uv": [ 29.5, 1.0, 30.5, 2.0 ] },
										"south": { "texture": "#seraph", "uv": [ 30.5, 1.0, 31.5, 2.0 ] },
										"west": { "texture": "#seraph", "uv": [ 31.5, 1.0, 32.5, 2.0 ] },
										"up": { "texture": "#seraph", "uv": [ 29.5, 1.0, 30.5, 2.0 ] }
									}
								}
							]
						}
					]
				}
			]
		}
	]}