{
	"editor": {
		"allAngles": true,
		"entityTextureMode": true
	},
	"textureWidth": 64,
	"textureHeight": 64,
	"textureSizes": {
		"seraph": [64,64]
	},
	"textures": {
	},
	"elements": [
		{
			"name": "hidefacialhair",
			"stepParentName": "Head",
			"from": [ -0.15, 0.5, 2.2 ],
			"to": [ 0.05, 1.5, 2.8 ],
			"unwrapMode": 2,
			"uv": [ 19.25, 1.0 ],
			"rotationOrigin": [ 0.0, 0.9, 2.2 ],
			"faces": {
			},
			"children": [
				{
					"name": "broomR1",
					"from": [ 2.0, 4.6, 2.0 ],
					"to": [ 3.0, 7.8, 2.4 ],
					"unwrapMode": 2,
					"autoUnwrap": false,
					"uv": [ 31.75, -0.625 ],
					"rotationOrigin": [ 2.2, 5.8, 2.4 ],
					"rotationX": 16.0,
					"rotationY": -25.0,
					"faces": {
						"north": { "texture": "#seraph", "uv": [ 33.0, 0.375, 33.75, 3.375 ] },
						"east": { "texture": "#seraph", "uv": [ 32.625, 0.375, 33.0, 3.375 ] },
						"south": { "texture": "#seraph", "uv": [ 31.875, 0.375, 32.625, 3.375 ] },
						"west": { "texture": "#seraph", "uv": [ 33.75, 0.375, 34.125, 3.375 ] },
						"up": { "texture": "#seraph", "uv": [ 32.5, 0.5, 33.0, 1.5 ], "rotation": 270 },
						"down": { "texture": "#seraph", "uv": [ 32.0, 1.0, 32.5, 2.0 ], "rotation": 270 }
					}
				},
				{
					"name": "broomL2",
					"from": [ 2.1268, 4.2788, -1.4111 ],
					"to": [ 3.3268, 6.7788, -1.0111 ],
					"unwrapMode": 2,
					"autoUnwrap": false,
					"uv": [ 26.5, -0.125 ],
					"rotationOrigin": [ 2.3268, 5.7788, -1.4111 ],
					"rotationX": -21.298,
					"rotationY": 19.902,
					"rotationZ": 2.245,
					"faces": {
						"north": { "texture": "#seraph", "uv": [ 28.0, 1.0, 29.0, 3.5 ] },
						"east": { "texture": "#seraph", "uv": [ 28.0, 1.0, 28.5, 3.5 ] },
						"south": { "texture": "#seraph", "uv": [ 27.5, 1.0, 28.5, 3.5 ] },
						"west": { "texture": "#seraph", "uv": [ 29.5, 1.0, 30.0, 3.5 ] },
						"up": { "texture": "#seraph", "uv": [ 28.0, 0.0, 28.5, 1.0 ], "rotation": 270 },
						"down": { "texture": "#seraph", "uv": [ 28.0, 2.0, 28.5, 3.0 ], "rotation": 270 }
					}
				},
				{
					"name": "broomR2",
					"from": [ 2.1268, 4.2788, 1.7111 ],
					"to": [ 3.3268, 6.7788, 2.1111 ],
					"unwrapMode": 2,
					"autoUnwrap": false,
					"uv": [ 26.125, -0.25 ],
					"rotationOrigin": [ 2.3268, 5.7788, 2.1111 ],
					"rotationX": 21.298,
					"rotationY": -19.902,
					"rotationZ": 2.245,
					"faces": {
						"north": { "texture": "#seraph", "uv": [ 28.0, 1.0, 29.0, 3.5 ] },
						"east": { "texture": "#seraph", "uv": [ 27.5, 1.0, 28.0, 3.5 ] },
						"south": { "texture": "#seraph", "uv": [ 28.0, 1.0, 29.0, 3.5 ] },
						"west": { "texture": "#seraph", "uv": [ 29.0, 1.0, 29.5, 3.5 ] },
						"up": { "texture": "#seraph", "uv": [ 27.5, 1.0, 28.0, 2.0 ], "rotation": 270 },
						"down": { "texture": "#seraph", "uv": [ 28.5, 1.0, 29.0, 2.0 ], "rotation": 270 }
					}
				},
				{
					"name": "broomR3",
					"from": [ 2.0, 4.6, -1.7 ],
					"to": [ 3.0, 7.8, -1.3 ],
					"unwrapMode": 2,
					"autoUnwrap": false,
					"uv": [ 29.125, -0.625 ],
					"rotationOrigin": [ 2.2, 5.8, -1.3 ],
					"rotationX": -16.0,
					"rotationY": 25.0,
					"faces": {
						"north": { "texture": "#seraph", "uv": [ 30.375, 0.375, 31.125, 3.375 ] },
						"east": { "texture": "#seraph", "uv": [ 30.0, 0.375, 30.375, 3.375 ] },
						"south": { "texture": "#seraph", "uv": [ 29.25, 0.375, 30.0, 3.375 ] },
						"west": { "texture": "#seraph", "uv": [ 31.0, 0.5, 31.5, 3.5 ] },
						"up": { "texture": "#seraph", "uv": [ 30.0, 0.5, 30.5, 1.5 ], "rotation": 270 },
						"down": { "texture": "#seraph", "uv": [ 30.5, 1.0, 31.0, 2.0 ], "rotation": 270 }
					}
				}
			]
		}
	]}