{
	"editor": {
		"backDropShape": "entity/humanoid/seraph-hairless",
		"allAngles": true,
		"entityTextureMode": true
	},
	"textureWidth": 24,
	"textureHeight": 24,
	"textureSizes": {
	},
	"textures": {
		"hat-alchemist": "entity/humanoid/seraphclothes/head/alchemist",
	},
	"elements": [
		{
			"name": "Hat-Rim",
			"stepParentName": "Head",
			"from": [ -0.8, 3.1, -0.7 ], 
			"to": [ 6.7, 4.5, 5.8 ], 
			"autoUnwrap": false,
			"uv": [ 0.0, 8.5 ],
			"rotationOrigin": [ 3.1, 4.1, 2.7 ],
			"rotationX": -2.0,
			"rotationZ": -8.0,
			"faces": {
				"north": { "texture": "#hat-alchemist", "uv": [ 15.0, 23.0, 22.5, 24.0 ] },
				"east": { "texture": "#hat-alchemist", "uv": [ 15.0, 21.0, 21.5, 22.0 ] },
				"south": { "texture": "#hat-alchemist", "uv": [ 15.0, 22.0, 22.5, 23.0 ] },
				"west": { "texture": "#hat-alchemist", "uv": [ 15.0, 20.0, 21.5, 21.0 ] },
				"up": { "texture": "#hat-alchemist", "uv": [ 0.0, 17.5, 7.5, 24.0 ] },
				"down": { "texture": "#hat-alchemist", "uv": [ 7.5, 17.5, 15.0, 24.0 ] }
			},
			"children": [
				{
					"name": "Hat-Top",
					"from": [ 0.1, 1.2, 0.1 ], 
					"to": [ 7.3, 2.9, 6.4 ], 
					"autoUnwrap": false,
					"uv": [ 0.0, 10.0 ],
					"rotationOrigin": [ 3.9, 1.2, 3.2 ],
					"rotationX": -3.0,
					"faces": {
						"north": { "texture": "#hat-alchemist", "uv": [ 0.0, 16.0, 7.0, 17.5 ] },
						"east": { "texture": "#hat-alchemist", "uv": [ 7.0, 16.0, 13.0, 17.5 ] },
						"south": { "texture": "#hat-alchemist", "uv": [ 13.0, 16.0, 20.0, 17.5 ] },
						"west": { "texture": "#hat-alchemist", "uv": [ 15.0, 17.5, 21.0, 19.0 ] },
						"up": { "texture": "#hat-alchemist", "uv": [ 0.0, 10.0, 7.0, 16.0 ] },
						"down": { "texture": "#hat-alchemist", "uv": [ 0.0, 0.0, 7.0, 6.0 ], "enabled": false }
					},
					"children": [
						{
							"name": "Hat-Tip",
							"from": [ 1.0, 0.9, -1.6 ], 
							"to": [ 6.0, 2.9, 5.4 ], 
							"uv": [ 0.0, 1.0 ],
							"rotationOrigin": [ 3.5, 0.9, 3.4 ],
							"rotationX": -11.0,
							"rotationY": -42.0,
							"faces": {
								"north": { "texture": "#hat-alchemist", "uv": [ 0.0, 8.0, 5.0, 10.0 ] },
								"east": { "texture": "#hat-alchemist", "uv": [ 5.0, 8.0, 12.0, 10.0 ] },
								"south": { "texture": "#hat-alchemist", "uv": [ 12.0, 8.0, 17.0, 10.0 ] },
								"west": { "texture": "#hat-alchemist", "uv": [ 17.0, 8.0, 24.0, 10.0 ] },
								"up": { "texture": "#hat-alchemist", "uv": [ 0.0, 1.0, 5.0, 8.0 ] },
								"down": { "texture": "#hat-alchemist", "uv": [ 5.0, 1.0, 10.0, 8.0 ] }
							},
							"children": [
								{
									"name": "Hat-tip2",
									"from": [ 1.3, -3.0, -0.9 ], 
									"to": [ 4.3, 1.0, 2.1 ], 
									"autoUnwrap": false,
									"uv": [ 7.0, 9.0 ],
									"rotationOrigin": [ 2.8, 0.0, 0.6 ],
									"rotationX": 47.0,
									"faces": {
										"north": { "texture": "#hat-alchemist", "uv": [ 7.0, 12.0, 10.0, 16.0 ] },
										"east": { "texture": "#hat-alchemist", "uv": [ 10.0, 12.0, 13.0, 16.0 ] },
										"south": { "texture": "#hat-alchemist", "uv": [ 13.0, 12.0, 16.0, 16.0 ] },
										"west": { "texture": "#hat-alchemist", "uv": [ 16.0, 12.0, 19.0, 16.0 ] },
										"up": { "texture": "#hat-alchemist", "uv": [ 19.0, 10.0, 22.0, 13.0 ], "enabled": false },
										"down": { "texture": "#hat-alchemist", "uv": [ 19.0, 13.0, 22.0, 16.0 ] }
									}
								}
							]
						}
					]
				}
			]
		}
	]}