{
	"editor": {
		"backDropShape": "G:/Games/VSDEV/assets/game/shapes/entity/humanoid/seraph",
		"allAngles": false,
		"entityTextureMode": false
	},
	"textureWidth": 16,
	"textureHeight": 16,
	"textureSizes": {
	},
	"textures": {
		"gold": "block/metal/ingot/gold",
		"lapislazuli": "block/stone/gem/lapislazuli",
		"diamond": "block/stone/gem/diamond",
		"emerald": "block/stone/gem/emerald",
		"ruby": "block/stone/gem/ruby"
	},
	"elements": [
		{
			"name": "origin",
			"stepParentName": "Head",
			"from": [ 3.0, 5.0, 2.5 ], 
			"to": [ 3.0, 5.0, 2.5 ], 
			"rotationOrigin": [ 3.0, 5.0, 2.5 ],
			"rotationZ": -4.0,
			"faces": {
				"north": { "texture": "#null", "uv": [ 14.0, 11.5, 14.5, 12.0 ], "enabled": false },
				"east": { "texture": "#null", "uv": [ 6.5, 15.0, 7.0, 15.5 ], "enabled": false },
				"south": { "texture": "#null", "uv": [ 11.5, 10.0, 12.0, 10.5 ], "enabled": false },
				"west": { "texture": "#null", "uv": [ 14.0, 4.0, 14.5, 4.5 ], "enabled": false },
				"up": { "texture": "#null", "uv": [ 5.0, 13.5, 5.5, 14.0 ], "enabled": false },
				"down": { "texture": "#null", "uv": [ 12.0, 7.0, 12.5, 7.5 ], "enabled": false }
			},
			"children": [
				{
					"name": "bandW",
					"from": [ -3.7, -1.0, -3.2 ], 
					"to": [ -2.7, 0.0, 2.3 ], 
					"rotationOrigin": [ -3.7, -1.0, 0.1 ],
					"faces": {
						"north": { "texture": "#gold", "uv": [ 4.0, 3.0, 5.0, 4.0 ], "windMode": [-1,-1,-1,-1], "reflectiveMode": 2 },
						"east": { "texture": "#gold", "uv": [ 2.0, 13.5, 7.5, 14.5 ] },
						"south": { "texture": "#gold", "uv": [ 6.5, 9.5, 7.5, 10.5 ], "enabled": false },
						"west": { "texture": "#gold", "uv": [ 0.0, 1.0, 5.5, 2.0 ] },
						"up": { "texture": "#gold", "uv": [ 7.5, 2.5, 8.5, 8.0 ] },
						"down": { "texture": "#gold", "uv": [ 7.0, 7.0, 8.0, 12.5 ] }
					},
					"children": [
						{
							"name": "gem1",
							"from": [ -0.2, 0.1, 2.9 ], 
							"to": [ 0.0, 0.9, 3.7 ], 
							"rotationOrigin": [ 0.0, 0.5, 3.3 ],
							"faces": {
								"north": { "texture": "#ruby", "uv": [ 0.0, 6.5, 0.5, 7.0 ] },
								"east": { "texture": "#ruby", "uv": [ 2.0, 9.5, 2.5, 10.0 ], "enabled": false },
								"south": { "texture": "#ruby", "uv": [ 4.0, 4.0, 4.5, 4.5 ] },
								"west": { "texture": "#ruby", "uv": [ 2.0, 12.0, 2.5, 12.5 ] },
								"up": { "texture": "#ruby", "uv": [ 7.0, 1.5, 7.5, 2.0 ] },
								"down": { "texture": "#ruby", "uv": [ 7.5, 13.0, 8.0, 13.5 ] }
							}
						},
						{
							"name": "gem2",
							"from": [ -0.2, 0.2, 4.6 ], 
							"to": [ 0.0, 0.8, 5.2 ], 
							"rotationOrigin": [ 0.0, 0.5, 4.9 ],
							"rotationX": -45.0,
							"faces": {
								"north": { "texture": "#emerald", "uv": [ 11.5, 0.5, 12.0, 1.0 ] },
								"east": { "texture": "#emerald", "uv": [ 9.5, 14.5, 10.0, 15.0 ], "enabled": false },
								"south": { "texture": "#emerald", "uv": [ 1.5, 13.0, 2.0, 13.5 ] },
								"west": { "texture": "#emerald", "uv": [ 1.5, 6.0, 2.0, 6.5 ] },
								"up": { "texture": "#emerald", "uv": [ 2.5, 5.5, 3.0, 6.0 ] },
								"down": { "texture": "#emerald", "uv": [ 2.0, 1.0, 2.5, 1.5 ] }
							}
						},
						{
							"name": "gem3",
							"from": [ -0.2, 0.2, 1.6 ], 
							"to": [ 0.0, 0.8, 2.2 ], 
							"rotationOrigin": [ 0.0, 0.5, 1.9 ],
							"rotationX": -45.0,
							"faces": {
								"north": { "texture": "#emerald", "uv": [ 0.5, 13.5, 1.0, 14.0 ] },
								"east": { "texture": "#emerald", "uv": [ 0.0, 7.0, 0.5, 7.5 ], "enabled": false },
								"south": { "texture": "#emerald", "uv": [ 4.5, 8.5, 5.0, 9.0 ] },
								"west": { "texture": "#emerald", "uv": [ 13.0, 11.0, 13.5, 11.5 ] },
								"up": { "texture": "#emerald", "uv": [ 0.0, 6.5, 0.5, 7.0 ] },
								"down": { "texture": "#emerald", "uv": [ 13.0, 2.5, 13.5, 3.0 ] }
							}
						},
						{
							"name": "gem4",
							"from": [ -0.2, 0.2, 5.7 ], 
							"to": [ 0.0, 0.8, 6.3 ], 
							"rotationOrigin": [ 0.0, 0.5, 6.0 ],
							"faces": {
								"north": { "texture": "#lapislazuli", "uv": [ 11.5, 14.5, 12.0, 15.0 ] },
								"east": { "texture": "#lapislazuli", "uv": [ 6.5, 1.5, 7.0, 2.0 ], "enabled": false },
								"south": { "texture": "#lapislazuli", "uv": [ 1.0, 6.0, 1.5, 6.5 ] },
								"west": { "texture": "#lapislazuli", "uv": [ 7.5, 6.0, 8.0, 6.5 ] },
								"up": { "texture": "#lapislazuli", "uv": [ 4.0, 4.0, 4.5, 4.5 ] },
								"down": { "texture": "#lapislazuli", "uv": [ 2.5, 5.0, 3.0, 5.5 ] }
							}
						},
						{
							"name": "gem5",
							"from": [ -0.2, 0.2, 0.3 ], 
							"to": [ 0.0, 0.8, 0.9 ], 
							"rotationOrigin": [ 0.0, 0.5, 0.6 ],
							"faces": {
								"north": { "texture": "#lapislazuli", "uv": [ 14.0, 9.0, 14.5, 9.5 ] },
								"east": { "texture": "#lapislazuli", "uv": [ 12.0, 7.0, 12.5, 7.5 ], "enabled": false },
								"south": { "texture": "#lapislazuli", "uv": [ 6.0, 5.5, 6.5, 6.0 ] },
								"west": { "texture": "#lapislazuli", "uv": [ 4.0, 12.5, 4.5, 13.0 ] },
								"up": { "texture": "#lapislazuli", "uv": [ 5.0, 14.5, 5.5, 15.0 ] },
								"down": { "texture": "#lapislazuli", "uv": [ 14.5, 7.5, 15.0, 8.0 ] }
							}
						},
						{
							"name": "trimW1",
							"from": [ -0.2, -0.2, 0.3 ], 
							"to": [ 0.2, 0.0, 6.6 ], 
							"rotationOrigin": [ 0.0, -0.2, 0.3 ],
							"faces": {
								"north": { "texture": "#gold", "uv": [ 8.5, 1.5, 9.0, 2.0 ], "enabled": false },
								"east": { "texture": "#gold", "uv": [ 5.5, 0.0, 11.5, 0.5 ] },
								"south": { "texture": "#gold", "uv": [ 6.5, 13.0, 7.0, 13.5 ] },
								"west": { "texture": "#gold", "uv": [ 2.5, 9.5, 8.5, 10.0 ] },
								"up": { "texture": "#gold", "uv": [ 5.0, 3.5, 5.5, 9.5 ] },
								"down": { "texture": "#gold", "uv": [ 12.0, 6.5, 12.5, 12.5 ] }
							}
						},
						{
							"name": "trimW2",
							"from": [ -0.2, 1.0, 0.3 ], 
							"to": [ 0.2, 1.2, 6.6 ], 
							"rotationOrigin": [ 0.0, 1.0, 0.3 ],
							"faces": {
								"north": { "texture": "#gold", "uv": [ 5.0, 8.5, 5.5, 9.0 ], "enabled": false },
								"east": { "texture": "#gold", "uv": [ 3.0, 12.5, 9.0, 13.0 ] },
								"south": { "texture": "#gold", "uv": [ 4.5, 9.0, 5.0, 9.5 ] },
								"west": { "texture": "#gold", "uv": [ 3.0, 14.0, 9.0, 14.5 ] },
								"up": { "texture": "#gold", "uv": [ 13.0, 3.0, 13.5, 9.0 ] },
								"down": { "texture": "#gold", "uv": [ 7.0, 4.0, 7.5, 10.0 ] }
							}
						},
						{
							"name": "toothW1",
							"from": [ -0.1, 1.2, 2.9 ], 
							"to": [ 0.4, 3.2, 3.7 ], 
							"rotationOrigin": [ -0.1, 1.2, 3.3 ],
							"faces": {
								"north": { "texture": "#gold", "uv": [ 0.0, 3.5, 0.5, 5.5 ] },
								"east": { "texture": "#gold", "uv": [ 4.5, 8.0, 5.0, 10.0 ] },
								"south": { "texture": "#gold", "uv": [ 14.0, 10.5, 14.5, 12.5 ] },
								"west": { "texture": "#gold", "uv": [ 7.5, 13.5, 8.0, 15.5 ] },
								"up": { "texture": "#gold", "uv": [ 2.5, 12.0, 3.0, 12.5 ] },
								"down": { "texture": "#gold", "uv": [ 7.5, 7.5, 8.0, 8.0 ], "enabled": false }
							},
							"children": [
								{
									"name": "gem28",
									"from": [ -0.2, 0.4, 0.3 ], 
									"to": [ 0.0, 0.6, 0.5 ], 
									"rotationOrigin": [ 0.0, 0.5, 0.4 ],
									"rotationX": -45.0,
									"faces": {
										"north": { "texture": "#diamond", "uv": [ 7.5, 10.0, 8.0, 10.5 ] },
										"east": { "texture": "#diamond", "uv": [ 5.5, 7.0, 6.0, 7.5 ], "enabled": false },
										"south": { "texture": "#diamond", "uv": [ 14.0, 0.5, 14.5, 1.0 ] },
										"west": { "texture": "#diamond", "uv": [ 0.5, 2.0, 1.0, 2.5 ] },
										"up": { "texture": "#diamond", "uv": [ 8.0, 12.5, 8.5, 13.0 ] },
										"down": { "texture": "#diamond", "uv": [ 5.5, 14.0, 6.0, 14.5 ] }
									}
								},
								{
									"name": "gem29",
									"from": [ -0.2, 1.4, 0.3 ], 
									"to": [ 0.0, 1.6, 0.5 ], 
									"rotationOrigin": [ 0.0, 1.5, 0.4 ],
									"rotationX": -45.0,
									"faces": {
										"north": { "texture": "#lapislazuli", "uv": [ 6.0, 2.0, 6.5, 2.5 ] },
										"east": { "texture": "#lapislazuli", "uv": [ 12.0, 15.0, 12.5, 15.5 ], "enabled": false },
										"south": { "texture": "#lapislazuli", "uv": [ 7.0, 12.5, 7.5, 13.0 ] },
										"west": { "texture": "#lapislazuli", "uv": [ 12.0, 5.5, 12.5, 6.0 ] },
										"up": { "texture": "#lapislazuli", "uv": [ 3.0, 8.5, 3.5, 9.0 ] },
										"down": { "texture": "#lapislazuli", "uv": [ 2.0, 12.0, 2.5, 12.5 ] }
									}
								},
								{
									"name": "gem30",
									"from": [ -0.2, 0.9, 0.3 ], 
									"to": [ 0.0, 1.1, 0.5 ], 
									"rotationOrigin": [ 0.0, 1.0, 0.4 ],
									"rotationX": -45.0,
									"faces": {
										"north": { "texture": "#emerald", "uv": [ 14.5, 12.5, 15.0, 13.0 ] },
										"east": { "texture": "#emerald", "uv": [ 2.5, 3.5, 3.0, 4.0 ], "enabled": false },
										"south": { "texture": "#emerald", "uv": [ 14.0, 9.5, 14.5, 10.0 ] },
										"west": { "texture": "#emerald", "uv": [ 13.0, 15.0, 13.5, 15.5 ] },
										"up": { "texture": "#emerald", "uv": [ 13.5, 5.0, 14.0, 5.5 ] },
										"down": { "texture": "#emerald", "uv": [ 13.0, 8.5, 13.5, 9.0 ] }
									}
								},
								{
									"name": "spike1",
									"from": [ 0.0, 2.0, 0.2 ], 
									"to": [ 0.5, 2.5, 0.6 ], 
									"rotationOrigin": [ 0.0, 2.0, 0.2 ],
									"faces": {
										"north": { "texture": "#gold", "uv": [ 10.0, 10.0, 10.5, 10.5 ] },
										"east": { "texture": "#gold", "uv": [ 12.0, 2.5, 12.5, 3.0 ] },
										"south": { "texture": "#gold", "uv": [ 11.5, 14.0, 12.0, 14.5 ] },
										"west": { "texture": "#gold", "uv": [ 0.0, 13.5, 0.5, 14.0 ] },
										"up": { "texture": "#gold", "uv": [ 1.0, 5.5, 1.5, 6.0 ] },
										"down": { "texture": "#gold", "uv": [ 0.5, 10.0, 1.0, 10.5 ], "enabled": false }
									}
								},
								{
									"name": "spike2",
									"from": [ 0.0, 1.5, -1.4 ], 
									"to": [ 0.5, 2.0, -1.0 ], 
									"rotationOrigin": [ 0.0, 1.5, -1.4 ],
									"faces": {
										"north": { "texture": "#gold", "uv": [ 0.5, 4.5, 1.0, 5.0 ] },
										"east": { "texture": "#gold", "uv": [ 13.5, 6.0, 14.0, 6.5 ] },
										"south": { "texture": "#gold", "uv": [ 10.0, 12.5, 10.5, 13.0 ] },
										"west": { "texture": "#gold", "uv": [ 0.5, 2.0, 1.0, 2.5 ] },
										"up": { "texture": "#gold", "uv": [ 11.5, 13.5, 12.0, 14.0 ] },
										"down": { "texture": "#gold", "uv": [ 9.5, 8.0, 10.0, 8.5 ], "enabled": false }
									}
								},
								{
									"name": "spike3",
									"from": [ 0.0, 1.5, 1.8 ], 
									"to": [ 0.5, 2.0, 2.2 ], 
									"rotationOrigin": [ 0.0, 1.5, 1.8 ],
									"faces": {
										"north": { "texture": "#gold", "uv": [ 2.0, 6.0, 2.5, 6.5 ] },
										"east": { "texture": "#gold", "uv": [ 13.5, 13.5, 14.0, 14.0 ] },
										"south": { "texture": "#gold", "uv": [ 14.5, 9.0, 15.0, 9.5 ] },
										"west": { "texture": "#gold", "uv": [ 12.5, 9.5, 13.0, 10.0 ] },
										"up": { "texture": "#gold", "uv": [ 12.5, 3.5, 13.0, 4.0 ] },
										"down": { "texture": "#gold", "uv": [ 12.0, 12.5, 12.5, 13.0 ], "enabled": false }
									}
								},
								{
									"name": "spike4",
									"from": [ 7.1, 1.5, 1.8 ], 
									"to": [ 7.6, 2.0, 2.2 ], 
									"rotationOrigin": [ 7.1, 1.5, 1.8 ],
									"faces": {
										"north": { "texture": "#gold", "uv": [ 3.5, 2.5, 4.0, 3.0 ] },
										"east": { "texture": "#gold", "uv": [ 11.0, 1.5, 11.5, 2.0 ] },
										"south": { "texture": "#gold", "uv": [ 12.0, 11.5, 12.5, 12.0 ] },
										"west": { "texture": "#gold", "uv": [ 6.5, 4.5, 7.0, 5.0 ] },
										"up": { "texture": "#gold", "uv": [ 15.0, 7.0, 15.5, 7.5 ] },
										"down": { "texture": "#gold", "uv": [ 13.5, 3.0, 14.0, 3.5 ], "enabled": false }
									}
								},
								{
									"name": "spike5",
									"from": [ 7.1, 1.5, -1.4 ], 
									"to": [ 7.6, 2.0, -1.0 ], 
									"rotationOrigin": [ 7.1, 1.5, -1.4 ],
									"faces": {
										"north": { "texture": "#gold", "uv": [ 13.0, 6.0, 13.5, 6.5 ] },
										"east": { "texture": "#gold", "uv": [ 14.5, 2.5, 15.0, 3.0 ] },
										"south": { "texture": "#gold", "uv": [ 13.0, 5.0, 13.5, 5.5 ] },
										"west": { "texture": "#gold", "uv": [ 8.5, 2.0, 9.0, 2.5 ] },
										"up": { "texture": "#gold", "uv": [ 12.5, 13.0, 13.0, 13.5 ] },
										"down": { "texture": "#gold", "uv": [ 6.0, 2.5, 6.5, 3.0 ], "enabled": false }
									}
								},
								{
									"name": "spike6",
									"from": [ 7.1, 2.0, 0.2 ], 
									"to": [ 7.6, 2.5, 0.6 ], 
									"rotationOrigin": [ 7.1, 2.0, 0.2 ],
									"faces": {
										"north": { "texture": "#gold", "uv": [ 10.5, 13.0, 11.0, 13.5 ] },
										"east": { "texture": "#gold", "uv": [ 13.5, 9.5, 14.0, 10.0 ] },
										"south": { "texture": "#gold", "uv": [ 1.5, 7.0, 2.0, 7.5 ] },
										"west": { "texture": "#gold", "uv": [ 5.5, 12.5, 6.0, 13.0 ] },
										"up": { "texture": "#gold", "uv": [ 3.5, 2.0, 4.0, 2.5 ] },
										"down": { "texture": "#gold", "uv": [ 3.5, 1.0, 4.0, 1.5 ], "enabled": false }
									}
								},
								{
									"name": "spike7",
									"from": [ 3.6, 2.0, 3.1 ], 
									"to": [ 4.0, 2.5, 3.6 ], 
									"rotationOrigin": [ 3.6, 2.0, 3.2 ],
									"faces": {
										"north": { "texture": "#gold", "uv": [ 4.5, 11.5, 5.0, 12.0 ] },
										"east": { "texture": "#gold", "uv": [ 9.5, 6.5, 10.0, 7.0 ] },
										"south": { "texture": "#gold", "uv": [ 2.0, 1.0, 2.5, 1.5 ] },
										"west": { "texture": "#gold", "uv": [ 4.0, 0.0, 4.5, 0.5 ] },
										"up": { "texture": "#gold", "uv": [ 10.0, 8.5, 10.5, 9.0 ] },
										"down": { "texture": "#gold", "uv": [ 8.0, 8.0, 8.5, 8.5 ], "enabled": false }
									}
								},
								{
									"name": "spike8",
									"from": [ 3.6, 2.0, -2.9 ], 
									"to": [ 4.0, 2.5, -2.4 ], 
									"rotationOrigin": [ 3.6, 2.0, -2.8 ],
									"faces": {
										"north": { "texture": "#gold", "uv": [ 13.0, 12.0, 13.5, 12.5 ] },
										"east": { "texture": "#gold", "uv": [ 4.0, 8.5, 4.5, 9.0 ] },
										"south": { "texture": "#gold", "uv": [ 7.5, 11.5, 8.0, 12.0 ] },
										"west": { "texture": "#gold", "uv": [ 5.5, 10.0, 6.0, 10.5 ] },
										"up": { "texture": "#gold", "uv": [ 5.5, 6.0, 6.0, 6.5 ] },
										"down": { "texture": "#gold", "uv": [ 1.0, 14.0, 1.5, 14.5 ], "enabled": false }
									}
								},
								{
									"name": "spike9",
									"from": [ 2.1, 1.5, -2.9 ], 
									"to": [ 2.5, 2.0, -2.4 ], 
									"rotationOrigin": [ 2.1, 1.5, -2.8 ],
									"faces": {
										"north": { "texture": "#gold", "uv": [ 2.0, 14.5, 2.5, 15.0 ] },
										"east": { "texture": "#gold", "uv": [ 5.0, 6.5, 5.5, 7.0 ] },
										"south": { "texture": "#gold", "uv": [ 14.0, 7.0, 14.5, 7.5 ] },
										"west": { "texture": "#gold", "uv": [ 4.5, 7.5, 5.0, 8.0 ] },
										"up": { "texture": "#gold", "uv": [ 5.0, 8.5, 5.5, 9.0 ] },
										"down": { "texture": "#gold", "uv": [ 5.0, 1.5, 5.5, 2.0 ], "enabled": false }
									}
								},
								{
									"name": "spike10",
									"from": [ 5.1, 1.5, -2.9 ], 
									"to": [ 5.5, 2.0, -2.4 ], 
									"rotationOrigin": [ 5.1, 1.5, -2.8 ],
									"faces": {
										"north": { "texture": "#gold", "uv": [ 5.0, 1.5, 5.5, 2.0 ] },
										"east": { "texture": "#gold", "uv": [ 1.5, 11.5, 2.0, 12.0 ] },
										"south": { "texture": "#gold", "uv": [ 12.0, 11.0, 12.5, 11.5 ] },
										"west": { "texture": "#gold", "uv": [ 6.5, 6.5, 7.0, 7.0 ] },
										"up": { "texture": "#gold", "uv": [ 10.0, 7.5, 10.5, 8.0 ] },
										"down": { "texture": "#gold", "uv": [ 11.0, 3.0, 11.5, 3.5 ], "enabled": false }
									}
								},
								{
									"name": "spike11",
									"from": [ 5.1, 1.5, 3.1 ], 
									"to": [ 5.5, 2.0, 3.6 ], 
									"rotationOrigin": [ 5.1, 1.5, 3.2 ],
									"faces": {
										"north": { "texture": "#gold", "uv": [ 11.0, 2.5, 11.5, 3.0 ] },
										"east": { "texture": "#gold", "uv": [ 11.0, 0.5, 11.5, 1.0 ] },
										"south": { "texture": "#gold", "uv": [ 1.0, 1.0, 1.5, 1.5 ] },
										"west": { "texture": "#gold", "uv": [ 6.0, 10.5, 6.5, 11.0 ] },
										"up": { "texture": "#gold", "uv": [ 8.0, 3.5, 8.5, 4.0 ] },
										"down": { "texture": "#gold", "uv": [ 10.5, 6.5, 11.0, 7.0 ], "enabled": false }
									}
								},
								{
									"name": "spike12",
									"from": [ 2.1, 1.5, 3.1 ], 
									"to": [ 2.5, 2.0, 3.6 ], 
									"rotationOrigin": [ 2.1, 1.5, 3.2 ],
									"faces": {
										"north": { "texture": "#gold", "uv": [ 2.5, 1.5, 3.0, 2.0 ] },
										"east": { "texture": "#gold", "uv": [ 3.5, 2.5, 4.0, 3.0 ] },
										"south": { "texture": "#gold", "uv": [ 1.0, 4.0, 1.5, 4.5 ] },
										"west": { "texture": "#gold", "uv": [ 7.5, 3.5, 8.0, 4.0 ] },
										"up": { "texture": "#gold", "uv": [ 8.5, 1.5, 9.0, 2.0 ] },
										"down": { "texture": "#gold", "uv": [ 4.5, 3.0, 5.0, 3.5 ], "enabled": false }
									}
								}
							]
						},
						{
							"name": "toothW2",
							"from": [ -0.1, 1.2, 1.3 ], 
							"to": [ 0.4, 2.7, 2.1 ], 
							"rotationOrigin": [ -0.1, 1.2, 1.7 ],
							"faces": {
								"north": { "texture": "#gold", "uv": [ 6.5, 12.5, 7.0, 14.0 ] },
								"east": { "texture": "#gold", "uv": [ 3.5, 2.5, 4.0, 4.0 ] },
								"south": { "texture": "#gold", "uv": [ 12.5, 3.0, 13.0, 4.5 ] },
								"west": { "texture": "#gold", "uv": [ 14.0, 2.0, 14.5, 3.5 ] },
								"up": { "texture": "#gold", "uv": [ 9.5, 3.0, 10.0, 3.5 ] },
								"down": { "texture": "#gold", "uv": [ 5.0, 7.5, 5.5, 8.0 ], "enabled": false }
							},
							"children": [
								{
									"name": "gem34",
									"from": [ -0.2, 0.4, 0.3 ], 
									"to": [ 0.0, 0.6, 0.5 ], 
									"rotationOrigin": [ 0.0, 0.5, 0.4 ],
									"rotationX": -45.0,
									"faces": {
										"north": { "texture": "#diamond", "uv": [ 12.0, 13.0, 12.5, 13.5 ] },
										"east": { "texture": "#diamond", "uv": [ 0.0, 1.5, 0.5, 2.0 ], "enabled": false },
										"south": { "texture": "#diamond", "uv": [ 12.5, 4.0, 13.0, 4.5 ] },
										"west": { "texture": "#diamond", "uv": [ 14.5, 4.5, 15.0, 5.0 ] },
										"up": { "texture": "#diamond", "uv": [ 6.0, 9.0, 6.5, 9.5 ] },
										"down": { "texture": "#diamond", "uv": [ 6.5, 6.0, 7.0, 6.5 ] }
									}
								},
								{
									"name": "gem35",
									"from": [ -0.2, 0.9, 0.3 ], 
									"to": [ 0.0, 1.1, 0.5 ], 
									"rotationOrigin": [ 0.0, 1.0, 0.4 ],
									"rotationX": -45.0,
									"faces": {
										"north": { "texture": "#lapislazuli", "uv": [ 7.0, 14.0, 7.5, 14.5 ] },
										"east": { "texture": "#lapislazuli", "uv": [ 12.0, 15.0, 12.5, 15.5 ], "enabled": false },
										"south": { "texture": "#lapislazuli", "uv": [ 8.5, 1.0, 9.0, 1.5 ] },
										"west": { "texture": "#lapislazuli", "uv": [ 9.0, 10.0, 9.5, 10.5 ] },
										"up": { "texture": "#lapislazuli", "uv": [ 0.0, 9.0, 0.5, 9.5 ] },
										"down": { "texture": "#lapislazuli", "uv": [ 12.0, 8.0, 12.5, 8.5 ] }
									}
								}
							]
						},
						{
							"name": "toothW3",
							"from": [ -0.1, 1.2, 0.0 ], 
							"to": [ 0.4, 2.2, 0.5 ], 
							"rotationOrigin": [ -0.1, 1.2, 0.4 ],
							"faces": {
								"north": { "texture": "#gold", "uv": [ 11.5, 10.5, 12.0, 11.5 ] },
								"east": { "texture": "#gold", "uv": [ 2.0, 10.0, 2.5, 11.0 ] },
								"south": { "texture": "#gold", "uv": [ 8.0, 13.0, 8.5, 14.0 ] },
								"west": { "texture": "#gold", "uv": [ 13.0, 2.0, 13.5, 3.0 ] },
								"up": { "texture": "#gold", "uv": [ 7.5, 14.5, 8.0, 15.0 ] },
								"down": { "texture": "#gold", "uv": [ 2.5, 7.5, 3.0, 8.0 ], "enabled": false }
							}
						},
						{
							"name": "toothW4",
							"from": [ -0.1, 1.2, 6.0 ], 
							"to": [ 0.4, 2.2, 6.5 ], 
							"rotationOrigin": [ -0.1, 1.2, 6.4 ],
							"faces": {
								"north": { "texture": "#gold", "uv": [ 2.5, 5.0, 3.0, 6.0 ] },
								"east": { "texture": "#gold", "uv": [ 5.0, 13.5, 5.5, 14.5 ] },
								"south": { "texture": "#gold", "uv": [ 11.5, 2.0, 12.0, 3.0 ] },
								"west": { "texture": "#gold", "uv": [ 6.0, 0.5, 6.5, 1.5 ] },
								"up": { "texture": "#gold", "uv": [ 11.5, 12.0, 12.0, 12.5 ] },
								"down": { "texture": "#gold", "uv": [ 6.0, 0.0, 6.5, 0.5 ], "enabled": false }
							}
						},
						{
							"name": "toothW5",
							"from": [ -0.1, 1.2, 4.5 ], 
							"to": [ 0.4, 2.7, 5.3 ], 
							"rotationOrigin": [ -0.1, 1.2, 4.9 ],
							"faces": {
								"north": { "texture": "#gold", "uv": [ 0.5, 10.0, 1.0, 11.5 ] },
								"east": { "texture": "#gold", "uv": [ 10.0, 8.5, 10.5, 10.0 ] },
								"south": { "texture": "#gold", "uv": [ 11.5, 10.5, 12.0, 12.0 ] },
								"west": { "texture": "#gold", "uv": [ 14.0, 3.0, 14.5, 4.5 ] },
								"up": { "texture": "#gold", "uv": [ 6.5, 9.5, 7.0, 10.0 ] },
								"down": { "texture": "#gold", "uv": [ 8.5, 10.0, 9.0, 10.5 ], "enabled": false }
							},
							"children": [
								{
									"name": "gem37",
									"from": [ -0.2, 0.4, 0.3 ], 
									"to": [ 0.0, 0.6, 0.5 ], 
									"rotationOrigin": [ 0.0, 0.5, 0.4 ],
									"rotationX": -45.0,
									"faces": {
										"north": { "texture": "#diamond", "uv": [ 13.0, 9.0, 13.5, 9.5 ] },
										"east": { "texture": "#diamond", "uv": [ 12.5, 12.0, 13.0, 12.5 ], "enabled": false },
										"south": { "texture": "#diamond", "uv": [ 10.5, 8.5, 11.0, 9.0 ] },
										"west": { "texture": "#diamond", "uv": [ 9.0, 8.5, 9.5, 9.0 ] },
										"up": { "texture": "#diamond", "uv": [ 3.0, 7.5, 3.5, 8.0 ] },
										"down": { "texture": "#diamond", "uv": [ 12.0, 3.0, 12.5, 3.5 ] }
									}
								},
								{
									"name": "gem36",
									"from": [ -0.2, 0.9, 0.3 ], 
									"to": [ 0.0, 1.1, 0.5 ], 
									"rotationOrigin": [ 0.0, 1.0, 0.4 ],
									"rotationX": -45.0,
									"faces": {
										"north": { "texture": "#lapislazuli", "uv": [ 12.5, 5.0, 13.0, 5.5 ] },
										"east": { "texture": "#lapislazuli", "uv": [ 11.5, 0.5, 12.0, 1.0 ], "enabled": false },
										"south": { "texture": "#lapislazuli", "uv": [ 9.0, 12.0, 9.5, 12.5 ] },
										"west": { "texture": "#lapislazuli", "uv": [ 3.0, 5.0, 3.5, 5.5 ] },
										"up": { "texture": "#lapislazuli", "uv": [ 3.5, 2.5, 4.0, 3.0 ] },
										"down": { "texture": "#lapislazuli", "uv": [ 15.0, 10.5, 15.5, 11.0 ] }
									}
								}
							]
						}
					]
				},
				{
					"name": "bandE",
					"from": [ 2.8, -1.0, -2.3 ], 
					"to": [ 3.8, 0.0, 3.3 ], 
					"rotationOrigin": [ 2.8, -1.0, 0.0 ],
					"faces": {
						"north": { "texture": "#gold", "uv": [ 10.5, 13.5, 11.5, 14.5 ], "enabled": false, "windMode": [-1,-1,-1,-1] },
						"east": { "texture": "#gold", "uv": [ 9.0, 9.0, 14.5, 10.0 ] },
						"south": { "texture": "#gold", "uv": [ 0.5, 14.5, 1.5, 15.5 ] },
						"west": { "texture": "#gold", "uv": [ 2.5, 9.5, 8.0, 10.5 ] },
						"up": { "texture": "#gold", "uv": [ 3.5, 8.5, 4.5, 14.0 ] },
						"down": { "texture": "#gold", "uv": [ 13.0, 6.5, 14.0, 12.0 ] }
					},
					"children": [
						{
							"name": "gem10",
							"from": [ 1.0, 0.2, 4.7 ], 
							"to": [ 1.2, 0.8, 5.3 ], 
							"rotationOrigin": [ 1.2, 0.5, 5.0 ],
							"faces": {
								"north": { "texture": "#lapislazuli", "uv": [ 0.5, 7.5, 1.0, 8.0 ] },
								"east": { "texture": "#lapislazuli", "uv": [ 11.5, 5.0, 12.0, 5.5 ], "windMode": [-1,-1,-1,-1] },
								"south": { "texture": "#lapislazuli", "uv": [ 1.5, 6.0, 2.0, 6.5 ] },
								"west": { "texture": "#lapislazuli", "uv": [ 3.0, 5.0, 3.5, 5.5 ], "enabled": false, "windMode": [-1,-1,-1,-1] },
								"up": { "texture": "#lapislazuli", "uv": [ 11.0, 12.5, 11.5, 13.0 ] },
								"down": { "texture": "#lapislazuli", "uv": [ 15.0, 9.5, 15.5, 10.0 ] }
							}
						},
						{
							"name": "gem11",
							"from": [ 1.0, 0.2, -0.7 ], 
							"to": [ 1.2, 0.8, -0.1 ], 
							"rotationOrigin": [ 1.2, 0.5, -0.4 ],
							"faces": {
								"north": { "texture": "#lapislazuli", "uv": [ 8.0, 0.5, 8.5, 1.0 ] },
								"east": { "texture": "#lapislazuli", "uv": [ 7.0, 8.5, 7.5, 9.0 ], "windMode": [-1,-1,-1,-1] },
								"south": { "texture": "#lapislazuli", "uv": [ 1.5, 4.5, 2.0, 5.0 ] },
								"west": { "texture": "#lapislazuli", "uv": [ 10.0, 11.0, 10.5, 11.5 ], "enabled": false },
								"up": { "texture": "#lapislazuli", "uv": [ 5.5, 11.0, 6.0, 11.5 ] },
								"down": { "texture": "#lapislazuli", "uv": [ 0.0, 14.0, 0.5, 14.5 ] }
							}
						},
						{
							"name": "gem9",
							"from": [ 1.0, 0.2, 3.6 ], 
							"to": [ 1.2, 0.8, 4.2 ], 
							"rotationOrigin": [ 1.2, 0.5, 3.9 ],
							"rotationX": -45.0,
							"faces": {
								"north": { "texture": "#emerald", "uv": [ 10.5, 7.5, 11.0, 8.0 ] },
								"east": { "texture": "#emerald", "uv": [ 2.0, 0.0, 2.5, 0.5 ], "windMode": [-1,-1,-1,-1] },
								"south": { "texture": "#emerald", "uv": [ 12.5, 6.0, 13.0, 6.5 ] },
								"west": { "texture": "#emerald", "uv": [ 14.0, 7.5, 14.5, 8.0 ], "enabled": false, "windMode": [-1,-1,-1,-1] },
								"up": { "texture": "#emerald", "uv": [ 7.5, 4.5, 8.0, 5.0 ], "windMode": [-1,-1,-1,-1] },
								"down": { "texture": "#emerald", "uv": [ 11.0, 6.0, 11.5, 6.5 ] }
							}
						},
						{
							"name": "gem8",
							"from": [ 1.0, 0.2, 0.6 ], 
							"to": [ 1.2, 0.8, 1.2 ], 
							"rotationOrigin": [ 1.2, 0.5, 0.9 ],
							"rotationX": -45.0,
							"faces": {
								"north": { "texture": "#emerald", "uv": [ 1.0, 12.5, 1.5, 13.0 ] },
								"east": { "texture": "#emerald", "uv": [ 1.0, 0.5, 1.5, 1.0 ], "windMode": [-1,-1,-1,-1] },
								"south": { "texture": "#emerald", "uv": [ 6.5, 11.0, 7.0, 11.5 ] },
								"west": { "texture": "#emerald", "uv": [ 14.0, 15.0, 14.5, 15.5 ], "enabled": false, "windMode": [-1,-1,-1,-1] },
								"up": { "texture": "#emerald", "uv": [ 14.5, 3.5, 15.0, 4.0 ] },
								"down": { "texture": "#emerald", "uv": [ 5.0, 9.0, 5.5, 9.5 ] }
							}
						},
						{
							"name": "gem7",
							"from": [ 1.0, 0.1, 2.0 ], 
							"to": [ 1.2, 0.9, 2.8 ], 
							"rotationOrigin": [ 1.2, 0.5, 2.4 ],
							"faces": {
								"north": { "texture": "#ruby", "uv": [ 0.0, 1.5, 0.5, 2.0 ] },
								"east": { "texture": "#ruby", "uv": [ 2.0, 3.5, 2.5, 4.0 ], "windMode": [-1,-1,-1,-1] },
								"south": { "texture": "#ruby", "uv": [ 14.5, 12.0, 15.0, 12.5 ] },
								"west": { "texture": "#ruby", "uv": [ 13.0, 2.0, 13.5, 2.5 ], "enabled": false, "windMode": [-1,-1,-1,-1] },
								"up": { "texture": "#ruby", "uv": [ 6.0, 13.5, 6.5, 14.0 ] },
								"down": { "texture": "#ruby", "uv": [ 15.0, 10.0, 15.5, 10.5 ] }
							}
						},
						{
							"name": "trimE1",
							"from": [ 0.7, -0.2, -1.0 ], 
							"to": [ 1.1, 0.0, 5.3 ], 
							"rotationOrigin": [ 0.9, -0.2, -1.0 ],
							"faces": {
								"north": { "texture": "#gold", "uv": [ 11.0, 9.5, 11.5, 10.0 ] },
								"east": { "texture": "#gold", "uv": [ 6.0, 11.0, 12.0, 11.5 ] },
								"south": { "texture": "#gold", "uv": [ 3.5, 1.0, 4.0, 1.5 ], "enabled": false },
								"west": { "texture": "#gold", "uv": [ 6.0, 12.0, 12.0, 12.5 ] },
								"up": { "texture": "#gold", "uv": [ 3.5, 5.0, 4.0, 11.0 ] },
								"down": { "texture": "#gold", "uv": [ 5.0, 2.0, 5.5, 8.0 ] }
							}
						},
						{
							"name": "trimE2",
							"from": [ 0.7, 1.0, -1.0 ], 
							"to": [ 1.1, 1.2, 5.3 ], 
							"rotationOrigin": [ 0.9, 1.0, -1.0 ],
							"faces": {
								"north": { "texture": "#gold", "uv": [ 11.5, 13.5, 12.0, 14.0 ] },
								"east": { "texture": "#gold", "uv": [ 1.0, 11.0, 7.0, 11.5 ] },
								"south": { "texture": "#gold", "uv": [ 5.5, 10.0, 6.0, 10.5 ], "enabled": false },
								"west": { "texture": "#gold", "uv": [ 5.0, 7.0, 11.0, 7.5 ] },
								"up": { "texture": "#gold", "uv": [ 13.5, 7.5, 14.0, 13.5 ] },
								"down": { "texture": "#gold", "uv": [ 14.5, 8.5, 15.0, 14.5 ] }
							}
						},
						{
							"name": "toothE3",
							"from": [ 0.5, 1.2, 5.1 ], 
							"to": [ 1.0, 2.2, 5.6 ], 
							"rotationOrigin": [ 0.5, 1.2, 5.5 ],
							"faces": {
								"north": { "texture": "#gold", "uv": [ 15.0, 4.0, 15.5, 5.0 ] },
								"east": { "texture": "#gold", "uv": [ 1.0, 3.5, 1.5, 4.5 ] },
								"south": { "texture": "#gold", "uv": [ 1.0, 5.5, 1.5, 6.5 ] },
								"west": { "texture": "#gold", "uv": [ 3.0, 13.0, 3.5, 14.0 ] },
								"up": { "texture": "#gold", "uv": [ 9.0, 7.5, 9.5, 8.0 ] },
								"down": { "texture": "#gold", "uv": [ 10.5, 9.5, 11.0, 10.0 ], "enabled": false }
							}
						},
						{
							"name": "toothE2",
							"from": [ 0.5, 1.2, 3.6 ], 
							"to": [ 1.0, 2.7, 4.4 ], 
							"rotationOrigin": [ 0.5, 1.2, 4.0 ],
							"faces": {
								"north": { "texture": "#gold", "uv": [ 7.0, 14.0, 7.5, 15.5 ] },
								"east": { "texture": "#gold", "uv": [ 13.0, 0.0, 13.5, 1.5 ] },
								"south": { "texture": "#gold", "uv": [ 8.0, 7.5, 8.5, 9.0 ] },
								"west": { "texture": "#gold", "uv": [ 2.0, 11.5, 2.5, 13.0 ] },
								"up": { "texture": "#gold", "uv": [ 3.5, 12.5, 4.0, 13.0 ] },
								"down": { "texture": "#gold", "uv": [ 14.5, 10.5, 15.0, 11.0 ], "enabled": false }
							},
							"children": [
								{
									"name": "gem38",
									"from": [ 0.5, 0.4, 0.3 ], 
									"to": [ 0.7, 0.6, 0.5 ], 
									"rotationOrigin": [ 0.7, 0.5, 0.4 ],
									"rotationX": -45.0,
									"faces": {
										"north": { "texture": "#diamond", "uv": [ 7.0, 10.5, 7.5, 11.0 ] },
										"east": { "texture": "#diamond", "uv": [ 7.5, 15.0, 8.0, 15.5 ] },
										"south": { "texture": "#diamond", "uv": [ 10.5, 1.0, 11.0, 1.5 ] },
										"west": { "texture": "#diamond", "uv": [ 1.0, 3.5, 1.5, 4.0 ], "enabled": false },
										"up": { "texture": "#diamond", "uv": [ 11.5, 8.0, 12.0, 8.5 ] },
										"down": { "texture": "#diamond", "uv": [ 8.5, 1.0, 9.0, 1.5 ] }
									}
								},
								{
									"name": "gem39",
									"from": [ 0.5, 0.9, 0.3 ], 
									"to": [ 0.7, 1.1, 0.5 ], 
									"rotationOrigin": [ 0.7, 1.0, 0.4 ],
									"rotationX": -45.0,
									"faces": {
										"north": { "texture": "#lapislazuli", "uv": [ 13.0, 1.5, 13.5, 2.0 ] },
										"east": { "texture": "#lapislazuli", "uv": [ 5.0, 10.5, 5.5, 11.0 ] },
										"south": { "texture": "#lapislazuli", "uv": [ 11.0, 10.0, 11.5, 10.5 ] },
										"west": { "texture": "#lapislazuli", "uv": [ 10.5, 11.0, 11.0, 11.5 ], "enabled": false },
										"up": { "texture": "#lapislazuli", "uv": [ 12.5, 7.5, 13.0, 8.0 ] },
										"down": { "texture": "#lapislazuli", "uv": [ 13.0, 0.0, 13.5, 0.5 ] }
									}
								}
							]
						},
						{
							"name": "toothE1",
							"from": [ 0.5, 1.2, 2.0 ], 
							"to": [ 1.0, 3.2, 2.8 ], 
							"rotationOrigin": [ 0.5, 1.2, 2.4 ],
							"faces": {
								"north": { "texture": "#gold", "uv": [ 5.5, 2.0, 6.0, 4.0 ] },
								"east": { "texture": "#gold", "uv": [ 5.0, 1.0, 5.5, 3.0 ] },
								"south": { "texture": "#gold", "uv": [ 15.0, 8.0, 15.5, 10.0 ] },
								"west": { "texture": "#gold", "uv": [ 5.0, 6.5, 5.5, 8.5 ] },
								"up": { "texture": "#gold", "uv": [ 1.5, 0.5, 2.0, 1.0 ] },
								"down": { "texture": "#gold", "uv": [ 10.0, 4.0, 10.5, 4.5 ], "enabled": false }
							},
							"children": [
								{
									"name": "gem31",
									"from": [ 0.5, 0.4, 0.3 ], 
									"to": [ 0.7, 0.6, 0.5 ], 
									"rotationOrigin": [ 0.7, 0.5, 0.4 ],
									"rotationX": -45.0,
									"faces": {
										"north": { "texture": "#diamond", "uv": [ 0.0, 4.5, 0.5, 5.0 ] },
										"east": { "texture": "#diamond", "uv": [ 10.5, 12.0, 11.0, 12.5 ], "windMode": [-1,-1,-1,-1] },
										"south": { "texture": "#diamond", "uv": [ 4.0, 1.5, 4.5, 2.0 ] },
										"west": { "texture": "#diamond", "uv": [ 13.5, 11.5, 14.0, 12.0 ], "enabled": false },
										"up": { "texture": "#diamond", "uv": [ 2.0, 12.0, 2.5, 12.5 ] },
										"down": { "texture": "#diamond", "uv": [ 9.5, 5.0, 10.0, 5.5 ] }
									}
								},
								{
									"name": "gem32",
									"from": [ 0.5, 1.4, 0.3 ], 
									"to": [ 0.7, 1.6, 0.5 ], 
									"rotationOrigin": [ 0.7, 1.5, 0.4 ],
									"rotationX": -45.0,
									"faces": {
										"north": { "texture": "#lapislazuli", "uv": [ 12.5, 1.0, 13.0, 1.5 ] },
										"east": { "texture": "#lapislazuli", "uv": [ 5.5, 8.5, 6.0, 9.0 ], "windMode": [-1,-1,-1,-1] },
										"south": { "texture": "#lapislazuli", "uv": [ 10.5, 4.5, 11.0, 5.0 ] },
										"west": { "texture": "#lapislazuli", "uv": [ 8.0, 13.0, 8.5, 13.5 ], "enabled": false },
										"up": { "texture": "#lapislazuli", "uv": [ 2.5, 3.0, 3.0, 3.5 ] },
										"down": { "texture": "#lapislazuli", "uv": [ 11.5, 12.0, 12.0, 12.5 ] }
									}
								},
								{
									"name": "gem33",
									"from": [ 0.5, 0.9, 0.3 ], 
									"to": [ 0.7, 1.1, 0.5 ], 
									"rotationOrigin": [ 0.7, 1.0, 0.4 ],
									"rotationX": -45.0,
									"faces": {
										"north": { "texture": "#emerald", "uv": [ 5.5, 6.5, 6.0, 7.0 ] },
										"east": { "texture": "#emerald", "uv": [ 8.0, 8.0, 8.5, 8.5 ], "windMode": [-1,-1,-1,-1] },
										"south": { "texture": "#emerald", "uv": [ 3.5, 10.0, 4.0, 10.5 ] },
										"west": { "texture": "#emerald", "uv": [ 6.0, 4.0, 6.5, 4.5 ], "enabled": false },
										"up": { "texture": "#emerald", "uv": [ 3.5, 7.0, 4.0, 7.5 ] },
										"down": { "texture": "#emerald", "uv": [ 3.0, 0.5, 3.5, 1.0 ] }
									}
								}
							]
						},
						{
							"name": "toothE4",
							"from": [ 0.5, 1.2, -0.9 ], 
							"to": [ 1.0, 2.2, -0.4 ], 
							"rotationOrigin": [ 0.5, 1.2, -0.5 ],
							"faces": {
								"north": { "texture": "#gold", "uv": [ 7.0, 11.0, 7.5, 12.0 ] },
								"east": { "texture": "#gold", "uv": [ 11.5, 6.0, 12.0, 7.0 ] },
								"south": { "texture": "#gold", "uv": [ 5.0, 2.0, 5.5, 3.0 ] },
								"west": { "texture": "#gold", "uv": [ 9.0, 5.0, 9.5, 6.0 ] },
								"up": { "texture": "#gold", "uv": [ 6.0, 12.5, 6.5, 13.0 ] },
								"down": { "texture": "#gold", "uv": [ 10.5, 2.5, 11.0, 3.0 ], "enabled": false }
							}
						},
						{
							"name": "toothE5",
							"from": [ 0.5, 1.2, 0.4 ], 
							"to": [ 1.0, 2.7, 1.2 ], 
							"rotationOrigin": [ 0.5, 1.2, 0.8 ],
							"faces": {
								"north": { "texture": "#gold", "uv": [ 1.5, 11.5, 2.0, 13.0 ] },
								"east": { "texture": "#gold", "uv": [ 9.0, 13.0, 9.5, 14.5 ] },
								"south": { "texture": "#gold", "uv": [ 8.0, 14.0, 8.5, 15.5 ] },
								"west": { "texture": "#gold", "uv": [ 13.5, 3.0, 14.0, 4.5 ] },
								"up": { "texture": "#gold", "uv": [ 9.0, 1.5, 9.5, 2.0 ] },
								"down": { "texture": "#gold", "uv": [ 10.0, 11.0, 10.5, 11.5 ], "enabled": false }
							},
							"children": [
								{
									"name": "gem41",
									"from": [ 0.5, 0.4, 0.3 ], 
									"to": [ 0.7, 0.6, 0.5 ], 
									"rotationOrigin": [ 0.7, 0.5, 0.4 ],
									"rotationX": -45.0,
									"faces": {
										"north": { "texture": "#diamond", "uv": [ 13.5, 13.5, 14.0, 14.0 ] },
										"east": { "texture": "#diamond", "uv": [ 14.5, 15.0, 15.0, 15.5 ] },
										"south": { "texture": "#diamond", "uv": [ 1.5, 14.5, 2.0, 15.0 ] },
										"west": { "texture": "#diamond", "uv": [ 12.5, 0.5, 13.0, 1.0 ], "enabled": false },
										"up": { "texture": "#diamond", "uv": [ 7.5, 0.0, 8.0, 0.5 ] },
										"down": { "texture": "#diamond", "uv": [ 3.5, 11.5, 4.0, 12.0 ] }
									}
								},
								{
									"name": "gem40",
									"from": [ 0.5, 0.9, 0.3 ], 
									"to": [ 0.7, 1.1, 0.5 ], 
									"rotationOrigin": [ 0.7, 1.0, 0.4 ],
									"rotationX": -45.0,
									"faces": {
										"north": { "texture": "#lapislazuli", "uv": [ 3.5, 10.0, 4.0, 10.5 ] },
										"east": { "texture": "#lapislazuli", "uv": [ 11.5, 9.5, 12.0, 10.0 ] },
										"south": { "texture": "#lapislazuli", "uv": [ 2.5, 9.5, 3.0, 10.0 ] },
										"west": { "texture": "#lapislazuli", "uv": [ 8.5, 1.0, 9.0, 1.5 ], "enabled": false },
										"up": { "texture": "#lapislazuli", "uv": [ 9.0, 5.0, 9.5, 5.5 ] },
										"down": { "texture": "#lapislazuli", "uv": [ 2.5, 4.5, 3.0, 5.0 ] }
									}
								}
							]
						}
					]
				},
				{
					"name": "bandN",
					"from": [ -2.7, -1.0, -3.2 ], 
					"to": [ 3.8, 0.0, -2.2 ], 
					"rotationOrigin": [ -2.7, -1.0, -3.2 ],
					"faces": {
						"north": { "texture": "#gold", "uv": [ 5.0, 5.0, 11.5, 6.0 ] },
						"east": { "texture": "#gold", "uv": [ 12.5, 13.0, 13.5, 14.0 ] },
						"south": { "texture": "#gold", "uv": [ 1.0, 4.5, 7.5, 5.5 ] },
						"west": { "texture": "#gold", "uv": [ 10.5, 11.0, 11.5, 12.0 ], "enabled": false, "windMode": [-1,-1,-1,-1] },
						"up": { "texture": "#gold", "uv": [ 8.0, 12.0, 14.5, 13.0 ] },
						"down": { "texture": "#gold", "uv": [ 0.5, 12.5, 7.0, 13.5 ] }
					},
					"children": [
						{
							"name": "gem19",
							"from": [ 4.8, 0.3, 6.6 ], 
							"to": [ 5.2, 0.7, 6.8 ], 
							"rotationOrigin": [ 5.0, 0.5, 6.6 ],
							"faces": {
								"north": { "texture": "#diamond", "uv": [ 3.0, 13.0, 3.5, 13.5 ], "enabled": false },
								"east": { "texture": "#diamond", "uv": [ 9.5, 12.5, 10.0, 13.0 ] },
								"south": { "texture": "#diamond", "uv": [ 2.0, 10.5, 2.5, 11.0 ] },
								"west": { "texture": "#diamond", "uv": [ 2.5, 12.5, 3.0, 13.0 ] },
								"up": { "texture": "#diamond", "uv": [ 12.0, 3.0, 12.5, 3.5 ] },
								"down": { "texture": "#diamond", "uv": [ 5.0, 4.5, 5.5, 5.0 ] }
							}
						},
						{
							"name": "gem21",
							"from": [ 2.3, 0.1, -0.2 ], 
							"to": [ 3.1, 0.9, 0.0 ], 
							"rotationOrigin": [ 2.7, 0.5, -0.2 ],
							"faces": {
								"north": { "texture": "#ruby", "uv": [ 10.5, 3.5, 11.0, 4.0 ], "windMode": [-1,-1,-1,-1] },
								"east": { "texture": "#ruby", "uv": [ 12.0, 3.0, 12.5, 3.5 ] },
								"south": { "texture": "#ruby", "uv": [ 7.5, 1.0, 8.0, 1.5 ], "enabled": false, "windMode": [-1,-1,-1,-1] },
								"west": { "texture": "#ruby", "uv": [ 6.0, 14.0, 6.5, 14.5 ] },
								"up": { "texture": "#ruby", "uv": [ 8.5, 14.0, 9.0, 14.5 ] },
								"down": { "texture": "#ruby", "uv": [ 5.5, 13.5, 6.0, 14.0 ] }
							}
						},
						{
							"name": "gem23",
							"from": [ -0.7, 0.2, -0.2 ], 
							"to": [ -0.1, 0.8, 0.0 ], 
							"rotationOrigin": [ -0.4, 0.5, -0.2 ],
							"faces": {
								"north": { "texture": "#lapislazuli", "uv": [ 15.0, 6.5, 15.5, 7.0 ], "windMode": [-1,-1,-1,-1] },
								"east": { "texture": "#lapislazuli", "uv": [ 13.0, 12.5, 13.5, 13.0 ] },
								"south": { "texture": "#lapislazuli", "uv": [ 10.0, 9.0, 10.5, 9.5 ], "enabled": false, "windMode": [-1,-1,-1,-1] },
								"west": { "texture": "#lapislazuli", "uv": [ 9.0, 11.5, 9.5, 12.0 ] },
								"up": { "texture": "#lapislazuli", "uv": [ 2.5, 3.5, 3.0, 4.0 ] },
								"down": { "texture": "#lapislazuli", "uv": [ 10.0, 4.5, 10.5, 5.0 ] }
							}
						},
						{
							"name": "gem24",
							"from": [ 3.7, 0.2, -0.2 ], 
							"to": [ 4.3, 0.8, 0.0 ], 
							"rotationOrigin": [ 4.0, 0.5, -0.2 ],
							"rotationZ": -45.0,
							"faces": {
								"north": { "texture": "#emerald", "uv": [ 0.5, 13.5, 1.0, 14.0 ], "windMode": [-1,-1,-1,-1] },
								"east": { "texture": "#emerald", "uv": [ 6.5, 9.0, 7.0, 9.5 ] },
								"south": { "texture": "#emerald", "uv": [ 12.0, 12.5, 12.5, 13.0 ], "enabled": false },
								"west": { "texture": "#emerald", "uv": [ 13.0, 4.5, 13.5, 5.0 ] },
								"up": { "texture": "#emerald", "uv": [ 0.5, 9.0, 1.0, 9.5 ] },
								"down": { "texture": "#emerald", "uv": [ 0.5, 1.5, 1.0, 2.0 ] }
							}
						},
						{
							"name": "gem20",
							"from": [ 5.7, 0.2, -0.2 ], 
							"to": [ 6.3, 0.8, 0.0 ], 
							"rotationOrigin": [ 6.0, 0.5, -0.2 ],
							"faces": {
								"north": { "texture": "#lapislazuli", "uv": [ 5.5, 10.0, 6.0, 10.5 ], "windMode": [-1,-1,-1,-1] },
								"east": { "texture": "#lapislazuli", "uv": [ 6.0, 14.5, 6.5, 15.0 ] },
								"south": { "texture": "#lapislazuli", "uv": [ 0.5, 0.5, 1.0, 1.0 ], "enabled": false, "windMode": [-1,-1,-1,-1] },
								"west": { "texture": "#lapislazuli", "uv": [ 5.0, 6.0, 5.5, 6.5 ] },
								"up": { "texture": "#lapislazuli", "uv": [ 0.5, 9.0, 1.0, 9.5 ] },
								"down": { "texture": "#lapislazuli", "uv": [ 13.0, 0.5, 13.5, 1.0 ] }
							}
						},
						{
							"name": "gem25",
							"from": [ 1.2, 0.2, -0.2 ], 
							"to": [ 1.8, 0.8, 0.0 ], 
							"rotationOrigin": [ 1.5, 0.5, -0.2 ],
							"rotationZ": -45.0,
							"faces": {
								"north": { "texture": "#emerald", "uv": [ 3.0, 0.5, 3.5, 1.0 ], "windMode": [-1,-1,-1,-1] },
								"east": { "texture": "#emerald", "uv": [ 14.0, 2.0, 14.5, 2.5 ] },
								"south": { "texture": "#emerald", "uv": [ 7.0, 6.5, 7.5, 7.0 ], "enabled": false },
								"west": { "texture": "#emerald", "uv": [ 0.0, 2.0, 0.5, 2.5 ] },
								"up": { "texture": "#emerald", "uv": [ 7.0, 13.0, 7.5, 13.5 ] },
								"down": { "texture": "#emerald", "uv": [ 1.0, 11.5, 1.5, 12.0 ] }
							}
						},
						{
							"name": "gem26",
							"from": [ 0.3, 0.3, -0.2 ], 
							"to": [ 0.7, 0.7, 0.0 ], 
							"rotationOrigin": [ 0.5, 0.5, -0.2 ],
							"faces": {
								"north": { "texture": "#diamond", "uv": [ 0.5, 7.0, 1.0, 7.5 ], "windMode": [-1,-1,-1,-1] },
								"east": { "texture": "#diamond", "uv": [ 0.0, 0.0, 0.5, 0.5 ] },
								"south": { "texture": "#diamond", "uv": [ 2.0, 2.5, 2.5, 3.0 ], "enabled": false },
								"west": { "texture": "#diamond", "uv": [ 3.5, 3.0, 4.0, 3.5 ] },
								"up": { "texture": "#diamond", "uv": [ 14.5, 6.0, 15.0, 6.5 ] },
								"down": { "texture": "#diamond", "uv": [ 3.5, 10.5, 4.0, 11.0 ] }
							}
						},
						{
							"name": "gem27",
							"from": [ 4.8, 0.3, -0.2 ], 
							"to": [ 5.2, 0.7, 0.0 ], 
							"rotationOrigin": [ 5.0, 0.5, -0.2 ],
							"faces": {
								"north": { "texture": "#diamond", "uv": [ 1.0, 12.5, 1.5, 13.0 ] },
								"east": { "texture": "#diamond", "uv": [ 1.0, 7.5, 1.5, 8.0 ] },
								"south": { "texture": "#diamond", "uv": [ 14.0, 2.0, 14.5, 2.5 ], "enabled": false },
								"west": { "texture": "#diamond", "uv": [ 1.5, 9.5, 2.0, 10.0 ] },
								"up": { "texture": "#diamond", "uv": [ 4.5, 3.0, 5.0, 3.5 ] },
								"down": { "texture": "#diamond", "uv": [ 2.0, 13.5, 2.5, 14.0 ] }
							}
						},
						{
							"name": "trimN1",
							"from": [ -1.2, -0.2, -0.1 ], 
							"to": [ 6.2, 0.0, 0.3 ], 
							"rotationOrigin": [ -1.2, -0.2, 0.1 ],
							"faces": {
								"north": { "texture": "#gold", "uv": [ 3.5, 2.0, 10.5, 2.5 ] },
								"east": { "texture": "#gold", "uv": [ 10.0, 3.0, 10.5, 3.5 ], "enabled": false },
								"south": { "texture": "#gold", "uv": [ 3.5, 12.5, 10.5, 13.0 ] },
								"west": { "texture": "#gold", "uv": [ 12.5, 5.5, 13.0, 6.0 ] },
								"up": { "texture": "#gold", "uv": [ 2.5, 12.5, 9.5, 13.0 ] },
								"down": { "texture": "#gold", "uv": [ 4.0, 7.5, 11.0, 8.0 ] }
							}
						},
						{
							"name": "trimN2",
							"from": [ -1.2, 1.0, -0.1 ], 
							"to": [ 6.2, 1.2, 0.3 ], 
							"rotationOrigin": [ -1.2, 1.0, 0.1 ],
							"faces": {
								"north": { "texture": "#gold", "uv": [ 4.5, 11.5, 11.5, 12.0 ] },
								"east": { "texture": "#gold", "uv": [ 7.0, 3.5, 7.5, 4.0 ], "enabled": false },
								"south": { "texture": "#gold", "uv": [ 7.5, 4.5, 14.5, 5.0 ] },
								"west": { "texture": "#gold", "uv": [ 3.0, 1.0, 3.5, 1.5 ] },
								"up": { "texture": "#gold", "uv": [ 6.5, 3.5, 13.5, 4.0 ] },
								"down": { "texture": "#gold", "uv": [ 3.0, 0.5, 10.0, 1.0 ] }
							}
						},
						{
							"name": "toothN1",
							"from": [ 2.3, 1.2, 0.0 ], 
							"to": [ 3.1, 3.2, 0.5 ], 
							"rotationOrigin": [ 2.7, 1.2, 0.5 ],
							"faces": {
								"north": { "texture": "#gold", "uv": [ 2.5, 4.0, 3.0, 6.0 ] },
								"east": { "texture": "#gold", "uv": [ 10.0, 1.0, 10.5, 3.0 ] },
								"south": { "texture": "#gold", "uv": [ 8.0, 0.5, 8.5, 2.5 ] },
								"west": { "texture": "#gold", "uv": [ 4.5, 1.5, 5.0, 3.5 ] },
								"up": { "texture": "#gold", "uv": [ 15.0, 7.0, 15.5, 7.5 ] },
								"down": { "texture": "#gold", "uv": [ 5.5, 10.0, 6.0, 10.5 ], "enabled": false }
							},
							"children": [
								{
									"name": "gem50",
									"from": [ 0.3, 0.4, -0.2 ], 
									"to": [ 0.5, 0.6, 0.0 ], 
									"rotationOrigin": [ 0.4, 0.5, -0.2 ],
									"rotationZ": -45.0,
									"faces": {
										"north": { "texture": "#diamond", "uv": [ 10.5, 14.0, 11.0, 14.5 ], "windMode": [-1,-1,-1,-1] },
										"east": { "texture": "#diamond", "uv": [ 13.5, 10.0, 14.0, 10.5 ] },
										"south": { "texture": "#diamond", "uv": [ 8.0, 6.0, 8.5, 6.5 ], "enabled": false },
										"west": { "texture": "#diamond", "uv": [ 10.0, 10.0, 10.5, 10.5 ] },
										"up": { "texture": "#diamond", "uv": [ 2.0, 7.0, 2.5, 7.5 ] },
										"down": { "texture": "#diamond", "uv": [ 9.0, 12.0, 9.5, 12.5 ] }
									}
								},
								{
									"name": "gem51",
									"from": [ 0.3, 0.9, -0.2 ], 
									"to": [ 0.5, 1.1, 0.0 ], 
									"rotationOrigin": [ 0.4, 1.0, -0.2 ],
									"rotationZ": -45.0,
									"faces": {
										"north": { "texture": "#emerald", "uv": [ 3.0, 7.5, 3.5, 8.0 ], "windMode": [-1,-1,-1,-1] },
										"east": { "texture": "#emerald", "uv": [ 1.5, 5.0, 2.0, 5.5 ] },
										"south": { "texture": "#emerald", "uv": [ 5.5, 15.0, 6.0, 15.5 ], "enabled": false },
										"west": { "texture": "#emerald", "uv": [ 4.0, 3.0, 4.5, 3.5 ] },
										"up": { "texture": "#emerald", "uv": [ 15.0, 15.0, 15.5, 15.5 ] },
										"down": { "texture": "#emerald", "uv": [ 8.0, 12.5, 8.5, 13.0 ] }
									}
								},
								{
									"name": "gem49",
									"from": [ 0.3, 1.4, -0.2 ], 
									"to": [ 0.5, 1.6, 0.0 ], 
									"rotationOrigin": [ 0.4, 1.5, -0.2 ],
									"rotationZ": -45.0,
									"faces": {
										"north": { "texture": "#lapislazuli", "uv": [ 7.5, 6.5, 8.0, 7.0 ], "windMode": [-1,-1,-1,-1] },
										"east": { "texture": "#lapislazuli", "uv": [ 1.5, 15.0, 2.0, 15.5 ] },
										"south": { "texture": "#lapislazuli", "uv": [ 1.5, 1.5, 2.0, 2.0 ], "enabled": false },
										"west": { "texture": "#lapislazuli", "uv": [ 6.5, 14.0, 7.0, 14.5 ] },
										"up": { "texture": "#lapislazuli", "uv": [ 4.0, 11.5, 4.5, 12.0 ] },
										"down": { "texture": "#lapislazuli", "uv": [ 8.5, 11.5, 9.0, 12.0 ] }
									}
								}
							]
						},
						{
							"name": "toothN2",
							"from": [ 3.8, 1.2, 0.0 ], 
							"to": [ 4.6, 2.7, 0.5 ], 
							"rotationOrigin": [ 4.2, 1.2, 0.5 ],
							"faces": {
								"north": { "texture": "#gold", "uv": [ 2.5, 1.0, 3.0, 2.5 ] },
								"east": { "texture": "#gold", "uv": [ 8.5, 6.5, 9.0, 8.0 ] },
								"south": { "texture": "#gold", "uv": [ 8.5, 4.5, 9.0, 6.0 ] },
								"west": { "texture": "#gold", "uv": [ 7.5, 1.5, 8.0, 3.0 ] },
								"up": { "texture": "#gold", "uv": [ 11.0, 10.0, 11.5, 10.5 ] },
								"down": { "texture": "#gold", "uv": [ 12.0, 6.5, 12.5, 7.0 ], "enabled": false }
							},
							"children": [
								{
									"name": "gem52",
									"from": [ 0.3, 0.4, -0.2 ], 
									"to": [ 0.5, 0.6, 0.0 ], 
									"rotationOrigin": [ 0.4, 0.5, -0.2 ],
									"rotationZ": -45.0,
									"faces": {
										"north": { "texture": "#diamond", "uv": [ 9.0, 12.0, 9.5, 12.5 ] },
										"east": { "texture": "#diamond", "uv": [ 8.0, 13.5, 8.5, 14.0 ] },
										"south": { "texture": "#diamond", "uv": [ 14.0, 4.5, 14.5, 5.0 ], "enabled": false },
										"west": { "texture": "#diamond", "uv": [ 10.5, 6.5, 11.0, 7.0 ] },
										"up": { "texture": "#diamond", "uv": [ 9.0, 14.5, 9.5, 15.0 ] },
										"down": { "texture": "#diamond", "uv": [ 0.5, 2.5, 1.0, 3.0 ] }
									}
								},
								{
									"name": "gem53",
									"from": [ 0.3, 0.9, -0.2 ], 
									"to": [ 0.5, 1.1, 0.0 ], 
									"rotationOrigin": [ 0.4, 1.0, -0.2 ],
									"rotationZ": -45.0,
									"faces": {
										"north": { "texture": "#lapislazuli", "uv": [ 1.5, 0.5, 2.0, 1.0 ] },
										"east": { "texture": "#lapislazuli", "uv": [ 5.0, 3.0, 5.5, 3.5 ] },
										"south": { "texture": "#lapislazuli", "uv": [ 1.0, 11.5, 1.5, 12.0 ], "enabled": false },
										"west": { "texture": "#lapislazuli", "uv": [ 1.0, 7.5, 1.5, 8.0 ] },
										"up": { "texture": "#lapislazuli", "uv": [ 11.5, 9.0, 12.0, 9.5 ] },
										"down": { "texture": "#lapislazuli", "uv": [ 12.0, 6.0, 12.5, 6.5 ] }
									}
								}
							]
						},
						{
							"name": "toothN3",
							"from": [ 0.8, 1.2, 0.0 ], 
							"to": [ 1.6, 2.7, 0.5 ], 
							"rotationOrigin": [ 1.2, 1.2, 0.5 ],
							"faces": {
								"north": { "texture": "#gold", "uv": [ 0.5, 14.0, 1.0, 15.5 ] },
								"east": { "texture": "#gold", "uv": [ 11.5, 12.0, 12.0, 13.5 ] },
								"south": { "texture": "#gold", "uv": [ 13.5, 14.0, 14.0, 15.5 ] },
								"west": { "texture": "#gold", "uv": [ 11.5, 10.0, 12.0, 11.5 ] },
								"up": { "texture": "#gold", "uv": [ 15.0, 1.0, 15.5, 1.5 ] },
								"down": { "texture": "#gold", "uv": [ 13.5, 11.0, 14.0, 11.5 ], "enabled": false }
							},
							"children": [
								{
									"name": "gem54",
									"from": [ 0.3, 0.4, -0.2 ], 
									"to": [ 0.5, 0.6, 0.0 ], 
									"rotationOrigin": [ 0.4, 0.5, -0.2 ],
									"rotationZ": -45.0,
									"faces": {
										"north": { "texture": "#diamond", "uv": [ 6.5, 0.5, 7.0, 1.0 ] },
										"east": { "texture": "#diamond", "uv": [ 9.5, 5.5, 10.0, 6.0 ] },
										"south": { "texture": "#diamond", "uv": [ 3.5, 1.0, 4.0, 1.5 ], "enabled": false },
										"west": { "texture": "#diamond", "uv": [ 10.5, 7.5, 11.0, 8.0 ] },
										"up": { "texture": "#diamond", "uv": [ 2.5, 9.0, 3.0, 9.5 ] },
										"down": { "texture": "#diamond", "uv": [ 3.5, 12.0, 4.0, 12.5 ] }
									}
								},
								{
									"name": "gem55",
									"from": [ 0.3, 0.9, -0.2 ], 
									"to": [ 0.5, 1.1, 0.0 ], 
									"rotationOrigin": [ 0.4, 1.0, -0.2 ],
									"rotationZ": -45.0,
									"faces": {
										"north": { "texture": "#lapislazuli", "uv": [ 14.5, 2.0, 15.0, 2.5 ] },
										"east": { "texture": "#lapislazuli", "uv": [ 13.5, 2.0, 14.0, 2.5 ] },
										"south": { "texture": "#lapislazuli", "uv": [ 5.0, 1.5, 5.5, 2.0 ], "enabled": false },
										"west": { "texture": "#lapislazuli", "uv": [ 5.0, 8.0, 5.5, 8.5 ] },
										"up": { "texture": "#lapislazuli", "uv": [ 5.5, 15.0, 6.0, 15.5 ] },
										"down": { "texture": "#lapislazuli", "uv": [ 3.5, 3.5, 4.0, 4.0 ] }
									}
								}
							]
						}
					]
				},
				{
					"name": "bandS",
					"from": [ -3.7, -1.0, 2.3 ], 
					"to": [ 2.8, 0.0, 3.3 ], 
					"rotationOrigin": [ -3.7, -1.0, 2.3 ],
					"faces": {
						"north": { "texture": "#gold", "uv": [ 6.0, 10.0, 12.5, 11.0 ], "windMode": [-1,-1,-1,-1] },
						"east": { "texture": "#gold", "uv": [ 2.0, 2.0, 3.0, 3.0 ], "enabled": false, "windMode": [-1,-1,-1,-1] },
						"south": { "texture": "#gold", "uv": [ 0.0, 3.5, 6.5, 4.5 ], "windMode": [-1,-1,-1,-1] },
						"west": { "texture": "#gold", "uv": [ 11.5, 0.5, 12.5, 1.5 ], "windMode": [-1,-1,-1,-1] },
						"up": { "texture": "#gold", "uv": [ 5.5, 7.0, 12.0, 8.0 ] },
						"down": { "texture": "#gold", "uv": [ 9.0, 9.0, 15.5, 10.0 ] }
					},
					"children": [
						{
							"name": "gem12",
							"from": [ 3.3, 0.1, 1.0 ], 
							"to": [ 4.1, 0.9, 1.2 ], 
							"rotationOrigin": [ 3.7, 0.5, 1.0 ],
							"faces": {
								"north": { "texture": "#ruby", "uv": [ 5.5, 4.0, 6.0, 4.5 ], "enabled": false },
								"east": { "texture": "#ruby", "uv": [ 7.5, 3.5, 8.0, 4.0 ] },
								"south": { "texture": "#ruby", "uv": [ 13.0, 2.0, 13.5, 2.5 ] },
								"west": { "texture": "#ruby", "uv": [ 8.5, 1.0, 9.0, 1.5 ] },
								"up": { "texture": "#ruby", "uv": [ 4.0, 13.0, 4.5, 13.5 ] },
								"down": { "texture": "#ruby", "uv": [ 8.5, 6.0, 9.0, 6.5 ] }
							}
						},
						{
							"name": "gem14",
							"from": [ 2.2, 0.2, 1.0 ], 
							"to": [ 2.8, 0.8, 1.2 ], 
							"rotationOrigin": [ 2.5, 0.5, 1.0 ],
							"rotationZ": -45.0,
							"faces": {
								"north": { "texture": "#emerald", "uv": [ 5.0, 10.0, 5.5, 10.5 ], "enabled": false },
								"east": { "texture": "#emerald", "uv": [ 10.0, 11.0, 10.5, 11.5 ] },
								"south": { "texture": "#emerald", "uv": [ 14.0, 4.0, 14.5, 4.5 ] },
								"west": { "texture": "#emerald", "uv": [ 10.5, 0.5, 11.0, 1.0 ] },
								"up": { "texture": "#emerald", "uv": [ 13.5, 7.5, 14.0, 8.0 ] },
								"down": { "texture": "#emerald", "uv": [ 9.5, 0.0, 10.0, 0.5 ] }
							}
						},
						{
							"name": "gem15",
							"from": [ 4.7, 0.2, 1.0 ], 
							"to": [ 5.3, 0.8, 1.2 ], 
							"rotationOrigin": [ 5.0, 0.5, 1.0 ],
							"rotationZ": -45.0,
							"faces": {
								"north": { "texture": "#emerald", "uv": [ 2.5, 6.0, 3.0, 6.5 ], "enabled": false },
								"east": { "texture": "#emerald", "uv": [ 3.5, 6.0, 4.0, 6.5 ] },
								"south": { "texture": "#emerald", "uv": [ 2.0, 11.0, 2.5, 11.5 ] },
								"west": { "texture": "#emerald", "uv": [ 14.0, 4.5, 14.5, 5.0 ] },
								"up": { "texture": "#emerald", "uv": [ 8.5, 7.5, 9.0, 8.0 ] },
								"down": { "texture": "#emerald", "uv": [ 13.5, 6.5, 14.0, 7.0 ] }
							}
						},
						{
							"name": "gem16",
							"from": [ 6.7, 0.2, 1.0 ], 
							"to": [ 7.3, 0.8, 1.2 ], 
							"rotationOrigin": [ 7.0, 0.5, 1.0 ],
							"faces": {
								"north": { "texture": "#lapislazuli", "uv": [ 7.0, 11.5, 7.5, 12.0 ], "enabled": false },
								"east": { "texture": "#lapislazuli", "uv": [ 5.5, 3.5, 6.0, 4.0 ] },
								"south": { "texture": "#lapislazuli", "uv": [ 1.5, 14.0, 2.0, 14.5 ] },
								"west": { "texture": "#lapislazuli", "uv": [ 2.5, 0.0, 3.0, 0.5 ] },
								"up": { "texture": "#lapislazuli", "uv": [ 5.0, 1.0, 5.5, 1.5 ] },
								"down": { "texture": "#lapislazuli", "uv": [ 11.0, 1.5, 11.5, 2.0 ] }
							}
						},
						{
							"name": "gem17",
							"from": [ 0.3, 0.2, 1.0 ], 
							"to": [ 0.9, 0.8, 1.2 ], 
							"rotationOrigin": [ 0.6, 0.5, 1.0 ],
							"faces": {
								"north": { "texture": "#lapislazuli", "uv": [ 3.0, 3.5, 3.5, 4.0 ], "enabled": false },
								"east": { "texture": "#lapislazuli", "uv": [ 12.0, 1.0, 12.5, 1.5 ] },
								"south": { "texture": "#lapislazuli", "uv": [ 14.0, 6.5, 14.5, 7.0 ] },
								"west": { "texture": "#lapislazuli", "uv": [ 8.0, 15.0, 8.5, 15.5 ] },
								"up": { "texture": "#lapislazuli", "uv": [ 9.0, 7.5, 9.5, 8.0 ] },
								"down": { "texture": "#lapislazuli", "uv": [ 0.5, 2.5, 1.0, 3.0 ] }
							}
						},
						{
							"name": "gem18",
							"from": [ 1.3, 0.3, 1.0 ], 
							"to": [ 1.7, 0.7, 1.2 ], 
							"rotationOrigin": [ 1.5, 0.5, 1.0 ],
							"faces": {
								"north": { "texture": "#diamond", "uv": [ 13.5, 0.0, 14.0, 0.5 ], "enabled": false },
								"east": { "texture": "#diamond", "uv": [ 0.0, 10.0, 0.5, 10.5 ] },
								"south": { "texture": "#diamond", "uv": [ 8.0, 3.5, 8.5, 4.0 ] },
								"west": { "texture": "#diamond", "uv": [ 9.5, 1.0, 10.0, 1.5 ] },
								"up": { "texture": "#diamond", "uv": [ 9.0, 14.0, 9.5, 14.5 ] },
								"down": { "texture": "#diamond", "uv": [ 8.0, 9.5, 8.5, 10.0 ] }
							}
						},
						{
							"name": "trimS1",
							"from": [ 0.2, -0.2, 0.7 ], 
							"to": [ 7.6, 0.0, 1.1 ], 
							"rotationOrigin": [ 0.2, -0.2, 0.7 ],
							"faces": {
								"north": { "texture": "#gold", "uv": [ 1.0, 14.0, 8.0, 14.5 ] },
								"east": { "texture": "#gold", "uv": [ 15.0, 12.0, 15.5, 12.5 ] },
								"south": { "texture": "#gold", "uv": [ 1.0, 5.5, 8.0, 6.0 ] },
								"west": { "texture": "#gold", "uv": [ 12.5, 2.5, 13.0, 3.0 ], "enabled": false, "windMode": [-1,-1,-1,-1] },
								"up": { "texture": "#gold", "uv": [ 2.0, 12.5, 9.0, 13.0 ] },
								"down": { "texture": "#gold", "uv": [ 8.0, 6.0, 15.0, 6.5 ] }
							}
						},
						{
							"name": "trimS2",
							"from": [ 0.2, 1.0, 0.7 ], 
							"to": [ 7.6, 1.2, 1.1 ], 
							"rotationOrigin": [ 0.2, 1.0, 0.7 ],
							"faces": {
								"north": { "texture": "#gold", "uv": [ 2.0, 10.0, 9.0, 10.5 ] },
								"east": { "texture": "#gold", "uv": [ 3.5, 10.5, 4.0, 11.0 ] },
								"south": { "texture": "#gold", "uv": [ 7.0, 2.5, 14.0, 3.0 ] },
								"west": { "texture": "#gold", "uv": [ 15.0, 7.5, 15.5, 8.0 ], "enabled": false },
								"up": { "texture": "#gold", "uv": [ 7.0, 10.5, 14.0, 11.0 ] },
								"down": { "texture": "#gold", "uv": [ 2.5, 11.5, 9.5, 12.0 ] }
							}
						},
						{
							"name": "toothS1",
							"from": [ 3.3, 1.2, 0.5 ], 
							"to": [ 4.1, 3.2, 1.0 ], 
							"rotationOrigin": [ 3.7, 1.2, 1.0 ],
							"faces": {
								"north": { "texture": "#gold", "uv": [ 2.5, 7.0, 3.0, 9.0 ] },
								"east": { "texture": "#gold", "uv": [ 11.0, 3.0, 11.5, 5.0 ] },
								"south": { "texture": "#gold", "uv": [ 8.5, 2.0, 9.0, 4.0 ] },
								"west": { "texture": "#gold", "uv": [ 0.5, 13.0, 1.0, 15.0 ] },
								"up": { "texture": "#gold", "uv": [ 10.0, 11.5, 10.5, 12.0 ] },
								"down": { "texture": "#gold", "uv": [ 12.0, 7.0, 12.5, 7.5 ], "enabled": false }
							},
							"children": [
								{
									"name": "gem42",
									"from": [ 0.3, 0.4, 0.5 ], 
									"to": [ 0.5, 0.6, 0.7 ], 
									"rotationOrigin": [ 0.4, 0.5, 0.5 ],
									"rotationZ": -45.0,
									"faces": {
										"north": { "texture": "#diamond", "uv": [ 12.0, 11.0, 12.5, 11.5 ], "enabled": false },
										"east": { "texture": "#diamond", "uv": [ 15.0, 14.0, 15.5, 14.5 ] },
										"south": { "texture": "#diamond", "uv": [ 5.0, 3.5, 5.5, 4.0 ] },
										"west": { "texture": "#diamond", "uv": [ 2.0, 3.0, 2.5, 3.5 ] },
										"up": { "texture": "#diamond", "uv": [ 8.0, 10.0, 8.5, 10.5 ] },
										"down": { "texture": "#diamond", "uv": [ 9.0, 13.0, 9.5, 13.5 ] }
									}
								},
								{
									"name": "gem43",
									"from": [ 0.3, 0.9, 0.5 ], 
									"to": [ 0.5, 1.1, 0.7 ], 
									"rotationOrigin": [ 0.4, 1.0, 0.5 ],
									"rotationZ": -45.0,
									"faces": {
										"north": { "texture": "#emerald", "uv": [ 15.0, 13.0, 15.5, 13.5 ], "enabled": false },
										"east": { "texture": "#emerald", "uv": [ 7.0, 7.5, 7.5, 8.0 ] },
										"south": { "texture": "#emerald", "uv": [ 14.0, 1.0, 14.5, 1.5 ] },
										"west": { "texture": "#emerald", "uv": [ 11.5, 9.0, 12.0, 9.5 ] },
										"up": { "texture": "#emerald", "uv": [ 11.5, 1.0, 12.0, 1.5 ] },
										"down": { "texture": "#emerald", "uv": [ 6.5, 14.0, 7.0, 14.5 ] }
									}
								},
								{
									"name": "gem44",
									"from": [ 0.3, 1.4, 0.5 ], 
									"to": [ 0.5, 1.6, 0.7 ], 
									"rotationOrigin": [ 0.4, 1.5, 0.5 ],
									"rotationZ": -45.0,
									"faces": {
										"north": { "texture": "#lapislazuli", "uv": [ 14.5, 5.0, 15.0, 5.5 ], "enabled": false },
										"east": { "texture": "#lapislazuli", "uv": [ 3.0, 0.0, 3.5, 0.5 ] },
										"south": { "texture": "#lapislazuli", "uv": [ 13.5, 11.5, 14.0, 12.0 ] },
										"west": { "texture": "#lapislazuli", "uv": [ 8.0, 8.5, 8.5, 9.0 ] },
										"up": { "texture": "#lapislazuli", "uv": [ 12.5, 1.5, 13.0, 2.0 ] },
										"down": { "texture": "#lapislazuli", "uv": [ 11.0, 6.0, 11.5, 6.5 ] }
									}
								}
							]
						},
						{
							"name": "toothS2",
							"from": [ 1.8, 1.2, 0.5 ], 
							"to": [ 2.6, 2.7, 1.0 ], 
							"rotationOrigin": [ 2.2, 1.2, 1.0 ],
							"faces": {
								"north": { "texture": "#gold", "uv": [ 0.0, 1.0, 0.5, 2.5 ] },
								"east": { "texture": "#gold", "uv": [ 8.5, 3.0, 9.0, 4.5 ] },
								"south": { "texture": "#gold", "uv": [ 15.0, 6.0, 15.5, 7.5 ] },
								"west": { "texture": "#gold", "uv": [ 8.5, 8.0, 9.0, 9.5 ] },
								"up": { "texture": "#gold", "uv": [ 6.5, 6.5, 7.0, 7.0 ] },
								"down": { "texture": "#gold", "uv": [ 5.5, 11.5, 6.0, 12.0 ], "enabled": false }
							},
							"children": [
								{
									"name": "gem45",
									"from": [ 0.3, 0.4, 0.5 ], 
									"to": [ 0.5, 0.6, 0.7 ], 
									"rotationOrigin": [ 0.4, 0.5, 0.5 ],
									"rotationZ": -45.0,
									"faces": {
										"north": { "texture": "#diamond", "uv": [ 6.0, 1.0, 6.5, 1.5 ], "enabled": false },
										"east": { "texture": "#diamond", "uv": [ 15.0, 1.5, 15.5, 2.0 ] },
										"south": { "texture": "#diamond", "uv": [ 13.0, 7.5, 13.5, 8.0 ] },
										"west": { "texture": "#diamond", "uv": [ 13.5, 1.0, 14.0, 1.5 ] },
										"up": { "texture": "#diamond", "uv": [ 14.0, 3.0, 14.5, 3.5 ] },
										"down": { "texture": "#diamond", "uv": [ 7.5, 4.5, 8.0, 5.0 ] }
									}
								},
								{
									"name": "gem46",
									"from": [ 0.3, 0.9, 0.5 ], 
									"to": [ 0.5, 1.1, 0.7 ], 
									"rotationOrigin": [ 0.4, 1.0, 0.5 ],
									"rotationZ": -45.0,
									"faces": {
										"north": { "texture": "#lapislazuli", "uv": [ 13.5, 10.0, 14.0, 10.5 ], "enabled": false },
										"east": { "texture": "#lapislazuli", "uv": [ 10.0, 4.5, 10.5, 5.0 ] },
										"south": { "texture": "#lapislazuli", "uv": [ 10.5, 5.0, 11.0, 5.5 ] },
										"west": { "texture": "#lapislazuli", "uv": [ 8.0, 11.0, 8.5, 11.5 ] },
										"up": { "texture": "#lapislazuli", "uv": [ 1.0, 8.0, 1.5, 8.5 ] },
										"down": { "texture": "#lapislazuli", "uv": [ 3.5, 14.0, 4.0, 14.5 ] }
									}
								}
							]
						},
						{
							"name": "toothS3",
							"from": [ 4.8, 1.2, 0.5 ], 
							"to": [ 5.6, 2.7, 1.0 ], 
							"rotationOrigin": [ 5.2, 1.2, 1.0 ],
							"faces": {
								"north": { "texture": "#gold", "uv": [ 13.0, 14.0, 13.5, 15.5 ] },
								"east": { "texture": "#gold", "uv": [ 1.0, 7.0, 1.5, 8.5 ] },
								"south": { "texture": "#gold", "uv": [ 4.0, 6.0, 4.5, 7.5 ] },
								"west": { "texture": "#gold", "uv": [ 14.0, 0.0, 14.5, 1.5 ] },
								"up": { "texture": "#gold", "uv": [ 1.0, 10.0, 1.5, 10.5 ] },
								"down": { "texture": "#gold", "uv": [ 2.5, 6.0, 3.0, 6.5 ], "enabled": false }
							},
							"children": [
								{
									"name": "gem47",
									"from": [ 0.3, 0.4, 0.5 ], 
									"to": [ 0.5, 0.6, 0.7 ], 
									"rotationOrigin": [ 0.4, 0.5, 0.5 ],
									"rotationZ": -45.0,
									"faces": {
										"north": { "texture": "#diamond", "uv": [ 10.5, 12.5, 11.0, 13.0 ], "enabled": false },
										"east": { "texture": "#diamond", "uv": [ 11.5, 3.5, 12.0, 4.0 ] },
										"south": { "texture": "#diamond", "uv": [ 14.0, 11.5, 14.5, 12.0 ] },
										"west": { "texture": "#diamond", "uv": [ 8.5, 3.5, 9.0, 4.0 ] },
										"up": { "texture": "#diamond", "uv": [ 3.0, 6.0, 3.5, 6.5 ] },
										"down": { "texture": "#diamond", "uv": [ 11.0, 9.0, 11.5, 9.5 ] }
									}
								},
								{
									"name": "gem48",
									"from": [ 0.3, 0.9, 0.5 ], 
									"to": [ 0.5, 1.1, 0.7 ], 
									"rotationOrigin": [ 0.4, 1.0, 0.5 ],
									"rotationZ": -45.0,
									"faces": {
										"north": { "texture": "#lapislazuli", "uv": [ 4.5, 10.5, 5.0, 11.0 ], "enabled": false },
										"east": { "texture": "#lapislazuli", "uv": [ 11.0, 3.5, 11.5, 4.0 ] },
										"south": { "texture": "#lapislazuli", "uv": [ 0.5, 3.0, 1.0, 3.5 ] },
										"west": { "texture": "#lapislazuli", "uv": [ 11.5, 4.0, 12.0, 4.5 ] },
										"up": { "texture": "#lapislazuli", "uv": [ 4.5, 12.0, 5.0, 12.5 ] },
										"down": { "texture": "#lapislazuli", "uv": [ 13.0, 0.5, 13.5, 1.0 ] }
									}
								}
							]
						}
					]
				}
			]
		}
	]}