{
	"editor": {
		"backDropShape": "entity/humanoid/seraph-hairless",
		"allAngles": false,
		"entityTextureMode": false
	},
	"textureWidth": 16,
	"textureHeight": 16,
	"textureSizes": {
	},
	"textures": {
		"plain": "block/glass/quartz",
		"brass": "block/metal/plate/brass"
	},
	"elements": [
		{
			"name": "Glasses-nasal",
			"stepParentName": "Head",
			"from": [ -0.2, 2.1, 2.1 ],
			"to": [ -0.1, 2.2, 2.9 ],
			"rotationOrigin": [ -0.2, 2.1, 2.5 ],
			"faces": {
				"west": { "texture": "#brass", "uv": [ 0.0, 0.0, 0.5, 0.5 ] },
				"up": { "texture": "#brass", "uv": [ 0.0, 0.0, 0.5, 0.5 ] },
				"down": { "texture": "#brass", "uv": [ 0.0, 0.0, 0.5, 0.5 ] }
			},
			"children": [
				{
					"name": "Lens-R",
					"from": [ 0.0, -0.2, -1.3 ],
					"to": [ 0.1, 0.5, -0.1 ],
					"rotationOrigin": [ 0.0, -0.2, -1.2 ],
					"faces": {
						"north": { "texture": "#plain", "uv": [ 0.0, 0.0, 0.5, 0.5 ] },
						"east": { "texture": "#plain", "uv": [ 0.0, 0.0, 1.0, 0.5 ] },
						"south": { "texture": "#plain", "uv": [ 0.0, 0.0, 0.5, 0.5 ] },
						"west": { "texture": "#plain", "uv": [ 0.0, 0.0, 1.0, 0.5 ] },
						"up": { "texture": "#plain", "uv": [ 0.0, 0.0, 0.5, 1.0 ] }
					},
					"children": [
						{
							"name": "Frame-R1",
							"from": [ -0.05, -0.1, 0.0 ],
							"to": [ 0.1, 0.0, 1.2 ],
							"rotationOrigin": [ 0.0, -0.1, 0.0 ],
							"faces": {
								"west": { "texture": "#brass", "uv": [ 0.0, 0.0, 1.0, 0.5 ] },
								"up": { "texture": "#brass", "uv": [ 0.0, 0.0, 0.5, 1.0 ] },
								"down": { "texture": "#brass", "uv": [ 0.0, 0.0, 0.5, 1.0 ] }
							}
						},
						{
							"name": "Frame-R2",
							"from": [ -0.05, -0.1, 1.2 ],
							"to": [ 0.1, 0.3, 1.3 ],
							"rotationOrigin": [ 0.0, -0.1, 1.2 ],
							"faces": {
								"north": { "texture": "#brass", "uv": [ 0.0, 0.0, 0.5, 0.5 ], "windMode": [-1,-1,-1,-1] },
								"east": { "texture": "#brass", "uv": [ 0.5, 0.0, 1.0, 0.5 ], "windMode": [-1,-1,-1,-1] },
								"south": { "texture": "#brass", "uv": [ 0.0, 0.0, 0.5, 0.5 ], "windMode": [-1,-1,-1,-1] },
								"west": { "texture": "#brass", "uv": [ 0.0, 0.0, 0.5, 0.5 ] },
								"up": { "texture": "#brass", "uv": [ 0.0, 0.0, 0.5, 0.5 ] },
								"down": { "texture": "#brass", "uv": [ 0.0, 0.0, 0.5, 0.5 ] }
							}
						},
						{
							"name": "Frame-R3",
							"from": [ -0.05, -0.1, -0.1 ],
							"to": [ 0.1, 0.3, 0.0 ],
							"rotationOrigin": [ 0.0, -0.1, -0.1 ],
							"faces": {
								"north": { "texture": "#brass", "uv": [ 0.0, 0.0, 0.5, 0.5 ] },
								"east": { "texture": "#brass", "uv": [ 0.5, 0.0, 1.0, 0.5 ] },
								"south": { "texture": "#brass", "uv": [ 0.0, 0.0, 0.5, 0.5 ] },
								"west": { "texture": "#brass", "uv": [ 0.0, 0.0, 0.5, 0.5 ] },
								"up": { "texture": "#brass", "uv": [ 0.0, 0.0, 0.5, 0.5 ] },
								"down": { "texture": "#brass", "uv": [ 0.0, 0.0, 0.5, 0.5 ] }
							}
						}
					]
				},
				{
					"name": "Lens-L",
					"from": [ 0.0, -0.2, 0.9 ],
					"to": [ 0.1, 0.5, 2.1 ],
					"rotationOrigin": [ 0.0, -0.2, 2.0 ],
					"faces": {
						"north": { "texture": "#plain", "uv": [ 0.0, 0.0, 0.5, 0.5 ] },
						"east": { "texture": "#plain", "uv": [ 0.0, 0.0, 1.0, 0.5 ] },
						"south": { "texture": "#plain", "uv": [ 0.0, 0.0, 0.5, 0.5 ] },
						"west": { "texture": "#plain", "uv": [ 0.0, 0.0, 1.0, 0.5 ] },
						"up": { "texture": "#plain", "uv": [ 0.0, 0.0, 0.5, 1.0 ] }
					},
					"children": [
						{
							"name": "Frame-L1",
							"from": [ -0.05, -0.1, 0.0 ],
							"to": [ 0.1, 0.0, 1.2 ],
							"faces": {
								"west": { "texture": "#brass", "uv": [ 0.0, 0.0, 1.0, 0.5 ] },
								"up": { "texture": "#brass", "uv": [ 0.0, 0.0, 0.5, 1.0 ] },
								"down": { "texture": "#brass", "uv": [ 0.0, 0.0, 0.5, 1.0 ] }
							}
						},
						{
							"name": "Frame-L2",
							"from": [ -0.05, -0.1, -0.1 ],
							"to": [ 0.1, 0.3, 0.0 ],
							"rotationOrigin": [ 0.0, 0.0, -0.1 ],
							"faces": {
								"north": { "texture": "#brass", "uv": [ 0.0, 0.0, 0.5, 0.5 ], "windMode": [-1,-1,-1,-1] },
								"south": { "texture": "#brass", "uv": [ 0.0, 0.0, 0.5, 0.5 ], "windMode": [-1,-1,-1,-1] },
								"west": { "texture": "#brass", "uv": [ 0.0, 0.0, 0.5, 0.5 ] },
								"up": { "texture": "#brass", "uv": [ 0.0, 0.0, 0.5, 0.5 ] },
								"down": { "texture": "#brass", "uv": [ 0.0, 0.0, 0.5, 0.5 ] }
							}
						},
						{
							"name": "Frame-L3",
							"from": [ -0.05, -0.1, 1.2 ],
							"to": [ 0.1, 0.3, 1.3 ],
							"rotationOrigin": [ 0.0, 0.0, 1.2 ],
							"faces": {
								"north": { "texture": "#brass", "uv": [ 0.0, 0.0, 0.5, 0.5 ] },
								"south": { "texture": "#brass", "uv": [ 0.0, 0.0, 0.5, 0.5 ] },
								"west": { "texture": "#brass", "uv": [ 0.0, 0.0, 0.5, 0.5 ] },
								"up": { "texture": "#brass", "uv": [ 0.0, 0.0, 0.5, 0.5 ] },
								"down": { "texture": "#brass", "uv": [ 0.0, 0.0, 0.5, 0.5 ] }
							}
						}
					]
				},
				{
					"name": "Face-R",
					"from": [ 0.0, 0.0, -2.2 ],
					"to": [ 0.1, 0.1, -1.4 ],
					"rotationOrigin": [ 0.0, 0.0, -2.1 ],
					"faces": {
						"north": { "texture": "#brass", "uv": [ 0.0, 0.0, 0.5, 0.5 ] },
						"west": { "texture": "#brass", "uv": [ 0.0, 0.0, 0.5, 0.5 ] },
						"up": { "texture": "#brass", "uv": [ 0.0, 0.0, 0.5, 0.5 ] },
						"down": { "texture": "#brass", "uv": [ 0.0, 0.0, 0.5, 0.5 ] }
					},
					"children": [
						{
							"name": "Ear-R",
							"from": [ 0.1, 0.0, 0.0 ],
							"to": [ 4.1, 0.1, 0.1 ],
							"rotationOrigin": [ 0.1, 0.0, 0.0 ],
							"faces": {
								"north": { "texture": "#brass", "uv": [ 0.0, 0.0, 4.0, 0.5 ] },
								"east": { "texture": "#brass", "uv": [ 0.0, 0.0, 0.5, 0.5 ] },
								"up": { "texture": "#brass", "uv": [ 0.0, 0.0, 4.0, 0.5 ] },
								"down": { "texture": "#brass", "uv": [ 0.0, 0.0, 4.0, 0.5 ] }
							}
						}
					]
				},
				{
					"name": "Face-L",
					"from": [ 0.0, 0.0, 2.2 ],
					"to": [ 0.1, 0.1, 3.0 ],
					"rotationOrigin": [ 0.0, 0.0, 2.3 ],
					"faces": {
						"south": { "texture": "#brass", "uv": [ 0.0, 0.0, 0.5, 0.5 ], "windMode": [-1,-1,-1,-1] },
						"west": { "texture": "#brass", "uv": [ 0.0, 0.0, 0.5, 0.5 ] },
						"up": { "texture": "#brass", "uv": [ 0.0, 0.0, 0.5, 0.5 ] },
						"down": { "texture": "#brass", "uv": [ 0.0, 0.0, 0.5, 0.5 ] }
					},
					"children": [
						{
							"name": "Ear-L",
							"from": [ 0.1, 0.0, 0.7 ],
							"to": [ 4.1, 0.1, 0.8 ],
							"rotationOrigin": [ 0.1, 0.0, 0.7 ],
							"faces": {
								"east": { "texture": "#brass", "uv": [ 0.0, 0.0, 0.5, 0.5 ] },
								"south": { "texture": "#brass", "uv": [ 0.0, 0.0, 4.0, 0.5 ] },
								"up": { "texture": "#brass", "uv": [ 0.0, 0.0, 4.0, 0.5 ] },
								"down": { "texture": "#brass", "uv": [ 0.0, 0.0, 4.0, 0.5 ] }
							}
						}
					]
				}
			]
		}
	]}