{
	"editor": {
		"allAngles": false,
		"entityTextureMode": false
	},
	"textureWidth": 16,
	"textureHeight": 16,
	"textureSizes": {
	},
	"textures": {
		"red": "block/cloth/linen/red",
		"gold": "block/metal/ingot/gold",
		"lapislazuli": "block/stone/gem/lapislazuli",
		"black": "block/cloth/linen/black",
		"topaz": "block/stone/gem/topaz",
		"aged": "block/wood/debarked/aged",
		"linen": "block/linen",
		"quartz": "block/stone/gem/quartz",
		"amethyst": "block/stone/gem/amethyst",
		"malachite": "block/stone/gem/malachite",
		"ruby": "block/stone/gem/ruby"
	},
	"elements": [
		{
			"name": "origin",
			"stepParentName": "Head",
			"from": [ 3.0, 4.0, 2.5 ], 
			"to": [ 3.0, 4.0, 2.5 ], 
			"rotationOrigin": [ 3.0, 4.0, 2.5 ],
			"faces": {
				"north": { "texture": "#null", "uv": [ 7.5, 8.5, 8.0, 9.0 ], "enabled": false },
				"east": { "texture": "#null", "uv": [ 2.5, 2.0, 3.0, 2.5 ], "enabled": false },
				"south": { "texture": "#null", "uv": [ 1.0, 1.5, 1.5, 2.0 ], "enabled": false },
				"west": { "texture": "#null", "uv": [ 7.5, 7.5, 8.0, 8.0 ], "enabled": false },
				"up": { "texture": "#null", "uv": [ 7.0, 8.5, 7.5, 9.0 ], "enabled": false },
				"down": { "texture": "#null", "uv": [ 1.0, 15.0, 1.5, 15.5 ], "enabled": false }
			},
			"children": [
				{
					"name": "cap",
					"from": [ -2.0, 1.0, -2.0 ], 
					"to": [ 2.0, 5.0, 2.0 ], 
					"rotationOrigin": [ 0.0, 1.0, 0.0 ],
					"faces": {
						"north": { "texture": "#black", "uv": [ 3.5, 0.0, 7.5, 4.0 ] },
						"east": { "texture": "#black", "uv": [ 11.0, 7.0, 15.0, 11.0 ] },
						"south": { "texture": "#black", "uv": [ 9.0, 9.0, 13.0, 13.0 ] },
						"west": { "texture": "#black", "uv": [ 10.5, 2.5, 14.5, 6.5 ] },
						"up": { "texture": "#black", "uv": [ 8.5, 10.5, 12.5, 14.5 ], "enabled": false },
						"down": { "texture": "#black", "uv": [ 1.0, 6.0, 5.0, 10.0 ], "windMode": [-1,-1,-1,-1] }
					},
					"children": [
						{
							"name": "board",
							"from": [ -3.0, 4.0, -0.5 ], 
							"to": [ 7.0, 4.5, 4.5 ], 
							"rotationOrigin": [ 2.0, 4.0, 2.0 ],
							"faces": {
								"north": { "texture": "#red", "uv": [ 0.0, 13.0, 10.0, 13.5 ] },
								"east": { "texture": "#red", "uv": [ 3.0, 4.0, 8.0, 4.5 ] },
								"south": { "texture": "#red", "uv": [ 3.0, 7.0, 13.0, 7.5 ] },
								"west": { "texture": "#red", "uv": [ 5.5, 10.0, 10.5, 10.5 ] },
								"up": { "texture": "#black", "uv": [ 5.5, 5.5, 15.5, 10.5 ] },
								"down": { "texture": "#black", "uv": [ 2.5, 4.0, 12.5, 9.0 ] }
							},
							"children": [
								{
									"name": "string1",
									"from": [ 0.5, -6.0, 0.5 ], 
									"to": [ 0.7, 0.0, 0.7 ], 
									"rotationOrigin": [ 0.6, 0.0, 0.6 ],
									"rotationY": -45.0,
									"faces": {
										"north": { "texture": "#linen", "uv": [ 6.5, 3.0, 7.0, 9.0 ] },
										"east": { "texture": "#linen", "uv": [ 5.5, 9.5, 6.0, 15.5 ] },
										"south": { "texture": "#linen", "uv": [ 11.0, 1.5, 11.5, 7.5 ] },
										"west": { "texture": "#linen", "uv": [ 12.0, 3.5, 12.5, 9.5 ] },
										"up": { "texture": "#linen", "uv": [ 3.0, 11.5, 3.5, 12.0 ], "enabled": false },
										"down": { "texture": "#linen", "uv": [ 9.5, 6.0, 10.0, 6.5 ], "enabled": false }
									},
									"children": [
										{
											"name": "bead1",
											"from": [ -0.1, -0.4, -0.1 ], 
											"to": [ 0.3, 0.0, 0.3 ], 
											"rotationOrigin": [ 0.1, 0.0, 0.1 ],
											"faces": {
												"north": { "texture": "#quartz", "uv": [ 6.5, 7.0, 7.0, 7.5 ] },
												"east": { "texture": "#quartz", "uv": [ 4.5, 11.5, 5.0, 12.0 ] },
												"south": { "texture": "#quartz", "uv": [ 11.0, 14.0, 11.5, 14.5 ] },
												"west": { "texture": "#quartz", "uv": [ 2.0, 8.5, 2.5, 9.0 ] },
												"up": { "texture": "#quartz", "uv": [ 8.5, 1.0, 9.0, 1.5 ] },
												"down": { "texture": "#quartz", "uv": [ 6.5, 0.5, 7.0, 1.0 ] }
											}
										},
										{
											"name": "bead2",
											"from": [ -0.1, 2.1, -0.1 ], 
											"to": [ 0.3, 2.5, 0.3 ], 
											"rotationOrigin": [ 0.1, 2.5, 0.1 ],
											"faces": {
												"north": { "texture": "#malachite", "uv": [ 1.5, 0.0, 2.0, 0.5 ] },
												"east": { "texture": "#malachite", "uv": [ 6.0, 3.0, 6.5, 3.5 ] },
												"south": { "texture": "#malachite", "uv": [ 9.5, 10.0, 10.0, 10.5 ] },
												"west": { "texture": "#malachite", "uv": [ 4.5, 12.0, 5.0, 12.5 ] },
												"up": { "texture": "#malachite", "uv": [ 3.0, 13.0, 3.5, 13.5 ] },
												"down": { "texture": "#malachite", "uv": [ 14.0, 8.5, 14.5, 9.0 ] }
											}
										},
										{
											"name": "bead3",
											"from": [ -0.1, 4.6, -0.1 ], 
											"to": [ 0.3, 5.0, 0.3 ], 
											"rotationOrigin": [ 0.1, 5.0, 0.1 ],
											"faces": {
												"north": { "texture": "#lapislazuli", "uv": [ 1.0, 9.5, 1.5, 10.0 ] },
												"east": { "texture": "#lapislazuli", "uv": [ 8.0, 13.0, 8.5, 13.5 ] },
												"south": { "texture": "#lapislazuli", "uv": [ 3.5, 1.0, 4.0, 1.5 ] },
												"west": { "texture": "#lapislazuli", "uv": [ 4.0, 13.0, 4.5, 13.5 ] },
												"up": { "texture": "#lapislazuli", "uv": [ 12.5, 13.5, 13.0, 14.0 ] },
												"down": { "texture": "#lapislazuli", "uv": [ 14.5, 10.0, 15.0, 10.5 ] }
											}
										}
									]
								},
								{
									"name": "string2",
									"from": [ 0.5, -6.0, 1.5 ], 
									"to": [ 0.7, 0.0, 1.7 ], 
									"rotationOrigin": [ 0.6, 0.0, 1.6 ],
									"rotationY": -45.0,
									"faces": {
										"north": { "texture": "#linen", "uv": [ 2.0, 6.0, 2.5, 12.0 ] },
										"east": { "texture": "#linen", "uv": [ 2.0, 6.0, 2.5, 12.0 ] },
										"south": { "texture": "#linen", "uv": [ 10.5, 9.0, 11.0, 15.0 ] },
										"west": { "texture": "#linen", "uv": [ 6.5, 5.5, 7.0, 11.5 ] },
										"up": { "texture": "#linen", "uv": [ 12.0, 12.5, 12.5, 13.0 ], "enabled": false },
										"down": { "texture": "#linen", "uv": [ 12.5, 11.5, 13.0, 12.0 ], "enabled": false }
									},
									"children": [
										{
											"name": "bead4",
											"from": [ -0.1, -0.4, -0.1 ], 
											"to": [ 0.3, 0.0, 0.3 ], 
											"rotationOrigin": [ 0.1, 0.0, 0.1 ],
											"faces": {
												"north": { "texture": "#topaz", "uv": [ 12.5, 14.0, 13.0, 14.5 ] },
												"east": { "texture": "#topaz", "uv": [ 8.0, 3.5, 8.5, 4.0 ] },
												"south": { "texture": "#topaz", "uv": [ 1.5, 2.0, 2.0, 2.5 ] },
												"west": { "texture": "#topaz", "uv": [ 13.0, 7.5, 13.5, 8.0 ] },
												"up": { "texture": "#topaz", "uv": [ 0.0, 0.5, 0.5, 1.0 ] },
												"down": { "texture": "#topaz", "uv": [ 12.0, 15.0, 12.5, 15.5 ] }
											}
										},
										{
											"name": "bead5",
											"from": [ -0.1, 2.1, -0.1 ], 
											"to": [ 0.3, 2.5, 0.3 ], 
											"rotationOrigin": [ 0.1, 2.5, 0.1 ],
											"faces": {
												"north": { "texture": "#amethyst", "uv": [ 8.5, 2.5, 9.0, 3.0 ] },
												"east": { "texture": "#amethyst", "uv": [ 1.0, 15.0, 1.5, 15.5 ] },
												"south": { "texture": "#amethyst", "uv": [ 2.0, 1.0, 2.5, 1.5 ] },
												"west": { "texture": "#amethyst", "uv": [ 6.5, 8.0, 7.0, 8.5 ] },
												"up": { "texture": "#amethyst", "uv": [ 10.0, 12.5, 10.5, 13.0 ] },
												"down": { "texture": "#amethyst", "uv": [ 6.0, 2.5, 6.5, 3.0 ] }
											}
										},
										{
											"name": "bead6",
											"from": [ -0.1, 4.6, -0.1 ], 
											"to": [ 0.3, 5.0, 0.3 ], 
											"rotationOrigin": [ 0.1, 5.0, 0.1 ],
											"faces": {
												"north": { "texture": "#ruby", "uv": [ 4.0, 0.5, 4.5, 1.0 ] },
												"east": { "texture": "#ruby", "uv": [ 4.5, 7.5, 5.0, 8.0 ] },
												"south": { "texture": "#ruby", "uv": [ 12.5, 14.5, 13.0, 15.0 ] },
												"west": { "texture": "#ruby", "uv": [ 9.0, 13.0, 9.5, 13.5 ] },
												"up": { "texture": "#ruby", "uv": [ 11.0, 8.5, 11.5, 9.0 ] },
												"down": { "texture": "#ruby", "uv": [ 10.5, 9.5, 11.0, 10.0 ] }
											}
										}
									]
								},
								{
									"name": "string3",
									"from": [ 0.5, -6.0, 3.5 ], 
									"to": [ 0.7, 0.0, 3.7 ], 
									"rotationOrigin": [ 0.6, 0.0, 3.6 ],
									"rotationY": -45.0,
									"faces": {
										"north": { "texture": "#linen", "uv": [ 5.0, 1.5, 5.5, 7.5 ] },
										"east": { "texture": "#linen", "uv": [ 2.5, 5.5, 3.0, 11.5 ] },
										"south": { "texture": "#linen", "uv": [ 9.0, 5.0, 9.5, 11.0 ] },
										"west": { "texture": "#linen", "uv": [ 6.0, 4.0, 6.5, 10.0 ] },
										"up": { "texture": "#linen", "uv": [ 11.5, 5.5, 12.0, 6.0 ], "enabled": false },
										"down": { "texture": "#linen", "uv": [ 8.5, 3.5, 9.0, 4.0 ], "enabled": false }
									},
									"children": [
										{
											"name": "bead7",
											"from": [ -0.1, -0.4, -0.1 ], 
											"to": [ 0.3, 0.0, 0.3 ], 
											"rotationOrigin": [ 0.1, 0.0, 0.1 ],
											"faces": {
												"north": { "texture": "#topaz", "uv": [ 3.5, 9.0, 4.0, 9.5 ] },
												"east": { "texture": "#topaz", "uv": [ 11.0, 13.0, 11.5, 13.5 ] },
												"south": { "texture": "#topaz", "uv": [ 10.5, 9.0, 11.0, 9.5 ] },
												"west": { "texture": "#topaz", "uv": [ 7.0, 11.0, 7.5, 11.5 ] },
												"up": { "texture": "#topaz", "uv": [ 4.0, 12.5, 4.5, 13.0 ] },
												"down": { "texture": "#topaz", "uv": [ 9.0, 13.5, 9.5, 14.0 ] }
											}
										},
										{
											"name": "bead8",
											"from": [ -0.1, 2.1, -0.1 ], 
											"to": [ 0.3, 2.5, 0.3 ], 
											"rotationOrigin": [ 0.1, 2.5, 0.1 ],
											"faces": {
												"north": { "texture": "#amethyst", "uv": [ 5.0, 7.5, 5.5, 8.0 ] },
												"east": { "texture": "#amethyst", "uv": [ 12.0, 8.5, 12.5, 9.0 ] },
												"south": { "texture": "#amethyst", "uv": [ 11.5, 5.5, 12.0, 6.0 ] },
												"west": { "texture": "#amethyst", "uv": [ 10.0, 5.0, 10.5, 5.5 ] },
												"up": { "texture": "#amethyst", "uv": [ 3.0, 5.0, 3.5, 5.5 ] },
												"down": { "texture": "#amethyst", "uv": [ 8.0, 3.0, 8.5, 3.5 ] }
											}
										},
										{
											"name": "bead9",
											"from": [ -0.1, 4.6, -0.1 ], 
											"to": [ 0.3, 5.0, 0.3 ], 
											"rotationOrigin": [ 0.1, 5.0, 0.1 ],
											"faces": {
												"north": { "texture": "#ruby", "uv": [ 9.5, 15.0, 10.0, 15.5 ] },
												"east": { "texture": "#ruby", "uv": [ 6.5, 10.5, 7.0, 11.0 ] },
												"south": { "texture": "#ruby", "uv": [ 5.5, 2.5, 6.0, 3.0 ] },
												"west": { "texture": "#ruby", "uv": [ 6.0, 10.0, 6.5, 10.5 ] },
												"up": { "texture": "#ruby", "uv": [ 15.0, 0.5, 15.5, 1.0 ] },
												"down": { "texture": "#ruby", "uv": [ 6.0, 0.5, 6.5, 1.0 ] }
											}
										}
									]
								},
								{
									"name": "string4",
									"from": [ 0.5, -6.0, 4.5 ], 
									"to": [ 0.7, 0.0, 4.7 ], 
									"rotationOrigin": [ 0.6, 0.0, 4.6 ],
									"rotationY": -45.0,
									"faces": {
										"north": { "texture": "#linen", "uv": [ 1.5, 4.5, 2.0, 10.5 ] },
										"east": { "texture": "#linen", "uv": [ 8.0, 1.0, 8.5, 7.0 ] },
										"south": { "texture": "#linen", "uv": [ 14.5, 0.5, 15.0, 6.5 ] },
										"west": { "texture": "#linen", "uv": [ 11.5, 2.5, 12.0, 8.5 ] },
										"up": { "texture": "#linen", "uv": [ 6.5, 5.0, 7.0, 5.5 ], "enabled": false },
										"down": { "texture": "#linen", "uv": [ 12.5, 9.0, 13.0, 9.5 ], "enabled": false }
									},
									"children": [
										{
											"name": "bead10",
											"from": [ -0.1, -0.4, -0.1 ], 
											"to": [ 0.3, 0.0, 0.3 ], 
											"rotationOrigin": [ 0.1, 0.0, 0.1 ],
											"faces": {
												"north": { "texture": "#quartz", "uv": [ 7.5, 9.5, 8.0, 10.0 ] },
												"east": { "texture": "#quartz", "uv": [ 6.0, 6.0, 6.5, 6.5 ] },
												"south": { "texture": "#quartz", "uv": [ 5.5, 11.5, 6.0, 12.0 ] },
												"west": { "texture": "#quartz", "uv": [ 13.5, 13.5, 14.0, 14.0 ] },
												"up": { "texture": "#quartz", "uv": [ 6.0, 3.5, 6.5, 4.0 ] },
												"down": { "texture": "#quartz", "uv": [ 8.0, 14.5, 8.5, 15.0 ] }
											}
										},
										{
											"name": "bead11",
											"from": [ -0.1, 2.1, -0.1 ], 
											"to": [ 0.3, 2.5, 0.3 ], 
											"rotationOrigin": [ 0.1, 2.5, 0.1 ],
											"faces": {
												"north": { "texture": "#malachite", "uv": [ 8.0, 4.5, 8.5, 5.0 ] },
												"east": { "texture": "#malachite", "uv": [ 12.0, 14.5, 12.5, 15.0 ] },
												"south": { "texture": "#malachite", "uv": [ 12.5, 1.0, 13.0, 1.5 ] },
												"west": { "texture": "#malachite", "uv": [ 11.0, 11.5, 11.5, 12.0 ] },
												"up": { "texture": "#malachite", "uv": [ 11.5, 6.0, 12.0, 6.5 ] },
												"down": { "texture": "#malachite", "uv": [ 6.5, 10.5, 7.0, 11.0 ] }
											}
										},
										{
											"name": "bead12",
											"from": [ -0.1, 4.6, -0.1 ], 
											"to": [ 0.3, 5.0, 0.3 ], 
											"rotationOrigin": [ 0.1, 5.0, 0.1 ],
											"faces": {
												"north": { "texture": "#lapislazuli", "uv": [ 2.0, 3.0, 2.5, 3.5 ] },
												"east": { "texture": "#lapislazuli", "uv": [ 1.0, 4.5, 1.5, 5.0 ] },
												"south": { "texture": "#lapislazuli", "uv": [ 12.5, 1.5, 13.0, 2.0 ] },
												"west": { "texture": "#lapislazuli", "uv": [ 14.0, 11.5, 14.5, 12.0 ] },
												"up": { "texture": "#lapislazuli", "uv": [ 5.0, 6.5, 5.5, 7.0 ] },
												"down": { "texture": "#lapislazuli", "uv": [ 6.0, 8.5, 6.5, 9.0 ] }
											}
										}
									]
								},
								{
									"name": "string5",
									"from": [ 9.5, -6.0, 1.5 ], 
									"to": [ 9.7, 0.0, 1.7 ], 
									"rotationOrigin": [ 9.6, 0.0, 1.6 ],
									"rotationY": -45.0,
									"faces": {
										"north": { "texture": "#linen", "uv": [ 7.0, 4.5, 7.5, 10.5 ] },
										"east": { "texture": "#linen", "uv": [ 14.5, 4.0, 15.0, 10.0 ] },
										"south": { "texture": "#linen", "uv": [ 1.5, 0.0, 2.0, 6.0 ] },
										"west": { "texture": "#linen", "uv": [ 14.0, 6.0, 14.5, 12.0 ] },
										"up": { "texture": "#linen", "uv": [ 13.0, 4.5, 13.5, 5.0 ], "enabled": false },
										"down": { "texture": "#linen", "uv": [ 7.5, 10.0, 8.0, 10.5 ], "enabled": false }
									},
									"children": [
										{
											"name": "bead13",
											"from": [ -0.1, -0.4, -0.1 ], 
											"to": [ 0.3, 0.0, 0.3 ], 
											"rotationOrigin": [ 0.1, 0.0, 0.1 ],
											"faces": {
												"north": { "texture": "#topaz", "uv": [ 7.5, 8.0, 8.0, 8.5 ] },
												"east": { "texture": "#topaz", "uv": [ 0.0, 12.0, 0.5, 12.5 ] },
												"south": { "texture": "#topaz", "uv": [ 11.0, 14.5, 11.5, 15.0 ] },
												"west": { "texture": "#topaz", "uv": [ 9.0, 3.0, 9.5, 3.5 ] },
												"up": { "texture": "#topaz", "uv": [ 2.0, 6.5, 2.5, 7.0 ] },
												"down": { "texture": "#topaz", "uv": [ 5.5, 4.5, 6.0, 5.0 ] }
											}
										},
										{
											"name": "bead14",
											"from": [ -0.1, 2.1, -0.1 ], 
											"to": [ 0.3, 2.5, 0.3 ], 
											"rotationOrigin": [ 0.1, 2.5, 0.1 ],
											"faces": {
												"north": { "texture": "#amethyst", "uv": [ 14.0, 3.0, 14.5, 3.5 ] },
												"east": { "texture": "#amethyst", "uv": [ 0.0, 15.0, 0.5, 15.5 ] },
												"south": { "texture": "#amethyst", "uv": [ 5.5, 8.0, 6.0, 8.5 ] },
												"west": { "texture": "#amethyst", "uv": [ 4.0, 12.5, 4.5, 13.0 ] },
												"up": { "texture": "#amethyst", "uv": [ 6.5, 3.0, 7.0, 3.5 ] },
												"down": { "texture": "#amethyst", "uv": [ 9.5, 5.0, 10.0, 5.5 ] }
											}
										},
										{
											"name": "bead15",
											"from": [ -0.1, 4.6, -0.1 ], 
											"to": [ 0.3, 5.0, 0.3 ], 
											"rotationOrigin": [ 0.1, 5.0, 0.1 ],
											"faces": {
												"north": { "texture": "#ruby", "uv": [ 14.0, 12.0, 14.5, 12.5 ] },
												"east": { "texture": "#ruby", "uv": [ 11.0, 11.0, 11.5, 11.5 ] },
												"south": { "texture": "#ruby", "uv": [ 10.0, 5.5, 10.5, 6.0 ] },
												"west": { "texture": "#ruby", "uv": [ 5.0, 12.5, 5.5, 13.0 ] },
												"up": { "texture": "#ruby", "uv": [ 5.0, 9.0, 5.5, 9.5 ] },
												"down": { "texture": "#ruby", "uv": [ 0.0, 6.0, 0.5, 6.5 ] }
											}
										}
									]
								},
								{
									"name": "string6",
									"from": [ 9.5, -6.0, 0.5 ], 
									"to": [ 9.7, 0.0, 0.7 ], 
									"rotationOrigin": [ 9.6, 0.0, 0.6 ],
									"rotationY": -45.0,
									"faces": {
										"north": { "texture": "#linen", "uv": [ 9.0, 2.0, 9.5, 8.0 ] },
										"east": { "texture": "#linen", "uv": [ 4.0, 4.5, 4.5, 10.5 ] },
										"south": { "texture": "#linen", "uv": [ 10.5, 5.5, 11.0, 11.5 ] },
										"west": { "texture": "#linen", "uv": [ 8.5, 8.0, 9.0, 14.0 ] },
										"up": { "texture": "#linen", "uv": [ 3.0, 13.0, 3.5, 13.5 ], "enabled": false },
										"down": { "texture": "#linen", "uv": [ 14.5, 8.0, 15.0, 8.5 ], "enabled": false }
									},
									"children": [
										{
											"name": "bead16",
											"from": [ -0.1, -0.4, -0.1 ], 
											"to": [ 0.3, 0.0, 0.3 ], 
											"rotationOrigin": [ 0.1, 0.0, 0.1 ],
											"faces": {
												"north": { "texture": "#quartz", "uv": [ 2.0, 4.0, 2.5, 4.5 ] },
												"east": { "texture": "#quartz", "uv": [ 15.0, 13.5, 15.5, 14.0 ] },
												"south": { "texture": "#quartz", "uv": [ 7.0, 3.5, 7.5, 4.0 ] },
												"west": { "texture": "#quartz", "uv": [ 7.0, 2.0, 7.5, 2.5 ] },
												"up": { "texture": "#quartz", "uv": [ 7.5, 2.0, 8.0, 2.5 ] },
												"down": { "texture": "#quartz", "uv": [ 2.5, 2.0, 3.0, 2.5 ] }
											}
										},
										{
											"name": "bead17",
											"from": [ -0.1, 2.1, -0.1 ], 
											"to": [ 0.3, 2.5, 0.3 ], 
											"rotationOrigin": [ 0.1, 2.5, 0.1 ],
											"faces": {
												"north": { "texture": "#malachite", "uv": [ 0.0, 9.0, 0.5, 9.5 ] },
												"east": { "texture": "#malachite", "uv": [ 9.5, 4.5, 10.0, 5.0 ] },
												"south": { "texture": "#malachite", "uv": [ 5.0, 6.0, 5.5, 6.5 ] },
												"west": { "texture": "#malachite", "uv": [ 11.0, 0.5, 11.5, 1.0 ] },
												"up": { "texture": "#malachite", "uv": [ 5.0, 0.0, 5.5, 0.5 ] },
												"down": { "texture": "#malachite", "uv": [ 2.0, 11.0, 2.5, 11.5 ] }
											}
										},
										{
											"name": "bead18",
											"from": [ -0.1, 4.6, -0.1 ], 
											"to": [ 0.3, 5.0, 0.3 ], 
											"rotationOrigin": [ 0.1, 5.0, 0.1 ],
											"faces": {
												"north": { "texture": "#lapislazuli", "uv": [ 12.0, 12.0, 12.5, 12.5 ] },
												"east": { "texture": "#lapislazuli", "uv": [ 0.0, 5.0, 0.5, 5.5 ] },
												"south": { "texture": "#lapislazuli", "uv": [ 5.0, 7.0, 5.5, 7.5 ] },
												"west": { "texture": "#lapislazuli", "uv": [ 0.5, 13.0, 1.0, 13.5 ] },
												"up": { "texture": "#lapislazuli", "uv": [ 4.0, 7.0, 4.5, 7.5 ] },
												"down": { "texture": "#lapislazuli", "uv": [ 4.0, 1.0, 4.5, 1.5 ] }
											}
										}
									]
								},
								{
									"name": "string7",
									"from": [ 9.5, -6.0, 3.5 ], 
									"to": [ 9.7, 0.0, 3.7 ], 
									"rotationOrigin": [ 9.6, 0.0, 3.6 ],
									"rotationY": -45.0,
									"faces": {
										"north": { "texture": "#linen", "uv": [ 4.5, 4.5, 5.0, 10.5 ] },
										"east": { "texture": "#linen", "uv": [ 1.5, 9.0, 2.0, 15.0 ] },
										"south": { "texture": "#linen", "uv": [ 7.0, 8.0, 7.5, 14.0 ] },
										"west": { "texture": "#linen", "uv": [ 15.0, 5.5, 15.5, 11.5 ] },
										"up": { "texture": "#linen", "uv": [ 6.5, 10.0, 7.0, 10.5 ], "enabled": false },
										"down": { "texture": "#linen", "uv": [ 10.0, 10.0, 10.5, 10.5 ], "enabled": false }
									},
									"children": [
										{
											"name": "bead19",
											"from": [ -0.1, -0.4, -0.1 ], 
											"to": [ 0.3, 0.0, 0.3 ], 
											"rotationOrigin": [ 0.1, 0.0, 0.1 ],
											"faces": {
												"north": { "texture": "#topaz", "uv": [ 0.0, 6.5, 0.5, 7.0 ] },
												"east": { "texture": "#topaz", "uv": [ 15.0, 9.5, 15.5, 10.0 ] },
												"south": { "texture": "#topaz", "uv": [ 0.0, 14.0, 0.5, 14.5 ] },
												"west": { "texture": "#topaz", "uv": [ 13.5, 0.5, 14.0, 1.0 ] },
												"up": { "texture": "#topaz", "uv": [ 4.0, 0.5, 4.5, 1.0 ] },
												"down": { "texture": "#topaz", "uv": [ 11.0, 1.5, 11.5, 2.0 ] }
											}
										},
										{
											"name": "bead20",
											"from": [ -0.1, 2.1, -0.1 ], 
											"to": [ 0.3, 2.5, 0.3 ], 
											"rotationOrigin": [ 0.1, 2.5, 0.1 ],
											"faces": {
												"north": { "texture": "#amethyst", "uv": [ 5.5, 14.0, 6.0, 14.5 ] },
												"east": { "texture": "#amethyst", "uv": [ 15.0, 7.0, 15.5, 7.5 ] },
												"south": { "texture": "#amethyst", "uv": [ 6.0, 3.0, 6.5, 3.5 ] },
												"west": { "texture": "#amethyst", "uv": [ 12.5, 3.5, 13.0, 4.0 ] },
												"up": { "texture": "#amethyst", "uv": [ 6.0, 10.5, 6.5, 11.0 ] },
												"down": { "texture": "#amethyst", "uv": [ 8.0, 7.5, 8.5, 8.0 ] }
											}
										},
										{
											"name": "bead21",
											"from": [ -0.1, 4.6, -0.1 ], 
											"to": [ 0.3, 5.0, 0.3 ], 
											"rotationOrigin": [ 0.1, 5.0, 0.1 ],
											"faces": {
												"north": { "texture": "#ruby", "uv": [ 3.5, 14.5, 4.0, 15.0 ] },
												"east": { "texture": "#ruby", "uv": [ 5.5, 10.5, 6.0, 11.0 ] },
												"south": { "texture": "#ruby", "uv": [ 4.5, 12.0, 5.0, 12.5 ] },
												"west": { "texture": "#ruby", "uv": [ 4.0, 0.0, 4.5, 0.5 ] },
												"up": { "texture": "#ruby", "uv": [ 14.5, 8.5, 15.0, 9.0 ] },
												"down": { "texture": "#ruby", "uv": [ 11.0, 1.5, 11.5, 2.0 ] }
											}
										}
									]
								},
								{
									"name": "string8",
									"from": [ 9.5, -6.0, 4.5 ], 
									"to": [ 9.7, 0.0, 4.7 ], 
									"rotationOrigin": [ 9.6, 0.0, 4.6 ],
									"rotationY": -45.0,
									"faces": {
										"north": { "texture": "#linen", "uv": [ 8.5, 1.0, 9.0, 7.0 ] },
										"east": { "texture": "#linen", "uv": [ 1.5, 0.5, 2.0, 6.5 ] },
										"south": { "texture": "#linen", "uv": [ 6.5, 4.0, 7.0, 10.0 ] },
										"west": { "texture": "#linen", "uv": [ 0.0, 0.0, 0.5, 6.0 ] },
										"up": { "texture": "#linen", "uv": [ 9.5, 1.0, 10.0, 1.5 ], "enabled": false },
										"down": { "texture": "#linen", "uv": [ 15.0, 10.0, 15.5, 10.5 ], "enabled": false }
									},
									"children": [
										{
											"name": "bead22",
											"from": [ -0.1, -0.4, -0.1 ], 
											"to": [ 0.3, 0.0, 0.3 ], 
											"rotationOrigin": [ 0.1, 0.0, 0.1 ],
											"faces": {
												"north": { "texture": "#quartz", "uv": [ 14.0, 6.5, 14.5, 7.0 ] },
												"east": { "texture": "#quartz", "uv": [ 4.5, 1.5, 5.0, 2.0 ] },
												"south": { "texture": "#quartz", "uv": [ 3.5, 5.5, 4.0, 6.0 ] },
												"west": { "texture": "#quartz", "uv": [ 9.5, 0.5, 10.0, 1.0 ] },
												"up": { "texture": "#quartz", "uv": [ 7.5, 3.0, 8.0, 3.5 ] },
												"down": { "texture": "#quartz", "uv": [ 13.0, 8.0, 13.5, 8.5 ] }
											}
										},
										{
											"name": "bead23",
											"from": [ -0.1, 2.1, -0.1 ], 
											"to": [ 0.3, 2.5, 0.3 ], 
											"rotationOrigin": [ 0.1, 2.5, 0.1 ],
											"faces": {
												"north": { "texture": "#malachite", "uv": [ 0.0, 1.0, 0.5, 1.5 ] },
												"east": { "texture": "#malachite", "uv": [ 12.0, 14.0, 12.5, 14.5 ] },
												"south": { "texture": "#malachite", "uv": [ 3.0, 13.5, 3.5, 14.0 ] },
												"west": { "texture": "#malachite", "uv": [ 11.5, 12.5, 12.0, 13.0 ] },
												"up": { "texture": "#malachite", "uv": [ 0.5, 10.0, 1.0, 10.5 ] },
												"down": { "texture": "#malachite", "uv": [ 11.5, 14.5, 12.0, 15.0 ] }
											}
										},
										{
											"name": "bead24",
											"from": [ -0.1, 4.6, -0.1 ], 
											"to": [ 0.3, 5.0, 0.3 ], 
											"rotationOrigin": [ 0.1, 5.0, 0.1 ],
											"faces": {
												"north": { "texture": "#lapislazuli", "uv": [ 6.5, 3.0, 7.0, 3.5 ] },
												"east": { "texture": "#lapislazuli", "uv": [ 6.5, 8.5, 7.0, 9.0 ] },
												"south": { "texture": "#lapislazuli", "uv": [ 15.0, 6.0, 15.5, 6.5 ] },
												"west": { "texture": "#lapislazuli", "uv": [ 10.0, 4.0, 10.5, 4.5 ] },
												"up": { "texture": "#lapislazuli", "uv": [ 11.0, 11.0, 11.5, 11.5 ] },
												"down": { "texture": "#lapislazuli", "uv": [ 7.5, 10.5, 8.0, 11.0 ] }
											}
										}
									]
								},
								{
									"name": "tianhe-top",
									"from": [ 4.0, 0.5, -0.2 ], 
									"to": [ 5.0, 0.7, 5.2 ], 
									"rotationOrigin": [ 4.0, 0.5, 2.5 ],
									"faces": {
										"north": { "texture": "#red", "uv": [ 12.0, 3.0, 13.0, 3.5 ] },
										"east": { "texture": "#red", "uv": [ 2.5, 5.0, 7.5, 5.5 ] },
										"south": { "texture": "#red", "uv": [ 9.0, 3.5, 10.0, 4.0 ] },
										"west": { "texture": "#red", "uv": [ 2.0, 4.5, 7.0, 5.0 ] },
										"up": { "texture": "#red", "uv": [ 10.0, 2.5, 11.0, 7.5 ] },
										"down": { "texture": "#red", "uv": [ 9.5, 7.5, 10.5, 12.5 ], "enabled": false }
									},
									"children": [
										{
											"name": "tianhe-N",
											"from": [ 0.0, -6.0, 0.0 ], 
											"to": [ 1.0, 0.0, 0.2 ], 
											"rotationOrigin": [ 0.5, 0.0, 0.0 ],
											"faces": {
												"north": { "texture": "#red", "uv": [ 6.0, 8.5, 7.0, 14.5 ] },
												"east": { "texture": "#red", "uv": [ 5.5, 8.0, 6.0, 14.0 ] },
												"south": { "texture": "#red", "uv": [ 14.0, 2.5, 15.0, 8.5 ] },
												"west": { "texture": "#red", "uv": [ 0.0, 7.0, 0.5, 13.0 ] },
												"up": { "texture": "#red", "uv": [ 8.0, 13.5, 9.0, 14.0 ], "enabled": false },
												"down": { "texture": "#red", "uv": [ 0.5, 12.0, 1.5, 12.5 ] }
											}
										},
										{
											"name": "tianhe-S",
											"from": [ 0.0, -6.0, 5.2 ], 
											"to": [ 1.0, 0.0, 5.4 ], 
											"rotationOrigin": [ 0.5, 0.0, 5.2 ],
											"faces": {
												"north": { "texture": "#red", "uv": [ 7.5, 5.5, 8.5, 11.5 ] },
												"east": { "texture": "#red", "uv": [ 8.0, 0.0, 8.5, 6.0 ] },
												"south": { "texture": "#red", "uv": [ 0.0, 6.5, 1.0, 12.5 ] },
												"west": { "texture": "#red", "uv": [ 1.5, 7.0, 2.0, 13.0 ] },
												"up": { "texture": "#red", "uv": [ 0.0, 8.0, 1.0, 8.5 ], "enabled": false },
												"down": { "texture": "#red", "uv": [ 10.5, 6.5, 11.5, 7.0 ] }
											}
										}
									]
								}
							]
						},
						{
							"name": "wu1",
							"from": [ -0.2, 0.3, -0.2 ], 
							"to": [ 4.2, 0.6, 4.2 ], 
							"rotationOrigin": [ 2.0, 0.3, 2.0 ],
							"faces": {
								"north": { "texture": "#gold", "uv": [ 1.0, 1.0, 5.0, 1.5 ] },
								"east": { "texture": "#gold", "uv": [ 3.5, 11.0, 7.5, 11.5 ] },
								"south": { "texture": "#gold", "uv": [ 7.5, 9.0, 11.5, 9.5 ] },
								"west": { "texture": "#gold", "uv": [ 6.0, 9.0, 10.0, 9.5 ] },
								"up": { "texture": "#gold", "uv": [ 5.5, 9.0, 9.5, 13.0 ] },
								"down": { "texture": "#gold", "uv": [ 6.5, 1.0, 10.5, 5.0 ] }
							},
							"children": [
								{
									"name": "wu-side1",
									"from": [ 1.0, 0.3, 0.0 ], 
									"to": [ 1.3, 1.1, 4.4 ], 
									"rotationOrigin": [ 1.0, 0.3, 0.0 ],
									"faces": {
										"north": { "texture": "#gold", "uv": [ 3.0, 7.5, 3.5, 8.0 ] },
										"east": { "texture": "#gold", "uv": [ 4.0, 10.5, 8.0, 11.0 ] },
										"south": { "texture": "#gold", "uv": [ 6.5, 9.0, 7.0, 9.5 ] },
										"west": { "texture": "#gold", "uv": [ 10.0, 8.5, 14.0, 9.0 ] },
										"up": { "texture": "#gold", "uv": [ 10.0, 4.5, 10.5, 8.5 ] },
										"down": { "texture": "#gold", "uv": [ 12.5, 2.0, 13.0, 6.0 ], "enabled": false }
									}
								},
								{
									"name": "wu-side2",
									"from": [ 3.0, 0.3, 0.0 ], 
									"to": [ 3.3, 1.1, 4.4 ], 
									"rotationOrigin": [ 3.0, 0.3, 0.0 ],
									"faces": {
										"north": { "texture": "#gold", "uv": [ 1.5, 7.5, 2.0, 8.0 ] },
										"east": { "texture": "#gold", "uv": [ 8.5, 13.0, 12.5, 13.5 ] },
										"south": { "texture": "#gold", "uv": [ 0.0, 2.5, 0.5, 3.0 ] },
										"west": { "texture": "#gold", "uv": [ 0.5, 15.0, 4.5, 15.5 ] },
										"up": { "texture": "#gold", "uv": [ 4.5, 3.5, 5.0, 7.5 ] },
										"down": { "texture": "#gold", "uv": [ 2.0, 1.5, 2.5, 5.5 ], "enabled": false }
									}
								}
							]
						},
						{
							"name": "wu2",
							"from": [ -0.2, 1.4, -0.2 ], 
							"to": [ 4.2, 1.7, 4.2 ], 
							"rotationOrigin": [ 2.0, 1.4, 2.0 ],
							"faces": {
								"north": { "texture": "#gold", "uv": [ 8.0, 9.5, 12.0, 10.0 ] },
								"east": { "texture": "#gold", "uv": [ 1.5, 4.0, 5.5, 4.5 ] },
								"south": { "texture": "#gold", "uv": [ 5.0, 15.0, 9.0, 15.5 ] },
								"west": { "texture": "#gold", "uv": [ 9.0, 2.5, 13.0, 3.0 ], "windMode": [-1,-1,-1,-1] },
								"up": { "texture": "#gold", "uv": [ 1.0, 6.0, 5.0, 10.0 ] },
								"down": { "texture": "#gold", "uv": [ 1.5, 4.5, 5.5, 8.5 ] }
							}
						},
						{
							"name": "pin-mount",
							"from": [ 2.2, 2.7, -0.2 ], 
							"to": [ 2.8, 3.3, 4.2 ], 
							"rotationOrigin": [ 2.5, 3.0, 2.0 ],
							"rotationZ": -45.0,
							"faces": {
								"north": { "texture": "#gold", "uv": [ 1.0, 14.5, 1.5, 15.0 ] },
								"east": { "texture": "#gold", "uv": [ 8.0, 8.5, 12.0, 9.0 ] },
								"south": { "texture": "#gold", "uv": [ 12.0, 10.5, 12.5, 11.0 ] },
								"west": { "texture": "#gold", "uv": [ 7.0, 10.0, 11.0, 10.5 ] },
								"up": { "texture": "#gold", "uv": [ 3.0, 5.0, 3.5, 9.0 ] },
								"down": { "texture": "#gold", "uv": [ 6.5, 3.5, 7.0, 7.5 ] }
							},
							"children": [
								{
									"name": "pin",
									"from": [ 0.2, 0.2, -0.8 ], 
									"to": [ 0.4, 0.4, 5.2 ], 
									"rotationOrigin": [ 0.3, 0.3, 2.0 ],
									"faces": {
										"north": { "texture": "#aged", "uv": [ 2.0, 7.0, 2.5, 7.5 ] },
										"east": { "texture": "#aged", "uv": [ 2.0, 14.0, 8.0, 14.5 ] },
										"south": { "texture": "#aged", "uv": [ 6.5, 12.5, 7.0, 13.0 ], "windMode": [-1,-1,-1,-1] },
										"west": { "texture": "#aged", "uv": [ 6.5, 11.0, 12.5, 11.5 ] },
										"up": { "texture": "#aged", "uv": [ 8.0, 10.0, 14.0, 10.5 ], "rotation": 90 },
										"down": { "texture": "#aged", "uv": [ 5.5, 5.5, 11.5, 6.0 ], "rotation": 90 }
									},
									"children": [
										{
											"name": "pin-capN",
											"from": [ -0.1, -0.1, 0.1 ], 
											"to": [ 0.3, 0.3, 0.2 ], 
											"rotationOrigin": [ 0.1, 0.1, 0.1 ],
											"rotationZ": 45.0,
											"faces": {
												"north": { "texture": "#gold", "uv": [ 9.5, 13.5, 10.0, 14.0 ] },
												"east": { "texture": "#gold", "uv": [ 8.5, 11.5, 9.0, 12.0 ] },
												"south": { "texture": "#gold", "uv": [ 12.5, 3.5, 13.0, 4.0 ] },
												"west": { "texture": "#gold", "uv": [ 10.5, 7.5, 11.0, 8.0 ] },
												"up": { "texture": "#gold", "uv": [ 14.0, 15.0, 14.5, 15.5 ] },
												"down": { "texture": "#gold", "uv": [ 2.0, 13.5, 2.5, 14.0 ] }
											}
										},
										{
											"name": "pin-capS",
											"from": [ -0.1, -0.1, 5.8 ], 
											"to": [ 0.3, 0.3, 5.9 ], 
											"rotationOrigin": [ 0.1, 0.1, 5.8 ],
											"rotationZ": 45.0,
											"faces": {
												"north": { "texture": "#gold", "uv": [ 4.5, 4.5, 5.0, 5.0 ] },
												"east": { "texture": "#gold", "uv": [ 3.5, 5.5, 4.0, 6.0 ] },
												"south": { "texture": "#gold", "uv": [ 3.5, 14.5, 4.0, 15.0 ] },
												"west": { "texture": "#gold", "uv": [ 9.5, 9.0, 10.0, 9.5 ] },
												"up": { "texture": "#gold", "uv": [ 3.0, 9.0, 3.5, 9.5 ] },
												"down": { "texture": "#gold", "uv": [ 2.5, 9.5, 3.0, 10.0 ] }
											}
										}
									]
								}
							]
						},
						{
							"name": "chong-er-jade",
							"from": [ 1.7, 0.7, 4.0 ], 
							"to": [ 2.3, 1.3, 4.5 ], 
							"rotationOrigin": [ 2.0, 1.0, 4.0 ],
							"rotationZ": 45.0,
							"faces": {
								"north": { "texture": "#malachite", "uv": [ 2.0, 1.5, 2.5, 2.0 ], "enabled": false },
								"east": { "texture": "#malachite", "uv": [ 2.0, 4.0, 2.5, 4.5 ] },
								"south": { "texture": "#malachite", "uv": [ 14.0, 2.0, 14.5, 2.5 ] },
								"west": { "texture": "#malachite", "uv": [ 6.5, 4.5, 7.0, 5.0 ] },
								"up": { "texture": "#malachite", "uv": [ 13.0, 8.5, 13.5, 9.0 ] },
								"down": { "texture": "#malachite", "uv": [ 9.5, 7.0, 10.0, 7.5 ] }
							}
						},
						{
							"name": "chong-er-pearl",
							"from": [ 1.7, 0.7, -0.4 ], 
							"to": [ 2.3, 1.3, 0.1 ], 
							"rotationOrigin": [ 2.0, 1.0, 0.0 ],
							"rotationZ": 45.0,
							"faces": {
								"north": { "texture": "#quartz", "uv": [ 2.0, 3.5, 2.5, 4.0 ] },
								"east": { "texture": "#quartz", "uv": [ 7.5, 6.0, 8.0, 6.5 ] },
								"south": { "texture": "#quartz", "uv": [ 7.0, 9.5, 7.5, 10.0 ], "enabled": false, "windMode": [-1,-1,-1,-1] },
								"west": { "texture": "#quartz", "uv": [ 0.5, 0.5, 1.0, 1.0 ] },
								"up": { "texture": "#quartz", "uv": [ 14.0, 4.5, 14.5, 5.0 ] },
								"down": { "texture": "#quartz", "uv": [ 5.5, 5.0, 6.0, 5.5 ] }
							}
						},
						{
							"name": "front",
							"from": [ -0.1, 0.6, 1.5 ], 
							"to": [ 0.0, 2.6, 2.5 ], 
							"rotationOrigin": [ 0.0, 0.6, 2.0 ],
							"faces": {
								"north": { "texture": "#gold", "uv": [ 13.5, 1.0, 14.0, 3.0 ] },
								"east": { "texture": "#gold", "uv": [ 1.0, 0.0, 2.0, 2.0 ], "enabled": false },
								"south": { "texture": "#gold", "uv": [ 4.5, 12.0, 5.0, 14.0 ] },
								"west": { "texture": "#gold", "uv": [ 12.0, 7.5, 13.0, 9.5 ] },
								"up": { "texture": "#gold", "uv": [ 8.5, 10.0, 9.0, 11.0 ] },
								"down": { "texture": "#gold", "uv": [ 13.0, 8.0, 13.5, 9.0 ] }
							}
						}
					]
				}
			]
		}
	]}