{
	"editor": {
		"backDropShape": "entity/humanoid/seraph",
		"allAngles": true,
		"entityTextureMode": false
	},
	"textureWidth": 16,
	"textureHeight": 16,
	"textureSizes": {
		"headwear2": [16,16]
	},
	"textures": {
		"headwear2": "entity/humanoid/seraphclothes/head/headwear2"
	},
	"elements": [
		{
			"name": "origin",
			"stepParentName": "Head",
			"from": [ 2.9, 5.0, 2.3 ], 
			"to": [ 2.9, 5.0, 2.3 ], 
			"rotationOrigin": [ 2.9, 5.0, 2.3 ],
			"rotationZ": -6.0,
			"faces": {
				"north": { "reflectiveMode": 4, "texture": "#headwear2", "uv": [ 0.0, 0.0, 0.5, 0.5 ] },
				"east": { "reflectiveMode": 4, "texture": "#headwear2", "uv": [ 0.0, 0.0, 0.5, 0.5 ] },
				"south": { "reflectiveMode": 4, "texture": "#headwear2", "uv": [ 0.0, 0.0, 0.5, 0.5 ] },
				"west": { "reflectiveMode": 4, "texture": "#headwear2", "uv": [ 0.0, 0.0, 0.5, 0.5 ] },
				"up": { "reflectiveMode": 4, "texture": "#headwear2", "uv": [ 0.0, 0.0, 0.5, 0.5 ] },
				"down": { "reflectiveMode": 4, "texture": "#headwear2", "uv": [ 0.0, 0.0, 0.5, 0.5 ] }
			},
			"children": [
				{
					"name": "front 1",
					"from": [ -3.6, -1.0, -2.8 ], 
					"to": [ -3.1, -0.5, 0.2 ], 
					"rotationOrigin": [ -3.7, -1.0, 0.2 ],
					"rotationY": -10.0,
					"faces": {
						"north": { "reflectiveMode": 4, "texture": "#headwear2", "uv": [ 5.0, 4.5, 5.5, 5.0 ] },
						"east": { "reflectiveMode": 4, "texture": "#headwear2", "uv": [ 5.0, 4.5, 8.0, 5.0 ], "rotation": 180 },
						"south": { "reflectiveMode": 4, "texture": "#headwear2", "uv": [ 7.5, 4.5, 8.0, 5.0 ] },
						"west": { "reflectiveMode": 4, "texture": "#headwear2", "uv": [ 5.0, 4.5, 8.0, 5.0 ] },
						"up": { "reflectiveMode": 4, "texture": "#headwear2", "uv": [ 5.0, 4.5, 8.0, 5.0 ], "rotation": 90 },
						"down": { "reflectiveMode": 4, "texture": "#headwear2", "uv": [ 5.0, 4.5, 8.0, 5.0 ], "rotation": 90 }
					},
					"children": [
						{
							"name": "Cube6",
							"from": [ 0.0, 0.5, 1.0 ], 
							"to": [ 0.1, 1.0, 3.0 ], 
							"rotationOrigin": [ 0.5, 0.5, 1.0 ],
							"faces": {
								"north": { "reflectiveMode": 4, "texture": "#headwear2", "uv": [ 6.0, 4.0, 6.5, 4.5 ] },
								"east": { "reflectiveMode": 4, "texture": "#headwear2", "uv": [ 6.0, 4.0, 8.0, 4.5 ], "rotation": 180 },
								"south": { "reflectiveMode": 4, "texture": "#headwear2", "uv": [ 7.5, 4.0, 8.0, 4.5 ] },
								"west": { "reflectiveMode": 4, "texture": "#headwear2", "uv": [ 6.0, 4.0, 8.0, 4.5 ] },
								"up": { "reflectiveMode": 4, "texture": "#headwear2", "uv": [ 6.0, 4.0, 8.0, 4.5 ], "rotation": 90 },
								"down": { "reflectiveMode": 4, "texture": "#headwear2", "uv": [ 6.0, 4.0, 8.0, 4.5 ], "rotation": 90 }
							}
						},
						{
							"name": "Cube16",
							"from": [ 0.0, 1.0, 1.5 ], 
							"to": [ 0.1, 1.5, 3.0 ], 
							"rotationOrigin": [ 0.0, 1.0, 3.0 ],
							"faces": {
								"north": { "reflectiveMode": 4, "texture": "#headwear2", "uv": [ 6.5, 3.5, 7.0, 4.0 ] },
								"east": { "reflectiveMode": 4, "texture": "#headwear2", "uv": [ 6.5, 3.5, 8.0, 4.0 ] },
								"south": { "reflectiveMode": 4, "texture": "#headwear2", "uv": [ 7.5, 3.5, 8.0, 4.0 ] },
								"west": { "reflectiveMode": 4, "texture": "#headwear2", "uv": [ 6.5, 3.5, 8.0, 4.0 ] },
								"up": { "reflectiveMode": 4, "texture": "#headwear2", "uv": [ 6.5, 3.5, 8.0, 4.0 ], "rotation": 90 },
								"down": { "reflectiveMode": 4, "texture": "#headwear2", "uv": [ 6.5, 3.5, 8.0, 4.0 ], "rotation": 90 }
							}
						},
						{
							"name": "Cube22",
							"from": [ 0.0, 1.5, 2.0 ], 
							"to": [ 0.1, 2.0, 2.5 ], 
							"rotationOrigin": [ 0.0, 1.5, 2.5 ],
							"faces": {
								"north": { "reflectiveMode": 4, "texture": "#headwear2", "uv": [ 7.0, 3.0, 7.5, 3.5 ] },
								"east": { "reflectiveMode": 4, "texture": "#headwear2", "uv": [ 7.0, 3.0, 7.5, 3.5 ] },
								"south": { "reflectiveMode": 4, "texture": "#headwear2", "uv": [ 7.0, 3.0, 7.5, 3.5 ] },
								"west": { "reflectiveMode": 4, "texture": "#headwear2", "uv": [ 7.0, 3.0, 7.5, 3.5 ] },
								"up": { "reflectiveMode": 4, "texture": "#headwear2", "uv": [ 7.0, 3.0, 7.5, 3.5 ], "rotation": 90 },
								"down": { "reflectiveMode": 4, "texture": "#headwear2", "uv": [ 7.0, 3.0, 7.5, 3.5 ], "rotation": 90 }
							}
						}
					]
				},
				{
					"name": "Left 1",
					"from": [ -2.7, -1.0, -2.8 ], 
					"to": [ 0.3, -0.5, -2.3 ], 
					"rotationOrigin": [ 0.3, -1.0, -2.8 ],
					"rotationY": 3.0,
					"faces": {
						"north": { "reflectiveMode": 4, "texture": "#headwear2", "uv": [ 3.0, 10.0, 6.0, 10.5 ] },
						"east": { "reflectiveMode": 4, "texture": "#headwear2", "uv": [ 3.0, 10.0, 3.5, 10.5 ] },
						"south": { "reflectiveMode": 4, "texture": "#headwear2", "uv": [ 3.0, 10.0, 6.0, 10.5 ] },
						"west": { "reflectiveMode": 4, "texture": "#headwear2", "uv": [ 5.5, 10.0, 6.0, 10.5 ] },
						"up": { "reflectiveMode": 4, "texture": "#headwear2", "uv": [ 3.0, 10.0, 6.0, 10.5 ] },
						"down": { "reflectiveMode": 4, "texture": "#headwear2", "uv": [ 3.0, 10.0, 6.0, 10.5 ] }
					}
				},
				{
					"name": "Right 1",
					"from": [ -2.7, -1.0, 2.7 ], 
					"to": [ 0.3, -0.5, 3.2 ], 
					"rotationOrigin": [ 0.3, -1.0, 3.2 ],
					"rotationY": -3.0,
					"faces": {
						"north": { "reflectiveMode": 4, "texture": "#headwear2", "uv": [ 10.0, 10.0, 13.0, 10.5 ] },
						"east": { "reflectiveMode": 4, "texture": "#headwear2", "uv": [ 12.5, 10.0, 13.0, 10.5 ] },
						"south": { "reflectiveMode": 4, "texture": "#headwear2", "uv": [ 10.0, 10.0, 13.0, 10.5 ] },
						"west": { "reflectiveMode": 4, "texture": "#headwear2", "uv": [ 10.0, 10.0, 10.5, 10.5 ] },
						"up": { "reflectiveMode": 4, "texture": "#headwear2", "uv": [ 10.0, 10.0, 13.0, 10.5 ] },
						"down": { "reflectiveMode": 4, "texture": "#headwear2", "uv": [ 10.0, 10.0, 13.0, 10.5 ] }
					}
				},
				{
					"name": "front 2",
					"from": [ -3.6, -1.0, 0.2 ], 
					"to": [ -3.1, -0.5, 3.2 ], 
					"rotationOrigin": [ -3.6, -1.0, 0.2 ],
					"rotationY": 10.0,
					"faces": {
						"north": { "reflectiveMode": 4, "texture": "#headwear2", "uv": [ 8.0, 4.5, 8.5, 5.0 ] },
						"east": { "reflectiveMode": 4, "texture": "#headwear2", "uv": [ 8.0, 4.5, 11.0, 5.0 ], "rotation": 180 },
						"south": { "reflectiveMode": 4, "texture": "#headwear2", "uv": [ 10.5, 4.5, 11.0, 5.0 ] },
						"west": { "reflectiveMode": 4, "texture": "#headwear2", "uv": [ 8.0, 4.5, 11.0, 5.0 ] },
						"up": { "reflectiveMode": 4, "texture": "#headwear2", "uv": [ 8.0, 4.5, 11.0, 5.0 ], "rotation": 90 },
						"down": { "reflectiveMode": 4, "texture": "#headwear2", "uv": [ 8.0, 4.5, 11.0, 5.0 ], "rotation": 90 }
					},
					"children": [
						{
							"name": "Cube1",
							"from": [ 0.0, 0.5, 0.0 ], 
							"to": [ 0.1, 1.0, 2.0 ], 
							"rotationOrigin": [ 0.0, 0.5, 0.0 ],
							"faces": {
								"north": { "reflectiveMode": 4, "texture": "#headwear2", "uv": [ 8.0, 4.0, 8.5, 4.5 ] },
								"east": { "reflectiveMode": 4, "texture": "#headwear2", "uv": [ 8.0, 4.0, 10.0, 4.5 ], "rotation": 180 },
								"south": { "reflectiveMode": 4, "texture": "#headwear2", "uv": [ 9.5, 4.0, 10.0, 4.5 ] },
								"west": { "reflectiveMode": 4, "texture": "#headwear2", "uv": [ 8.0, 4.0, 10.0, 4.5 ] },
								"up": { "reflectiveMode": 4, "texture": "#headwear2", "uv": [ 8.0, 4.0, 10.0, 4.5 ], "rotation": 90 },
								"down": { "reflectiveMode": 4, "texture": "#headwear2", "uv": [ 8.5, 4.0, 10.5, 4.5 ], "rotation": 90 }
							}
						},
						{
							"name": "Cube17",
							"from": [ 0.0, 1.0, 0.0 ], 
							"to": [ 0.1, 1.5, 1.5 ], 
							"rotationOrigin": [ 0.0, 1.0, 0.0 ],
							"faces": {
								"north": { "reflectiveMode": 4, "texture": "#headwear2", "uv": [ 8.0, 3.5, 8.5, 4.0 ] },
								"east": { "reflectiveMode": 4, "texture": "#headwear2", "uv": [ 8.0, 3.5, 9.5, 4.0 ] },
								"south": { "reflectiveMode": 4, "texture": "#headwear2", "uv": [ 9.0, 3.5, 9.5, 4.0 ] },
								"west": { "reflectiveMode": 4, "texture": "#headwear2", "uv": [ 8.0, 3.5, 9.5, 4.0 ] },
								"up": { "reflectiveMode": 4, "texture": "#headwear2", "uv": [ 8.0, 3.5, 9.5, 4.0 ], "rotation": 90 },
								"down": { "reflectiveMode": 4, "texture": "#headwear2", "uv": [ 8.0, 3.5, 9.5, 4.0 ], "rotation": 90 }
							}
						},
						{
							"name": "Cube23",
							"from": [ 0.0, 1.5, 0.5 ], 
							"to": [ 0.1, 2.0, 1.0 ], 
							"rotationOrigin": [ 0.0, 1.5, 0.5 ],
							"faces": {
								"north": { "reflectiveMode": 4, "texture": "#headwear2", "uv": [ 8.5, 3.0, 9.0, 3.5 ] },
								"east": { "reflectiveMode": 4, "texture": "#headwear2", "uv": [ 8.5, 3.0, 9.0, 3.5 ] },
								"south": { "reflectiveMode": 4, "texture": "#headwear2", "uv": [ 8.5, 3.0, 9.0, 3.5 ] },
								"west": { "reflectiveMode": 4, "texture": "#headwear2", "uv": [ 8.5, 3.0, 9.0, 3.5 ] },
								"up": { "reflectiveMode": 4, "texture": "#headwear2", "uv": [ 8.5, 3.0, 9.0, 3.5 ] },
								"down": { "reflectiveMode": 4, "texture": "#headwear2", "uv": [ 8.5, 3.0, 9.0, 3.5 ] }
							}
						}
					]
				},
				{
					"name": "Left 2",
					"from": [ 0.3, -1.0, -2.8 ], 
					"to": [ 1.3, -0.5, -2.3 ], 
					"rotationOrigin": [ 0.3, -1.0, -2.8 ],
					"rotationY": -10.0,
					"faces": {
						"north": { "reflectiveMode": 4, "texture": "#headwear2", "uv": [ 2.0, 10.0, 3.0, 10.5 ] },
						"east": { "reflectiveMode": 4, "texture": "#headwear2", "uv": [ 2.0, 10.0, 2.5, 10.5 ] },
						"south": { "reflectiveMode": 4, "texture": "#headwear2", "uv": [ 2.0, 10.0, 3.0, 10.5 ] },
						"west": { "reflectiveMode": 4, "texture": "#headwear2", "uv": [ 2.5, 10.0, 3.0, 10.5 ] },
						"up": { "reflectiveMode": 4, "texture": "#headwear2", "uv": [ 2.0, 10.0, 3.0, 10.5 ] },
						"down": { "reflectiveMode": 4, "texture": "#headwear2", "uv": [ 2.0, 10.0, 3.0, 10.5 ] }
					}
				},
				{
					"name": "Light 2",
					"from": [ 0.3, -1.0, 2.7 ], 
					"to": [ 1.3, -0.5, 3.2 ], 
					"rotationOrigin": [ 0.3, -1.0, 3.2 ],
					"rotationY": 10.0,
					"faces": {
						"north": { "reflectiveMode": 4, "texture": "#headwear2", "uv": [ 13.0, 10.0, 14.0, 10.5 ] },
						"east": { "reflectiveMode": 4, "texture": "#headwear2", "uv": [ 13.5, 10.0, 14.0, 10.5 ] },
						"south": { "reflectiveMode": 4, "texture": "#headwear2", "uv": [ 13.0, 10.0, 14.0, 10.5 ] },
						"west": { "reflectiveMode": 4, "texture": "#headwear2", "uv": [ 13.0, 10.0, 13.5, 10.5 ] },
						"up": { "reflectiveMode": 4, "texture": "#headwear2", "uv": [ 13.0, 10.0, 14.0, 10.5 ] },
						"down": { "reflectiveMode": 4, "texture": "#headwear2", "uv": [ 13.0, 10.0, 14.0, 10.5 ] }
					}
				},
				{
					"name": "Cube26",
					"from": [ -3.5, -1.5, -0.3 ], 
					"to": [ -3.2, -1.0, 0.7 ], 
					"rotationOrigin": [ -3.5, -1.0, 0.2 ],
					"rotationZ": 9.0,
					"faces": {
						"north": { "reflectiveMode": 4, "texture": "#headwear2", "uv": [ 7.5, 5.0, 8.0, 5.5 ] },
						"east": { "reflectiveMode": 4, "texture": "#headwear2", "uv": [ 7.5, 5.0, 8.5, 5.5 ] },
						"south": { "reflectiveMode": 4, "texture": "#headwear2", "uv": [ 8.0, 5.0, 8.5, 5.5 ] },
						"west": { "reflectiveMode": 4, "texture": "#headwear2", "uv": [ 7.5, 5.0, 8.5, 5.5 ] },
						"up": { "reflectiveMode": 4, "texture": "#headwear2", "uv": [ 7.5, 5.0, 8.5, 5.5 ], "rotation": 90 },
						"down": { "reflectiveMode": 4, "texture": "#headwear2", "uv": [ 7.5, 5.0, 8.5, 5.5 ], "rotation": 90 }
					}
				},
				{
					"name": "Cube27",
					"from": [ -3.7, -0.9, 0.2 ], 
					"to": [ -3.4, 0.1, 1.2 ], 
					"rotationOrigin": [ -3.7, 0.1, 0.2 ],
					"rotationX": 45.0,
					"faces": {
						"north": { "reflectiveMode": 4, "texture": "#headwear2", "uv": [ 0.0, 0.0, 0.5, 1.0 ] },
						"east": { "reflectiveMode": 4, "texture": "#headwear2", "uv": [ 0.0, 0.0, 1.0, 1.0 ] },
						"south": { "reflectiveMode": 4, "texture": "#headwear2", "uv": [ 0.0, 0.0, 0.5, 1.0 ] },
						"west": { "reflectiveMode": 4, "texture": "#headwear2", "uv": [ 0.0, 0.0, 1.0, 1.0 ] },
						"up": { "reflectiveMode": 4, "texture": "#headwear2", "uv": [ 0.0, 0.0, 0.5, 1.0 ] },
						"down": { "reflectiveMode": 4, "texture": "#headwear2", "uv": [ 0.5, 0.0, 1.0, 1.0 ] }
					}
				},
				{
					"name": "Cube28",
					"from": [ -3.5, -0.4, -1.0 ], 
					"to": [ -3.3, 0.1, -0.5 ], 
					"rotationOrigin": [ -3.5, 0.1, -1.0 ],
					"rotationX": 45.0,
					"rotationY": -10.0,
					"faces": {
						"north": { "reflectiveMode": 4, "texture": "#headwear2", "uv": [ 0.0, 0.0, 0.5, 0.5 ] },
						"east": { "reflectiveMode": 4, "texture": "#headwear2", "uv": [ 0.5, 0.0, 1.0, 0.5 ] },
						"south": { "reflectiveMode": 4, "texture": "#headwear2", "uv": [ 0.0, 0.5, 0.5, 1.0 ] },
						"west": { "reflectiveMode": 4, "texture": "#headwear2", "uv": [ 0.0, 0.5, 0.5, 1.0 ] },
						"up": { "reflectiveMode": 4, "texture": "#headwear2", "uv": [ 0.0, 0.0, 0.5, 0.5 ] },
						"down": { "reflectiveMode": 4, "texture": "#headwear2", "uv": [ 0.5, 0.0, 1.0, 0.5 ] }
					}
				},
				{
					"name": "Cube29",
					"from": [ -3.5, -0.4, 1.5 ], 
					"to": [ -3.3, 0.1, 2.0 ], 
					"rotationOrigin": [ -3.5, 0.1, 1.5 ],
					"rotationX": 45.0,
					"rotationZ": -10.0,
					"faces": {
						"north": { "reflectiveMode": 4, "texture": "#headwear2", "uv": [ 0.0, 0.0, 0.5, 0.5 ] },
						"east": { "reflectiveMode": 4, "texture": "#headwear2", "uv": [ 0.0, 0.5, 0.5, 1.0 ] },
						"south": { "reflectiveMode": 4, "texture": "#headwear2", "uv": [ 0.5, 0.5, 1.0, 1.0 ] },
						"west": { "reflectiveMode": 4, "texture": "#headwear2", "uv": [ 0.0, 0.5, 0.5, 1.0 ] },
						"up": { "reflectiveMode": 4, "texture": "#headwear2", "uv": [ 0.5, 0.0, 1.0, 0.5 ] },
						"down": { "reflectiveMode": 4, "texture": "#headwear2", "uv": [ 0.0, 0.5, 0.5, 1.0 ] }
					}
				},
				{
					"name": "Cube30",
					"from": [ -3.1, -2.0, -2.7 ], 
					"to": [ -2.6, -1.0, -2.2 ], 
					"rotationOrigin": [ -3.1, -1.5, -2.2 ],
					"rotationY": -9.0,
					"rotationZ": 9.0,
					"faces": {
						"north": { "reflectiveMode": 4, "texture": "#headwear2", "uv": [ 5.5, 10.0, 6.0, 11.0 ] },
						"east": { "reflectiveMode": 4, "texture": "#headwear2", "uv": [ 5.0, 4.5, 5.5, 5.5 ] },
						"south": { "reflectiveMode": 4, "texture": "#headwear2", "uv": [ 5.0, 4.5, 5.5, 5.5 ] },
						"west": { "reflectiveMode": 4, "texture": "#headwear2", "uv": [ 5.5, 10.0, 6.0, 11.0 ] },
						"up": { "reflectiveMode": 4, "texture": "#headwear2", "uv": [ 5.0, 4.5, 5.5, 5.0 ], "rotation": 90 },
						"down": { "reflectiveMode": 4, "texture": "#headwear2", "uv": [ 5.0, 5.0, 5.5, 5.5 ], "rotation": 90 }
					}
				},
				{
					"name": "Cube31",
					"from": [ -3.1, -2.0, 2.6 ], 
					"to": [ -2.6, -1.0, 3.1 ], 
					"rotationOrigin": [ -3.1, -1.5, 2.6 ],
					"rotationY": 10.0,
					"rotationZ": 9.0,
					"faces": {
						"north": { "reflectiveMode": 4, "texture": "#headwear2", "uv": [ 10.5, 4.5, 11.0, 5.5 ] },
						"east": { "reflectiveMode": 4, "texture": "#headwear2", "uv": [ 10.5, 4.5, 11.0, 5.5 ] },
						"south": { "reflectiveMode": 4, "texture": "#headwear2", "uv": [ 10.5, 4.5, 11.0, 5.5 ] },
						"west": { "reflectiveMode": 4, "texture": "#headwear2", "uv": [ 10.5, 4.5, 11.0, 5.5 ] },
						"up": { "reflectiveMode": 4, "texture": "#headwear2", "uv": [ 10.5, 5.0, 11.0, 5.5 ], "rotation": 90 },
						"down": { "reflectiveMode": 4, "texture": "#headwear2", "uv": [ 10.5, 4.5, 11.0, 5.0 ], "rotation": 90 }
					}
				}
			]
		}
	]}