{
	"editor": {
		"allAngles": false,
		"entityTextureMode": false
	},
	"textureWidth": 16,
	"textureHeight": 16,
	"textureSizes": {
	},
	"textures": {
		"bottom": "block/wood/bed/aged/bottom",
		"side1": "block/wood/bed/aged/side1",
		"side2": "block/wood/bed/aged/side2",
		"top1": "block/wood/bed/aged/top1",
		"top2": "block/wood/bed/aged/top2"
	},
	"elements": [
		{
			"name": "Bed base",
			"from": [ -6.0, 2.0, 9.0 ],
			"to": [ 9.0, 8.0, 23.0 ],
			"rotationOrigin": [ 8.0, 0.0, 16.0 ],
			"rotationY": -90.0,
			"faces": {
				"north": { "texture": "#side1", "uv": [ 16.0, 10.0, 1.0, 16.0 ], "autoUv": false },
				"east": { "texture": "#bottom", "uv": [ 1.0, 5.0, 15.0, 11.0 ] },
				"south": { "texture": "#side1", "uv": [ 1.0, 10.0, 16.0, 16.0 ] },
				"west": { "texture": "#side2", "uv": [ -3.0, 0.0, 11.0, 6.0 ] },
				"up": { "texture": "#top1", "uv": [ 0.0, 0.0, 15.0, 14.0 ] },
				"down": { "texture": "#bottom", "uv": [ 0.0, 1.0, 15.0, 15.0 ], "rotation": 180 }
			},
			"children": [
				{
					"name": "leg1",
					"from": [ -1.0, -2.0, -1.0 ],
					"to": [ 3.0, 8.0, 3.0 ],
					"rotationOrigin": [ -0.1, 0.0, 0.0 ],
					"faces": {
						"north": { "texture": "#side2", "uv": [ 4.0, 6.0, 8.0, 16.0 ] },
						"east": { "texture": "#side2", "uv": [ 7.0, 6.0, 11.0, 16.0 ] },
						"south": { "texture": "#side2", "uv": [ 4.0, 6.0, 8.0, 16.0 ] },
						"west": { "texture": "#side2", "uv": [ 11.0, 6.0, 15.0, 16.0 ] },
						"up": { "texture": "#side1", "uv": [ 0.0, 0.0, 4.0, 4.0 ] },
						"down": { "texture": "#side1", "uv": [ 0.0, 0.0, 4.0, 4.0 ] }
					}
				},
				{
					"name": "leg2",
					"from": [ -1.0, -2.0, 11.0 ],
					"to": [ 3.0, 8.0, 15.0 ],
					"rotationOrigin": [ -0.1, 0.0, 0.0 ],
					"faces": {
						"north": { "texture": "#side2", "uv": [ 0.0, 6.0, 4.0, 16.0 ] },
						"east": { "texture": "#side2", "uv": [ 4.0, 6.0, 8.0, 16.0 ] },
						"south": { "texture": "#side2", "uv": [ 7.5, 6.0, 11.5, 16.0 ] },
						"west": { "texture": "#side2", "uv": [ 11.0, 6.0, 15.0, 16.0 ] },
						"up": { "texture": "#side1", "uv": [ 4.0, 0.0, 8.0, 4.0 ] },
						"down": { "texture": "#side1", "uv": [ 4.0, 0.0, 8.0, 4.0 ] }
					}
				},
				{
					"name": "head",
					"from": [ 0.0, 6.0, 3.0 ],
					"to": [ 2.0, 7.0, 11.0 ],
					"faces": {
						"east": { "texture": "#side2", "uv": [ 7.0, 7.0, 8.0, 15.0 ], "rotation": 270 },
						"west": { "texture": "#side2", "uv": [ 8.0, 0.0, 16.0, 1.0 ] },
						"up": { "texture": "#side2", "uv": [ 8.0, 3.5, 16.0, 5.5 ], "rotation": 270 }
					}
				},
				{
					"name": "Bed base 2",
					"from": [ 15.0, 0.0, 0.0 ],
					"to": [ 29.0, 6.0, 14.0 ],
					"rotationOrigin": [ 6.0, -2.0, -1.0 ],
					"faces": {
						"north": { "texture": "#side1", "uv": [ 15.0, 4.0, 1.0, 10.0 ], "autoUv": false },
						"east": { "texture": "#side2", "uv": [ -3.0, 0.0, 11.0, 6.0 ] },
						"south": { "texture": "#side1", "uv": [ 1.0, 4.0, 15.0, 10.0 ] },
						"west": { "texture": "#bottom", "uv": [ 1.0, 5.0, 15.0, 11.0 ] },
						"up": { "texture": "#top2", "uv": [ 0.0, 0.0, 14.0, 14.0 ] },
						"down": { "texture": "#bottom", "uv": [ 0.0, 1.0, 14.0, 15.0 ] }
					},
					"children": [
						{
							"name": "leg3",
							"from": [ 11.0, -2.0, -1.0 ],
							"to": [ 15.0, 8.0, 3.0 ],
							"faces": {
								"north": { "texture": "#side2", "uv": [ 4.0, 6.0, 8.0, 16.0 ] },
								"east": { "texture": "#side2", "uv": [ 7.5, 6.0, 11.5, 16.0 ] },
								"south": { "texture": "#side2", "uv": [ 0.0, 6.0, 4.0, 16.0 ] },
								"west": { "texture": "#side2", "uv": [ 11.0, 6.0, 15.0, 16.0 ] },
								"up": { "texture": "#side1", "uv": [ 8.0, 0.0, 12.0, 4.0 ] },
								"down": { "texture": "#side1", "uv": [ 8.0, 0.0, 12.0, 4.0 ] }
							}
						},
						{
							"name": "leg4",
							"from": [ 11.0, -2.0, 11.0 ],
							"to": [ 15.0, 8.0, 15.0 ],
							"faces": {
								"north": { "texture": "#side2", "uv": [ 0.0, 6.0, 4.0, 16.0 ] },
								"east": { "texture": "#side2", "uv": [ 4.0, 6.0, 8.0, 16.0 ] },
								"south": { "texture": "#side2", "uv": [ 12.0, 6.0, 16.0, 16.0 ] },
								"west": { "texture": "#side2", "uv": [ 4.0, 6.0, 8.0, 16.0 ] },
								"up": { "texture": "#side1", "uv": [ 12.0, 0.0, 16.0, 4.0 ] },
								"down": { "texture": "#side1", "uv": [ 12.0, 0.0, 16.0, 4.0 ] }
							}
						},
						{
							"name": "Cube1",
							"from": [ 12.0, 6.0, 3.0 ],
							"to": [ 14.0, 7.0, 11.0 ],
							"faces": {
								"east": { "texture": "#side2", "uv": [ 8.0, 0.0, 16.0, 1.0 ] },
								"west": { "texture": "#side2", "uv": [ 7.0, 7.0, 8.0, 15.0 ], "rotation": 270 },
								"up": { "texture": "#side2", "uv": [ 8.0, 1.5, 16.0, 3.5 ], "rotation": 270 }
							}
						}
					]
				}
			]
		}
	]}