{
	"editor": {
		"backDropShape": "entity/humanoid/seraph-hairless",
		"collapsedPaths": "Root/bandN/toothR1,Root/bandN/toothL1",
		"allAngles": true,
		"entityTextureMode": true
	},
	"textureWidth": 48,
	"textureHeight": 48,
	"textureSizes": {
		"hair": [48,48]
	},
	"textures": {
		"birch": "block/wood/debarked/birch"
	},
	"elements": [
		{
			"name": "ponytailhigh",
			"stepParentName": "Head",
			"from": [ 0.0, 0.0, 0.0 ],
			"to": [ 1.0, 1.0, 1.0 ],
			"uv": [ 0.0, 0.0 ],
			"faces": {
			},
			"children": [
				{
					"name": "BunBack",
					"from": [ 5.8, 3.5, 1.4 ],
					"to": [ 7.8, 5.9, 3.8 ],
					"uv": [ 38.5, 9.0 ],
					"rotationOrigin": [ 5.8, 4.7, 2.6 ],
					"rotationZ": 19.0,
					"faces": {
						"north": { "texture": "#hair", "uv": [ 38.5, 11.0, 40.5, 13.0 ] },
						"east": { "texture": "#hair", "uv": [ 40.5, 11.0, 42.5, 13.0 ] },
						"south": { "texture": "#hair", "uv": [ 42.5, 11.0, 44.5, 13.0 ] },
						"west": { "texture": "#hair", "uv": [ 44.5, 11.0, 46.5, 13.0 ] },
						"up": { "texture": "#hair", "uv": [ 38.5, 9.0, 40.5, 11.0 ] },
						"down": { "texture": "#hair", "uv": [ 40.5, 9.0, 42.5, 11.0 ] }
					},
					"children": [
						{
							"name": "BunMessy",
							"from": [ 0.6, -3.0, -0.5 ],
							"to": [ 0.6, 1.0, 2.5 ],
							"uv": [ 18.5, 4.0 ],
							"rotationOrigin": [ 0.6, 1.0, 1.0 ],
							"rotationZ": -8.0,
							"faces": {
								"east": { "texture": "#hair", "uv": [ 18.5, 4.0, 21.5, 8.0 ] }
							}
						},
						{
							"name": "BunHair",
							"from": [ 0.2, -3.8, 0.5 ],
							"to": [ 1.6, 0.2, 1.9 ],
							"uv": [ 25.0, 37.5 ],
							"rotationOrigin": [ 0.7, 0.2, 1.0 ],
							"rotationZ": -8.0,
							"faces": {
								"north": { "texture": "#hair", "uv": [ 25.0, 37.5, 26.0, 41.5 ] },
								"east": { "texture": "#hair", "uv": [ 26.0, 37.5, 27.0, 41.5 ] },
								"south": { "texture": "#hair", "uv": [ 27.0, 37.5, 28.0, 41.5 ] }
							}
						},
						{
							"name": "StickLeft",
							"from": [ 1.0, 1.0, -0.9 ],
							"to": [ 1.5, 1.5, 3.6 ],
							"uv": [ 0.0, 0.0 ],
							"rotationOrigin": [ 1.25, 1.25, 1.0 ],
							"rotationX": 45.0,
							"faces": {
								"north": { "texture": "#birch", "uv": [ 0.0, 4.5, 1.5, 6.0 ] },
								"east": { "texture": "#birch", "uv": [ 1.5, 4.5, 6.0, 6.0 ] },
								"south": { "texture": "#birch", "uv": [ 6.0, 4.5, 7.5, 6.0 ] },
								"west": { "texture": "#birch", "uv": [ 7.5, 4.5, 12.0, 6.0 ] },
								"up": { "texture": "#birch", "uv": [ 0.0, 0.0, 1.5, 4.5 ] },
								"down": { "texture": "#birch", "uv": [ 1.5, 0.0, 3.0, 4.5 ] }
							}
						},
						{
							"name": "StickRight",
							"from": [ 1.0, 1.0, -1.3 ],
							"to": [ 1.5, 1.5, 3.2 ],
							"uv": [ 0.0, 0.0 ],
							"rotationOrigin": [ 1.25, 1.25, 1.0 ],
							"rotationX": -36.0,
							"faces": {
								"north": { "texture": "#birch", "uv": [ 0.0, 4.5, 1.5, 6.0 ] },
								"east": { "texture": "#birch", "uv": [ 1.5, 4.5, 6.0, 6.0 ] },
								"south": { "texture": "#birch", "uv": [ 6.0, 4.5, 7.5, 6.0 ] },
								"west": { "texture": "#birch", "uv": [ 7.5, 4.5, 12.0, 6.0 ] },
								"up": { "texture": "#birch", "uv": [ 0.0, 0.0, 1.5, 4.5 ] },
								"down": { "texture": "#birch", "uv": [ 1.5, 0.0, 3.0, 4.5 ] }
							}
						}
					]
				}
			]
		}
	]}