{
	"editor": {
		"backDropShape": "entity/humanoid/seraph-hairless",
		"collapsedPaths": "Root/bandN/toothR1,Root/bandN/toothL1",
		"allAngles": true,
		"entityTextureMode": true
	},
	"textureWidth": 48,
	"textureHeight": 48,
	"textureSizes": {
		"hair": [48,48],
		"birch": [16,16]
	},
	"textures": {
		"birch": "block/wood/debarked/birch"
	},
	"elements": [
		{
			"name": "ponytailhigh",
			"stepParentName": "Head",
			"from": [ 0.0, 0.0, 0.0 ],
			"to": [ 1.0, 1.0, 1.0 ],
			"uv": [ 0.0, 0.0 ],
			"faces": {
			},
			"children": [
				{
					"name": "BigBun",
					"from": [ 6.0, 1.0, 0.5 ],
					"to": [ 7.0, 5.0, 4.5 ],
					"autoUnwrap": false,
					"uv": [ 16.0, 15.5 ],
					"rotationOrigin": [ 6.0, 3.0, 2.5 ],
					"rotationX": 45.0,
					"faces": {
						"north": { "texture": "#hair", "uv": [ 20.5, 32.5, 21.5, 36.5 ] },
						"east": { "texture": "#hair", "uv": [ 22.0, 32.0, 26.0, 36.0 ] },
						"south": { "texture": "#hair", "uv": [ 19.5, 31.5, 20.5, 35.5 ] },
						"west": { "texture": "#hair", "uv": [ 21.5, 31.5, 25.5, 35.5 ] },
						"up": { "texture": "#hair", "uv": [ 20.5, 31.5, 21.5, 35.5 ] },
						"down": { "texture": "#hair", "uv": [ 25.0, 32.5, 26.0, 36.5 ] }
					},
					"children": [
						{
							"name": "BunBack",
							"from": [ 1.0, 0.5, 0.5 ],
							"to": [ 2.0, 3.5, 3.5 ],
							"uv": [ 22.0, 32.0 ],
							"rotationOrigin": [ 1.0, 2.0, 2.0 ],
							"faces": {
								"north": { "texture": "#hair", "uv": [ 22.0, 35.0, 23.0, 38.0 ] },
								"east": { "texture": "#hair", "uv": [ 23.0, 35.0, 26.0, 38.0 ] },
								"south": { "texture": "#hair", "uv": [ 26.0, 35.0, 27.0, 38.0 ] },
								"up": { "texture": "#hair", "uv": [ 22.0, 32.0, 23.0, 35.0 ] },
								"down": { "texture": "#hair", "uv": [ 23.0, 32.0, 24.0, 35.0 ] }
							}
						},
						{
							"name": "Stickhead",
							"from": [ 0.5, 0.7, -0.9 ],
							"to": [ 1.5, 1.7, 0.1 ],
							"uv": [ 6.0, 2.5 ],
							"rotationOrigin": [ 1.0, 1.2, -0.4 ],
							"rotationX": -45.0,
							"rotationZ": -45.0,
							"faces": {
								"north": { "texture": "#birch", "uv": [ 6.0, 4.0, 7.0, 5.0 ] },
								"east": { "texture": "#birch", "uv": [ 7.0, 4.0, 8.0, 5.0 ] },
								"south": { "texture": "#birch", "uv": [ 8.0, 4.0, 9.0, 5.0 ] },
								"west": { "texture": "#birch", "uv": [ 9.0, 4.0, 10.0, 5.0 ] },
								"up": { "texture": "#birch", "uv": [ 6.0, 3.0, 7.0, 4.0 ] },
								"down": { "texture": "#birch", "uv": [ 7.0, 3.0, 8.0, 4.0 ] }
							},
							"children": [
								{
									"name": "Stick",
									"from": [ 0.3, 0.3, 1.0 ],
									"to": [ 0.8, 0.8, 6.0 ],
									"uv": [ 0.5, 3.5 ],
									"rotationOrigin": [ 0.3, 0.3, 1.0 ],
									"faces": {
										"east": { "texture": "#birch", "uv": [ 1.0, 9.0, 6.0, 10.0 ] },
										"south": { "texture": "#birch", "uv": [ 6.0, 9.0, 7.0, 10.0 ] },
										"west": { "texture": "#birch", "uv": [ 7.0, 9.0, 12.0, 10.0 ] },
										"up": { "texture": "#birch", "uv": [ 1.0, 4.0, 2.0, 9.0 ] },
										"down": { "texture": "#birch", "uv": [ 2.0, 4.0, 3.0, 9.0 ] }
									}
								}
							]
						}
					]
				}
			]
		}
	]}