{
	"editor": {
		"backDropShape": "entity/humanoid/seraph-hairless",
		"collapsedPaths": "Root/bandN/toothR1,Root/bandN/toothL1",
		"allAngles": true,
		"entityTextureMode": true
	},
	"textureWidth": 48,
	"textureHeight": 48,
	"textureSizes": {
		"hair": [48,48],
		"birch": [16,16]
	},
	"textures": {
	},
	"elements": [
		{
			"name": "ponytaillow",
			"stepParentName": "Head",
			"from": [ 0.0, 0.0, 0.0 ],
			"to": [ 1.0, 1.0, 1.0 ],
			"uv": [ 0.0, 0.0 ],
			"faces": {
			},
			"children": [
				{
					"name": "BraidBack",
					"from": [ 5.1, -4.3, 1.5 ],
					"to": [ 6.6, 0.7, 3.0 ],
					"uv": [ 36.5, 15.5 ],
					"rotationOrigin": [ 5.6, 2.7, 2.0 ],
					"rotationX": 8.0,
					"rotationZ": 11.0,
					"faces": {
						"north": { "texture": "#hair", "uv": [ 36.5, 15.5, 38.0, 20.5 ] },
						"east": { "texture": "#hair", "uv": [ 38.0, 15.5, 39.5, 20.5 ] },
						"south": { "texture": "#hair", "uv": [ 39.5, 15.5, 41.0, 20.5 ] },
						"west": { "texture": "#hair", "uv": [ 41.0, 15.5, 42.5, 20.5 ] }
					}
				},
				{
					"name": "ponytailhigh",
					"from": [ 4.2, 0.8, 1.3 ],
					"to": [ 6.2, 3.3, 3.5 ],
					"uv": [ 19.0, 10.5 ],
					"rotationOrigin": [ 5.2, 3.3, 2.3 ],
					"rotationZ": 41.0,
					"faces": {
						"north": { "texture": "#hair", "uv": [ 19.0, 10.5, 21.0, 13.0 ] },
						"east": { "texture": "#hair", "uv": [ 21.0, 10.5, 23.0, 13.0 ] },
						"south": { "texture": "#hair", "uv": [ 23.0, 10.5, 25.0, 13.0 ] }
					}
				},
				{
					"name": "BraidBack4",
					"from": [ 5.1, -4.3, 1.8 ],
					"to": [ 6.6, 1.2, 3.3 ],
					"uv": [ 37.0, 15.0 ],
					"rotationOrigin": [ 5.6, 2.6, 2.2989 ],
					"rotationX": -8.0,
					"rotationZ": 17.0,
					"faces": {
						"north": { "texture": "#hair", "uv": [ 37.0, 15.0, 38.5, 20.5 ] },
						"east": { "texture": "#hair", "uv": [ 38.5, 15.0, 40.0, 20.5 ] },
						"south": { "texture": "#hair", "uv": [ 40.0, 15.0, 41.5, 20.5 ] },
						"west": { "texture": "#hair", "uv": [ 41.5, 15.0, 43.0, 20.5 ] }
					}
				},
				{
					"name": "BraidBack5",
					"from": [ 4.5, -3.2, 1.6 ],
					"to": [ 6.0, 1.8, 3.1 ],
					"uv": [ 37.0, 16.5 ],
					"rotationOrigin": [ 6.0, 2.8, 2.0989 ],
					"rotationZ": 31.0,
					"faces": {
						"north": { "texture": "#hair", "uv": [ 37.0, 16.5, 38.5, 21.5 ] },
						"east": { "texture": "#hair", "uv": [ 38.5, 16.5, 40.0, 21.5 ] },
						"south": { "texture": "#hair", "uv": [ 40.0, 16.5, 41.5, 21.5 ] },
						"west": { "texture": "#hair", "uv": [ 41.5, 16.5, 43.0, 21.5 ] }
					}
				},
				{
					"name": "BraidLowupper",
					"from": [ 4.2, -0.5, 1.2 ],
					"to": [ 6.2, 2.0, 3.6 ],
					"uv": [ 19.0, 10.5 ],
					"rotationOrigin": [ 5.2, 2.0, 2.2 ],
					"rotationZ": 41.0,
					"faces": {
						"north": { "texture": "#hair", "uv": [ 19.0, 10.5, 21.0, 13.0 ] },
						"east": { "texture": "#hair", "uv": [ 21.0, 10.5, 23.0, 13.0 ] },
						"south": { "texture": "#hair", "uv": [ 23.0, 10.5, 25.0, 13.0 ] }
					}
				}
			]
		}
	]}