{
	"editor": {
		"backDropShape": "entity/humanoid/seraph-hairless",
		"allAngles": true,
		"entityTextureMode": true
	},
	"textureWidth": 48,
	"textureHeight": 48,
	"textureSizes": {
		"hair": [48,48]
	},
	"textures": {
	},
	"elements": [
		{
			"name": "origin",
			"stepParentName": "Head",
			"from": [ 0.0, 0.0, 0.0 ],
			"to": [ 1.0, 1.0, 1.0 ],
			"uv": [ 0.0, 0.0 ],
			"faces": {
			},
			"children": [
				{
					"name": "hideme",
					"from": [ 0.0, 0.0, 0.0 ],
					"to": [ 1.0, 1.0, 1.0 ],
					"uv": [ 0.0, 0.0 ],
					"faces": {
					},
					"children": [
						{
							"name": "RolledBraid",
							"from": [ -0.2, 2.7, -0.8 ],
							"to": [ 6.8, 3.7, 5.8 ],
							"autoUnwrap": false,
							"uv": [ 2.0, 4.0 ],
							"rotationOrigin": [ 3.4, 2.7, 2.5 ],
							"rotationZ": -36.0,
							"faces": {
								"north": { "texture": "#hair", "uv": [ 19.5, 34.5, 26.5, 35.5 ] },
								"east": { "texture": "#hair", "uv": [ 17.0, 35.0, 23.5, 36.0 ] },
								"south": { "texture": "#hair", "uv": [ 16.0, 32.0, 23.0, 33.0 ] },
								"west": { "texture": "#hair", "uv": [ 18.5, 33.5, 25.0, 34.5 ] },
								"up": { "texture": "#hair", "uv": [ 20.0, 31.5, 27.0, 38.0 ] },
								"down": { "texture": "#hair", "uv": [ 21.5, 31.0, 28.5, 37.5 ] }
							}
						}
					]
				},
				{
					"name": "ponytail1",
					"from": [ 5.6, 0.4, 1.5 ],
					"to": [ 7.6, 2.8, 3.5 ],
					"uv": [ 22.0, 31.5 ],
					"rotationOrigin": [ 6.0, 1.4, 2.5 ],
					"rotationZ": -15.0,
					"faces": {
						"north": { "texture": "#hair", "uv": [ 22.0, 33.5, 24.0, 35.5 ] },
						"east": { "texture": "#hair", "uv": [ 24.0, 33.5, 26.0, 35.5 ] },
						"south": { "texture": "#hair", "uv": [ 26.0, 33.5, 28.0, 35.5 ] },
						"up": { "texture": "#hair", "uv": [ 22.0, 31.5, 24.0, 33.5 ] },
						"down": { "texture": "#hair", "uv": [ 24.0, 31.5, 26.0, 33.5 ] }
					},
					"children": [
						{
							"name": "Messy",
							"from": [ 1.1511, 1.6563, -0.7 ],
							"to": [ 4.1511, 1.6563, 2.3 ],
							"autoUnwrap": false,
							"uv": [ 15.0, 12.5 ],
							"rotationOrigin": [ 0.1511, 1.6563, 0.8 ],
							"rotationZ": -60.0,
							"faces": {
								"up": { "texture": "#hair", "uv": [ 21.5, 10.5, 24.5, 13.5 ], "rotation": 270 }
							}
						}
					]
				}
			]
		}
	]}