{
	"editor": {
		"backDropShape": "entity/humanoid/seraph-hairless",
		"collapsedPaths": "Root/bandN/toothR1,Root/bandN/toothL1",
		"allAngles": true,
		"entityTextureMode": true
	},
	"textureWidth": 48,
	"textureHeight": 48,
	"textureSizes": {
		"hair": [48,48],
		"birch": [16,16]
	},
	"textures": {
	},
	"elements": [
		{
			"name": "ponytaillow",
			"stepParentName": "Head",
			"from": [ 0.0, 0.0, 0.0 ],
			"to": [ 1.0, 1.0, 1.0 ],
			"uv": [ 0.0, 0.0 ],
			"faces": {
			},
			"children": [
				{
					"name": "BraidBack",
					"from": [ 5.4, -3.3, 1.9 ],
					"to": [ 6.4, 2.7, 2.9 ],
					"uv": [ 24.0, 31.0 ],
					"rotationOrigin": [ 5.9, 2.7, 2.4 ],
					"rotationZ": 14.0,
					"faces": {
						"north": { "texture": "#hair", "uv": [ 24.0, 31.0, 25.0, 37.0 ] },
						"east": { "texture": "#hair", "uv": [ 25.0, 31.0, 26.0, 37.0 ] },
						"south": { "texture": "#hair", "uv": [ 26.0, 31.0, 27.0, 37.0 ] },
						"west": { "texture": "#hair", "uv": [ 27.0, 31.0, 28.0, 37.0 ] }
					},
					"children": [
						{
							"name": "Braid2",
							"from": [ 0.1, -4.8, 0.1 ],
							"to": [ 0.9, 0.2, 0.9 ],
							"autoUnwrap": false,
							"uv": [ 22.5, 38.0 ],
							"rotationOrigin": [ 0.5, 0.2, 0.5 ],
							"rotationZ": -14.0,
							"faces": {
								"north": { "texture": "#hair", "uv": [ 24.0, 37.0, 25.0, 42.0 ], "autoUv": false },
								"east": { "texture": "#hair", "uv": [ 26.0, 37.0, 27.0, 42.0 ], "autoUv": false },
								"south": { "texture": "#hair", "uv": [ 25.0, 37.0, 26.0, 42.0 ], "autoUv": false },
								"west": { "texture": "#hair", "uv": [ 27.0, 37.0, 28.0, 42.0 ], "autoUv": false }
							}
						},
						{
							"name": "ponytailhigh",
							"from": [ -1.0, 4.0, -0.5 ],
							"to": [ 1.0, 6.0, 1.5 ],
							"uv": [ 19.5, 11.5 ],
							"rotationOrigin": [ 0.0, 6.0, 0.5 ],
							"rotationZ": 42.0,
							"faces": {
								"north": { "texture": "#hair", "uv": [ 19.5, 11.5, 21.5, 13.5 ] },
								"east": { "texture": "#hair", "uv": [ 21.5, 11.5, 23.5, 13.5 ] },
								"south": { "texture": "#hair", "uv": [ 23.5, 11.5, 25.5, 13.5 ] }
							}
						}
					]
				}
			]
		}
	]}