{
	"editor": {
		"collapsedPaths": "Root/bandN/toothR1,Root/bandN/toothL1",
		"allAngles": true,
		"entityTextureMode": true
	},
	"textureWidth": 48,
	"textureHeight": 48,
	"textureSizes": {
		"hair": [48,48],
		"birch": [16,16]
	},
	"textures": {
	},
	"elements": [
		{
			"name": "ponytaillow",
			"stepParentName": "Head",
			"from": [ 0.0, 0.0, 0.0 ],
			"to": [ 1.0, 1.0, 1.0 ],
			"uv": [ 0.0, 0.0 ],
			"faces": {
			},
			"children": [
				{
					"name": "BraidBack",
					"from": [ 4.8, -3.3, 1.5 ],
					"to": [ 6.3, 0.7, 3.5 ],
					"uv": [ 21.0, 31.0 ],
					"rotationOrigin": [ 5.3, 2.7, 2.0 ],
					"rotationZ": 14.0,
					"faces": {
						"north": { "texture": "#hair", "uv": [ 21.0, 31.0, 22.5, 35.0 ] },
						"east": { "texture": "#hair", "uv": [ 22.5, 31.0, 24.5, 35.0 ] },
						"south": { "texture": "#hair", "uv": [ 24.5, 31.0, 26.0, 35.0 ] },
						"west": { "texture": "#hair", "uv": [ 26.0, 31.0, 28.0, 35.0 ] }
					},
					"children": [
						{
							"name": "Braid2",
							"from": [ 0.1, -4.8, 0.2 ],
							"to": [ 1.1, 0.7, 1.8 ],
							"uv": [ 28.5, 38.5 ],
							"rotationOrigin": [ 0.5, 0.2, 0.6 ],
							"rotationZ": -14.0,
							"faces": {
								"north": { "texture": "#hair", "uv": [ 28.5, 38.5, 29.5, 44.0 ], "windMode": [-1,-1,-1,-1] },
								"east": { "texture": "#hair", "uv": [ 29.5, 38.5, 31.0, 44.0 ], "windMode": [-1,-1,-1,-1] },
								"south": { "texture": "#hair", "uv": [ 31.0, 38.5, 32.0, 44.0 ], "windMode": [-1,-1,-1,-1] },
								"west": { "texture": "#hair", "uv": [ 32.0, 38.5, 33.5, 44.0 ], "windMode": [-1,-1,-1,-1] }
							}
						},
						{
							"name": "Braid5",
							"from": [ 0.5, 0.4, -0.1 ],
							"to": [ 1.5, 3.9, 2.1 ],
							"uv": [ 37.5, 19.0 ],
							"rotationOrigin": [ 0.9, 3.9, 0.3 ],
							"rotationZ": 10.0,
							"faces": {
								"north": { "texture": "#hair", "uv": [ 37.5, 19.0, 38.5, 22.5 ] },
								"east": { "texture": "#hair", "uv": [ 38.5, 19.0, 40.5, 22.5 ] },
								"south": { "texture": "#hair", "uv": [ 40.5, 19.0, 41.5, 22.5 ] }
							}
						},
						{
							"name": "Braid6",
							"from": [ 0.5, -2.6, -0.1 ],
							"to": [ 1.5, 0.9, 2.1 ],
							"uv": [ 37.5, 19.0 ],
							"rotationOrigin": [ 0.9, 0.9, 0.3 ],
							"rotationZ": -10.0,
							"faces": {
								"north": { "texture": "#hair", "uv": [ 37.5, 19.0, 38.5, 22.5 ] },
								"east": { "texture": "#hair", "uv": [ 38.5, 19.0, 40.5, 22.5 ] },
								"south": { "texture": "#hair", "uv": [ 40.5, 19.0, 41.5, 22.5 ] }
							}
						},
						{
							"name": "Braid7",
							"from": [ 0.2, 1.5, 2.0 ],
							"to": [ 1.2, 6.0, 3.0 ],
							"uv": [ 17.0, 31.0 ],
							"rotationOrigin": [ 0.6, 6.0, 2.5 ],
							"rotationX": 12.0,
							"rotationZ": 2.0,
							"faces": {
								"north": { "texture": "#hair", "uv": [ 17.0, 31.0, 18.0, 35.5 ] },
								"east": { "texture": "#hair", "uv": [ 18.0, 31.0, 19.0, 35.5 ] },
								"south": { "texture": "#hair", "uv": [ 19.0, 31.0, 20.0, 35.5 ] },
								"west": { "texture": "#hair", "uv": [ 20.0, 31.0, 21.0, 35.5 ] }
							}
						},
						{
							"name": "Braid8",
							"from": [ 0.2, 1.5, -1.0 ],
							"to": [ 1.2, 6.0, 0.0 ],
							"uv": [ 16.0, 32.6 ],
							"rotationOrigin": [ 0.6, 6.0, -0.5 ],
							"rotationX": -12.0,
							"rotationZ": 2.0,
							"faces": {
								"north": { "texture": "#hair", "uv": [ 16.0, 33.0, 17.0, 37.5 ] },
								"east": { "texture": "#hair", "uv": [ 17.0, 33.0, 18.0, 37.5 ] },
								"south": { "texture": "#hair", "uv": [ 18.0, 33.0, 19.0, 37.5 ] },
								"west": { "texture": "#hair", "uv": [ 19.0, 33.0, 20.0, 37.5 ] }
							}
						},
						{
							"name": "Braid9",
							"from": [ -0.6, -6.1, 0.5 ],
							"to": [ 0.4, -2.6, 1.5 ],
							"uv": [ 16.0, 11.0 ],
							"rotationOrigin": [ -0.2, -2.6, 0.9 ],
							"rotationZ": -20.0,
							"faces": {
								"north": { "texture": "#hair", "uv": [ 16.0, 11.0, 17.0, 14.5 ] },
								"east": { "texture": "#hair", "uv": [ 17.0, 11.0, 18.0, 14.5 ] },
								"south": { "texture": "#hair", "uv": [ 18.0, 11.0, 19.0, 14.5 ] },
								"west": { "texture": "#hair", "uv": [ 19.0, 11.0, 20.0, 14.5 ] }
							}
						},
						{
							"name": "BraidBack3",
							"from": [ 0.0, 4.0, 0.0 ],
							"to": [ 1.5, 6.0, 2.0 ],
							"uv": [ 21.0, 31.0 ],
							"rotationOrigin": [ 1.5, 4.0, 0.5 ],
							"rotationZ": 17.0,
							"faces": {
								"north": { "texture": "#hair", "uv": [ 21.0, 31.0, 22.5, 33.0 ] },
								"east": { "texture": "#hair", "uv": [ 22.5, 31.0, 24.5, 33.0 ] },
								"south": { "texture": "#hair", "uv": [ 24.5, 31.0, 26.0, 33.0 ] },
								"west": { "texture": "#hair", "uv": [ 26.0, 31.0, 28.0, 33.0 ] }
							}
						}
					]
				},
				{
					"name": "ponytailhigh",
					"from": [ 0.0, 0.0, 0.0 ],
					"to": [ 1.0, 1.0, 1.0 ],
					"uv": [ 0.0, 0.0 ],
					"faces": {
					},
					"children": [
						{
							"name": "BraidMessy",
							"from": [ 4.203, -0.3242, 1.3 ],
							"to": [ 6.203, 2.6758, 3.8 ],
							"uv": [ 19.5, 26.0 ],
							"rotationOrigin": [ 5.203, 2.6758, 2.3 ],
							"rotationZ": 39.0,
							"faces": {
								"north": { "texture": "#hair", "uv": [ 19.5, 26.0, 21.5, 29.0 ] },
								"east": { "texture": "#hair", "uv": [ 21.5, 26.0, 24.0, 29.0 ] },
								"south": { "texture": "#hair", "uv": [ 24.0, 26.0, 26.0, 29.0 ] }
							}
						},
						{
							"name": "BraidBack2",
							"from": [ 5.2541, 1.0013, 1.5 ],
							"to": [ 6.7541, 4.0013, 3.5 ],
							"uv": [ 21.0, 31.0 ],
							"rotationOrigin": [ 6.7541, 1.0013, 2.0 ],
							"rotationZ": 14.0,
							"faces": {
								"north": { "texture": "#hair", "uv": [ 21.0, 31.0, 22.5, 34.0 ] },
								"east": { "texture": "#hair", "uv": [ 22.5, 31.0, 24.5, 34.0 ] },
								"south": { "texture": "#hair", "uv": [ 24.5, 31.0, 26.0, 34.0 ] },
								"west": { "texture": "#hair", "uv": [ 26.0, 31.0, 28.0, 34.0 ] }
							}
						}
					]
				}
			]
		}
	]}