{
	"editor": {
		"backDropShape": "entity/humanoid/seraph-hairless",
		"collapsedPaths": "Root/bandN/toothR1,Root/bandN/toothL1",
		"allAngles": true,
		"entityTextureMode": true
	},
	"textureWidth": 48,
	"textureHeight": 48,
	"textureSizes": {
		"hair": [48,48]
	},
	"textures": {
	},
	"elements": [
		{
			"name": "ponytailhigh",
			"stepParentName": "Head",
			"from": [ 0.0, 0.0, 0.0 ],
			"to": [ 1.0, 1.0, 1.0 ],
			"uv": [ 0.0, 0.0 ],
			"faces": {
			},
			"children": [
				{
					"name": "TopKnot",
					"from": [ 6.0, 4.1, 2.0 ],
					"to": [ 9.0, 5.1, 3.0 ],
					"uv": [ 19.5, 32.0 ],
					"rotationOrigin": [ 6.0, 4.1, 2.5 ],
					"rotationZ": 42.0,
					"faces": {
						"north": { "texture": "#hair", "uv": [ 19.5, 33.0, 22.5, 34.0 ] },
						"east": { "texture": "#hair", "uv": [ 22.5, 33.0, 23.5, 34.0 ] },
						"south": { "texture": "#hair", "uv": [ 23.5, 33.0, 26.5, 34.0 ] },
						"up": { "texture": "#hair", "uv": [ 19.5, 32.0, 22.5, 33.0 ] },
						"down": { "texture": "#hair", "uv": [ 22.5, 32.0, 25.5, 33.0 ] }
					},
					"children": [
						{
							"name": "Ponytail",
							"from": [ 2.9, -0.2, -0.2 ],
							"to": [ 7.9, 1.3, 1.3 ],
							"autoUnwrap": false,
							"uv": [ 13.5, 18.5 ],
							"rotationOrigin": [ 2.9, 0.6, 0.6 ],
							"rotationZ": -95.0,
							"faces": {
								"north": { "texture": "#hair", "uv": [ 39.0, 18.0, 40.5, 23.0 ], "rotation": 90 },
								"south": { "texture": "#hair", "uv": [ 38.5, 18.0, 40.0, 23.0 ], "rotation": 270 },
								"west": { "texture": "#hair", "uv": [ 32.0, 32.5, 33.5, 34.0 ] },
								"up": { "texture": "#hair", "uv": [ 39.5, 17.5, 41.0, 22.5 ], "rotation": 270 },
								"down": { "texture": "#hair", "uv": [ 40.5, 16.5, 42.0, 21.5 ], "rotation": 90 }
							}
						},
						{
							"name": "Cube1",
							"from": [ 3.0, -0.6, 0.5 ],
							"to": [ 5.0, 1.4, 0.5 ],
							"autoUnwrap": false,
							"uv": [ 0.0, 0.0 ],
							"rotationOrigin": [ 3.0, 0.4, 0.5 ],
							"rotationY": 36.0,
							"faces": {
								"north": { "texture": "#hair", "uv": [ 37.0, 19.0, 39.0, 21.0 ], "rotation": 90 }
							}
						},
						{
							"name": "Cube4",
							"from": [ 2.4, -0.6, 0.5 ],
							"to": [ 4.4, 1.4, 0.5 ],
							"autoUnwrap": false,
							"uv": [ 0.0, 0.0 ],
							"rotationOrigin": [ 2.4, 0.4, 0.5 ],
							"rotationY": -36.0,
							"faces": {
								"north": { "texture": "#hair", "uv": [ 38.0, 20.0, 40.0, 22.0 ], "rotation": 90 }
							}
						}
					]
				}
			]
		}
	]}