{
	"editor": {
		"backDropShape": "entity/humanoid/seraph-hairless",
		"collapsedPaths": "Root/bandN/toothR1,Root/bandN/toothL1",
		"allAngles": true,
		"entityTextureMode": true
	},
	"textureWidth": 48,
	"textureHeight": 48,
	"textureSizes": {
	},
	"textures": {
	},
	"elements": [
		{
			"name": "ponytaillow",
			"stepParentName": "Head",
			"from": [ 0.0, 0.0, 0.0 ],
			"to": [ 1.0, 1.0, 1.0 ],
			"uv": [ 0.0, 0.0 ],
			"faces": {
			},
			"children": [
				{
					"name": "ponytailhigh",
					"from": [ 0.0, 0.0, 0.0 ],
					"to": [ 1.0, 1.0, 1.0 ],
					"uv": [ 0.0, 0.0 ],
					"faces": {
					},
					"children": [
						{
							"name": "HairBack",
							"from": [ 4.1, 1.0, 1.5 ],
							"to": [ 6.1, 4.0, 3.5 ],
							"uv": [ 39.0, 9.5 ],
							"rotationOrigin": [ 5.1, 4.0, 2.5 ],
							"rotationZ": 36.0,
							"faces": {
								"north": { "texture": "#hair", "uv": [ 39.0, 11.5, 41.0, 14.5 ] },
								"east": { "texture": "#hair", "uv": [ 41.0, 11.5, 43.0, 14.5 ] },
								"south": { "texture": "#hair", "uv": [ 43.0, 11.5, 45.0, 14.5 ] },
								"down": { "texture": "#hair", "uv": [ 39.0, 9.5, 41.0, 11.5 ] }
							},
							"children": [
								{
									"name": "Cube3",
									"from": [ 0.9, -2.2, 0.0 ],
									"to": [ 1.9, 1.8, 1.0 ],
									"uv": [ 13.0, 1.5 ],
									"rotationOrigin": [ 1.4, 1.8, 0.5 ],
									"rotationX": 19.0,
									"rotationZ": -17.0,
									"faces": {
										"north": { "texture": "#hair", "uv": [ 13.0, 2.5, 14.0, 6.5 ] },
										"east": { "texture": "#hair", "uv": [ 14.0, 2.5, 15.0, 6.5 ] },
										"south": { "texture": "#hair", "uv": [ 15.0, 2.5, 16.0, 6.5 ] },
										"west": { "texture": "#hair", "uv": [ 16.0, 2.5, 17.0, 6.5 ] },
										"up": { "texture": "#hair", "uv": [ 13.0, 1.5, 14.0, 2.5 ] }
									}
								},
								{
									"name": "Cube4",
									"from": [ 1.0, -1.6, 1.0 ],
									"to": [ 2.0, 2.4, 2.0 ],
									"uv": [ 12.0, 1.5 ],
									"rotationOrigin": [ 1.5, 2.4, 1.5 ],
									"rotationX": -14.0,
									"rotationZ": -14.0,
									"faces": {
										"north": { "texture": "#hair", "uv": [ 12.0, 2.5, 13.0, 6.5 ] },
										"east": { "texture": "#hair", "uv": [ 13.0, 2.5, 14.0, 6.5 ] },
										"south": { "texture": "#hair", "uv": [ 14.0, 2.5, 15.0, 6.5 ] },
										"west": { "texture": "#hair", "uv": [ 15.0, 2.5, 16.0, 6.5 ] },
										"up": { "texture": "#hair", "uv": [ 12.0, 1.5, 13.0, 2.5 ] }
									}
								},
								{
									"name": "Cube5",
									"from": [ 0.9, -4.0, 0.2 ],
									"to": [ 1.9, 1.0, 1.2 ],
									"uv": [ 1.0, 0.5 ],
									"rotationOrigin": [ 1.4, 1.0, 0.7 ],
									"rotationX": 6.0,
									"rotationZ": -39.0,
									"faces": {
										"north": { "texture": "#hair", "uv": [ 1.0, 1.5, 2.0, 6.5 ] },
										"east": { "texture": "#hair", "uv": [ 2.0, 1.5, 3.0, 6.5 ] },
										"south": { "texture": "#hair", "uv": [ 3.0, 1.5, 4.0, 6.5 ] },
										"west": { "texture": "#hair", "uv": [ 4.0, 1.5, 5.0, 6.5 ] },
										"up": { "texture": "#hair", "uv": [ 1.0, 0.5, 2.0, 1.5 ] }
									}
								},
								{
									"name": "Cube1",
									"from": [ 1.2, -3.0, 1.5 ],
									"to": [ 1.8, 1.0, 2.1 ],
									"uv": [ 39.5, 18.5 ],
									"rotationOrigin": [ 1.5, 1.0, 1.8 ],
									"rotationX": -8.0,
									"rotationZ": -19.0,
									"faces": {
										"north": { "texture": "#hair", "uv": [ 39.5, 18.5, 40.0, 22.5 ] },
										"east": { "texture": "#hair", "uv": [ 40.0, 18.5, 40.5, 22.5 ] },
										"south": { "texture": "#hair", "uv": [ 40.5, 18.5, 41.0, 22.5 ] },
										"west": { "texture": "#hair", "uv": [ 41.0, 18.5, 41.5, 22.5 ] }
									}
								},
								{
									"name": "Cube10",
									"from": [ 1.2, -3.0, -0.2 ],
									"to": [ 1.8, 1.0, 0.4 ],
									"uv": [ 39.5, 18.5 ],
									"rotationOrigin": [ 1.5, 1.0, 0.1 ],
									"rotationX": 19.0,
									"rotationZ": -42.0,
									"faces": {
										"north": { "texture": "#hair", "uv": [ 39.5, 18.5, 40.0, 22.5 ] },
										"east": { "texture": "#hair", "uv": [ 40.0, 18.5, 40.5, 22.5 ] },
										"south": { "texture": "#hair", "uv": [ 40.5, 18.5, 41.0, 22.5 ] },
										"west": { "texture": "#hair", "uv": [ 41.0, 18.5, 41.5, 22.5 ] }
									}
								}
							]
						},
						{
							"name": "HairMid2",
							"from": [ 6.232, 1.0438, 1.7 ],
							"to": [ 7.732, 2.0438, 3.2 ],
							"uv": [ 17.5, 0.5 ],
							"rotationOrigin": [ 7.032, 1.0438, 2.5 ],
							"rotationZ": 14.0,
							"faces": {
								"north": { "texture": "#hair", "uv": [ 17.5, 2.0, 19.0, 3.0 ] },
								"east": { "texture": "#hair", "uv": [ 19.0, 2.0, 20.5, 3.0 ] },
								"south": { "texture": "#hair", "uv": [ 20.5, 2.0, 22.0, 3.0 ] },
								"west": { "texture": "#hair", "uv": [ 22.0, 2.0, 23.5, 3.0 ] },
								"up": { "texture": "#hair", "uv": [ 17.5, 0.5, 19.0, 2.0 ] }
							}
						}
					]
				},
				{
					"name": "HairMid",
					"from": [ 5.99, -1.9859, 1.7 ],
					"to": [ 7.49, 1.0141, 3.2 ],
					"uv": [ 17.5, 0.5 ],
					"rotationOrigin": [ 6.79, 2.01, 2.5 ],
					"rotationZ": 14.0,
					"faces": {
						"north": { "texture": "#hair", "uv": [ 17.5, 2.0, 19.0, 5.0 ] },
						"east": { "texture": "#hair", "uv": [ 19.0, 2.0, 20.5, 5.0 ] },
						"south": { "texture": "#hair", "uv": [ 20.5, 2.0, 22.0, 5.0 ] },
						"west": { "texture": "#hair", "uv": [ 22.0, 2.0, 23.5, 5.0 ] },
						"up": { "texture": "#hair", "uv": [ 17.5, 0.5, 19.0, 2.0 ] }
					},
					"children": [
						{
							"name": "HairLow",
							"from": [ -0.1, -2.4, 0.2 ],
							"to": [ 0.9, 1.6, 1.2 ],
							"uv": [ 15.5, 2.0 ],
							"rotationOrigin": [ 0.4, 1.6, 0.7 ],
							"rotationX": -14.0,
							"rotationY": -42.0,
							"rotationZ": -14.0,
							"faces": {
								"north": { "texture": "#hair", "uv": [ 15.5, 2.0, 16.5, 6.0 ] },
								"east": { "texture": "#hair", "uv": [ 16.5, 2.0, 17.5, 6.0 ] },
								"south": { "texture": "#hair", "uv": [ 17.5, 2.0, 18.5, 6.0 ] },
								"west": { "texture": "#hair", "uv": [ 18.5, 2.0, 19.5, 6.0 ] }
							}
						},
						{
							"name": "HairLow7",
							"from": [ -0.1, -2.4, 0.2 ],
							"to": [ 0.9, 1.6, 1.2 ],
							"uv": [ 18.5, 2.0 ],
							"rotationOrigin": [ 0.4, 1.6, 0.7 ],
							"rotationX": 14.0,
							"rotationY": -28.0,
							"rotationZ": -19.0,
							"faces": {
								"north": { "texture": "#hair", "uv": [ 18.5, 2.0, 19.5, 6.0 ] },
								"east": { "texture": "#hair", "uv": [ 19.5, 2.0, 20.5, 6.0 ] },
								"south": { "texture": "#hair", "uv": [ 20.5, 2.0, 21.5, 6.0 ] },
								"west": { "texture": "#hair", "uv": [ 21.5, 2.0, 22.5, 6.0 ] }
							}
						},
						{
							"name": "HairLow8",
							"from": [ -0.1, -2.4, 0.2 ],
							"to": [ 0.9, 1.6, 1.2 ],
							"uv": [ 18.5, 2.0 ],
							"rotationOrigin": [ 0.4, 1.6, 0.7 ],
							"rotationX": -19.0,
							"rotationZ": -19.0,
							"faces": {
								"north": { "texture": "#hair", "uv": [ 18.5, 2.0, 19.5, 6.0 ] },
								"east": { "texture": "#hair", "uv": [ 19.5, 2.0, 20.5, 6.0 ] },
								"south": { "texture": "#hair", "uv": [ 20.5, 2.0, 21.5, 6.0 ] },
								"west": { "texture": "#hair", "uv": [ 21.5, 2.0, 22.5, 6.0 ] }
							}
						},
						{
							"name": "HairMid3",
							"from": [ 0.0, 3.0, 0.05 ],
							"to": [ 1.5, 5.5, 1.45 ],
							"uv": [ 17.5, 0.5 ],
							"rotationOrigin": [ 1.5, 3.0, 0.8 ],
							"rotationZ": 36.0,
							"faces": {
								"north": { "texture": "#hair", "uv": [ 17.5, 1.5, 19.0, 4.0 ] },
								"east": { "texture": "#hair", "uv": [ 19.0, 1.5, 20.0, 4.0 ] },
								"south": { "texture": "#hair", "uv": [ 20.0, 1.5, 21.5, 4.0 ] },
								"west": { "texture": "#hair", "uv": [ 21.5, 1.5, 22.5, 4.0 ] },
								"up": { "texture": "#hair", "uv": [ 17.5, 0.5, 19.0, 1.5 ] }
							}
						}
					]
				}
			]
		}
	]}