{
	code: "tachi",
	damagedby: ["attacking"],
	tool: "sword",
	class: "FastSwordChargeNone",
	attributes: {
		handbook: { groupBy: ["tachi-*"] },
		groundStorageTransformByType: {
			"*": {
				translation: { x: 0, y: 0.12, z: -0.08 },
				rotation: { x: 26, y: 90, z: -90 },
				scale: 0.88
			}
		},
		toolrackTransform: {
			translation: { x: -0.5, y: 0.75, z: 0 },
			rotation: { x: 0, y: -180, z: 0 },
			scale: 1.5
		}
	},
	behaviors: [{ 
		name: "GroundStorable",
		properties: {
			layout: 'WallHalves',
			wallOffYByType: {
				"*": 2
			},
			sprintKey: true,
			selectionBox: { x1: 0, y1: 0, z1: 0, x2: 1, y2: 0.1, z2: 1 },
			collisionBox: { x1: 0, y1: 0, z1: 0, x2: 0, y2: 0, z2: 0 },
		}
	},{ name: "AnimationAuthoritative" }],
	variantgroups: [
		{ code: "metal", states: ["copper", "tinbronze", "bismuthbronze", "blackbronze", "iron", "meteoriciron", "steel"] },
	],
	shape: { base: "item/weapon/tachi1" },
	heldTpHitAnimation: "falx",
	heldTpUseAnimation: "interactstatic",
	textures: { "iron": { base: "game:block/metal/anvil/{metal}" } },
	attackRange: 2.5,
	tooltierbytype: {
		"*-copper": 1,
		"*-bismuthbronze": 2,
		"*-tinbronze": 2,
		"*-blackbronze": 2,
		"*-iron": 3,
		"*-meteoriciron": 3,
		"*-steel": 4
	},
	attackpowerbytype: {
		"*-copper": 3.5,
		"*-tinbronze": 4.5,
		"*-bismuthbronze": 4.5,
		"*-blackbronze": 4.5,
		"*-iron": 6,
		"*-meteoriciron": 6.5,
		"*-steel": 8
	},
	durabilitybytype: {
		"*-copper": 880,
		"*-tinbronze": 1240,
		"*-bismuthbronze": 1260,
		"*-blackbronze": 1280,
		"*-iron": 1980,
		"*-meteoriciron": 2120,
		"*-steel": 3240
	},
	creativeinventory: { "general": ["*"], "items": ["*"], "tools": ["*"], "alphaweaponpack": ["*"] },
	guiTransform: {
		translation: { x: 0, y: 0, z: 20 },
		rotation: { x: -55, y: 70, z: 25 },
		origin: { x: 0.45, y: 0, z: 0.6 },
		scale: 2
	},
	fpHandTransform: {
		translation: { x: -0.4, y: 0.1, z: 0 },
		rotation: { x: 0, y: 0, z: 95 },
		origin: { x: 0.5, y: 0.5, z: 0.7 },
		scale: 3.75
	},
	tpHandTransform: {
		translation: { x: -1.2, y: -0.5, z: -0.05 },
		rotation: { x: 90, y: 0, z: 0 },
		scale: 0.95
	},
	groundTransform: {
		translation: { x: 0, y: 0.48, z: 0 },
		rotation: { x: 0, y: 0, z: 0 },
		origin: { x: 0.5, y: 0.5, z: 0.5299 },
		scale: 5
	}
}