{
	"editor": {
		"allAngles": false,
		"entityTextureMode": false
	},
	"textureWidth": 16,
	"textureHeight": 16,
	"textureSizes": {
	},
	"textures": {
	},
	"elements": [
		{
			"name": "Base",
			"from": [ 16.0, 0.0, 16.0 ], 
			"to": [ 32.0, 2.0, 32.0 ], 
			"rotationOrigin": [ 16.0, 0.0, 16.0 ],
			"rotationY": -180.0,
			"faces": {
				"north": { "texture": "#base", "uv": [ 0.0, 0.0, 16.0, 2.0 ] },
				"east": { "texture": "#base", "uv": [ 0.0, 0.0, 16.0, 2.0 ] },
				"south": { "texture": "#base", "uv": [ 0.0, 0.0, 16.0, 2.0 ] },
				"west": { "texture": "#base", "uv": [ 0.0, 0.0, 16.0, 2.0 ] },
				"up": { "texture": "#base", "uv": [ 0.0, 0.0, 16.0, 16.0 ] },
				"down": { "texture": "#base", "uv": [ 0.0, 0.0, 16.0, 16.0 ] }
			},
			"children": [
				{
					"name": "stocks_bottom",
					"from": [ 0.0, 2.0, 12.0 ], 
					"to": [ 16.0, 11.0, 14.0 ], 
					"rotationOrigin": [ 0.0, 2.0, 12.0 ],
					"faces": {
						"north": { "texture": "#base", "uv": [ 0.0, 0.0, 16.0, 9.0 ] },
						"east": { "texture": "#base", "uv": [ 0.0, 0.0, 2.0, 9.0 ] },
						"south": { "texture": "#base", "uv": [ 0.0, 0.0, 16.0, 9.0 ] },
						"west": { "texture": "#base", "uv": [ 0.0, 0.0, 2.0, 9.0 ] },
						"up": { "texture": "#base", "uv": [ 0.0, 0.0, 16.0, 2.0 ] },
						"down": { "texture": "#base", "uv": [ 0.0, 0.0, 16.0, 2.0 ] }
					},
					"children": [
						{
							"name": "Cube1",
							"from": [ 0.0, 9.0, 0.0 ], 
							"to": [ 1.0, 11.0, 2.0 ], 
							"rotationOrigin": [ 0.0, 9.0, 0.0 ],
							"faces": {
								"north": { "texture": "#base", "uv": [ 0.0, 0.0, 1.0, 2.0 ] },
								"east": { "texture": "#base", "uv": [ 0.0, 0.0, 2.0, 2.0 ] },
								"south": { "texture": "#base", "uv": [ 0.0, 0.0, 1.0, 2.0 ] },
								"west": { "texture": "#base", "uv": [ 0.0, 0.0, 2.0, 2.0 ] },
								"up": { "texture": "#base", "uv": [ 0.0, 0.0, 1.0, 2.0 ] },
								"down": { "texture": "#base", "uv": [ 0.0, 0.0, 1.0, 2.0 ] }
							}
						},
						{
							"name": "Cube4",
							"from": [ 15.0, 9.0, 0.0 ], 
							"to": [ 16.0, 11.0, 2.0 ], 
							"rotationOrigin": [ 15.0, 9.0, 0.0 ],
							"faces": {
								"north": { "texture": "#base", "uv": [ 0.0, 0.0, 1.0, 2.0 ] },
								"east": { "texture": "#base", "uv": [ 0.0, 0.0, 2.0, 2.0 ] },
								"south": { "texture": "#base", "uv": [ 0.0, 0.0, 1.0, 2.0 ] },
								"west": { "texture": "#base", "uv": [ 0.0, 0.0, 2.0, 2.0 ] },
								"up": { "texture": "#base", "uv": [ 0.0, 0.0, 1.0, 2.0 ] },
								"down": { "texture": "#base", "uv": [ 0.0, 0.0, 1.0, 2.0 ] }
							}
						},
						{
							"name": "Cube5",
							"from": [ 3.0, 9.0, 0.0 ], 
							"to": [ 6.0, 13.0, 2.0 ], 
							"rotationOrigin": [ 3.0, 9.0, 0.0 ],
							"faces": {
								"north": { "texture": "#base", "uv": [ 0.0, 0.0, 3.0, 4.0 ] },
								"east": { "texture": "#base", "uv": [ 0.0, 0.0, 2.0, 4.0 ] },
								"south": { "texture": "#base", "uv": [ 0.0, 0.0, 3.0, 4.0 ] },
								"west": { "texture": "#base", "uv": [ 0.0, 0.0, 2.0, 4.0 ] },
								"up": { "texture": "#base", "uv": [ 0.0, 0.0, 3.0, 2.0 ] },
								"down": { "texture": "#base", "uv": [ 0.0, 0.0, 3.0, 2.0 ] }
							}
						},
						{
							"name": "Cube6",
							"from": [ 10.0, 9.0, 0.0 ], 
							"to": [ 13.0, 13.0, 2.0 ], 
							"rotationOrigin": [ 10.0, 9.0, 0.0 ],
							"faces": {
								"north": { "texture": "#base", "uv": [ 0.0, 0.0, 3.0, 4.0 ] },
								"east": { "texture": "#base", "uv": [ 0.0, 0.0, 2.0, 4.0 ] },
								"south": { "texture": "#base", "uv": [ 0.0, 0.0, 3.0, 4.0 ] },
								"west": { "texture": "#base", "uv": [ 0.0, 0.0, 2.0, 4.0 ] },
								"up": { "texture": "#base", "uv": [ 0.0, 0.0, 3.0, 2.0 ] },
								"down": { "texture": "#base", "uv": [ 0.0, 0.0, 3.0, 2.0 ] }
							}
						},
						{
							"name": "Cube7",
							"from": [ 1.0, 9.0, 0.0 ], 
							"to": [ 1.5, 9.5, 2.0 ], 
							"rotationOrigin": [ 1.0, 9.0, 0.0 ],
							"faces": {
								"north": { "texture": "#base", "uv": [ 0.0, 0.0, 0.5, 0.5 ] },
								"east": { "texture": "#base", "uv": [ 0.0, 0.0, 2.0, 0.5 ] },
								"south": { "texture": "#base", "uv": [ 0.0, 0.0, 0.5, 0.5 ] },
								"west": { "texture": "#base", "uv": [ 0.0, 0.0, 2.0, 0.5 ] },
								"up": { "texture": "#base", "uv": [ 0.0, 0.0, 0.5, 2.0 ] },
								"down": { "texture": "#base", "uv": [ 0.0, 0.0, 0.5, 2.0 ] }
							}
						},
						{
							"name": "Cube8",
							"from": [ 2.5, 9.0, 0.0 ], 
							"to": [ 3.0, 9.5, 2.0 ], 
							"rotationOrigin": [ 2.0, 9.0, 0.0 ],
							"faces": {
								"north": { "texture": "#base", "uv": [ 0.0, 0.0, 0.5, 0.5 ] },
								"east": { "texture": "#base", "uv": [ 0.0, 0.0, 2.0, 0.5 ] },
								"south": { "texture": "#base", "uv": [ 0.0, 0.0, 0.5, 0.5 ] },
								"west": { "texture": "#base", "uv": [ 0.0, 0.0, 2.0, 0.5 ] },
								"up": { "texture": "#base", "uv": [ 0.0, 0.0, 0.5, 2.0 ] },
								"down": { "texture": "#base", "uv": [ 0.0, 0.0, 0.5, 2.0 ] }
							}
						},
						{
							"name": "Cube9",
							"from": [ 13.0, 9.0, 0.0 ], 
							"to": [ 13.5, 9.5, 2.0 ], 
							"rotationOrigin": [ 13.0, 9.0, 0.0 ],
							"faces": {
								"north": { "texture": "#base", "uv": [ 0.0, 0.0, 0.5, 0.5 ] },
								"east": { "texture": "#base", "uv": [ 0.0, 0.0, 2.0, 0.5 ] },
								"south": { "texture": "#base", "uv": [ 0.0, 0.0, 0.5, 0.5 ] },
								"west": { "texture": "#base", "uv": [ 0.0, 0.0, 2.0, 0.5 ] },
								"up": { "texture": "#base", "uv": [ 0.0, 0.0, 0.5, 2.0 ] },
								"down": { "texture": "#base", "uv": [ 0.0, 0.0, 0.5, 2.0 ] }
							}
						},
						{
							"name": "Cube10",
							"from": [ 14.5, 9.0, 0.0 ], 
							"to": [ 15.0, 9.5, 2.0 ], 
							"rotationOrigin": [ 14.0, 9.0, 0.0 ],
							"faces": {
								"north": { "texture": "#base", "uv": [ 0.0, 0.0, 0.5, 0.5 ] },
								"east": { "texture": "#base", "uv": [ 0.0, 0.0, 2.0, 0.5 ] },
								"south": { "texture": "#base", "uv": [ 0.0, 0.0, 0.5, 0.5 ] },
								"west": { "texture": "#base", "uv": [ 0.0, 0.0, 2.0, 0.5 ] },
								"up": { "texture": "#base", "uv": [ 0.0, 0.0, 0.5, 2.0 ] },
								"down": { "texture": "#base", "uv": [ 0.0, 0.0, 0.5, 2.0 ] }
							}
						},
						{
							"name": "Cube11",
							"from": [ 2.5, 10.5, 0.0 ], 
							"to": [ 3.0, 11.0, 2.0 ], 
							"rotationOrigin": [ 2.0, 10.0, 0.0 ],
							"faces": {
								"north": { "texture": "#base", "uv": [ 0.0, 0.0, 0.5, 0.5 ] },
								"east": { "texture": "#base", "uv": [ 0.0, 0.0, 2.0, 0.5 ] },
								"south": { "texture": "#base", "uv": [ 0.0, 0.0, 0.5, 0.5 ] },
								"west": { "texture": "#base", "uv": [ 0.0, 0.0, 2.0, 0.5 ] },
								"up": { "texture": "#base", "uv": [ 0.0, 0.0, 0.5, 2.0 ] },
								"down": { "texture": "#base", "uv": [ 0.0, 0.0, 0.5, 2.0 ] }
							}
						},
						{
							"name": "Cube12",
							"from": [ 1.0, 10.5, 0.0 ], 
							"to": [ 1.5, 11.0, 2.0 ], 
							"rotationOrigin": [ 1.0, 10.0, 0.0 ],
							"faces": {
								"north": { "texture": "#base", "uv": [ 0.0, 0.0, 0.5, 0.5 ] },
								"east": { "texture": "#base", "uv": [ 0.0, 0.0, 2.0, 0.5 ] },
								"south": { "texture": "#base", "uv": [ 0.0, 0.0, 0.5, 0.5 ] },
								"west": { "texture": "#base", "uv": [ 0.0, 0.0, 2.0, 0.5 ] },
								"up": { "texture": "#base", "uv": [ 0.0, 0.0, 0.5, 2.0 ] },
								"down": { "texture": "#base", "uv": [ 0.0, 0.0, 0.5, 2.0 ] }
							}
						},
						{
							"name": "Cube13",
							"from": [ 13.0, 10.5, 0.0 ], 
							"to": [ 13.5, 11.0, 2.0 ], 
							"rotationOrigin": [ 13.0, 10.0, 0.0 ],
							"faces": {
								"north": { "texture": "#base", "uv": [ 0.0, 0.0, 0.5, 0.5 ] },
								"east": { "texture": "#base", "uv": [ 0.0, 0.0, 2.0, 0.5 ] },
								"south": { "texture": "#base", "uv": [ 0.0, 0.0, 0.5, 0.5 ] },
								"west": { "texture": "#base", "uv": [ 0.0, 0.0, 2.0, 0.5 ] },
								"up": { "texture": "#base", "uv": [ 0.0, 0.0, 0.5, 2.0 ] },
								"down": { "texture": "#base", "uv": [ 0.0, 0.0, 0.5, 2.0 ] }
							}
						},
						{
							"name": "Cube14",
							"from": [ 14.5, 10.5, 0.0 ], 
							"to": [ 15.0, 11.0, 2.0 ], 
							"rotationOrigin": [ 14.0, 10.0, 0.0 ],
							"faces": {
								"north": { "texture": "#base", "uv": [ 0.0, 0.0, 0.5, 0.5 ] },
								"east": { "texture": "#base", "uv": [ 0.0, 0.0, 2.0, 0.5 ] },
								"south": { "texture": "#base", "uv": [ 0.0, 0.0, 0.5, 0.5 ] },
								"west": { "texture": "#base", "uv": [ 0.0, 0.0, 2.0, 0.5 ] },
								"up": { "texture": "#base", "uv": [ 0.0, 0.0, 0.5, 2.0 ] },
								"down": { "texture": "#base", "uv": [ 0.0, 0.0, 0.5, 2.0 ] }
							}
						},
						{
							"name": "Cube15",
							"from": [ 0.0, 11.0, 0.0 ], 
							"to": [ 3.0, 13.0, 2.0 ], 
							"rotationOrigin": [ 0.0, 11.0, 0.0 ],
							"faces": {
								"north": { "texture": "#base", "uv": [ 0.0, 0.0, 3.0, 2.0 ] },
								"east": { "texture": "#base", "uv": [ 0.0, 0.0, 2.0, 2.0 ] },
								"south": { "texture": "#base", "uv": [ 0.0, 0.0, 3.0, 2.0 ] },
								"west": { "texture": "#base", "uv": [ 0.0, 0.0, 2.0, 2.0 ] },
								"up": { "texture": "#base", "uv": [ 0.0, 0.0, 3.0, 2.0 ] },
								"down": { "texture": "#base", "uv": [ 0.0, 0.0, 3.0, 2.0 ] }
							}
						},
						{
							"name": "Cube16",
							"from": [ 13.0, 11.0, 0.0 ], 
							"to": [ 16.0, 13.0, 2.0 ], 
							"rotationOrigin": [ 13.0, 11.0, 0.0 ],
							"faces": {
								"north": { "texture": "#base", "uv": [ 0.0, 0.0, 3.0, 2.0 ] },
								"east": { "texture": "#base", "uv": [ 0.0, 0.0, 2.0, 2.0 ] },
								"south": { "texture": "#base", "uv": [ 0.0, 0.0, 3.0, 2.0 ] },
								"west": { "texture": "#base", "uv": [ 0.0, 0.0, 2.0, 2.0 ] },
								"up": { "texture": "#base", "uv": [ 0.0, 0.0, 3.0, 2.0 ] },
								"down": { "texture": "#base", "uv": [ 0.0, 0.0, 3.0, 2.0 ] }
							}
						},
						{
							"name": "Cube17",
							"from": [ 6.0, 9.0, 0.0 ], 
							"to": [ 6.75, 9.75, 2.0 ], 
							"rotationOrigin": [ 6.0, 9.0, 0.0 ],
							"faces": {
								"north": { "texture": "#base", "uv": [ 0.0, 0.0, 0.5, 0.5 ] },
								"east": { "texture": "#base", "uv": [ 0.0, 0.0, 2.0, 0.5 ] },
								"south": { "texture": "#base", "uv": [ 0.0, 0.0, 0.5, 0.5 ] },
								"west": { "texture": "#base", "uv": [ 0.0, 0.0, 2.0, 0.5 ] },
								"up": { "texture": "#base", "uv": [ 0.0, 0.0, 0.5, 2.0 ] },
								"down": { "texture": "#base", "uv": [ 0.0, 0.0, 0.5, 2.0 ] }
							}
						},
						{
							"name": "Cube18",
							"from": [ 9.25, 9.0, 0.0 ], 
							"to": [ 10.0, 9.75, 2.0 ], 
							"rotationOrigin": [ 9.0, 9.0, 0.0 ],
							"faces": {
								"north": { "texture": "#base", "uv": [ 0.0, 0.0, 0.5, 0.5 ] },
								"east": { "texture": "#base", "uv": [ 0.0, 0.0, 2.0, 0.5 ] },
								"south": { "texture": "#base", "uv": [ 0.0, 0.0, 0.5, 0.5 ] },
								"west": { "texture": "#base", "uv": [ 0.0, 0.0, 2.0, 0.5 ] },
								"up": { "texture": "#base", "uv": [ 0.0, 0.0, 0.5, 2.0 ] },
								"down": { "texture": "#base", "uv": [ 0.0, 0.0, 0.5, 2.0 ] }
							}
						},
						{
							"name": "Cube19",
							"from": [ 9.25, 12.25, 0.0 ], 
							"to": [ 10.0, 13.0, 2.0 ], 
							"rotationOrigin": [ 9.0, 12.0, 0.0 ],
							"faces": {
								"north": { "texture": "#base", "uv": [ 0.0, 0.0, 0.5, 0.5 ] },
								"east": { "texture": "#base", "uv": [ 0.0, 0.0, 2.0, 0.5 ] },
								"south": { "texture": "#base", "uv": [ 0.0, 0.0, 0.5, 0.5 ] },
								"west": { "texture": "#base", "uv": [ 0.0, 0.0, 2.0, 0.5 ] },
								"up": { "texture": "#base", "uv": [ 0.0, 0.0, 0.5, 2.0 ] },
								"down": { "texture": "#base", "uv": [ 0.0, 0.0, 0.5, 2.0 ] }
							}
						},
						{
							"name": "Cube20",
							"from": [ 6.0, 12.25, 0.0 ], 
							"to": [ 6.75, 13.0, 2.0 ], 
							"rotationOrigin": [ 6.0, 12.0, 0.0 ],
							"faces": {
								"north": { "texture": "#base", "uv": [ 0.0, 0.0, 0.5, 0.5 ] },
								"east": { "texture": "#base", "uv": [ 0.0, 0.0, 2.0, 0.5 ] },
								"south": { "texture": "#base", "uv": [ 0.0, 0.0, 0.5, 0.5 ] },
								"west": { "texture": "#base", "uv": [ 0.0, 0.0, 2.0, 0.5 ] },
								"up": { "texture": "#base", "uv": [ 0.0, 0.0, 0.5, 2.0 ] },
								"down": { "texture": "#base", "uv": [ 0.0, 0.0, 0.5, 2.0 ] }
							}
						},
						{
							"name": "Cube21",
							"from": [ 6.0, 11.75, 0.0 ], 
							"to": [ 6.5, 12.25, 2.0 ], 
							"rotationOrigin": [ 6.0, 11.0, 0.0 ],
							"faces": {
								"north": { "texture": "#base", "uv": [ 0.0, 0.0, 0.5, 0.5 ] },
								"east": { "texture": "#base", "uv": [ 0.0, 0.0, 2.0, 0.5 ] },
								"south": { "texture": "#base", "uv": [ 0.0, 0.0, 0.5, 0.5 ] },
								"west": { "texture": "#base", "uv": [ 0.0, 0.0, 2.0, 0.5 ] },
								"up": { "texture": "#base", "uv": [ 0.0, 0.0, 0.5, 2.0 ] },
								"down": { "texture": "#base", "uv": [ 0.0, 0.0, 0.5, 2.0 ] }
							}
						},
						{
							"name": "Cube22",
							"from": [ 6.0, 9.75, 0.0 ], 
							"to": [ 6.5, 10.25, 2.0 ], 
							"rotationOrigin": [ 6.0, 9.0, 0.0 ],
							"faces": {
								"north": { "texture": "#base", "uv": [ 0.0, 0.0, 0.5, 0.5 ] },
								"east": { "texture": "#base", "uv": [ 0.0, 0.0, 2.0, 0.5 ] },
								"south": { "texture": "#base", "uv": [ 0.0, 0.0, 0.5, 0.5 ] },
								"west": { "texture": "#base", "uv": [ 0.0, 0.0, 2.0, 0.5 ] },
								"up": { "texture": "#base", "uv": [ 0.0, 0.0, 0.5, 2.0 ] },
								"down": { "texture": "#base", "uv": [ 0.0, 0.0, 0.5, 2.0 ] }
							}
						},
						{
							"name": "Cube23",
							"from": [ 6.75, 9.0, 0.0 ], 
							"to": [ 7.25, 9.5, 2.0 ], 
							"rotationOrigin": [ 7.0, 8.0, 0.0 ],
							"faces": {
								"north": { "texture": "#base", "uv": [ 0.0, 0.0, 0.5, 0.5 ] },
								"east": { "texture": "#base", "uv": [ 0.0, 0.0, 2.0, 0.5 ] },
								"south": { "texture": "#base", "uv": [ 0.0, 0.0, 0.5, 0.5 ] },
								"west": { "texture": "#base", "uv": [ 0.0, 0.0, 2.0, 0.5 ] },
								"up": { "texture": "#base", "uv": [ 0.0, 0.0, 0.5, 2.0 ] },
								"down": { "texture": "#base", "uv": [ 0.0, 0.0, 0.5, 2.0 ] }
							}
						},
						{
							"name": "Cube24",
							"from": [ 8.75, 9.0, 0.0 ], 
							"to": [ 9.25, 9.5, 2.0 ], 
							"rotationOrigin": [ 8.0, 8.0, 0.0 ],
							"faces": {
								"north": { "texture": "#base", "uv": [ 0.0, 0.0, 0.5, 0.5 ] },
								"east": { "texture": "#base", "uv": [ 0.0, 0.0, 2.0, 0.5 ] },
								"south": { "texture": "#base", "uv": [ 0.0, 0.0, 0.5, 0.5 ] },
								"west": { "texture": "#base", "uv": [ 0.0, 0.0, 2.0, 0.5 ] },
								"up": { "texture": "#base", "uv": [ 0.0, 0.0, 0.5, 2.0 ] },
								"down": { "texture": "#base", "uv": [ 0.0, 0.0, 0.5, 2.0 ] }
							}
						},
						{
							"name": "Cube25",
							"from": [ 9.5, 9.75, 0.0 ], 
							"to": [ 10.0, 10.25, 2.0 ], 
							"rotationOrigin": [ 9.0, 9.0, 0.0 ],
							"faces": {
								"north": { "texture": "#base", "uv": [ 0.0, 0.0, 0.5, 0.5 ] },
								"east": { "texture": "#base", "uv": [ 0.0, 0.0, 2.0, 0.5 ] },
								"south": { "texture": "#base", "uv": [ 0.0, 0.0, 0.5, 0.5 ] },
								"west": { "texture": "#base", "uv": [ 0.0, 0.0, 2.0, 0.5 ] },
								"up": { "texture": "#base", "uv": [ 0.0, 0.0, 0.5, 2.0 ] },
								"down": { "texture": "#base", "uv": [ 0.0, 0.0, 0.5, 2.0 ] }
							}
						},
						{
							"name": "Cube26",
							"from": [ 9.5, 11.75, 0.0 ], 
							"to": [ 10.0, 12.25, 2.0 ], 
							"rotationOrigin": [ 9.0, 10.0, 0.0 ],
							"faces": {
								"north": { "texture": "#base", "uv": [ 0.0, 0.0, 0.5, 0.5 ] },
								"east": { "texture": "#base", "uv": [ 0.0, 0.0, 2.0, 0.5 ] },
								"south": { "texture": "#base", "uv": [ 0.0, 0.0, 0.5, 0.5 ] },
								"west": { "texture": "#base", "uv": [ 0.0, 0.0, 2.0, 0.5 ] },
								"up": { "texture": "#base", "uv": [ 0.0, 0.0, 0.5, 2.0 ] },
								"down": { "texture": "#base", "uv": [ 0.0, 0.0, 0.5, 2.0 ] }
							}
						},
						{
							"name": "Cube27",
							"from": [ 8.75, 12.5, 0.0 ], 
							"to": [ 9.25, 13.0, 2.0 ], 
							"rotationOrigin": [ 8.0, 11.0, 0.0 ],
							"faces": {
								"north": { "texture": "#base", "uv": [ 0.0, 0.0, 0.5, 0.5 ] },
								"east": { "texture": "#base", "uv": [ 0.0, 0.0, 2.0, 0.5 ] },
								"south": { "texture": "#base", "uv": [ 0.0, 0.0, 0.5, 0.5 ] },
								"west": { "texture": "#base", "uv": [ 0.0, 0.0, 2.0, 0.5 ] },
								"up": { "texture": "#base", "uv": [ 0.0, 0.0, 0.5, 2.0 ] },
								"down": { "texture": "#base", "uv": [ 0.0, 0.0, 0.5, 2.0 ] }
							}
						},
						{
							"name": "Cube28",
							"from": [ 6.75, 12.5, 0.0 ], 
							"to": [ 7.25, 13.0, 2.0 ], 
							"rotationOrigin": [ 7.0, 11.0, 0.0 ],
							"faces": {
								"north": { "texture": "#base", "uv": [ 0.0, 0.0, 0.5, 0.5 ] },
								"east": { "texture": "#base", "uv": [ 0.0, 0.0, 2.0, 0.5 ] },
								"south": { "texture": "#base", "uv": [ 0.0, 0.0, 0.5, 0.5 ] },
								"west": { "texture": "#base", "uv": [ 0.0, 0.0, 2.0, 0.5 ] },
								"up": { "texture": "#base", "uv": [ 0.0, 0.0, 0.5, 2.0 ] },
								"down": { "texture": "#base", "uv": [ 0.0, 0.0, 0.5, 2.0 ] }
							}
						},
						{
							"name": "Cube29",
							"from": [ 0.0, 13.0, 0.0 ], 
							"to": [ 16.0, 14.0, 2.0 ], 
							"rotationOrigin": [ 0.0, 13.0, 0.0 ],
							"faces": {
								"north": { "texture": "#base", "uv": [ 0.0, 0.0, 16.0, 1.0 ] },
								"east": { "texture": "#base", "uv": [ 0.0, 0.0, 2.0, 1.0 ] },
								"south": { "texture": "#base", "uv": [ 0.0, 0.0, 16.0, 1.0 ] },
								"west": { "texture": "#base", "uv": [ 0.0, 0.0, 2.0, 1.0 ] },
								"up": { "texture": "#base", "uv": [ 0.0, 0.0, 16.0, 2.0 ] },
								"down": { "texture": "#base", "uv": [ 0.0, 0.0, 16.0, 2.0 ] }
							}
						},
						{
							"name": "Cube30",
							"from": [ 0.0, 0.0, -6.0 ], 
							"to": [ 16.0, 2.0, 0.0 ], 
							"rotationOrigin": [ 0.0, 0.0, -6.0 ],
							"faces": {
								"north": { "texture": "#base", "uv": [ 0.0, 0.0, 16.0, 2.0 ] },
								"east": { "texture": "#base", "uv": [ 0.0, 0.0, 6.0, 2.0 ] },
								"south": { "texture": "#base", "uv": [ 0.0, 0.0, 16.0, 2.0 ] },
								"west": { "texture": "#base", "uv": [ 0.0, 0.0, 6.0, 2.0 ] },
								"up": { "texture": "#base", "uv": [ 0.0, 0.0, 16.0, 6.0 ] },
								"down": { "texture": "#base", "uv": [ 0.0, 0.0, 16.0, 6.0 ] }
							}
						}
					]
				}
			]
		}
	]}