{
	code: "wildpotentwineportion",
	class: "TransLiquid",
	matterState: "liquid",
	variantgroups: [
		{ code: "fruit", "loadFromProperties": "wildcraftfruit:block/fruit" },
	],
	"skipVariants": ["*-pittedcherry", "*-pittedapricot", "*-pittedbreadfruit", "*-cashewwhole", "*-chinaberry", "*-beachalmondwhole", "*-lillypillywhite", "*-lillypillyblue", "*-lemon"],
	attributes: {
		handbook: {
			ignoreCreativeInvStacks: true
		},
		"inBowlShape": { "base": "game:block/food/meal/liquid" },
		nutritionPropsWhenInMealByType: {
			"*-cloudberry": { satiety: 300, health: 4, foodcategory: "Fruit" },
			"*-husktomato": { satiety: 300, health: 2, foodcategory: "Fruit" },
			"*-juniper": { satiety: 300, health: 2, foodcategory: "Fruit" },
			"*-wolfberry": { satiety: 300, health: -7.5, foodcategory: "Fruit" },
			"*-bitternightshade": { satiety: 300, health: -5, foodcategory: "Fruit" },
			"*-spindle": { satiety: 300, health: -2.5, foodcategory: "Fruit" },
			"*-blacknightshadeunripe": { satiety: 300, health: -1.25, foodcategory: "Fruit" },
			"*-crowseye": { satiety: 300, health: -12.5, foodcategory: "Fruit" },
			"*-seamango": { satiety: 300, health: -10, foodcategory: "Fruit" },
			"*": { satiety: 300, health: 1, foodcategory: "Fruit" },
		},
		waterTightContainerProps: {
			containable: true,
			itemsPerLitre: 100,
	        texture: { base: "wildcraftfruit:block/food/pie/fill-{fruit}", "alpha":  140, overlays: ["expandedfoods:item/liquid/syrup"] },
			allowSpill: true,
			whenSpilled: {
				action: "DropContents",
				stack: { type: "item", code: "expandedfoods:wildpotentwineportion-{fruit}" }
			},
			nutritionPropsPerLitreByType: {
				"*-cloudberry": { saturation: 200, health: 4, intoxication: 0.45, foodcategory: "Fruit" },
				"*-husktomato": { saturation: 200, health: 2, intoxication: 0.45, foodcategory: "Fruit" },
				"*-juniper": { saturation: 200, health: 2, intoxication: 0.45, foodcategory: "Fruit" },
				"*-wolfberry": { saturation: 200, health: -7.5, intoxication: 0.45, foodcategory: "Fruit" },
				"*-bitternightshade": { saturation: 200, health: -5, intoxication: 0.45, foodcategory: "Fruit" },
				"*-spindle": { saturation: 200, health: -2.5, intoxication: 0.45, foodcategory: "Fruit" },
				"*-blacknightshadeunripe": { saturation: 200, health: -1.25, intoxication: 0.45, foodcategory: "Fruit" },
				"*-crowseye": { saturation: 200, health: -12.5, intoxication: 0.45, foodcategory: "Fruit" },
				"*-seamango": { saturation: 200, health: -10, intoxication: 0.45, foodcategory: "Fruit" },
				"*": { saturation: 200, "health": 1, "intoxication": 0.45, foodcategory: "Fruit" },
			},
		},
		"distillationPropsbytype": {		
			"*": {
			"distilledStack": { "type": "item", "code": "wildcraftfruit:spiritportion-{fruit}" },
			"ratio": 0.4
			}
		},
	},
	transitionableProps: [{
    		type: "Perish",
    		freshHours: { avg: 672 },
    		transitionHours: { avg: 288 },
    		transitionedStack: { type: "item", code: "game:vinegarportion" },
			transitionRatio: 0.005
  	},
	{
    		type: "Cure",
    		freshHours: { avg: 672 },
    		transitionHours: { avg: 2016 },
    		transitionedStack: { type: "item", code: "wildpotentwineportion-{fruit}" },
    		transitionRatio: 1
  	}],
	shape: { base: "game:item/liquid" },
	"texture": { "base": "wildcraftfruit:block/food/pie/fill-{fruit}", "alpha": 140, overlays: ["expandedfoods:item/liquid/syrup"] },
	creativeinventoryStacks: [ { tabs: ["general", "liquids", "expandedfoods"], stacks: [ { type: "block", code: "game:woodbucket", attributes: { ucontents: [ { type:"item", code: "expandedfoods:wildpotentwineportion-{fruit}", makefull: true } ] } } ] } ],
	maxstacksize: 5000,
	materialDensity: 200,
	nutritionProps: { saturation: 2, health: 0.01, foodcategory: "Fruit" },
	guiTransform: {
		rotation: { x: 128, y: 40, z: 7 },
		origin: { x: 0.5, y: 0, z: 0.5 },
		scale: 1.4
	},
	tpHandTransform: {
		translation: { x: -1.5, y: -1, z: -1.4 },
	},
}
