﻿[
 {
    "file": "expandedfoods:itemtypes/food/acorns/acornportion.json",
    op: "addmerge", 
    path: "/enabled", 
    value: "false",
    "side": "server",
    dependsOn: [{ "modid": "acorns", "invert": true }]
 },
 {
    "file": "expandedfoods:recipes/grid/acorns/acornportion.json",
    op: "addmerge", 
    path: "/0/enabled", 
    value: "false",
    "side": "server",
    dependsOn: [{ "modid": "acorns", "invert": true }]
 },
 {
    "file": "expandedfoods:recipes/grid/acorns/acornportion.json",
    op: "addmerge", 
    path: "/1/enabled", 
    value: "false",
    "side": "server",
    dependsOn: [{ "modid": "acorns", "invert": true }]
 },
]