{
	"editor": {
		"backDropShape": "entity/humanoid/seraph",
		"allAngles": true,
		"entityTextureMode": false
	},
	"textureWidth": 16,
	"textureHeight": 16,
	"textureSizes": {
		"gloves1": [16, 16]
	},
	"textures": {
		"gloves1": "entity/humanoid/seraphclothes/hand/gloves1"
	},
	"elements": [
		{
			"name": "glove 1",
			"stepParentName": "LowerArmL",
			"from": [ 0.0, 0.0, 0.0 ], 
			"to": [ 0.0, 0.0, 0.0 ], 
			"faces": {
				"north": { "texture": "#gloves1", "uv": [ 0.0, 0.0, 0.5, 0.5 ], "enabled": false },
				"east": { "texture": "#gloves1", "uv": [ 0.0, 0.0, 0.5, 0.5 ], "enabled": false },
				"south": { "texture": "#gloves1", "uv": [ 0.0, 0.0, 0.5, 0.5 ], "enabled": false },
				"west": { "texture": "#gloves1", "uv": [ 0.0, 0.0, 0.5, 0.5 ], "enabled": false },
				"up": { "texture": "#gloves1", "uv": [ 0.0, 0.0, 0.5, 0.5 ], "enabled": false },
				"down": { "texture": "#gloves1", "uv": [ 0.0, 0.0, 0.5, 0.5 ], "enabled": false }
			},
			"children": [
				{
					"name": "Cube1",
					"from": [ -0.1, 1.5, -0.1 ], 
					"to": [ 2.6, 5.5, 2.1 ], 
					"rotationOrigin": [ -0.1, 1.5, -0.1 ],
					"faces": {
						"north": { "texture": "#gloves1", "uv": [ 0.0, 0.5, 2.5, 4.5 ] },
						"east": { "texture": "#gloves1", "uv": [ 7.0, 0.5, 9.0, 4.5 ] },
						"south": { "texture": "#gloves1", "uv": [ 4.5, 0.5, 7.0, 4.5 ] },
						"west": { "texture": "#gloves1", "uv": [ 2.5, 0.5, 4.5, 4.5 ] },
						"up": { "texture": "#gloves1", "uv": [ 12.0, 2.0, 14.5, 4.0 ] },
						"down": { "texture": "#gloves1", "uv": [ 12.0, 2.0, 14.5, 4.0 ] }
					}
				},
				{
					"name": "Cube3",
					"from": [ -0.2, 2.5, 2.0 ], 
					"to": [ 2.7, 6.0, 2.2 ], 
					"rotationOrigin": [ -0.2, 2.5, 2.0 ],
					"faces": {
						"north": { "texture": "#gloves1", "uv": [ 4.5, 0.0, 7.0, 3.5 ] },
						"east": { "texture": "#gloves1", "uv": [ 6.5, 0.0, 7.0, 3.5 ] },
						"south": { "texture": "#gloves1", "uv": [ 4.5, 0.0, 7.0, 3.5 ] },
						"west": { "texture": "#gloves1", "uv": [ 4.5, 0.0, 5.0, 3.5 ] },
						"up": { "texture": "#gloves1", "uv": [ 4.5, 0.0, 7.0, 0.5 ] },
						"down": { "texture": "#gloves1", "uv": [ 4.5, 3.0, 7.0, 3.5 ] }
					}
				},
				{
					"name": "Cube4",
					"from": [ -0.2, 2.5, 1.0 ], 
					"to": [ 0.0, 6.0, 2.0 ], 
					"rotationOrigin": [ -0.2, 2.5, 1.0 ],
					"faces": {
						"north": { "texture": "#gloves1", "uv": [ 4.5, 0.0, 5.0, 3.5 ] },
						"east": { "texture": "#gloves1", "uv": [ 3.5, 0.0, 4.5, 3.5 ] },
						"south": { "texture": "#gloves1", "uv": [ 3.5, 0.0, 4.0, 3.5 ] },
						"west": { "texture": "#gloves1", "uv": [ 3.5, 0.0, 4.5, 3.5 ] },
						"up": { "texture": "#gloves1", "uv": [ 3.0, 0.0, 4.0, 0.5 ], "rotation": 90 },
						"down": { "texture": "#gloves1", "uv": [ 3.5, 3.0, 4.5, 3.5 ], "rotation": 90 }
					}
				},
				{
					"name": "Cube5",
					"from": [ -0.2, 3.5, 0.5 ], 
					"to": [ 0.0, 6.0, 1.0 ], 
					"rotationOrigin": [ -0.2, 3.5, 0.5 ],
					"faces": {
						"north": { "texture": "#gloves1", "uv": [ 3.0, 0.0, 3.5, 2.5 ] },
						"east": { "texture": "#gloves1", "uv": [ 3.0, 0.0, 3.5, 2.5 ] },
						"south": { "texture": "#gloves1", "uv": [ 3.0, 0.0, 3.5, 2.5 ] },
						"west": { "texture": "#gloves1", "uv": [ 3.0, 0.0, 3.5, 2.5 ] },
						"up": { "texture": "#gloves1", "uv": [ 3.0, 0.0, 3.5, 0.5 ] },
						"down": { "texture": "#gloves1", "uv": [ 3.0, 2.0, 3.5, 2.5 ] }
					}
				},
				{
					"name": "Cube6",
					"from": [ 2.5, 2.5, 1.0 ], 
					"to": [ 2.7, 6.0, 2.0 ], 
					"rotationOrigin": [ 2.5, 2.5, 2.0 ],
					"faces": {
						"north": { "texture": "#gloves1", "uv": [ 7.5, 0.0, 8.0, 3.5 ] },
						"east": { "texture": "#gloves1", "uv": [ 7.0, 0.0, 8.0, 3.5 ] },
						"south": { "texture": "#gloves1", "uv": [ 7.0, 0.0, 7.5, 3.5 ] },
						"west": { "texture": "#gloves1", "uv": [ 7.0, 0.0, 8.0, 3.5 ] },
						"up": { "texture": "#gloves1", "uv": [ 7.0, 0.0, 8.0, 0.5 ], "rotation": 90 },
						"down": { "texture": "#gloves1", "uv": [ 7.0, 3.0, 8.0, 3.5 ], "rotation": 90 }
					}
				},
				{
					"name": "Cube7",
					"from": [ 2.5, 3.5, 0.5 ], 
					"to": [ 2.7, 6.0, 1.0 ], 
					"rotationOrigin": [ 2.5, 3.5, 1.0 ],
					"faces": {
						"north": { "texture": "#gloves1", "uv": [ 8.0, 0.0, 8.5, 2.5 ] },
						"east": { "texture": "#gloves1", "uv": [ 8.0, 0.0, 8.5, 2.5 ] },
						"south": { "texture": "#gloves1", "uv": [ 8.0, 0.0, 8.5, 2.5 ] },
						"west": { "texture": "#gloves1", "uv": [ 8.0, 0.0, 8.5, 2.5 ] },
						"up": { "texture": "#gloves1", "uv": [ 8.0, 0.0, 8.5, 0.5 ] },
						"down": { "texture": "#gloves1", "uv": [ 8.0, 2.0, 8.5, 2.5 ] }
					}
				}
			]
		}
	]}