{
	"editor": {
		"backDropShape": "entity/humanoid/seraph",
		"allAngles": true,
		"entityTextureMode": true
	},
	"textureWidth": 16,
	"textureHeight": 16,
	"textureSizes": {
		"gloves1": [16,16]
	},
	"textures": {
		"gloves1": "entity/humanoid/seraphclothes/hand/gloves1"
	},
	"elements": [
		{
			"name": "gloveR",
			"stepParentName": "LowerArmL",
			"from": [ 0.0, 0.0, 0.0 ], 
			"to": [ 0.0, 0.0, 0.0 ], 
			"uv": [ 999.0, 999.0 ],
			"faces": {
				"north": { "texture": "#gloves1", "uv": [ 0.0, 0.0, 0.5, 0.5 ], "enabled": false },
				"east": { "texture": "#gloves1", "uv": [ 0.0, 0.0, 0.5, 0.5 ], "enabled": false },
				"south": { "texture": "#gloves1", "uv": [ 0.0, 0.0, 0.5, 0.5 ], "enabled": false },
				"west": { "texture": "#gloves1", "uv": [ 0.0, 0.0, 0.5, 0.5 ], "enabled": false },
				"up": { "texture": "#gloves1", "uv": [ 0.0, 0.0, 0.5, 0.5 ], "enabled": false },
				"down": { "texture": "#gloves1", "uv": [ 0.0, 0.0, 0.5, 0.5 ], "enabled": false }
			},
			"children": [
				{
					"name": "Right",
					"from": [ -0.1, -0.1, -0.1 ], 
					"to": [ 2.6, 1.4, 2.1 ], 
					"autoUnwrap": false,
					"uv": [ 0.0, 12.0 ],
					"rotationOrigin": [ -0.1, -0.1, -0.1 ],
					"faces": {
						"north": { "texture": "#gloves1", "uv": [ 0.0, 5.0, 2.5, 6.5 ] },
						"east": { "texture": "#gloves1", "uv": [ 2.5, 5.0, 4.5, 6.5 ] },
						"south": { "texture": "#gloves1", "uv": [ 4.5, 5.0, 7.0, 6.5 ] },
						"west": { "texture": "#gloves1", "uv": [ 7.0, 5.0, 9.0, 6.5 ] },
						"up": { "texture": "#gloves1", "uv": [ 13.5, 0.0, 16.0, 2.0 ] },
						"down": { "texture": "#gloves1", "uv": [ 9.0, 0.0, 11.0, 2.5 ], "rotation": 90 }
					},
					"children": [
						{
							"name": "HIDEME-R",
							"from": [ 2.0, 1.5, 1.0 ], 
							"to": [ 2.0, 1.5, 1.0 ], 
							"uv": [ 0.0, 0.0 ],
							"rotationOrigin": [ 2.0, 1.5, 1.0 ],
							"faces": {
								"north": { "texture": "#gloves1", "uv": [ 0.0, 1.0, 1.0, 2.0 ], "enabled": false },
								"east": { "texture": "#gloves1", "uv": [ 1.0, 1.0, 2.0, 2.0 ], "enabled": false },
								"south": { "texture": "#gloves1", "uv": [ 2.0, 1.0, 3.0, 2.0 ], "enabled": false },
								"west": { "texture": "#gloves1", "uv": [ 3.0, 1.0, 4.0, 2.0 ], "enabled": false },
								"up": { "texture": "#gloves1", "uv": [ 0.0, 0.0, 1.0, 1.0 ], "enabled": false },
								"down": { "texture": "#gloves1", "uv": [ 1.0, 0.0, 2.0, 1.0 ], "enabled": false }
							},
							"children": [
								{
									"name": "FrillSR",
									"from": [ -2.0, 0.0, 1.2 ], 
									"to": [ 0.7, 0.5, 1.2 ], 
									"uv": [ 4.5, 4.5 ],
									"rotationOrigin": [ -0.6, 0.0, 1.2 ],
									"rotationX": 10.0,
									"faces": {
										"north": { "texture": "#gloves1", "uv": [ 0.0, 0.5, 2.5, 1.0 ], "enabled": false },
										"east": { "texture": "#gloves1", "uv": [ 2.5, 0.5, 3.0, 1.0 ], "enabled": false },
										"south": { "texture": "#gloves1", "uv": [ 4.5, 4.5, 7.0, 5.0 ], "windMode": [-1,-1,-1,-1] },
										"west": { "texture": "#gloves1", "uv": [ 5.5, 0.5, 6.0, 1.0 ], "enabled": false },
										"up": { "texture": "#gloves1", "uv": [ 0.0, 0.0, 2.5, 0.5 ], "enabled": false },
										"down": { "texture": "#gloves1", "uv": [ 2.5, 0.0, 5.0, 0.5 ], "enabled": false }
									}
								},
								{
									"name": "FrillNR",
									"from": [ -2.0, 0.0, -0.9 ], 
									"to": [ 0.7, 0.5, -0.9 ], 
									"uv": [ 0.0, 4.5 ],
									"rotationOrigin": [ -0.6, 0.0, -0.9 ],
									"rotationX": -10.0,
									"faces": {
										"north": { "texture": "#gloves1", "uv": [ 0.0, 4.5, 2.5, 5.0 ], "windMode": [-1,-1,-1,-1] },
										"east": { "texture": "#gloves1", "uv": [ 2.5, 0.5, 3.0, 1.0 ], "enabled": false },
										"south": { "texture": "#gloves1", "uv": [ 0.0, 4.5, 2.5, 5.0 ], "enabled": false },
										"west": { "texture": "#gloves1", "uv": [ 5.5, 0.5, 6.0, 1.0 ], "enabled": false },
										"up": { "texture": "#gloves1", "uv": [ 0.0, 0.0, 2.5, 0.5 ], "enabled": false },
										"down": { "texture": "#gloves1", "uv": [ 2.5, 0.0, 5.0, 0.5 ], "enabled": false }
									}
								},
								{
									"name": "FrillWR",
									"from": [ -2.0, 0.0, -1.0 ], 
									"to": [ -2.0, 0.5, 1.2 ], 
									"uv": [ 7.0, 4.5 ],
									"rotationOrigin": [ -2.0, 0.0, 0.0 ],
									"rotationZ": 10.0,
									"faces": {
										"north": { "texture": "#gloves1", "uv": [ 0.0, 1.0, 1.0, 2.0 ], "enabled": false },
										"east": { "texture": "#gloves1", "uv": [ 1.0, 1.0, 2.0, 2.0 ], "enabled": false },
										"south": { "texture": "#gloves1", "uv": [ 2.0, 1.0, 3.0, 2.0 ], "enabled": false },
										"west": { "texture": "#gloves1", "uv": [ 7.0, 4.5, 9.0, 5.0 ], "windMode": [-1,-1,-1,-1] },
										"up": { "texture": "#gloves1", "uv": [ 0.0, 0.0, 1.0, 1.0 ], "enabled": false },
										"down": { "texture": "#gloves1", "uv": [ 1.0, 0.0, 2.0, 1.0 ], "enabled": false }
									}
								},
								{
									"name": "FrillER",
									"from": [ 0.7, 0.0, -1.0 ], 
									"to": [ 0.7, 0.5, 1.2 ], 
									"uv": [ 2.5, 4.5 ],
									"rotationOrigin": [ 0.7, 0.0, 0.0 ],
									"rotationZ": -10.0,
									"faces": {
										"north": { "texture": "#gloves1", "uv": [ 0.0, 1.0, 0.5, 1.5 ], "enabled": false },
										"east": { "texture": "#gloves1", "uv": [ 2.5, 4.5, 4.5, 5.0 ], "windMode": [-1,-1,-1,-1] },
										"south": { "texture": "#gloves1", "uv": [ 2.0, 1.0, 2.5, 1.5 ], "enabled": false },
										"west": { "texture": "#gloves1", "uv": [ 7.0, 4.5, 9.0, 5.0 ], "enabled": false },
										"up": { "texture": "#gloves1", "uv": [ 0.0, 0.0, 0.5, 2.0 ], "enabled": false },
										"down": { "texture": "#gloves1", "uv": [ 1.0, 0.0, 1.5, 2.0 ], "enabled": false }
									}
								}
							]
						}
					]
				}
			]
		},
		{
			"name": "gloveL",
			"stepParentName": "LowerArmR",
			"from": [ 0.0, 0.0, 0.0 ], 
			"to": [ 0.0, 0.0, 0.0 ], 
			"uv": [ 999.0, 999.0 ],
			"faces": {
				"north": { "texture": "#gloves1", "uv": [ 0.0, 0.0, 0.5, 0.5 ], "enabled": false },
				"east": { "texture": "#gloves1", "uv": [ 0.0, 0.0, 0.5, 0.5 ], "enabled": false },
				"south": { "texture": "#gloves1", "uv": [ 0.0, 0.0, 0.5, 0.5 ], "enabled": false },
				"west": { "texture": "#gloves1", "uv": [ 0.0, 0.0, 0.5, 0.5 ], "enabled": false },
				"up": { "texture": "#gloves1", "uv": [ 0.0, 0.0, 0.5, 0.5 ], "enabled": false },
				"down": { "texture": "#gloves1", "uv": [ 0.0, 0.0, 0.5, 0.5 ], "enabled": false }
			},
			"children": [
				{
					"name": "Left",
					"from": [ -0.1, -0.1, -0.1 ], 
					"to": [ 2.6, 1.4, 2.1 ], 
					"autoUnwrap": false,
					"uv": [ 0.0, 8.0 ],
					"rotationOrigin": [ -0.1, -0.1, -0.1 ],
					"faces": {
						"north": { "texture": "#gloves1", "uv": [ 2.0, 6.5, 4.5, 8.0 ] },
						"east": { "texture": "#gloves1", "uv": [ 0.0, 6.5, 2.0, 8.0 ] },
						"south": { "texture": "#gloves1", "uv": [ 6.5, 6.5, 9.0, 8.0 ] },
						"west": { "texture": "#gloves1", "uv": [ 4.5, 6.5, 6.5, 8.0 ] },
						"up": { "texture": "#gloves1", "uv": [ 11.0, 0.0, 13.5, 2.0 ] },
						"down": { "texture": "#gloves1", "uv": [ 9.0, 2.5, 11.0, 5.0 ], "rotation": 90 }
					},
					"children": [
						{
							"name": "HIDEME-L",
							"from": [ 1.0, 1.5, 1.0 ], 
							"to": [ 1.0, 1.5, 1.0 ], 
							"uv": [ 0.0, 0.0 ],
							"rotationOrigin": [ 1.0, 1.5, 1.0 ],
							"faces": {
								"north": { "texture": "#gloves1", "uv": [ 0.0, 0.5, 0.5, 1.0 ], "enabled": false },
								"east": { "texture": "#gloves1", "uv": [ 0.5, 0.5, 1.0, 1.0 ], "enabled": false },
								"south": { "texture": "#gloves1", "uv": [ 1.0, 0.5, 1.5, 1.0 ], "enabled": false },
								"west": { "texture": "#gloves1", "uv": [ 1.5, 0.5, 2.0, 1.0 ], "enabled": false },
								"up": { "texture": "#gloves1", "uv": [ 0.0, 0.0, 0.5, 0.5 ], "enabled": false },
								"down": { "texture": "#gloves1", "uv": [ 0.5, 0.0, 1.0, 0.5 ], "enabled": false }
							},
							"children": [
								{
									"name": "FrillSL",
									"from": [ -1.0, 0.0, 1.2 ], 
									"to": [ 1.7, 0.5, 1.2 ], 
									"uv": [ 13.5, 4.0 ],
									"rotationOrigin": [ -1.0, 0.0, 1.2 ],
									"rotationX": 10.0,
									"faces": {
										"north": { "texture": "#gloves1", "uv": [ 0.0, 0.5, 2.5, 1.0 ], "enabled": false },
										"east": { "texture": "#gloves1", "uv": [ 2.5, 0.5, 3.0, 1.0 ], "enabled": false },
										"south": { "texture": "#gloves1", "uv": [ 13.5, 4.0, 16.0, 4.5 ], "windMode": [-1,-1,-1,-1] },
										"west": { "texture": "#gloves1", "uv": [ 5.5, 0.5, 6.0, 1.0 ], "enabled": false },
										"up": { "texture": "#gloves1", "uv": [ 0.0, 0.0, 2.5, 0.5 ], "enabled": false },
										"down": { "texture": "#gloves1", "uv": [ 2.5, 0.0, 5.0, 0.5 ], "enabled": false }
									}
								},
								{
									"name": "FrillNL",
									"from": [ -1.0, 0.0, -1.0 ], 
									"to": [ 1.7, 0.5, -1.0 ], 
									"uv": [ 13.5, 4.5 ],
									"rotationOrigin": [ -1.0, 0.0, -1.0 ],
									"rotationX": -10.0,
									"faces": {
										"north": { "texture": "#gloves1", "uv": [ 13.5, 4.5, 16.0, 5.0 ], "windMode": [-1,-1,-1,-1] },
										"east": { "texture": "#gloves1", "uv": [ 2.5, 0.5, 3.0, 1.0 ], "enabled": false },
										"south": { "texture": "#gloves1", "uv": [ 13.5, 6.0, 16.0, 6.5 ], "enabled": false },
										"west": { "texture": "#gloves1", "uv": [ 5.5, 0.5, 6.0, 1.0 ], "enabled": false },
										"up": { "texture": "#gloves1", "uv": [ 0.0, 0.0, 2.5, 0.5 ], "enabled": false },
										"down": { "texture": "#gloves1", "uv": [ 2.5, 0.0, 5.0, 0.5 ], "enabled": false }
									}
								},
								{
									"name": "FrillWL",
									"from": [ -1.0, 0.0, -1.0 ], 
									"to": [ -1.0, 0.5, 1.2 ], 
									"uv": [ 11.5, 4.0 ],
									"rotationOrigin": [ -1.0, 0.0, 0.0 ],
									"rotationZ": 10.0,
									"faces": {
										"north": { "texture": "#gloves1", "uv": [ 0.0, 1.0, 1.0, 2.0 ], "enabled": false },
										"east": { "texture": "#gloves1", "uv": [ 1.0, 1.0, 2.0, 2.0 ], "enabled": false },
										"south": { "texture": "#gloves1", "uv": [ 2.0, 1.0, 3.0, 2.0 ], "enabled": false },
										"west": { "texture": "#gloves1", "uv": [ 11.5, 4.0, 13.5, 4.5 ], "windMode": [-1,-1,-1,-1] },
										"up": { "texture": "#gloves1", "uv": [ 0.0, 0.0, 1.0, 1.0 ], "enabled": false },
										"down": { "texture": "#gloves1", "uv": [ 1.0, 0.0, 2.0, 1.0 ], "enabled": false }
									}
								},
								{
									"name": "FrillEL",
									"from": [ 1.7, 0.0, -1.0 ], 
									"to": [ 1.7, 0.5, 1.2 ], 
									"uv": [ 12.0, 4.5 ],
									"rotationOrigin": [ 1.7, 0.0, 0.0 ],
									"rotationZ": -10.0,
									"faces": {
										"north": { "texture": "#gloves1", "uv": [ 0.0, 1.0, 1.0, 2.0 ], "enabled": false, "autoUv": false, "windMode": [-1,-1,-1,-1] },
										"east": { "texture": "#gloves1", "uv": [ 12.0, 4.5, 14.0, 5.0 ], "windMode": [-1,-1,-1,-1] },
										"south": { "texture": "#gloves1", "uv": [ 2.0, 1.0, 3.0, 2.0 ], "enabled": false },
										"west": { "texture": "#gloves1", "uv": [ 11.5, 4.0, 13.5, 4.5 ], "enabled": false },
										"up": { "texture": "#gloves1", "uv": [ 0.0, 0.0, 1.0, 1.0 ], "enabled": false },
										"down": { "texture": "#gloves1", "uv": [ 1.0, 0.0, 2.0, 1.0 ], "enabled": false }
									}
								}
							]
						}
					]
				}
			]
		}
	]}