{
	"code": "basetile",
	"behaviors": [
		{
		"name": "GroundStorable",
			"properties": {
			"layout": "Stacking",
			"placeRemoveSound": "game:sounds/block/ceramicplace",
			"stackingModel": "ceramos:block/layers/pileoftiles.json",
			"collisionBox": { "x1": 0, "y1": 0, "z1": 0, "x2": 1, "y2": 0.0625, "z2": 1 },
			"cbScaleYByLayer": 1,
			"tessQuantityElements": 3,
			"stackingCapacity": 16,
			"transferQuantity": 1,
			"bulkTransferQuantity": 2,
			"maxFireable": 10
			}
		}
	],

	"attributes": 
		{
		"handbook": { "groupBy": "basetile*" }
		},
	
	"variantgroups": [
		{ "code": "type", "states": ["raw", "dry"] }
	],

	"shape": { "base": "ceramos:block/clay/basetile" },
	"maxstacksize": 12,
	"blockmaterial": "Ceramic",
	"creativeinventory": { "general": ["*"], "items": ["*"], "ceramos": ["*"] },
	"replaceable": 700,
	"resistance": 1,
	"emitSideAo": { "all": false },
	"textures": {
		"all": { "base": "ceramos:block/clay/{type}" },
		"wood": { "base": "game:block/wood/debarked/oak" }
	},

	"guiTransform": {
		"rotate": false,
		"translation": { "x": 3, "y": -6, "z": 0 },
		"rotation": { "x": 155, "y": 135, "z": 0 },
		"origin": { "x": 0, "y": 0, "z": 0 },
		"scale": 1.1
	},

	"groundTransform": {
		"translation": { "x": 0, "y": 0.03, "z": 0 },
		"rotation": { "x": 0, "y": 28, "z": 0 },
		"origin": { "x": 1, "y": 0, "z": 0.1 },
		"scale": 3.9
	},

	"tpHandTransform": {
		"translation": { "x": -2.2, "y": -0.1, "z": 0.12 },
		"rotation": { "x": -90, "y": 178, "z": -177 },
		"origin": { "x": 1, "y": 0, "z": 0 },
		"scale": 0.6
	},

	"fpHandTransform": {
		"translation": { "x": -1, "y": 0.2, "z": 1 },
		"rotation": { "x": 88, "y": -19, "z": 88 }
	},

	"transitionablePropsByType": {
		"*-raw":
			[{
				"type": "Dry",
				"freshHours": { "avg": 0 },
				"transitionHours": { "avg": 72 },
				"transitionedStack": { "type": "item", "code": "basetile-dry" },
				"transitionRatio": 1
			}]
	},

	"sounds": {
		"break": "game:block/ceremicbreak",
		"hit": "game:block/ceramichit",
		"walk": "game:walk/stone2"
	}
}	
