{
	code: "acornstuffedpepper",
  	class: "ExpandedFood",
	maxstacksize: 64,
	variantgroups: [
		{ code: "state", states: ["raw", "partbaked", "cooked", "charred", "syruppartbaked", "syrupcooked", "syrupcharred", "oiled"] },
	],
	attributes: {
		displaycaseable: true,
		shelvable: true,
  		"expandedNutritionProps": {
			"game:egg-chicken-raw": { saturation: 150, foodcategory: "Protein"},
			"game:salt": {saturation: 10, health: 0.5, foodcategory: "Protein"},
			"game:flour-flax": {saturation: 80, foodcategory: "Grain"},
			"game:flour-rye": {saturation: 150, foodcategory: "Grain"},
			"game:flour-spelt": {saturation: 150, foodcategory: "Grain"},
			"game:flour-cassava": {saturation: 150, foodcategory: "Grain"},
			"game:flour-amaranth": {saturation: 150, foodcategory: "Grain"},
			"game:flour-sunflower": {saturation: 150, foodcategory: "Grain"},
			"game:flour-rice": {saturation: 165, foodcategory: "Grain"},
      		"game:flour-birch" : { saturation: 50, foodcategory: "Grain" },
      		"game:flour-pine" : { saturation: 50, foodcategory: "Grain" },
      		"game:flour-maple" : { saturation: 50, foodcategory: "Grain" },
			"acorns:flour-acorn": {saturation: 150, foodcategory: "Grain"},
			"expandedfoods:acornbreadcrumbs-flax": {saturation: 120, foodcategory: "Grain"},
			"expandedfoods:acornbreadcrumbs-rice": {saturation: 220, foodcategory: "Grain"},
			"expandedfoods:acornbreadcrumbs-spelt": {saturation: 220, foodcategory: "Grain"},
			"expandedfoods:acornbreadcrumbs-rye": {saturation: 220, foodcategory: "Grain"},
			"expandedfoods:acornbreadcrumbs-cassava": {saturation: 220, foodcategory: "Grain"},
			"expandedfoods:acornbreadcrumbs-amaranth": {saturation: 220, foodcategory: "Grain"},
			"expandedfoods:acornbreadcrumbs-sunflower": {saturation: 220, foodcategory: "Grain"},
    		"expandedfoods:foodoilportion-*" : { saturation: 6.4, "health": 0.1, foodcategory: "Vegetable" },
    		"expandedfoods:treesyrupportion-*" : { saturation: 9.6, "health": 0.1, foodcategory: "Fruit" },
    		"expandedfoods:fruitsyrupportion-saguaro" : { saturation: 12, "health": 0.2, foodcategory: "Fruit" }, 
      		"expandedfoods:fruitsyrupportion-*" : { saturation: 12, "health": 0.1, foodcategory: "Fruit" },
      		"expandedfoods:wildfruitsyrupportion-cloudberry" : { saturation: 12, "health": 0.5, foodcategory: "Fruit" },
      		"expandedfoods:wildfruitsyrupportion-husktomato" : { saturation: 12, "health": 0.3, foodcategory: "Fruit" },
      		"expandedfoods:wildfruitsyrupportion-juniper" : { saturation: 12, "health": 0.3, foodcategory: "Fruit" },
      		"expandedfoods:wildfruitsyrupportion-coralbead" : { saturation: 12, "health": -0.1, foodcategory: "Fruit" },
      		"expandedfoods:wildfruitsyrupportion-pokeberry" : { saturation: 12, "health": -0.25, foodcategory: "Fruit" },
      		"expandedfoods:wildfruitsyrupportion-snowberry" : { saturation: 12, "health": -0.25, foodcategory: "Fruit" },
      		"expandedfoods:wildfruitsyrupportion-falseorange" : { saturation: 12, "health": -0.25, foodcategory: "Fruit" },
      		"expandedfoods:wildfruitsyrupportion-blacknightshadeunripe" : { saturation: 12, "health": -1, foodcategory: "Fruit" },
      		"expandedfoods:wildfruitsyrupportion-bitternightshade" : { saturation: 12, "health": -2, foodcategory: "Fruit" },
      		"expandedfoods:wildfruitsyrupportion-wolfberry" : { saturation: 12, "health": -3, foodcategory: "Fruit" },
      		"expandedfoods:wildfruitsyrupportion-seamango" : { saturation: 12, "health": -4, foodcategory: "Fruit" },
      		"expandedfoods:wildfruitsyrupportion-crowseye" : { saturation: 12, "health": -5, foodcategory: "Fruit" },
      		"expandedfoods:wildfruitsyrupportion-*" : { saturation: 12, "health": 0.1, foodcategory: "Fruit" },
    		"expandedfoods:lard" : { saturation: 16, "health": 0.1, foodcategory: "Protein" },
    		"expandedfoods:fishsauce" : { saturation: 5, foodcategory: "Protein" },
    		"expandedfoods:soysauce" : { saturation: 6.4, "health": 0.1, foodcategory: "Protein" },
    		"game:honeyportion" : { saturation: 4, foodcategory: "Fruit" },
			"aculinaryartillery:eggwhiteportion": { saturation: 3, foodcategory: "Protein"},
			"aculinaryartillery:eggyolkportion-chicken": { saturation: 17, foodcategory: "Protein"},
			"aculinaryartillery:eggyolkportion-pheasant": { saturation: 25, foodcategory: "Protein"},
			"aculinaryartillery:eggyolkportion-goldenpheasant": { saturation: 25, foodcategory: "Protein"},
			"aculinaryartillery:eggyolkportion-capercaillie": { saturation: 25, foodcategory: "Protein"},
			"aculinaryartillery:eggyolkportion-wildturkey": { saturation: 25, foodcategory: "Protein"},
			"aculinaryartillery:eggyolkfullportion-chicken": { saturation: 20, foodcategory: "Protein"},
			"aculinaryartillery:eggyolkfullportion-pheasant": { saturation: 28, foodcategory: "Protein"},
			"aculinaryartillery:eggyolkfullportion-goldenpheasant": { saturation: 28, foodcategory: "Protein"},
			"aculinaryartillery:eggyolkfullportion-capercaillie": { saturation: 28, foodcategory: "Protein"},
			"aculinaryartillery:eggyolkfullportion-wildturkey": { saturation: 28, foodcategory: "Protein"},
		},
		bakingPropertiesByType: {
			"@*-(raw|oiled)": {
				temp: 100,
				levelFrom: 0.,
				levelTo: 0.25,
				startScaleY: 1.0,
				endScaleY: 1.0,
				resultCode: "expandedfoods:acornstuffedpepper-partbaked"
			},
			"*-partbaked": {
				temp: 100,
				levelFrom: 0.25,
				levelTo: 0.5,
				startScaleY: 1.0,
				endScaleY: 0.9,
				resultCode: "expandedfoods:acornstuffedpepper-cooked",
			},
			"*-cooked": {
				temp: 100,
				levelFrom: 0.5,
				levelTo: 0.75,
				startScaleY: 0.9,
				endScaleY: 0.8,
				resultCode: "expandedfoods:acornstuffedpepper-charred",
				initialCode: "expandedfoods:acornstuffedpepper-partbaked"
			},
			"*-charred": {
				temp: 100,
				levelFrom: 0.85,
				levelTo: 1.0,
				startScaleY: 0.8,
				endScaleY: 0.7,
				initialCode: "expandedfoods:acornstuffedpepper-cooked"
			},
			"*-syruppartbaked": {
				temp: 100,
				levelFrom: 0.25,
				levelTo: 0.5,
				startScaleY: 1.0,
				endScaleY: 0.9,
				resultCode: "expandedfoods:acornstuffedpepper-syrupcooked"
			},
			"*-syrupcooked": {
				temp: 100,
				levelFrom: 0.5,
				levelTo: 0.75,
				startScaleY: 0.9,
				endScaleY: 0.8,
				resultCode: "expandedfoods:acornstuffedpepper-syrupcharred",
				initialCode: "expandedfoods:acornstuffedpepper-syruppartbaked"
			},
			"*-syrupcharred": {
				temp: 100,
				levelFrom: 0.85,
				levelTo: 1.0,
				startScaleY: 0.8,
				endScaleY: 0.7,
				initialCode: "expandedfoods:acornstuffedpepper-syrupcooked"
			}
		},
		onDisplayTransform: {
			translation: { x: 0, y: 0, z: 0 },
			scale: 1 
		},
		renderIngredientsByType: {
			"*-raw": {
				"game:vegetable-bellpepper": { "shape": "expandedfoods:shapes/item/food/stuffedbellpepper/stuffedbellpepper.json", "textureMap": { "bellpepper": "bellpepper" } },
				"game:grain-amaranth": { "shape": "expandedfoods:shapes/item/food/stuffedbellpepper/grain.json", "name": "type", "textureMap": { "grain": "group8-amaranth-pumpkin-bellpepper-bushmeatstew" } },
				"game:grain-flax": { "shape": "expandedfoods:shapes/item/food/stuffedbellpepper/grain.json", "name": "type", "textureMap": { "grain": "group1-flax-carrot-blueberry-cottagecheese-fish" } },
				"game:grain-rice": { "shape": "expandedfoods:shapes/item/food/stuffedbellpepper/grain.json", "name": "type", "textureMap": { "grain": "group4-rice-parsnip-whitecurrant-bluecheese-fishstew" } },
				"game:grain-rye": { "shape": "expandedfoods:shapes/item/food/stuffedbellpepper/grain.json", "name": "type", "textureMap": { "grain": "group5-rye-turnip-blackcurrant-cheddarcheese-poultrystew" } },
				"game:grain-spelt": { "shape": "expandedfoods:shapes/item/food/stuffedbellpepper/grain.json", "name": "type", "textureMap": { "grain": "group6-spelt-onion-redcurrant-egg-redmeatstew" } },
				"game:grain-*": { "shape": "expandedfoods:shapes/item/food/stuffedbellpepper/grain.json", "name": "type", "textureMap": { "grain": "{type}" } },
				"expandedfoods:choppedvegetable-bellpepper": { "shape": "expandedfoods:shapes/item/food/stuffedbellpepper/vegetable.json", "name": "type", "textureMap": { "vegetable": "bellpepperveggie" } },
				"expandedfoods:choppedvegetable-*": { "shape": "expandedfoods:shapes/item/food/stuffedbellpepper/vegetable.json", "name": "type", "textureMap": { "vegetable": "{type}" } },
				"expandedfoods:choppedmushroom-blacktrumpet": { "shape": "expandedfoods:shapes/item/food/stuffedbellpepper/vegetable.json", "textureMap": { "vegetable": "fill-mushroomblack" } },
				"expandedfoods:choppedmushroom-chanterelle": { "shape": "expandedfoods:shapes/item/food/stuffedbellpepper/vegetable.json", "textureMap": { "vegetable": "fill-mushroomyellow" } },
				"expandedfoods:choppedmushroom-chickenofthewoods": { "shape": "expandedfoods:shapes/item/food/stuffedbellpepper/vegetable.json", "textureMap": { "vegetable": "fill-mushroomyellow" } },
				"expandedfoods:choppedmushroom-golddropmilkcap": { "shape": "expandedfoods:shapes/item/food/stuffedbellpepper/vegetable.json", "textureMap": { "vegetable": "fill-mushroomyellow" } },
				"expandedfoods:choppedmushroom-jackolantern": { "shape": "expandedfoods:shapes/item/food/stuffedbellpepper/vegetable.json", "textureMap": { "vegetable": "fill-mushroomyellow" } },
				"expandedfoods:choppedmushroom-saffronmilkcap": { "shape": "expandedfoods:shapes/item/food/stuffedbellpepper/vegetable.json", "textureMap": { "vegetable": "fill-mushroomyellow" } },
				"expandedfoods:choppedmushroom-beardedtooth": { "shape": "expandedfoods:shapes/item/food/stuffedbellpepper/vegetable.json", "textureMap": { "vegetable": "fill-mushroomoffwhite" } },
				"expandedfoods:choppedmushroom-deathcap": { "shape": "expandedfoods:shapes/item/food/stuffedbellpepper/vegetable.json", "textureMap": { "vegetable": "fill-mushroomoffwhite" } },
				"expandedfoods:choppedmushroom-livermushroom": { "shape": "expandedfoods:shapes/item/food/stuffedbellpepper/vegetable.json", "textureMap": { "vegetable": "fill-mushroomoffwhite" } },
				"expandedfoods:choppedmushroom-puffball": { "shape": "expandedfoods:shapes/item/food/stuffedbellpepper/vegetable.json", "textureMap": { "vegetable": "fill-mushroomoffwhite" } },
				"expandedfoods:choppedmushroom-whiteoyster": { "shape": "expandedfoods:shapes/item/food/stuffedbellpepper/vegetable.json", "textureMap": { "vegetable": "fill-mushroomoffwhite" } },
				"expandedfoods:choppedmushroom-deerear": { "shape": "expandedfoods:shapes/item/food/stuffedbellpepper/vegetable.json", "textureMap": { "vegetable": "fill-mushroomorange" } },
				"expandedfoods:choppedmushroom-devilbolete": { "shape": "expandedfoods:shapes/item/food/stuffedbellpepper/vegetable.json", "textureMap": { "vegetable": "fill-mushroomorange" } },
				"expandedfoods:choppedmushroom-funeralbell": { "shape": "expandedfoods:shapes/item/food/stuffedbellpepper/vegetable.json", "textureMap": { "vegetable": "fill-mushroomorange" } },
				"expandedfoods:choppedmushroom-orangeoakbolete": { "shape": "expandedfoods:shapes/item/food/stuffedbellpepper/vegetable.json", "textureMap": { "vegetable": "fill-mushroomorange" } },
				"expandedfoods:choppedmushroom-devilstooth": { "shape": "expandedfoods:shapes/item/food/stuffedbellpepper/vegetable.json", "textureMap": { "vegetable": "fill-mushroomdevilstooth" } },
				"expandedfoods:choppedmushroom-elfinsaddle": { "shape": "expandedfoods:shapes/item/food/stuffedbellpepper/vegetable.json", "textureMap": { "vegetable": "fill-mushroomred" } },
				"expandedfoods:choppedmushroom-redwinecap": { "shape": "expandedfoods:shapes/item/food/stuffedbellpepper/vegetable.json", "textureMap": { "vegetable": "fill-mushroomred" } },
				"expandedfoods:choppedmushroom-witchhat": { "shape": "expandedfoods:shapes/item/food/stuffedbellpepper/vegetable.json", "textureMap": { "vegetable": "fill-mushroomred" } },
				"expandedfoods:choppedmushroom-greencrackedrussula": { "shape": "expandedfoods:shapes/item/food/stuffedbellpepper/vegetable.json", "textureMap": { "vegetable": "fill-mushroomgreen" } },
				"expandedfoods:choppedmushroom-indigomilkcap": { "shape": "expandedfoods:shapes/item/food/stuffedbellpepper/vegetable.json", "textureMap": { "vegetable": "fill-mushroomblue" } },
				"expandedfoods:choppedmushroom-tinderhoof": { "shape": "expandedfoods:shapes/item/food/stuffedbellpepper/vegetable.json", "textureMap": { "vegetable": "fill-mushroomblue" } },
				"expandedfoods:choppedmushroom-lobster": { "shape": "expandedfoods:shapes/item/food/stuffedbellpepper/vegetable.json", "textureMap": { "vegetable": "fill-mushroomlobster" } },
				"expandedfoods:choppedmushroom-pinkbonnet": { "shape": "expandedfoods:shapes/item/food/stuffedbellpepper/vegetable.json", "textureMap": { "vegetable": "fill-mushroompink" } },
				"expandedfoods:choppedmushroom-pinkoyster": { "shape": "expandedfoods:shapes/item/food/stuffedbellpepper/vegetable.json", "textureMap": { "vegetable": "fill-mushroompink" } },
				"expandedfoods:choppedmushroom-bitterbolete": { "shape": "expandedfoods:shapes/item/food/stuffedbellpepper/vegetable.json", "textureMap": { "vegetable": "fill-mushroombrown" } },
				"expandedfoods:choppedmushroom-blackmushroom": { "shape": "expandedfoods:shapes/item/food/stuffedbellpepper/vegetable.json", "textureMap": { "vegetable": "fill-mushroombrown" } },
				"expandedfoods:choppedmushroom-bolete": { "shape": "expandedfoods:shapes/item/food/stuffedbellpepper/vegetable.json", "textureMap": { "vegetable": "fill-mushroombrown" } },
				"expandedfoods:choppedmushroom-commonmorel": { "shape": "expandedfoods:shapes/item/food/stuffedbellpepper/vegetable.json", "textureMap": { "vegetable": "fill-mushroombrown" } },
				"expandedfoods:choppedmushroom-dryadsaddle": { "shape": "expandedfoods:shapes/item/food/stuffedbellpepper/vegetable.json", "textureMap": { "vegetable": "fill-mushroombrown" } },
				"expandedfoods:choppedmushroom-earthball": { "shape": "expandedfoods:shapes/item/food/stuffedbellpepper/vegetable.json", "textureMap": { "vegetable": "fill-mushroombrown" } },
				"expandedfoods:choppedmushroom-kingbolete": { "shape": "expandedfoods:shapes/item/food/stuffedbellpepper/vegetable.json", "textureMap": { "vegetable": "fill-mushroombrown" } },
				"expandedfoods:choppedmushroom-reishi": { "shape": "expandedfoods:shapes/item/food/stuffedbellpepper/vegetable.json", "textureMap": { "vegetable": "fill-mushroombrown" } },
				"expandedfoods:choppedmushroom-sagemushroom": { "shape": "expandedfoods:shapes/item/food/stuffedbellpepper/vegetable.json", "textureMap": { "vegetable": "fill-mushroombrown" } },
				"expandedfoods:choppedmushroom-shiitake": { "shape": "expandedfoods:shapes/item/food/stuffedbellpepper/vegetable.json", "textureMap": { "vegetable": "fill-mushroombrown" } },
				"expandedfoods:choppedmushroom-almondmushroom": { "shape": "expandedfoods:shapes/item/food/stuffedbellpepper/vegetable.json", "textureMap": { "vegetable": "fill-mushroomwhite" } },
				"expandedfoods:choppedmushroom-paddystraw": { "shape": "expandedfoods:shapes/item/food/stuffedbellpepper/vegetable.json", "textureMap": { "vegetable": "fill-mushroomwhite" } },
				"expandedfoods:choppedmushroom-fieldmushroom": { "shape": "expandedfoods:shapes/item/food/stuffedbellpepper/vegetable.json", "textureMap": { "vegetable": "fill-mushroomwhite" } },
				"expandedfoods:choppedmushroom-violetwebcap": { "shape": "expandedfoods:shapes/item/food/stuffedbellpepper/vegetable.json", "textureMap": { "vegetable": "fill-mushroompurple" } },
				"expandedfoods:choppedmushroom-flyagaric": { "shape": "expandedfoods:shapes/item/food/stuffedbellpepper/vegetable.json", "textureMap": { "vegetable": "group2-soup-flyagaric-cactifruit-redmeat" } },
				"game:pickledvegetable-*": { "shape": "expandedfoods:shapes/item/food/stuffedbellpepper/vegetable.json", "name": "type", "textureMap": { "vegetable": "{type}" } },
				"expandedfoods:dryfruit-*": { "shape": "expandedfoods:shapes/item/food/stuffedbellpepper/fruit.json", "name": "type", "textureMap": { "fruit": "{type}" } },
				"expandedfoods:dehydratedfruit-*": { "shape": "expandedfoods:shapes/item/food/stuffedbellpepper/fruit.json", "name": "type", "textureMap": { "fruit": "{type}" } },
				"expandedfoods:wilddryfruit-*": { "shape": "expandedfoods:shapes/item/food/stuffedbellpepper/fruit.json", "name": "type", "textureMap": { "fruit": "fill-{type}" } },
				"expandedfoods:wilddehydratedfruit-*": { "shape": "expandedfoods:shapes/item/food/stuffedbellpepper/fruit.json", "name": "type", "textureMap": { "fruit": "fill-{type}" } },
				"game:cheese-*-1slice": { "shape": "expandedfoods:shapes/item/food/stuffedbellpepper/cheese.json", "name": "type", "textureMap": { "cheese": "{type}" } },
				"game:cottagecheeseportion": { "shape": "expandedfoods:shapes/item/food/stuffedbellpepper/cheese.json", "textureMap": { "cheese": "cottagecheese" } },
				"expandedfoods:meatnugget-*-raw": { "shape": "expandedfoods:shapes/item/food/stuffedbellpepper/meat.json", "name": "type", "textureMap": { "meat": "{type}" } },
				"expandedfoods:meatnugget-*-cured": { "shape": "expandedfoods:shapes/item/food/stuffedbellpepper/meat.json", "name": "type", "textureMap": { "meat": "{type}" } },
				"expandedfoods:agedmeat-*-raw": { "shape": "expandedfoods:shapes/item/food/stuffedbellpepper/meat.json", "name": "type", "textureMap": { "meat": "{type}" } },
				"expandedfoods:sausage-*-raw": { "shape": "expandedfoods:shapes/item/food/stuffedbellpepper/meat.json", "name": "type", "textureMap": { "meat": "{type}" } },
				"expandedfoods:sausage-*-dried": { "shape": "expandedfoods:shapes/item/food/stuffedbellpepper/meat.json", "name": "type", "textureMap": { "meat": "{type}" } },
				"expandedfoods:sausage-bushmeatcheese-raw": { "shape": "expandedfoods:shapes/item/food/stuffedbellpepper/meat.json", "textureMap": { "meat": "bushmeat" } },
				"expandedfoods:sausage-poultrycheese-raw": { "shape": "expandedfoods:shapes/item/food/stuffedbellpepper/meat.json", "textureMap": { "meat": "poultry" } },
				"expandedfoods:sausage-redmeatcheese-raw": { "shape": "expandedfoods:shapes/item/food/stuffedbellpepper/meat.json", "textureMap": { "meat": "redmeat" } },
				"expandedfoods:sausage-bushmeatcheese-dried": { "shape": "expandedfoods:shapes/item/food/stuffedbellpepper/meat.json", "textureMap": { "meat": "bushmeat" } },
				"expandedfoods:sausage-poultrycheese-dried": { "shape": "expandedfoods:shapes/item/food/stuffedbellpepper/meat.json", "textureMap": { "meat": "poultry" } },
				"expandedfoods:sausage-redmeatcheese-dried": { "shape": "expandedfoods:shapes/item/food/stuffedbellpepper/meat.json", "textureMap": { "meat": "redmeat" } },
				"expandedfoods:fishnugget-*": { "shape": "expandedfoods:shapes/item/food/stuffedbellpepper/meat.json", "textureMap": { "meat": "fish" } },
				"expandedfoods:crabnugget-*": { "shape": "expandedfoods:shapes/item/food/stuffedbellpepper/meat.json", "textureMap": { "meat": "crab" } },
				"expandedfoods:snakenugget-*": { "shape": "expandedfoods:shapes/item/food/stuffedbellpepper/meat.json", "textureMap": { "meat": "snake" } },
				"expandedfoods:sausagefish-*": { "shape": "expandedfoods:shapes/item/food/stuffedbellpepper/meat.json", "textureMap": { "meat": "fish" } },
				"expandedfoods:sausagecrab-*": { "shape": "expandedfoods:shapes/item/food/stuffedbellpepper/meat.json", "textureMap": { "meat": "crab" } },
				"expandedfoods:sausagesnake-*": { "shape": "expandedfoods:shapes/item/food/stuffedbellpepper/meat.json", "textureMap": { "meat": "snake" } },
				"primitivesurvival:smokedmeat-*-raw": { "shape": "expandedfoods:shapes/item/food/stuffedbellpepper/meat.json", "name": "type", "textureMap": { "meat": "{type}" } },
				"primitivesurvival:curedsmokedmeat-*-raw": { "shape": "expandedfoods:shapes/item/food/stuffedbellpepper/meat.json", "name": "type", "textureMap": { "meat": "{type}" } },
			},
			"*": {
				"game:vegetable-bellpepper": { "shape": "expandedfoods:shapes/item/food/stuffedbellpepper/stuffedbellpepper.json", "textureMap": { "bellpepper": "bellpepper" } },
				"game:grain-amaranth": { "shape": "expandedfoods:shapes/item/food/stuffedbellpepper/grain.json", "name": "type", "textureMap": { "grain": "group8-amaranth-pumpkin-bellpepper-bushmeatstew" } },
				"game:grain-flax": { "shape": "expandedfoods:shapes/item/food/stuffedbellpepper/grain.json", "name": "type", "textureMap": { "grain": "group1-flax-carrot-blueberry-cottagecheese-fish" } },
				"game:grain-rice": { "shape": "expandedfoods:shapes/item/food/stuffedbellpepper/grain.json", "name": "type", "textureMap": { "grain": "group4-rice-parsnip-whitecurrant-bluecheese-fishstew" } },
				"game:grain-rye": { "shape": "expandedfoods:shapes/item/food/stuffedbellpepper/grain.json", "name": "type", "textureMap": { "grain": "group5-rye-turnip-blackcurrant-cheddarcheese-poultrystew" } },
				"game:grain-spelt": { "shape": "expandedfoods:shapes/item/food/stuffedbellpepper/grain.json", "name": "type", "textureMap": { "grain": "group6-spelt-onion-redcurrant-egg-redmeatstew" } },
				"game:grain-*": { "shape": "expandedfoods:shapes/item/food/stuffedbellpepper/grain.json", "name": "type", "textureMap": { "grain": "{type}" } },
				"expandedfoods:choppedvegetable-bellpepper": { "shape": "expandedfoods:shapes/item/food/stuffedbellpepper/vegetable.json", "name": "type", "textureMap": { "vegetable": "bellpepperveggie" } },
				"expandedfoods:choppedvegetable-*": { "shape": "expandedfoods:shapes/item/food/stuffedbellpepper/vegetable.json", "name": "type", "textureMap": { "vegetable": "{type}" } },
				"expandedfoods:choppedmushroom-blacktrumpet": { "shape": "expandedfoods:shapes/item/food/stuffedbellpepper/vegetable.json", "textureMap": { "vegetable": "fill-mushroomblack" } },
				"expandedfoods:choppedmushroom-chanterelle": { "shape": "expandedfoods:shapes/item/food/stuffedbellpepper/vegetable.json", "textureMap": { "vegetable": "fill-mushroomyellow" } },
				"expandedfoods:choppedmushroom-chickenofthewoods": { "shape": "expandedfoods:shapes/item/food/stuffedbellpepper/vegetable.json", "textureMap": { "vegetable": "fill-mushroomyellow" } },
				"expandedfoods:choppedmushroom-golddropmilkcap": { "shape": "expandedfoods:shapes/item/food/stuffedbellpepper/vegetable.json", "textureMap": { "vegetable": "fill-mushroomyellow" } },
				"expandedfoods:choppedmushroom-jackolantern": { "shape": "expandedfoods:shapes/item/food/stuffedbellpepper/vegetable.json", "textureMap": { "vegetable": "fill-mushroomyellow" } },
				"expandedfoods:choppedmushroom-saffronmilkcap": { "shape": "expandedfoods:shapes/item/food/stuffedbellpepper/vegetable.json", "textureMap": { "vegetable": "fill-mushroomyellow" } },
				"expandedfoods:choppedmushroom-beardedtooth": { "shape": "expandedfoods:shapes/item/food/stuffedbellpepper/vegetable.json", "textureMap": { "vegetable": "fill-mushroomoffwhite" } },
				"expandedfoods:choppedmushroom-deathcap": { "shape": "expandedfoods:shapes/item/food/stuffedbellpepper/vegetable.json", "textureMap": { "vegetable": "fill-mushroomoffwhite" } },
				"expandedfoods:choppedmushroom-livermushroom": { "shape": "expandedfoods:shapes/item/food/stuffedbellpepper/vegetable.json", "textureMap": { "vegetable": "fill-mushroomoffwhite" } },
				"expandedfoods:choppedmushroom-puffball": { "shape": "expandedfoods:shapes/item/food/stuffedbellpepper/vegetable.json", "textureMap": { "vegetable": "fill-mushroomoffwhite" } },
				"expandedfoods:choppedmushroom-whiteoyster": { "shape": "expandedfoods:shapes/item/food/stuffedbellpepper/vegetable.json", "textureMap": { "vegetable": "fill-mushroomoffwhite" } },
				"expandedfoods:choppedmushroom-deerear": { "shape": "expandedfoods:shapes/item/food/stuffedbellpepper/vegetable.json", "textureMap": { "vegetable": "fill-mushroomorange" } },
				"expandedfoods:choppedmushroom-devilbolete": { "shape": "expandedfoods:shapes/item/food/stuffedbellpepper/vegetable.json", "textureMap": { "vegetable": "fill-mushroomorange" } },
				"expandedfoods:choppedmushroom-funeralbell": { "shape": "expandedfoods:shapes/item/food/stuffedbellpepper/vegetable.json", "textureMap": { "vegetable": "fill-mushroomorange" } },
				"expandedfoods:choppedmushroom-orangeoakbolete": { "shape": "expandedfoods:shapes/item/food/stuffedbellpepper/vegetable.json", "textureMap": { "vegetable": "fill-mushroomorange" } },
				"expandedfoods:choppedmushroom-devilstooth": { "shape": "expandedfoods:shapes/item/food/stuffedbellpepper/vegetable.json", "textureMap": { "vegetable": "fill-mushroomdevilstooth" } },
				"expandedfoods:choppedmushroom-elfinsaddle": { "shape": "expandedfoods:shapes/item/food/stuffedbellpepper/vegetable.json", "textureMap": { "vegetable": "fill-mushroomred" } },
				"expandedfoods:choppedmushroom-redwinecap": { "shape": "expandedfoods:shapes/item/food/stuffedbellpepper/vegetable.json", "textureMap": { "vegetable": "fill-mushroomred" } },
				"expandedfoods:choppedmushroom-witchhat": { "shape": "expandedfoods:shapes/item/food/stuffedbellpepper/vegetable.json", "textureMap": { "vegetable": "fill-mushroomred" } },
				"expandedfoods:choppedmushroom-greencrackedrussula": { "shape": "expandedfoods:shapes/item/food/stuffedbellpepper/vegetable.json", "textureMap": { "vegetable": "fill-mushroomgreen" } },
				"expandedfoods:choppedmushroom-indigomilkcap": { "shape": "expandedfoods:shapes/item/food/stuffedbellpepper/vegetable.json", "textureMap": { "vegetable": "fill-mushroomblue" } },
				"expandedfoods:choppedmushroom-tinderhoof": { "shape": "expandedfoods:shapes/item/food/stuffedbellpepper/vegetable.json", "textureMap": { "vegetable": "fill-mushroomblue" } },
				"expandedfoods:choppedmushroom-lobster": { "shape": "expandedfoods:shapes/item/food/stuffedbellpepper/vegetable.json", "textureMap": { "vegetable": "fill-mushroomlobster" } },
				"expandedfoods:choppedmushroom-pinkbonnet": { "shape": "expandedfoods:shapes/item/food/stuffedbellpepper/vegetable.json", "textureMap": { "vegetable": "fill-mushroompink" } },
				"expandedfoods:choppedmushroom-pinkoyster": { "shape": "expandedfoods:shapes/item/food/stuffedbellpepper/vegetable.json", "textureMap": { "vegetable": "fill-mushroompink" } },
				"expandedfoods:choppedmushroom-bitterbolete": { "shape": "expandedfoods:shapes/item/food/stuffedbellpepper/vegetable.json", "textureMap": { "vegetable": "fill-mushroombrown" } },
				"expandedfoods:choppedmushroom-blackmushroom": { "shape": "expandedfoods:shapes/item/food/stuffedbellpepper/vegetable.json", "textureMap": { "vegetable": "fill-mushroombrown" } },
				"expandedfoods:choppedmushroom-bolete": { "shape": "expandedfoods:shapes/item/food/stuffedbellpepper/vegetable.json", "textureMap": { "vegetable": "fill-mushroombrown" } },
				"expandedfoods:choppedmushroom-commonmorel": { "shape": "expandedfoods:shapes/item/food/stuffedbellpepper/vegetable.json", "textureMap": { "vegetable": "fill-mushroombrown" } },
				"expandedfoods:choppedmushroom-dryadsaddle": { "shape": "expandedfoods:shapes/item/food/stuffedbellpepper/vegetable.json", "textureMap": { "vegetable": "fill-mushroombrown" } },
				"expandedfoods:choppedmushroom-earthball": { "shape": "expandedfoods:shapes/item/food/stuffedbellpepper/vegetable.json", "textureMap": { "vegetable": "fill-mushroombrown" } },
				"expandedfoods:choppedmushroom-kingbolete": { "shape": "expandedfoods:shapes/item/food/stuffedbellpepper/vegetable.json", "textureMap": { "vegetable": "fill-mushroombrown" } },
				"expandedfoods:choppedmushroom-reishi": { "shape": "expandedfoods:shapes/item/food/stuffedbellpepper/vegetable.json", "textureMap": { "vegetable": "fill-mushroombrown" } },
				"expandedfoods:choppedmushroom-sagemushroom": { "shape": "expandedfoods:shapes/item/food/stuffedbellpepper/vegetable.json", "textureMap": { "vegetable": "fill-mushroombrown" } },
				"expandedfoods:choppedmushroom-shiitake": { "shape": "expandedfoods:shapes/item/food/stuffedbellpepper/vegetable.json", "textureMap": { "vegetable": "fill-mushroombrown" } },
				"expandedfoods:choppedmushroom-almondmushroom": { "shape": "expandedfoods:shapes/item/food/stuffedbellpepper/vegetable.json", "textureMap": { "vegetable": "fill-mushroomwhite" } },
				"expandedfoods:choppedmushroom-paddystraw": { "shape": "expandedfoods:shapes/item/food/stuffedbellpepper/vegetable.json", "textureMap": { "vegetable": "fill-mushroomwhite" } },
				"expandedfoods:choppedmushroom-fieldmushroom": { "shape": "expandedfoods:shapes/item/food/stuffedbellpepper/vegetable.json", "textureMap": { "vegetable": "fill-mushroomwhite" } },
				"expandedfoods:choppedmushroom-violetwebcap": { "shape": "expandedfoods:shapes/item/food/stuffedbellpepper/vegetable.json", "textureMap": { "vegetable": "fill-mushroompurple" } },
				"expandedfoods:choppedmushroom-flyagaric": { "shape": "expandedfoods:shapes/item/food/stuffedbellpepper/vegetable.json", "textureMap": { "vegetable": "group2-soup-flyagaric-cactifruit-redmeat" } },
				"game:pickledvegetable-*": { "shape": "expandedfoods:shapes/item/food/stuffedbellpepper/vegetable.json", "name": "type", "textureMap": { "vegetable": "{type}" } },
				"expandedfoods:dryfruit-*": { "shape": "expandedfoods:shapes/item/food/stuffedbellpepper/fruit.json", "name": "type", "textureMap": { "fruit": "{type}" } },
				"expandedfoods:dehydratedfruit-*": { "shape": "expandedfoods:shapes/item/food/stuffedbellpepper/fruit.json", "name": "type", "textureMap": { "fruit": "{type}" } },
				"expandedfoods:wilddryfruit-*": { "shape": "expandedfoods:shapes/item/food/stuffedbellpepper/fruit.json", "name": "type", "textureMap": { "fruit": "fill-{type}" } },
				"expandedfoods:wilddehydratedfruit-*": { "shape": "expandedfoods:shapes/item/food/stuffedbellpepper/fruit.json", "name": "type", "textureMap": { "fruit": "fill-{type}" } },
				"game:cheese-*-1slice": { "shape": "expandedfoods:shapes/item/food/stuffedbellpepper/cheesemelt.json", "name": "type", "textureMap": { "cheese": "{type}spread" } },
				"game:cottagecheeseportion": { "shape": "expandedfoods:shapes/item/food/stuffedbellpepper/cheesemelt.json", "textureMap": { "cheese": "cottagespread" } },
				"expandedfoods:meatnugget-*-raw": { "shape": "expandedfoods:shapes/item/food/stuffedbellpepper/meat.json", "name": "type", "textureMap": { "meat": "{type}" } },
				"expandedfoods:meatnugget-*-cured": { "shape": "expandedfoods:shapes/item/food/stuffedbellpepper/meat.json", "name": "type", "textureMap": { "meat": "{type}" } },
				"expandedfoods:agedmeat-*-raw": { "shape": "expandedfoods:shapes/item/food/stuffedbellpepper/meat.json", "name": "type", "textureMap": { "meat": "{type}" } },
				"expandedfoods:sausage-*-raw": { "shape": "expandedfoods:shapes/item/food/stuffedbellpepper/meat.json", "name": "type", "textureMap": { "meat": "{type}" } },
				"expandedfoods:sausage-*-dried": { "shape": "expandedfoods:shapes/item/food/stuffedbellpepper/meat.json", "name": "type", "textureMap": { "meat": "{type}" } },
				"expandedfoods:sausage-bushmeatcheese-raw": { "shape": "expandedfoods:shapes/item/food/stuffedbellpepper/meat.json", "textureMap": { "meat": "bushmeat" } },
				"expandedfoods:sausage-poultrycheese-raw": { "shape": "expandedfoods:shapes/item/food/stuffedbellpepper/meat.json", "textureMap": { "meat": "poultry" } },
				"expandedfoods:sausage-redmeatcheese-raw": { "shape": "expandedfoods:shapes/item/food/stuffedbellpepper/meat.json", "textureMap": { "meat": "redmeat" } },
				"expandedfoods:sausage-bushmeatcheese-dried": { "shape": "expandedfoods:shapes/item/food/stuffedbellpepper/meat.json", "textureMap": { "meat": "bushmeat" } },
				"expandedfoods:sausage-poultrycheese-dried": { "shape": "expandedfoods:shapes/item/food/stuffedbellpepper/meat.json", "textureMap": { "meat": "poultry" } },
				"expandedfoods:sausage-redmeatcheese-dried": { "shape": "expandedfoods:shapes/item/food/stuffedbellpepper/meat.json", "textureMap": { "meat": "redmeat" } },
				"expandedfoods:fishnugget-*": { "shape": "expandedfoods:shapes/item/food/stuffedbellpepper/meat.json", "textureMap": { "meat": "fish" } },
				"expandedfoods:crabnugget-*": { "shape": "expandedfoods:shapes/item/food/stuffedbellpepper/meat.json", "textureMap": { "meat": "crab" } },
				"expandedfoods:snakenugget-*": { "shape": "expandedfoods:shapes/item/food/stuffedbellpepper/meat.json", "textureMap": { "meat": "snake" } },
				"expandedfoods:sausagefish-*": { "shape": "expandedfoods:shapes/item/food/stuffedbellpepper/meat.json", "textureMap": { "meat": "fish" } },
				"expandedfoods:sausagecrab-*": { "shape": "expandedfoods:shapes/item/food/stuffedbellpepper/meat.json", "textureMap": { "meat": "crab" } },
				"expandedfoods:sausagesnake-*": { "shape": "expandedfoods:shapes/item/food/stuffedbellpepper/meat.json", "textureMap": { "meat": "snake" } },
				"primitivesurvival:smokedmeat-*-raw": { "shape": "expandedfoods:shapes/item/food/stuffedbellpepper/meat.json", "name": "type", "textureMap": { "meat": "{type}" } },
				"primitivesurvival:curedsmokedmeat-*-raw": { "shape": "expandedfoods:shapes/item/food/stuffedbellpepper/meat.json", "name": "type", "textureMap": { "meat": "{type}" } },
			}
		},
		satMultByType: {
			"@*-(partbaked|syruppartbaked)": 0.5,
			"@*-(cooked|syrup)": 1,
			"@*-(charred|syrupcharred)": 0.75
		},
	},
	shape: { base: "item/food/stuffedbellpepper/stuffedbellpepper" },
	texturesByType: {
		"@*-(syruppartbaked|syrupcooked|syrupcharred)": {
			"bellpepper": { "base": "expandedfoods:item/food/grain/breading/acorn-fish" },
			"turnip": { "base": "expandedfoods:item/food/veggie/perfect/turnip" },
			"cheddar": { "base": "game:block/food/dairy/cheddarjack" },
			"blue": { "base": "game:block/food/dairy/waxedblue" },
			"cottagecheese": { "base": "game:block/food/dairy/cottagecheese" },
			"bluespread": { "base": "expandedfoods:item/food/stuffedpepper/bluespread" },
			"cheddarspread": { "base": "expandedfoods:item/food/stuffedpepper/cheddarspread" },
			"cottagespread": { "base": "expandedfoods:item/food/stuffedpepper/cottagespread" },
			"fish": { "base": "game:block/food/meal/group4-rice-parsnip-whitecurrant-bluecheese-fishstew" },
			"redmeat": { "base": "game:block/food/meal/group6-spelt-onion-redcurrant-egg-redmeatstew" },
			"poultry": { "base": "game:block/food/meal/group5-rye-turnip-blackcurrant-cheddarcheese-poultrystew" },
			"bushmeat": { "base": "game:block/food/meal/group8-amaranth-pumpkin-bellpepper-bushmeatstew" },
			"crab": { "base": "primitivesurvival:item/crab/crabmeat-raw" },
			"snake": { "base": "primitivesurvival:item/crab/snakemeat-raw" },
			"blueberry": { "base": "game:block/food/meal/group1-flax-carrot-blueberry-cottagecheese-fish" },
			"blackcurrant": { "base": "game:block/food/meal/group5-rye-turnip-blackcurrant-cheddarcheese-poultrystew" },
			"cranberry": { "base": "game:block/food/meal/group3-millet-bolete-cranberry-poultry" },
			"pineapple": { "base": "game:block/food/meal/group7-honey-fieldmushroom-pineapple-scrambledegg-bushmeat" },
			"redcurrant": { "base": "game:block/food/meal/group6-spelt-onion-redcurrant-egg-redmeatstew" },
			"saguaro": { "base": "game:block/food/meal/group2-soup-flyagaric-cactifruit-redmeat" },
			"whitecurrant": { "base": "game:block/food/meal/group4-rice-parsnip-whitecurrant-bluecheese-fishstew" },
			"group1-flax-carrot-blueberry-cottagecheese-fish": { "base": "game:block/food/meal/group1-flax-carrot-blueberry-cottagecheese-fish" },
			"group2-soup-flyagaric-cactifruit-redmeat": { "base": "game:block/food/meal/group2-soup-flyagaric-cactifruit-redmeat" },
			"group3-millet-bolete-cranberry-poultry": { "base": "game:block/food/meal/group3-millet-bolete-cranberry-poultry" },
			"group4-rice-parsnip-whitecurrant-bluecheese-fishstew": { "base": "game:block/food/meal/group4-rice-parsnip-whitecurrant-bluecheese-fishstew" },
			"group5-rye-turnip-blackcurrant-cheddarcheese-poultrystew": { "base": "game:block/food/meal/group5-rye-turnip-blackcurrant-cheddarcheese-poultrystew" },
			"group6-spelt-onion-redcurrant-egg-redmeatstew": { "base": "game:block/food/meal/group6-spelt-onion-redcurrant-egg-redmeatstew" },
			"group7-honey-fieldmushroom-pineapple-scrambledegg-bushmeat": { "base": "game:block/food/meal/group7-honey-fieldmushroom-pineapple-scrambledegg-bushmeat" },
			"group8-amaranth-pumpkin-bellpepper-bushmeatstew": { "base": "game:block/food/meal/group8-amaranth-pumpkin-bellpepper-bushmeatstew" },
			"cabbage": { "base": "game:block/food/meal/group10-cabbage" },
			"carrot": { "base": "game:block/food/meal/group1-flax-carrot-blueberry-cottagecheese-fish" },
			"cassava": { "base": "game:block/food/meal/group11-cassava" },
			"onion": { "base": "game:block/food/meal/group6-spelt-onion-redcurrant-egg-redmeatstew" },
			"parsnip": { "base": "game:block/food/meal/group4-rice-parsnip-whitecurrant-bluecheese-fishstew" },
			"pumpkin": { "base": "game:block/food/meal/group8-amaranth-pumpkin-bellpepper-bushmeatstew" },
			"sunflower": { "base": "game:block/food/meal/group9-sunflower-soya" },
			"fill-apple": { "base": "game:block/food/pie/fill-apple" },
			"fill-breadfruit": { "base": "game:block/food/pie/fill-breadfruit" },
			"fill-cherry": { "base": "game:block/food/pie/fill-cherry" },
			"fill-lychee": { "base": "game:block/food/pie/fill-lychee" },
			"fill-mango": { "base": "game:block/food/pie/fill-mango" },
			"fill-orange": { "base": "game:block/food/pie/fill-orange" },
			"fill-peach": { "base": "game:block/food/pie/fill-peach" },
			"fill-pear": { "base": "game:block/food/pie/fill-pear" },
			"fill-pomegranate": { "base": "game:block/food/pie/fill-pomegranate" },
			"fill-mushroomblack": { "base": "game:block/food/pie/fill-mushroomblack" },
			"fill-mushroomblue": { "base": "game:block/food/pie/fill-mushroomblue" },
			"fill-mushroombrown": { "base": "game:block/food/pie/fill-mushroombrown" },
			"fill-mushroomdevilstooth": { "base": "game:block/food/pie/fill-mushroomdevilstooth" },
			"fill-mushroomgreen": { "base": "game:block/food/pie/fill-mushroomgreen" },
			"fill-mushroomlobster": { "base": "game:block/food/pie/fill-mushroomlobster" },
			"fill-mushroomoffwhite": { "base": "game:block/food/pie/fill-mushroomoffwhite" },
			"fill-mushroomorange": { "base": "game:block/food/pie/fill-mushroomorange" },
			"fill-mushroompink": { "base": "game:block/food/pie/fill-mushroompink" },
			"fill-mushroompurple": { "base": "game:block/food/pie/fill-mushroompurple" },
			"fill-mushroomred": { "base": "game:block/food/pie/fill-mushroomred" },
			"fill-mushroomwhite": { "base": "game:block/food/pie/fill-mushroomwhite" },
			"fill-mushroomyellow": { "base": "game:block/food/pie/fill-mushroomyellow" },
			"fill-achacha": { base: "wildcraftfruit:block/food/pie/fill-achacha" },
			"fill-apricot": { base: "wildcraftfruit:block/food/pie/fill-apricot" },
			"fill-beachalmond": { base: "wildcraftfruit:block/food/pie/fill-beachalmond" },
			"fill-beautyberry": { base: "wildcraftfruit:block/food/pie/fill-beautyberry" },
			"fill-bitternightshade": { base: "wildcraftfruit:block/food/pie/fill-bitternightshade" },
			"fill-blacknightshade": { base: "wildcraftfruit:block/food/pie/fill-blacknightshade" },
			"fill-blacknightshadeunripe": { base: "wildcraftfruit:block/food/pie/fill-blacknightshadeunripe" },
			"fill-blueraspberry": { base: "wildcraftfruit:block/food/pie/fill-blueraspberry" },
			"fill-bluetongue": { base: "wildcraftfruit:block/food/pie/fill-bluetongue" },
			"fill-brambleberry": { base: "wildcraftfruit:block/food/pie/fill-brambleberry" },
			"fill-bunchberry": { base: "wildcraftfruit:block/food/pie/fill-bunchberry" },
			"fill-cashewapple": { base: "wildcraftfruit:block/food/pie/fill-cashewapple" },
			"fill-cheeseberry": { base: "wildcraftfruit:block/food/pie/fill-cheeseberry" },
			"fill-cherryplum": { base: "wildcraftfruit:block/food/pie/fill-cherryplum" },
			"fill-chinaberry": { base: "wildcraftfruit:block/food/pie/fill-chinaberry" },
			"fill-citron": { base: "wildcraftfruit:block/food/pie/fill-citron" },
			"fill-cloudberry": { base: "wildcraftfruit:block/food/pie/fill-cloudberry" },
			"fill-cocoa": { base: "wildcraftfruit:block/food/pie/fill-cocoa" },
			"fill-coralbead": { base: "wildcraftfruit:block/food/pie/fill-coralbead" },
			"fill-creepingpine": { base: "wildcraftfruit:block/food/pie/fill-creepingpine" },
			"fill-crowberry": { base: "wildcraftfruit:block/food/pie/fill-crowberry" },
			"fill-crowseye": { base: "wildcraftfruit:block/food/pie/fill-crowseye" },
			"fill-dogrose": { base: "wildcraftfruit:block/food/pie/fill-dogrose" },
			"fill-elderberry": { base: "wildcraftfruit:block/food/pie/fill-elderberry" },
			"fill-engkala": { base: "wildcraftfruit:block/food/pie/fill-engkala" },
			"fill-falseorange": { base: "wildcraftfruit:block/food/pie/fill-falseorange" },
			"fill-falsestrawberry": { base: "wildcraftfruit:block/food/pie/fill-falsestrawberry" },
			"fill-feijoa": { base: "wildcraftfruit:block/food/pie/fill-feijoa" },
			"fill-fig": { base: "wildcraftfruit:block/food/pie/fill-fig" },
			"fill-fingerlime": { base: "wildcraftfruit:block/food/pie/fill-fingerlime" },
			"fill-flaxlily": { base: "wildcraftfruit:block/food/pie/fill-flaxlily" },
			"fill-foxgrape": { base: "wildcraftfruit:block/food/pie/fill-foxgrape" },
			"fill-fractureberry": { base: "wildcraftfruit:block/food/pie/fill-fractureberry" },
			"fill-gardenstrawberry": { base: "wildcraftfruit:block/food/pie/fill-gardenstrawberry" },
			"fill-gooseberry": { base: "wildcraftfruit:block/food/pie/fill-gooseberry" },
			"fill-guajava": { base: "wildcraftfruit:block/food/pie/fill-guajava" },
			"fill-hawthorn": { base: "wildcraftfruit:block/food/pie/fill-hawthorn" },
			"fill-honeypots": { base: "wildcraftfruit:block/food/pie/fill-honeypots" },
			"fill-honeysuckle": { base: "wildcraftfruit:block/food/pie/fill-honeysuckle" },
			"fill-huckleberry": { base: "wildcraftfruit:block/food/pie/fill-huckleberry" },
			"fill-husktomato": { base: "wildcraftfruit:block/food/pie/fill-husktomato" },
			"fill-illawarra": { base: "wildcraftfruit:block/food/pie/fill-illawarra" },
			"fill-jujube": { base: "wildcraftfruit:block/food/pie/fill-jujube" },
			"fill-juniper": { base: "wildcraftfruit:block/food/pie/fill-juniper" },
			"fill-kakaha": { base: "wildcraftfruit:block/food/pie/fill-kakaha" },
			"fill-kawakawa": { base: "wildcraftfruit:block/food/pie/fill-kawakawa" },
			"fill-knyazberry": { base: "wildcraftfruit:block/food/pie/fill-knyazberry" },
			"fill-kumquat": { base: "wildcraftfruit:block/food/pie/fill-kumquat" },
			"fill-lemonaspen": { base: "wildcraftfruit:block/food/pie/fill-lemonaspen" },
			"fill-lillypillypink": { base: "wildcraftfruit:block/food/pie/fill-lillypillypink" },
			"fill-lingonberry": { base: "wildcraftfruit:block/food/pie/fill-lingonberry" },
			"fill-loquat": { base: "wildcraftfruit:block/food/pie/fill-loquat" },
			"fill-midyimberry": { base: "wildcraftfruit:block/food/pie/fill-midyimberry" },
			"fill-mingimingi": { base: "wildcraftfruit:block/food/pie/fill-mingimingi" },
			"fill-munthari": { base: "wildcraftfruit:block/food/pie/fill-munthari" },
			"fill-naranjilla": { base: "wildcraftfruit:block/food/pie/fill-naranjilla" },
			"fill-numnum": { base: "wildcraftfruit:block/food/pie/fill-numnum" },
			"fill-pandanbits": { base: "wildcraftfruit:block/food/pie/fill-pandanbits" },
			"fill-pilo": { base: "wildcraftfruit:block/food/pie/fill-pilo" },
			"fill-pineheath": { base: "wildcraftfruit:block/food/pie/fill-pineheath" },
			"fill-pokeberry": { base: "wildcraftfruit:block/food/pie/fill-pokeberry" },
			"fill-pomelo": { base: "wildcraftfruit:block/food/pie/fill-pomelo" },
			"fill-pricklyheath": { base: "wildcraftfruit:block/food/pie/fill-pricklyheath" },
			"fill-purpleplum": { base: "wildcraftfruit:block/food/pie/fill-purpleplum" },
			"fill-quince": { base: "wildcraftfruit:block/food/pie/fill-quince" },
			"fill-raspberry": { base: "wildcraftfruit:block/food/pie/fill-raspberry" },
			"fill-redgrape": { base: "wildcraftfruit:block/food/pie/fill-redgrape" },
			"fill-redquandong": { base: "wildcraftfruit:block/food/pie/fill-redquandong" },
			"fill-roseapple": { base: "wildcraftfruit:block/food/pie/fill-roseapple" },
			"fill-rowanberry": { base: "wildcraftfruit:block/food/pie/fill-rowanberry" },
			"fill-rubysaltbush": { base: "wildcraftfruit:block/food/pie/fill-rubysaltbush" },
			"fill-sallowthorn": { base: "wildcraftfruit:block/food/pie/fill-sallowthorn" },
			"fill-seamango": { base: "wildcraftfruit:block/food/pie/fill-seamango" },
			"fill-silvernettle": { base: "wildcraftfruit:block/food/pie/fill-silvernettle" },
			"fill-snowberry": { base: "wildcraftfruit:block/food/pie/fill-snowberry" },
			"fill-spindle": { base: "wildcraftfruit:block/food/pie/fill-spindle" },
			"fill-strawberry": { base: "wildcraftfruit:block/food/pie/fill-strawberry" },
			"fill-sumac": { base: "wildcraftfruit:block/food/pie/fill-sumac" },
			"fill-turkscap": { base: "wildcraftfruit:block/food/pie/fill-turkscap" },
			"fill-ugni": { base: "wildcraftfruit:block/food/pie/fill-ugni" },
			"fill-virgingrape": { base: "wildcraftfruit:block/food/pie/fill-virgingrape" },
			"fill-whitegrape": { base: "wildcraftfruit:block/food/pie/fill-whitegrape" },
			"fill-wolfberry": { base: "wildcraftfruit:block/food/pie/fill-wolfberry" },
		},
		"*": {
			"bellpepper": { "base": "expandedfoods:item/food/grain/breading/acorn-{state}" },
			"turnip": { "base": "expandedfoods:item/food/veggie/perfect/turnip" },
			"cheddar": { "base": "game:block/food/dairy/cheddarjack" },
			"blue": { "base": "game:block/food/dairy/waxedblue" },
			"cottagecheese": { "base": "game:block/food/dairy/cottagecheese" },
			"bluespread": { "base": "expandedfoods:item/food/stuffedpepper/bluespread" },
			"cheddarspread": { "base": "expandedfoods:item/food/stuffedpepper/cheddarspread" },
			"cottagespread": { "base": "expandedfoods:item/food/stuffedpepper/cottagespread" },
			"fish": { "base": "game:block/food/meal/group4-rice-parsnip-whitecurrant-bluecheese-fishstew" },
			"redmeat": { "base": "game:block/food/meal/group6-spelt-onion-redcurrant-egg-redmeatstew" },
			"poultry": { "base": "game:block/food/meal/group5-rye-turnip-blackcurrant-cheddarcheese-poultrystew" },
			"bushmeat": { "base": "game:block/food/meal/group8-amaranth-pumpkin-bellpepper-bushmeatstew" },
			"crab": { "base": "primitivesurvival:item/crab/crabmeat-raw" },
			"snake": { "base": "primitivesurvival:item/crab/snakemeat-raw" },
			"blueberry": { "base": "game:block/food/meal/group1-flax-carrot-blueberry-cottagecheese-fish" },
			"blackcurrant": { "base": "game:block/food/meal/group5-rye-turnip-blackcurrant-cheddarcheese-poultrystew" },
			"cranberry": { "base": "game:block/food/meal/group3-millet-bolete-cranberry-poultry" },
			"pineapple": { "base": "game:block/food/meal/group7-honey-fieldmushroom-pineapple-scrambledegg-bushmeat" },
			"redcurrant": { "base": "game:block/food/meal/group6-spelt-onion-redcurrant-egg-redmeatstew" },
			"saguaro": { "base": "game:block/food/meal/group2-soup-flyagaric-cactifruit-redmeat" },
			"whitecurrant": { "base": "game:block/food/meal/group4-rice-parsnip-whitecurrant-bluecheese-fishstew" },
			"group1-flax-carrot-blueberry-cottagecheese-fish": { "base": "game:block/food/meal/group1-flax-carrot-blueberry-cottagecheese-fish" },
			"group2-soup-flyagaric-cactifruit-redmeat": { "base": "game:block/food/meal/group2-soup-flyagaric-cactifruit-redmeat" },
			"group3-millet-bolete-cranberry-poultry": { "base": "game:block/food/meal/group3-millet-bolete-cranberry-poultry" },
			"group4-rice-parsnip-whitecurrant-bluecheese-fishstew": { "base": "game:block/food/meal/group4-rice-parsnip-whitecurrant-bluecheese-fishstew" },
			"group5-rye-turnip-blackcurrant-cheddarcheese-poultrystew": { "base": "game:block/food/meal/group5-rye-turnip-blackcurrant-cheddarcheese-poultrystew" },
			"group6-spelt-onion-redcurrant-egg-redmeatstew": { "base": "game:block/food/meal/group6-spelt-onion-redcurrant-egg-redmeatstew" },
			"group7-honey-fieldmushroom-pineapple-scrambledegg-bushmeat": { "base": "game:block/food/meal/group7-honey-fieldmushroom-pineapple-scrambledegg-bushmeat" },
			"group8-amaranth-pumpkin-bellpepper-bushmeatstew": { "base": "game:block/food/meal/group8-amaranth-pumpkin-bellpepper-bushmeatstew" },
			"cabbage": { "base": "game:block/food/meal/group10-cabbage" },
			"carrot": { "base": "game:block/food/meal/group1-flax-carrot-blueberry-cottagecheese-fish" },
			"cassava": { "base": "game:block/food/meal/group11-cassava" },
			"onion": { "base": "game:block/food/meal/group6-spelt-onion-redcurrant-egg-redmeatstew" },
			"parsnip": { "base": "game:block/food/meal/group4-rice-parsnip-whitecurrant-bluecheese-fishstew" },
			"pumpkin": { "base": "game:block/food/meal/group8-amaranth-pumpkin-bellpepper-bushmeatstew" },
			"sunflower": { "base": "game:block/food/meal/group9-sunflower-soya" },
			"fill-apple": { "base": "game:block/food/pie/fill-apple" },
			"fill-breadfruit": { "base": "game:block/food/pie/fill-breadfruit" },
			"fill-cherry": { "base": "game:block/food/pie/fill-cherry" },
			"fill-lychee": { "base": "game:block/food/pie/fill-lychee" },
			"fill-mango": { "base": "game:block/food/pie/fill-mango" },
			"fill-orange": { "base": "game:block/food/pie/fill-orange" },
			"fill-peach": { "base": "game:block/food/pie/fill-peach" },
			"fill-pear": { "base": "game:block/food/pie/fill-pear" },
			"fill-pomegranate": { "base": "game:block/food/pie/fill-pomegranate" },
			"fill-mushroomblack": { "base": "game:block/food/pie/fill-mushroomblack" },
			"fill-mushroomblue": { "base": "game:block/food/pie/fill-mushroomblue" },
			"fill-mushroombrown": { "base": "game:block/food/pie/fill-mushroombrown" },
			"fill-mushroomdevilstooth": { "base": "game:block/food/pie/fill-mushroomdevilstooth" },
			"fill-mushroomgreen": { "base": "game:block/food/pie/fill-mushroomgreen" },
			"fill-mushroomlobster": { "base": "game:block/food/pie/fill-mushroomlobster" },
			"fill-mushroomoffwhite": { "base": "game:block/food/pie/fill-mushroomoffwhite" },
			"fill-mushroomorange": { "base": "game:block/food/pie/fill-mushroomorange" },
			"fill-mushroompink": { "base": "game:block/food/pie/fill-mushroompink" },
			"fill-mushroompurple": { "base": "game:block/food/pie/fill-mushroompurple" },
			"fill-mushroomred": { "base": "game:block/food/pie/fill-mushroomred" },
			"fill-mushroomwhite": { "base": "game:block/food/pie/fill-mushroomwhite" },
			"fill-mushroomyellow": { "base": "game:block/food/pie/fill-mushroomyellow" },
			"fill-achacha": { base: "wildcraftfruit:block/food/pie/fill-achacha" },
			"fill-apricot": { base: "wildcraftfruit:block/food/pie/fill-apricot" },
			"fill-beachalmond": { base: "wildcraftfruit:block/food/pie/fill-beachalmond" },
			"fill-beautyberry": { base: "wildcraftfruit:block/food/pie/fill-beautyberry" },
			"fill-bitternightshade": { base: "wildcraftfruit:block/food/pie/fill-bitternightshade" },
			"fill-blacknightshade": { base: "wildcraftfruit:block/food/pie/fill-blacknightshade" },
			"fill-blacknightshadeunripe": { base: "wildcraftfruit:block/food/pie/fill-blacknightshadeunripe" },
			"fill-blueraspberry": { base: "wildcraftfruit:block/food/pie/fill-blueraspberry" },
			"fill-bluetongue": { base: "wildcraftfruit:block/food/pie/fill-bluetongue" },
			"fill-brambleberry": { base: "wildcraftfruit:block/food/pie/fill-brambleberry" },
			"fill-bunchberry": { base: "wildcraftfruit:block/food/pie/fill-bunchberry" },
			"fill-cashewapple": { base: "wildcraftfruit:block/food/pie/fill-cashewapple" },
			"fill-cheeseberry": { base: "wildcraftfruit:block/food/pie/fill-cheeseberry" },
			"fill-cherryplum": { base: "wildcraftfruit:block/food/pie/fill-cherryplum" },
			"fill-chinaberry": { base: "wildcraftfruit:block/food/pie/fill-chinaberry" },
			"fill-citron": { base: "wildcraftfruit:block/food/pie/fill-citron" },
			"fill-cloudberry": { base: "wildcraftfruit:block/food/pie/fill-cloudberry" },
			"fill-cocoa": { base: "wildcraftfruit:block/food/pie/fill-cocoa" },
			"fill-coralbead": { base: "wildcraftfruit:block/food/pie/fill-coralbead" },
			"fill-creepingpine": { base: "wildcraftfruit:block/food/pie/fill-creepingpine" },
			"fill-crowberry": { base: "wildcraftfruit:block/food/pie/fill-crowberry" },
			"fill-crowseye": { base: "wildcraftfruit:block/food/pie/fill-crowseye" },
			"fill-dogrose": { base: "wildcraftfruit:block/food/pie/fill-dogrose" },
			"fill-elderberry": { base: "wildcraftfruit:block/food/pie/fill-elderberry" },
			"fill-engkala": { base: "wildcraftfruit:block/food/pie/fill-engkala" },
			"fill-falseorange": { base: "wildcraftfruit:block/food/pie/fill-falseorange" },
			"fill-falsestrawberry": { base: "wildcraftfruit:block/food/pie/fill-falsestrawberry" },
			"fill-feijoa": { base: "wildcraftfruit:block/food/pie/fill-feijoa" },
			"fill-fig": { base: "wildcraftfruit:block/food/pie/fill-fig" },
			"fill-fingerlime": { base: "wildcraftfruit:block/food/pie/fill-fingerlime" },
			"fill-flaxlily": { base: "wildcraftfruit:block/food/pie/fill-flaxlily" },
			"fill-foxgrape": { base: "wildcraftfruit:block/food/pie/fill-foxgrape" },
			"fill-fractureberry": { base: "wildcraftfruit:block/food/pie/fill-fractureberry" },
			"fill-gardenstrawberry": { base: "wildcraftfruit:block/food/pie/fill-gardenstrawberry" },
			"fill-gooseberry": { base: "wildcraftfruit:block/food/pie/fill-gooseberry" },
			"fill-guajava": { base: "wildcraftfruit:block/food/pie/fill-guajava" },
			"fill-hawthorn": { base: "wildcraftfruit:block/food/pie/fill-hawthorn" },
			"fill-honeypots": { base: "wildcraftfruit:block/food/pie/fill-honeypots" },
			"fill-honeysuckle": { base: "wildcraftfruit:block/food/pie/fill-honeysuckle" },
			"fill-huckleberry": { base: "wildcraftfruit:block/food/pie/fill-huckleberry" },
			"fill-husktomato": { base: "wildcraftfruit:block/food/pie/fill-husktomato" },
			"fill-illawarra": { base: "wildcraftfruit:block/food/pie/fill-illawarra" },
			"fill-jujube": { base: "wildcraftfruit:block/food/pie/fill-jujube" },
			"fill-juniper": { base: "wildcraftfruit:block/food/pie/fill-juniper" },
			"fill-kakaha": { base: "wildcraftfruit:block/food/pie/fill-kakaha" },
			"fill-kawakawa": { base: "wildcraftfruit:block/food/pie/fill-kawakawa" },
			"fill-knyazberry": { base: "wildcraftfruit:block/food/pie/fill-knyazberry" },
			"fill-kumquat": { base: "wildcraftfruit:block/food/pie/fill-kumquat" },
			"fill-lemonaspen": { base: "wildcraftfruit:block/food/pie/fill-lemonaspen" },
			"fill-lillypillypink": { base: "wildcraftfruit:block/food/pie/fill-lillypillypink" },
			"fill-lingonberry": { base: "wildcraftfruit:block/food/pie/fill-lingonberry" },
			"fill-loquat": { base: "wildcraftfruit:block/food/pie/fill-loquat" },
			"fill-midyimberry": { base: "wildcraftfruit:block/food/pie/fill-midyimberry" },
			"fill-mingimingi": { base: "wildcraftfruit:block/food/pie/fill-mingimingi" },
			"fill-munthari": { base: "wildcraftfruit:block/food/pie/fill-munthari" },
			"fill-naranjilla": { base: "wildcraftfruit:block/food/pie/fill-naranjilla" },
			"fill-numnum": { base: "wildcraftfruit:block/food/pie/fill-numnum" },
			"fill-pandanbits": { base: "wildcraftfruit:block/food/pie/fill-pandanbits" },
			"fill-pilo": { base: "wildcraftfruit:block/food/pie/fill-pilo" },
			"fill-pineheath": { base: "wildcraftfruit:block/food/pie/fill-pineheath" },
			"fill-pokeberry": { base: "wildcraftfruit:block/food/pie/fill-pokeberry" },
			"fill-pomelo": { base: "wildcraftfruit:block/food/pie/fill-pomelo" },
			"fill-pricklyheath": { base: "wildcraftfruit:block/food/pie/fill-pricklyheath" },
			"fill-purpleplum": { base: "wildcraftfruit:block/food/pie/fill-purpleplum" },
			"fill-quince": { base: "wildcraftfruit:block/food/pie/fill-quince" },
			"fill-raspberry": { base: "wildcraftfruit:block/food/pie/fill-raspberry" },
			"fill-redgrape": { base: "wildcraftfruit:block/food/pie/fill-redgrape" },
			"fill-redquandong": { base: "wildcraftfruit:block/food/pie/fill-redquandong" },
			"fill-roseapple": { base: "wildcraftfruit:block/food/pie/fill-roseapple" },
			"fill-rowanberry": { base: "wildcraftfruit:block/food/pie/fill-rowanberry" },
			"fill-rubysaltbush": { base: "wildcraftfruit:block/food/pie/fill-rubysaltbush" },
			"fill-sallowthorn": { base: "wildcraftfruit:block/food/pie/fill-sallowthorn" },
			"fill-seamango": { base: "wildcraftfruit:block/food/pie/fill-seamango" },
			"fill-silvernettle": { base: "wildcraftfruit:block/food/pie/fill-silvernettle" },
			"fill-snowberry": { base: "wildcraftfruit:block/food/pie/fill-snowberry" },
			"fill-spindle": { base: "wildcraftfruit:block/food/pie/fill-spindle" },
			"fill-strawberry": { base: "wildcraftfruit:block/food/pie/fill-strawberry" },
			"fill-sumac": { base: "wildcraftfruit:block/food/pie/fill-sumac" },
			"fill-turkscap": { base: "wildcraftfruit:block/food/pie/fill-turkscap" },
			"fill-ugni": { base: "wildcraftfruit:block/food/pie/fill-ugni" },
			"fill-virgingrape": { base: "wildcraftfruit:block/food/pie/fill-virgingrape" },
			"fill-whitegrape": { base: "wildcraftfruit:block/food/pie/fill-whitegrape" },
			"fill-wolfberry": { base: "wildcraftfruit:block/food/pie/fill-wolfberry" },
		},
	},
	nutritionPropsByType: {
		"@*-(partbaked|syruppartbaked)": { satiety: 80, foodcategory: "Vegetable" },
		"@*-(cooked|syrupcooked)": { satiety: 90, foodcategory: "Vegetable" },
		"@*-(charred|syrupcharred)": { satiety: 70, foodcategory: "Vegetable" },
	},
	creativeinventory: { "general": ["*"], "items": ["*"], "expandedfoods": ["*"] },
	materialDensity: 600,
	transitionablePropsByType: {
		"@*-(oiled|raw)": [{
			type: "Perish",
			freshHours: { avg: 18 },
			transitionHours: { avg: 72 },
			transitionedStack: { type: "item", code: "game:rot" },
			transitionRatio: 1
		}],
		"@*-(partbaked|cooked|syruppartbaked|syrupcooked)": [{
			type: "Perish",
			freshHours: { avg: 60 },
			transitionHours: { avg: 96 },
			transitionedStack: { type: "item", code: "game:rot" },
			transitionRatio: 1
		}],
		"@*-(charred|syrupcharred)": [{
			type: "Perish",
			freshHours: { avg: 120 },
			transitionHours: { avg: 192 },
			transitionedStack: { type: "item", code: "game:rot" },
			transitionRatio: 1
		}],
	},
	materialDensity: 600,
	guiTransform: {
		translation: { x: 3, y: 6, z: 0 },
		rotation: { x: -37, y: 135, z: -155 },
		origin: { x: 0.5, y: 0.15, z: 0.5 },
		scale: 3
	},
	tpHandTransform: {
		translation: { x: -0.6, y: -0.18, z: -0.6 },
		rotation: { x: 0, y: 0, z: -42 },
		origin: { x: 0.5, y: 0.1, z: 0.5 },
		scale: 0.8
	},
	groundTransform: {
		translation: { x: 0, y: 0, z: 0 },
		rotation: { x: 0, y: 0, z: 83 },
		origin: { x: 0.47, y: 0, z: 0.5 },
		scale: 3
	},
	combustiblePropsByType: {
		"@*-(raw|partbaked|cooked|oiled)": {
			meltingPoint: 150,
			meltingDuration: 30,
			smeltedRatio: 1,
			smeltingType: "cook",
			smeltedStack: { type: "item", code: "acornstuffedpepper-charred" },
			requiresContainer: false
		},
		"@*-(syruppartbaked|syrupcooked)": {
			meltingPoint: 150,
			meltingDuration: 30,
			smeltedRatio: 1,
			smeltingType: "cook",
			smeltedStack: { type: "item", code: "acornstuffedpepper-syrupcharred" },
			requiresContainer: false
		},
	}
}