﻿[
 {
   file: "expandedfoods:recipes/kneading/fruitbar.json",
    "side": "server",
    op: "addeach", 
    path: "/0/ingredients/1/inputs/-", 
    value: [{ type: "item", code: "wildcraftfruit:fruit-*",  quantity: 1 }, { type: "item", code: "expandedfoods:wilddryfruit-*",  quantity: 1 }, { type: "item", code: "expandedfoods:wilddehydratedfruit-*",  quantity: 1 }, { type: "item", code: "expandedfoods:wildcandiedfruit-*",  quantity: 1 }],
    dependsOn: [{ "modid": "wildcraftfruit" }]
 },
 {
   file: "expandedfoods:recipes/kneading/fruitbar.json",
    "side": "server",
    op: "addeach", 
    path: "/1/ingredients/1/inputs/-", 
    value: [{ type: "item", code: "wildcraftfruit:fruit-*",  quantity: 1 }, { type: "item", code: "expandedfoods:wilddryfruit-*",  quantity: 1 }, { type: "item", code: "expandedfoods:wilddehydratedfruit-*",  quantity: 1 }, { type: "item", code: "expandedfoods:wildcandiedfruit-*",  quantity: 1 }],
    dependsOn: [{ "modid": "wildcraftfruit" }]
 },
 {
   file: "expandedfoods:recipes/kneading/fruitbar.json",
    "side": "server",
    op: "addeach", 
    path: "/0/ingredients/2/inputs/-", 
    value: [{ type: "item", code: "expandedfoods:gelatin-*", quantity: 1 },],
    dependsOn: [{ "modid": "wildcraftfruit" }]
 },
 {
   file: "expandedfoods:recipes/kneading/fruitbar.json",
    "side": "server",
    op: "addeach", 
    path: "/1/ingredients/2/inputs/-", 
    value: [{ type: "item", code: "expandedfoods:gelatin-*", quantity: 1 },],
    dependsOn: [{ "modid": "wildcraftfruit" }]
 },
 {
   file: "expandedfoods:recipes/kneading/fruitbar.json",
    "side": "server",
    op: "addmerge", 
    path: "/0/ingredients/3/inputs/-", 
    value: { type: "item", code: "expandedfoods:wildfruitsyrupportion-*",  quantity: 10 },
    dependsOn: [{ "modid": "wildcraftfruit" }]
 },
 {
   file: "expandedfoods:recipes/kneading/fruitbar.json",
    "side": "server",
    op: "addmerge", 
    path: "/1/ingredients/3/inputs/-", 
    value: { type: "item", code: "expandedfoods:wildfruitsyrupportion-*",  quantity: 10 },
    dependsOn: [{ "modid": "wildcraftfruit" }]
 },
]