{
	"editor": {
		"allAngles": false,
		"entityTextureMode": false
	},
	
	"textureWidth": 16,
	"textureHeight": 16,
	"textureSizes": { },
	"textures": { },
	"elements": [
		{
			"name": "Cube",
			"from": [ 0.0, 0.0, 0.0 ],
			"to": [ 16.0, 0.3, 16.0 ],
			"faces": {
				"north": { "texture": "#north", "uv": [ 0.0, 0.0, 16.0, 0.2 ] },
				"east": { "texture": "#east", "uv": [ 0.0, 0.0, 16.0, 0.2 ] },
				"south": { "texture": "#south", "uv": [ 0.0, 0.0, 16.0, 0.2 ] },
				"west": { "texture": "#west", "uv": [ 0.0, 0.0, 16.0, 0.5 ] },
				"up": { "reflectiveMode": 2, "texture": "#up", "uv": [ 0.0, 0.0, 16.0, 16.0 ] },
				"down": { "texture": "#down", "uv": [ 0.0, 0.0, 16.0, 16.0 ] }
			}
		}
	]}
