{
	"editor": {
		"allAngles": false,
		"entityTextureMode": false
	},
	"textureWidth": 16,
	"textureHeight": 16,
	"textureSizes": {
	},
	"textures": {
	},
	"elements": [
		{
			"name": "Cube W",
			"from": [ 0.0, 0.0, 0.0 ], 
			"to": [ 0.25, 0.3, 16.0 ], 
			"faces": {
				"north": { "texture": "#north", "uv": [ 0.0, 0.0, 0.5, 0.5 ] },
				"east": { "texture": "#east", "uv": [ 0.0, 0.0, 16.0, 0.5 ] },
				"south": { "texture": "#south", "uv": [ 0.0, 0.0, 0.5, 0.5 ] },
				"west": { "texture": "#west", "uv": [ 0.0, 0.0, 16.0, 0.5 ] },
				"up": { "texture": "#up", "uv": [ 0.0, 0.0, 0.5, 16.0 ] },
				"down": { "texture": "#down", "uv": [ 0.0, 0.0, 0.5, 16.0 ] }
			}
		},
		{
			"name": "Cube3",
			"from": [ 16.0, 0.0, 0.0 ], 
			"to": [ 16.25, 0.3, 16.0 ], 
			"rotationOrigin": [ 16.0, 0.0, 0.0 ],
			"rotationY": -90.0,
			"faces": {
				"north": { "texture": "#north", "uv": [ 0.0, 0.0, 0.5, 0.5 ] },
				"east": { "texture": "#east", "uv": [ 0.0, 0.0, 16.0, 0.5 ] },
				"south": { "texture": "#south", "uv": [ 0.0, 0.0, 0.5, 0.5 ] },
				"west": { "texture": "#west", "uv": [ 0.0, 0.0, 16.0, 0.5 ] },
				"up": { "texture": "#up", "uv": [ 0.0, 0.0, 0.5, 16.0 ] },
				"down": { "texture": "#down", "uv": [ 0.0, 0.0, 0.5, 16.0 ] }
			}
		},
		{
			"name": "Cube1",
			"from": [ 15.75, 0.0, 0.0 ], 
			"to": [ 16.0, 0.3, 16.0 ], 
			"rotationOrigin": [ 16.0, 0.0, 0.0 ],
			"faces": {
				"north": { "texture": "#null", "uv": [ 0.0, 0.0, 0.5, 0.5 ] },
				"east": { "texture": "#null", "uv": [ 0.0, 0.0, 16.0, 0.5 ] },
				"south": { "texture": "#null", "uv": [ 0.0, 0.0, 0.5, 0.5 ] },
				"west": { "texture": "#null", "uv": [ 0.0, 0.0, 16.0, 0.5 ] },
				"up": { "texture": "#null", "uv": [ 0.0, 0.0, 0.5, 16.0 ] },
				"down": { "texture": "#null", "uv": [ 0.0, 0.0, 0.5, 16.0 ] }
			}
		},
		{
			"name": "Cube4",
			"from": [ 0.0, 0.0, 15.75 ], 
			"to": [ 16.0, 0.3, 16.0 ], 
			"rotationOrigin": [ 0.0, 0.0, 15.0 ],
			"faces": {
				"north": { "texture": "#null", "uv": [ 0.0, 0.0, 16.0, 0.5 ] },
				"east": { "texture": "#null", "uv": [ 0.0, 0.0, 0.5, 0.5 ] },
				"south": { "texture": "#null", "uv": [ 0.0, 0.0, 16.0, 0.5 ] },
				"west": { "texture": "#null", "uv": [ 0.0, 0.0, 0.5, 0.5 ] },
				"up": { "texture": "#null", "uv": [ 0.0, 0.0, 16.0, 0.5 ] },
				"down": { "texture": "#null", "uv": [ 0.0, 0.0, 16.0, 0.5 ] }
			}
		}
	]}