{
	"editor": {
		"backDropShape": "entity/humanoid/seraph-faceless",
		"allAngles": true,
		"entityTextureMode": true
	},
	"textureWidth": 64,
	"textureHeight": 64,
	"textureSizes": {
	},
	"textures": {
		"seraph": "entity/humanoid/seraph-naked"
	},
	"elements": [
		{
			"name": "root",
			"stepParentName": "Head",
			"from": [ 0.0, 0.0, 0.0 ], 
			"to": [ 6.0, 5.0, 5.0 ], 
			"unwrapMode": 4,
			"uv": [ 0.0, 0.0 ],
			"faces": {
				"north": { "texture": "#seraph", "uv": [ 0.0, 6.0, 6.0, 11.0 ], "enabled": false },
				"east": { "texture": "#seraph", "uv": [ 0.0, 6.0, 5.0, 11.0 ], "enabled": false },
				"south": { "texture": "#seraph", "uv": [ 0.0, 6.0, 6.0, 11.0 ], "enabled": false },
				"west": { "texture": "#seraph", "uv": [ 0.0, 6.0, 5.0, 11.0 ], "enabled": false },
				"up": { "texture": "#seraph", "uv": [ 0.0, 0.0, 5.0, 6.0 ], "rotation": 90 },
				"down": { "texture": "#seraph", "uv": [ 0.0, 11.0, 5.0, 17.0 ], "rotation": 90 }
			},
			"children": [
				{
					"name": "R eye",
					"from": [ -0.01, 1.95, 0.95 ], 
					"to": [ 0.09, 2.85, 2.05 ], 
					"unwrapMode": 4,
					"uv": [ 55.5, 0.0 ],
					"rotationOrigin": [ 0.0, 1.95, 2.1 ],
					"faces": {
						"north": { "texture": "#seraph", "uv": [ 55.5, 0.5, 56.0, 1.0 ] },
						"east": { "texture": "#seraph", "uv": [ 57.5, 0.5, 58.5, 1.0 ], "enabled": false },
						"south": { "texture": "#seraph", "uv": [ 57.0, 0.5, 57.5, 1.0 ] },
						"west": { "texture": "#seraph", "uv": [ 56.0, 0.5, 57.0, 1.0 ] },
						"up": { "texture": "#seraph", "uv": [ 56.0, 0.0, 57.0, 0.5 ], "rotation": 90 },
						"down": { "texture": "#seraph", "uv": [ 56.0, 1.0, 57.0, 1.5 ], "rotation": 90 }
					},
					"children": [
						{
							"name": "R pupil",
							"from": [ -0.03, 0.1, 0.15 ], 
							"to": [ 0.07, 0.7, 0.95 ], 
							"unwrapMode": 4,
							"uv": [ 60.5, 0.0 ],
							"rotationOrigin": [ 0.0, 0.15, 1.05 ],
							"faces": {
								"north": { "texture": "#seraph", "uv": [ 60.5, 0.5, 61.0, 1.0 ] },
								"east": { "texture": "#seraph", "uv": [ 62.0, 0.5, 62.5, 1.0 ], "enabled": false },
								"south": { "texture": "#seraph", "uv": [ 61.5, 0.5, 62.0, 1.0 ] },
								"west": { "texture": "#seraph", "uv": [ 61.0, 0.5, 61.5, 1.0 ] },
								"up": { "texture": "#seraph", "uv": [ 61.0, 0.0, 61.5, 0.5 ], "rotation": 90 },
								"down": { "texture": "#seraph", "uv": [ 61.0, 1.0, 61.5, 1.5 ], "rotation": 90 }
							},
							"children": [
								{
									"name": "shine small 1",
									"from": [ -0.01, 0.33, 0.45 ], 
									"to": [ 0.09, 0.43, 0.55 ], 
									"unwrapMode": 4,
									"uv": [ 52.0, 0.0 ],
									"rotationOrigin": [ 0.03, 0.4, 0.5 ],
									"faces": {
										"north": { "texture": "#seraph", "uv": [ 52.0, 0.5, 52.5, 1.0 ] },
										"east": { "texture": "#seraph", "uv": [ 53.5, 0.5, 54.0, 1.0 ], "enabled": false },
										"south": { "texture": "#seraph", "uv": [ 53.0, 0.5, 53.5, 1.0 ] },
										"west": { "texture": "#seraph", "uv": [ 52.5, 0.5, 53.0, 1.0 ] },
										"up": { "texture": "#seraph", "uv": [ 52.5, 0.0, 53.0, 0.5 ], "rotation": 90 },
										"down": { "texture": "#seraph", "uv": [ 52.5, 1.0, 53.0, 1.5 ], "rotation": 90 }
									}
								}
							]
						}
					]
				},
				{
					"name": "L eye2",
					"from": [ -0.01, 1.95, 2.95 ], 
					"to": [ 0.09, 2.85, 4.05 ], 
					"unwrapMode": 4,
					"uv": [ 54.5, 2.0 ],
					"rotationOrigin": [ 0.0, 1.95, 3.0 ],
					"faces": {
						"north": { "texture": "#seraph", "uv": [ 54.5, 2.5, 55.0, 3.0 ] },
						"east": { "texture": "#seraph", "uv": [ 56.5, 2.5, 57.5, 3.0 ], "enabled": false },
						"south": { "texture": "#seraph", "uv": [ 56.0, 2.5, 56.5, 3.0 ] },
						"west": { "texture": "#seraph", "uv": [ 55.0, 2.5, 56.0, 3.0 ] },
						"up": { "texture": "#seraph", "uv": [ 55.0, 2.0, 56.0, 2.5 ], "rotation": 90 },
						"down": { "texture": "#seraph", "uv": [ 55.0, 3.0, 56.0, 3.5 ], "rotation": 90 }
					},
					"children": [
						{
							"name": "L pupil",
							"from": [ -0.03, 0.1, 0.15 ], 
							"to": [ 0.07, 0.7, 0.95 ], 
							"unwrapMode": 4,
							"uv": [ 60.5, 0.0 ],
							"rotationOrigin": [ 0.0, 0.15, 0.15 ],
							"faces": {
								"north": { "texture": "#seraph", "uv": [ 60.5, 0.5, 61.0, 1.0 ] },
								"east": { "texture": "#seraph", "uv": [ 62.0, 0.5, 62.5, 1.0 ], "enabled": false },
								"south": { "texture": "#seraph", "uv": [ 61.5, 0.5, 62.0, 1.0 ] },
								"west": { "texture": "#seraph", "uv": [ 61.0, 0.5, 61.5, 1.0 ] },
								"up": { "texture": "#seraph", "uv": [ 61.0, 0.0, 61.5, 0.5 ], "rotation": 90 },
								"down": { "texture": "#seraph", "uv": [ 61.0, 1.0, 61.5, 1.5 ], "rotation": 90 }
							},
							"children": [
								{
									"name": "shine small 2",
									"from": [ -0.01, 0.33, 0.45 ], 
									"to": [ 0.09, 0.43, 0.55 ], 
									"unwrapMode": 4,
									"uv": [ 52.0, 0.0 ],
									"rotationOrigin": [ 0.03, 0.4, 0.5 ],
									"faces": {
										"north": { "texture": "#seraph", "uv": [ 52.0, 0.5, 52.5, 1.0 ] },
										"east": { "texture": "#seraph", "uv": [ 53.5, 0.5, 54.0, 1.0 ], "enabled": false },
										"south": { "texture": "#seraph", "uv": [ 53.0, 0.5, 53.5, 1.0 ] },
										"west": { "texture": "#seraph", "uv": [ 52.5, 0.5, 53.0, 1.0 ] },
										"up": { "texture": "#seraph", "uv": [ 52.5, 0.0, 53.0, 0.5 ], "rotation": 90 },
										"down": { "texture": "#seraph", "uv": [ 52.5, 1.0, 53.0, 1.5 ], "rotation": 90 }
									}
								}
							]
						}
					]
				},
				{
					"name": "R eyebrow 1",
					"from": [ -0.1, 2.9, 1.4 ], 
					"to": [ 0.0, 3.2, 2.2 ], 
					"unwrapMode": 4,
					"uv": [ 34.5, 1.0 ],
					"rotationOrigin": [ -0.1, 2.9, 2.2 ],
					"rotationX": 1.0,
					"faces": {
						"north": { "texture": "#seraph", "uv": [ 34.5, 1.5, 35.0, 2.0 ] },
						"east": { "texture": "#seraph", "uv": [ 36.0, 1.5, 36.5, 2.0 ], "enabled": false },
						"south": { "texture": "#seraph", "uv": [ 35.5, 1.5, 36.0, 2.0 ] },
						"west": { "texture": "#seraph", "uv": [ 35.0, 1.5, 35.5, 2.0 ] },
						"up": { "texture": "#seraph", "uv": [ 35.0, 1.0, 35.5, 1.5 ], "rotation": 90 },
						"down": { "texture": "#seraph", "uv": [ 35.0, 2.0, 35.5, 2.5 ], "rotation": 90 }
					},
					"children": [
						{
							"name": "R eyebrow 2",
							"from": [ 0.0, 0.0, -0.7 ], 
							"to": [ 0.1, 0.3, 0.1 ], 
							"unwrapMode": 4,
							"uv": [ 37.5, 2.0 ],
							"rotationOrigin": [ 0.0, 0.0, 0.2 ],
							"rotationX": -2.0,
							"rotationZ": -1.0,
							"faces": {
								"north": { "texture": "#seraph", "uv": [ 37.5, 2.5, 38.0, 3.0 ] },
								"east": { "texture": "#seraph", "uv": [ 39.0, 2.5, 39.5, 3.0 ], "enabled": false },
								"south": { "texture": "#seraph", "uv": [ 38.5, 2.5, 39.0, 3.0 ] },
								"west": { "texture": "#seraph", "uv": [ 38.0, 2.5, 38.5, 3.0 ] },
								"up": { "texture": "#seraph", "uv": [ 38.0, 2.0, 38.5, 2.5 ], "rotation": 90 },
								"down": { "texture": "#seraph", "uv": [ 38.0, 3.0, 38.5, 3.5 ], "rotation": 90 }
							}
						}
					]
				},
				{
					"name": "L eyebrow 1",
					"from": [ -0.1, 2.9, 2.8 ], 
					"to": [ 0.0, 3.2, 3.7 ], 
					"unwrapMode": 4,
					"uv": [ 35.5, 2.0 ],
					"rotationOrigin": [ -0.1, 2.9, 2.8 ],
					"rotationX": -1.0,
					"faces": {
						"north": { "texture": "#seraph", "uv": [ 35.5, 2.5, 36.0, 3.0 ] },
						"east": { "texture": "#seraph", "uv": [ 37.0, 2.5, 37.5, 3.0 ], "enabled": false },
						"south": { "texture": "#seraph", "uv": [ 36.5, 2.5, 37.0, 3.0 ] },
						"west": { "texture": "#seraph", "uv": [ 36.0, 2.5, 36.5, 3.0 ] },
						"up": { "texture": "#seraph", "uv": [ 36.0, 2.0, 36.5, 2.5 ], "rotation": 90 },
						"down": { "texture": "#seraph", "uv": [ 36.0, 3.0, 36.5, 3.5 ], "rotation": 90 }
					},
					"children": [
						{
							"name": "L eyebrow 2",
							"from": [ 0.0, 0.0, 0.8 ], 
							"to": [ 0.1, 0.3, 1.5 ], 
							"unwrapMode": 4,
							"uv": [ 40.5, 1.0 ],
							"rotationOrigin": [ 0.0, 0.0, 0.8 ],
							"rotationX": 1.0,
							"rotationZ": -1.0,
							"faces": {
								"north": { "texture": "#seraph", "uv": [ 40.5, 1.5, 41.0, 2.0 ] },
								"east": { "texture": "#seraph", "uv": [ 42.0, 1.5, 42.5, 2.0 ], "enabled": false },
								"south": { "texture": "#seraph", "uv": [ 41.5, 1.5, 42.0, 2.0 ] },
								"west": { "texture": "#seraph", "uv": [ 41.0, 1.5, 41.5, 2.0 ] },
								"up": { "texture": "#seraph", "uv": [ 41.0, 1.0, 41.5, 1.5 ], "rotation": 90 },
								"down": { "texture": "#seraph", "uv": [ 41.0, 2.0, 41.5, 2.5 ], "rotation": 90 }
							}
						}
					]
				},
				{
					"name": "mouth",
					"from": [ -0.1, 0.6, 2.0 ], 
					"to": [ 0.0, 0.9, 3.0 ], 
					"unwrapMode": 4,
					"uv": [ 39.0, 0.5 ],
					"rotationOrigin": [ -0.1, 0.6, 2.5 ],
					"faces": {
						"north": { "texture": "#seraph", "uv": [ 39.0, 1.0, 39.5, 1.5 ] },
						"east": { "texture": "#seraph", "uv": [ 41.0, 1.0, 42.0, 1.5 ], "enabled": false },
						"south": { "texture": "#seraph", "uv": [ 40.5, 1.0, 41.0, 1.5 ] },
						"west": { "texture": "#seraph", "uv": [ 39.5, 1.0, 40.5, 1.5 ] },
						"up": { "texture": "#seraph", "uv": [ 39.5, 0.5, 40.5, 1.0 ], "rotation": 90 },
						"down": { "texture": "#seraph", "uv": [ 39.5, 1.5, 40.5, 2.0 ], "rotation": 90 }
					},
					"children": [
						{
							"name": "mouth L",
							"from": [ 0.05, 0.01, -0.5 ], 
							"to": [ 0.15, 0.31, 0.5 ], 
							"unwrapMode": 4,
							"uv": [ 31.0, 1.0 ],
							"rotationOrigin": [ 0.05, 0.0, 0.5 ],
							"faces": {
								"north": { "texture": "#seraph", "uv": [ 31.0, 1.5, 31.5, 2.0 ] },
								"east": { "texture": "#seraph", "uv": [ 33.0, 1.5, 34.0, 2.0 ], "enabled": false },
								"south": { "texture": "#seraph", "uv": [ 32.5, 1.5, 33.0, 2.0 ] },
								"west": { "texture": "#seraph", "uv": [ 31.5, 1.5, 32.5, 2.0 ] },
								"up": { "texture": "#seraph", "uv": [ 31.5, 1.0, 32.5, 1.5 ], "rotation": 90 },
								"down": { "texture": "#seraph", "uv": [ 31.5, 2.0, 32.5, 2.5 ], "rotation": 90 }
							}
						},
						{
							"name": "mouth R",
							"from": [ 0.05, 0.01, 0.5 ], 
							"to": [ 0.15, 0.31, 1.5 ], 
							"unwrapMode": 4,
							"uv": [ 28.0, 0.0 ],
							"rotationOrigin": [ 0.05, 0.0, 0.5 ],
							"faces": {
								"north": { "texture": "#seraph", "uv": [ 28.0, 0.5, 28.5, 1.0 ] },
								"east": { "texture": "#seraph", "uv": [ 30.0, 0.5, 31.0, 1.0 ], "enabled": false },
								"south": { "texture": "#seraph", "uv": [ 29.5, 0.5, 30.0, 1.0 ] },
								"west": { "texture": "#seraph", "uv": [ 28.5, 0.5, 29.5, 1.0 ] },
								"up": { "texture": "#seraph", "uv": [ 28.5, 0.0, 29.5, 0.5 ], "rotation": 90 },
								"down": { "texture": "#seraph", "uv": [ 28.5, 1.0, 29.5, 1.5 ], "rotation": 90 }
							}
						}
					]
				},
				{
					"name": "eyelid r",
					"from": [ -0.1, 2.7, 0.85 ], 
					"to": [ 0.0, 2.85, 2.1 ], 
					"unwrapMode": 4,
					"uv": [ 32.5, 0.0 ],
					"rotationOrigin": [ -0.1, 2.7, 2.15 ],
					"rotationX": 1.0,
					"faces": {
						"north": { "texture": "#seraph", "uv": [ 32.5, 0.5, 33.0, 1.0 ] },
						"east": { "texture": "#seraph", "uv": [ 34.5, 0.5, 35.5, 1.0 ], "enabled": false },
						"south": { "texture": "#seraph", "uv": [ 34.0, 0.5, 34.5, 1.0 ] },
						"west": { "texture": "#seraph", "uv": [ 33.0, 0.5, 34.0, 1.0 ] },
						"up": { "texture": "#seraph", "uv": [ 33.0, 0.0, 34.0, 0.5 ], "rotation": 90 },
						"down": { "texture": "#seraph", "uv": [ 33.0, 1.0, 34.0, 1.5 ], "rotation": 90 }
					}
				},
				{
					"name": "eyelid l",
					"from": [ -0.1, 2.7, 2.9 ], 
					"to": [ 0.0, 2.85, 4.15 ], 
					"unwrapMode": 4,
					"uv": [ 30.0, 0.0 ],
					"rotationOrigin": [ -0.1, 2.7, 2.95 ],
					"rotationX": -1.0,
					"faces": {
						"north": { "texture": "#seraph", "uv": [ 30.0, 0.5, 30.5, 1.0 ] },
						"east": { "texture": "#seraph", "uv": [ 32.0, 0.5, 33.0, 1.0 ], "enabled": false },
						"south": { "texture": "#seraph", "uv": [ 31.5, 0.5, 32.0, 1.0 ] },
						"west": { "texture": "#seraph", "uv": [ 30.5, 0.5, 31.5, 1.0 ] },
						"up": { "texture": "#seraph", "uv": [ 30.5, 0.0, 31.5, 0.5 ], "rotation": 90 },
						"down": { "texture": "#seraph", "uv": [ 30.5, 1.0, 31.5, 1.5 ], "rotation": 90 }
					}
				}
			],
			"attachmentpoints": [
				{
					"code": "Eyes",
					"posX": "1.3","posY": "3.5","posZ": "2.5",
					"rotationX": "0.0","rotationY": "-90.0","rotationZ": "0.0"
				}
			]
		}
	],
	"animations": [
		{
			"name": "Walk",
			"code": "walk",
			"quantityframes": 25,
			"onActivityStopped": "EaseOut",
			"onAnimationEnd": "Repeat",
			"keyframes": [

			]
		},

		{
			"name": "Sprint",
			"code": "sprint",
			"quantityframes": 24,
			"onActivityStopped": "EaseOut",
			"onAnimationEnd": "Repeat",
			"keyframes": [

			]
		},

		{
			"name": "Jump",
			"code": "jump",
			"quantityframes": 20,
			"onActivityStopped": "PlayTillEnd",
			"onAnimationEnd": "Hold",
			"keyframes": [

			]
		},

		{
			"name": "Glide",
			"code": "glide",
			"quantityframes": 40,
			"onActivityStopped": "PlayTillEnd",
			"onAnimationEnd": "Repeat",
			"keyframes": [

			]
		},

		{
			"name": "Land",
			"code": "land",
			"quantityframes": 15,
			"onActivityStopped": "Rewind",
			"onAnimationEnd": "Hold",
			"keyframes": [

			]
		},

		{
			"name": "HeavyImpact",
			"code": "heavyimpact",
			"quantityframes": 42,
			"onActivityStopped": "Rewind",
			"onAnimationEnd": "Hold",
			"keyframes": [

			]
		},

		{
			"name": "SneakWalk",
			"code": "sneakwalk",
			"quantityframes": 40,
			"onActivityStopped": "Rewind",
			"onAnimationEnd": "Repeat",
			"keyframes": [

			]
		},

		{
			"name": "SneakIdle",
			"code": "sneakidle",
			"quantityframes": 35,
			"onActivityStopped": "Rewind",
			"onAnimationEnd": "Repeat",
			"keyframes": [

			]
		},

		{
			"name": "Swim",
			"code": "swim",
			"quantityframes": 55,
			"onActivityStopped": "EaseOut",
			"onAnimationEnd": "Repeat",
			"keyframes": [

			]
		},

		{
			"name": "SwimIdle",
			"code": "swimidle",
			"quantityframes": 55,
			"onActivityStopped": "EaseOut",
			"onAnimationEnd": "Repeat",
			"keyframes": [

			]
		},

		{
			"name": "Idle1",
			"code": "idle1",
			"quantityframes": 50,
			"onActivityStopped": "Rewind",
			"onAnimationEnd": "Repeat",
			"keyframes": [

			]
		},

		{
			"name": "Idle2",
			"code": "idle2",
			"quantityframes": 30,
			"onActivityStopped": "Rewind",
			"onAnimationEnd": "Repeat",
			"keyframes": [

			]
		},

		{
			"name": "Idle3",
			"code": "idle3",
			"quantityframes": 30,
			"onActivityStopped": "Rewind",
			"onAnimationEnd": "Repeat",
			"keyframes": [

			]
		},

		{
			"name": "Eat",
			"code": "eat",
			"quantityframes": 30,
			"onActivityStopped": "EaseOut",
			"onAnimationEnd": "Stop",
			"keyframes": [

			]
		},

		{
			"name": "Bowl Eat",
			"code": "bowleat",
			"quantityframes": 30,
			"onActivityStopped": "PlayTillEnd",
			"onAnimationEnd": "Stop",
			"keyframes": [

			]
		},

		{
			"name": "Hit",
			"code": "hit",
			"quantityframes": 15,
			"onActivityStopped": "PlayTillEnd",
			"onAnimationEnd": "Stop",
			"keyframes": [

			]
		},

		{
			"name": "SwordHit",
			"code": "swordhit",
			"quantityframes": 20,
			"onActivityStopped": "PlayTillEnd",
			"onAnimationEnd": "Repeat",
			"keyframes": [

			]
		},

		{
			"name": "BowHit",
			"code": "bowhit",
			"quantityframes": 14,
			"onActivityStopped": "PlayTillEnd",
			"onAnimationEnd": "Stop",
			"keyframes": [

			]
		},

		{
			"name": "BowAim",
			"code": "bowaim",
			"quantityframes": 16,
			"onActivityStopped": "PlayTillEnd",
			"onAnimationEnd": "Hold",
			"keyframes": [

			]
		},

		{
			"name": "Throw",
			"code": "throw",
			"quantityframes": 15,
			"onActivityStopped": "PlayTillEnd",
			"onAnimationEnd": "Stop",
			"keyframes": [

			]
		},

		{
			"name": "ThrowAim",
			"code": "throwaim",
			"quantityframes": 10,
			"onActivityStopped": "PlayTillEnd",
			"onAnimationEnd": "Hold",
			"keyframes": [

			]
		},

		{
			"name": "SitDown",
			"code": "sitdown",
			"quantityframes": 26,
			"onActivityStopped": "PlayTillEnd",
			"onAnimationEnd": "Stop",
			"keyframes": [

			]
		},

		{
			"name": "SitIdle",
			"code": "sitidle",
			"quantityframes": 60,
			"onActivityStopped": "Rewind",
			"onAnimationEnd": "Repeat",
			"keyframes": [

			]
		},

		{
			"name": "SitIdle2",
			"code": "sitidle2",
			"quantityframes": 60,
			"onActivityStopped": "Rewind",
			"onAnimationEnd": "Repeat",
			"keyframes": [

			]
		},

		{
			"name": "LieDown",
			"code": "liedown",
			"quantityframes": 30,
			"onActivityStopped": "EaseOut",
			"onAnimationEnd": "Stop",
			"keyframes": [

			]
		},

		{
			"name": "Lie",
			"code": "lie",
			"quantityframes": 50,
			"onActivityStopped": "EaseOut",
			"onAnimationEnd": "Repeat",
			"keyframes": [

			]
		},

		{
			"name": "Die",
			"code": "die",
			"quantityframes": 120,
			"onActivityStopped": "Stop",
			"onAnimationEnd": "Hold",
			"keyframes": [

			]
		},

		{
			"name": "Smithing",
			"code": "smithing",
			"quantityframes": 30,
			"onActivityStopped": "EaseOut",
			"onAnimationEnd": "Repeat",
			"keyframes": [

			]
		},

		{
			"name": "BreakHand",
			"code": "breakhand",
			"quantityframes": 30,
			"onActivityStopped": "EaseOut",
			"onAnimationEnd": "Repeat",
			"keyframes": [

			]
		},

		{
			"name": "BreakTool",
			"code": "breaktool",
			"quantityframes": 30,
			"onActivityStopped": "EaseOut",
			"onAnimationEnd": "Repeat",
			"keyframes": [

			]
		},

		{
			"name": "PlaceBlock",
			"code": "placeblock",
			"quantityframes": 20,
			"onActivityStopped": "PlayTillEnd",
			"onAnimationEnd": "Repeat",
			"keyframes": [

			]
		},

		{
			"name": "LadderUp",
			"code": "ladderup",
			"quantityframes": 30,
			"onActivityStopped": "Rewind",
			"onAnimationEnd": "Repeat",
			"keyframes": [

			]
		},

		{
			"name": "LadderIdle",
			"code": "ladderidle",
			"quantityframes": 20,
			"onActivityStopped": "Rewind",
			"onAnimationEnd": "Repeat",
			"keyframes": [

			]
		},

		{
			"name": "LadderDown",
			"code": "ladderdown",
			"quantityframes": 30,
			"onActivityStopped": "Rewind",
			"onAnimationEnd": "Repeat",
			"keyframes": [

			]
		},

		{
			"name": "SitFloorIdle",
			"code": "sitflooridle",
			"quantityframes": 30,
			"onActivityStopped": "EaseOut",
			"onAnimationEnd": "Repeat",
			"keyframes": [

			]
		},

		{
			"name": "SitDownFloor",
			"code": "sitdownfloor",
			"quantityframes": 20,
			"onActivityStopped": "PlayTillEnd",
			"onAnimationEnd": "Hold",
			"keyframes": [

			]
		},

		{
			"name": "WalkRight",
			"code": "walkright",
			"quantityframes": 52,
			"onActivityStopped": "Rewind",
			"onAnimationEnd": "Repeat",
			"keyframes": [

			]
		},

		{
			"name": "WalkLeft",
			"code": "walkleft",
			"quantityframes": 52,
			"onActivityStopped": "Rewind",
			"onAnimationEnd": "Repeat",
			"keyframes": [

			]
		},

		{
			"name": "WalkBack",
			"code": "walkback",
			"quantityframes": 25,
			"onActivityStopped": "Rewind",
			"onAnimationEnd": "Repeat",
			"keyframes": [

			]
		},

		{
			"name": "Hurt",
			"code": "hurt",
			"quantityframes": 30,
			"onActivityStopped": "PlayTillEnd",
			"onAnimationEnd": "Stop",
			"keyframes": [

			]
		},

		{
			"name": "LowHealth",
			"code": "lowhealth",
			"quantityframes": 50,
			"onActivityStopped": "Rewind",
			"onAnimationEnd": "Repeat",
			"keyframes": [

			]
		},

		{
			"name": "AxeChop",
			"code": "axechop",
			"quantityframes": 34,
			"onActivityStopped": "Rewind",
			"onAnimationEnd": "Repeat",
			"keyframes": [

			]
		},

		{
			"name": "KnockbackHit",
			"code": "knockbackhit",
			"quantityframes": 12,
			"onActivityStopped": "Rewind",
			"onAnimationEnd": "Repeat",
			"keyframes": [

			]
		},

		{
			"name": "KnockbackMidair",
			"code": "knockbackmidair",
			"quantityframes": 20,
			"onActivityStopped": "Rewind",
			"onAnimationEnd": "Repeat",
			"keyframes": [

			]
		},

		{
			"name": "KnockbackLand",
			"code": "knockbackland",
			"quantityframes": 90,
			"onActivityStopped": "Rewind",
			"onAnimationEnd": "Repeat",
			"keyframes": [

			]
		},

		{
			"name": "SwordHit2",
			"code": "swordhit2",
			"quantityframes": 20,
			"onActivityStopped": "Rewind",
			"onAnimationEnd": "Repeat",
			"keyframes": [

			]
		},

		{
			"name": "HurtPose",
			"code": "hurtpose",
			"quantityframes": 30,
			"onActivityStopped": "Rewind",
			"onAnimationEnd": "Repeat",
			"keyframes": [

			]
		},

		{
			"name": "Holding large animal",
			"code": "holdunderarm",
			"quantityframes": 30,
			"onActivityStopped": "EaseOut",
			"onAnimationEnd": "Repeat",
			"keyframes": [

			]
		},

		{
			"name": "Holding with both hands",
			"code": "holdbothhands",
			"quantityframes": 30,
			"onActivityStopped": "EaseOut",
			"onAnimationEnd": "Repeat",
			"keyframes": [

			]
		},

		{
			"name": "Holding with both hands (large object)",
			"code": "holdbothhandslarge",
			"quantityframes": 30,
			"onActivityStopped": "EaseOut",
			"onAnimationEnd": "Repeat",
			"keyframes": [

			]
		},

		{
			"name": "ShovelDig",
			"code": "shoveldig",
			"quantityframes": 30,
			"onActivityStopped": "EaseOut",
			"onAnimationEnd": "Repeat",
			"keyframes": [

			]
		},

		{
			"name": "SpearHit",
			"code": "spearhit",
			"quantityframes": 37,
			"onActivityStopped": "EaseOut",
			"onAnimationEnd": "Repeat",
			"keyframes": [

			]
		},

		{
			"name": "Scythe",
			"code": "scythe",
			"quantityframes": 30,
			"onActivityStopped": "EaseOut",
			"onAnimationEnd": "Repeat",
			"keyframes": [

			]
		},

		{
			"name": "Scythe-IFP",
			"code": "scythe-ifp",
			"quantityframes": 30,
			"onActivityStopped": "EaseOut",
			"onAnimationEnd": "Repeat",
			"keyframes": [

			]
		},

		{
			"name": "Shears",
			"code": "shears",
			"quantityframes": 30,
			"onActivityStopped": "EaseOut",
			"onAnimationEnd": "Repeat",
			"keyframes": [

			]
		},

		{
			"name": "Knap",
			"code": "knap",
			"quantityframes": 15,
			"onActivityStopped": "EaseOut",
			"onAnimationEnd": "Repeat",
			"keyframes": [

			]
		},

		{
			"name": "Knap-IFP",
			"code": "knap-ifp",
			"quantityframes": 15,
			"onActivityStopped": "EaseOut",
			"onAnimationEnd": "Repeat",
			"keyframes": [

			]
		},

		{
			"name": "Knap Sitting",
			"code": "knapsitting",
			"quantityframes": 15,
			"onActivityStopped": "EaseOut",
			"onAnimationEnd": "Repeat",
			"keyframes": [

			]
		},

		{
			"name": "NewJump",
			"code": "newjump",
			"quantityframes": 20,
			"onActivityStopped": "EaseOut",
			"onAnimationEnd": "Repeat",
			"keyframes": [

			]
		},

		{
			"name": "Talk",
			"code": "talk",
			"quantityframes": 45,
			"onActivityStopped": "EaseOut",
			"onAnimationEnd": "Stop",
			"keyframes": [

			]
		},

		{
			"name": "Holding lantern left hand",
			"code": "holdinglanternlefthand",
			"quantityframes": 30,
			"onActivityStopped": "Rewind",
			"onAnimationEnd": "Repeat",
			"keyframes": [

			]
		},

		{
			"name": "Holding lantern right hand",
			"code": "holdinglanternrighthand",
			"quantityframes": 30,
			"onActivityStopped": "Rewind",
			"onAnimationEnd": "Repeat",
			"keyframes": [

			]
		},

		{
			"name": "Panning",
			"code": "panning",
			"quantityframes": 27,
			"onActivityStopped": "EaseOut",
			"onAnimationEnd": "Repeat",
			"keyframes": [

			]
		},

		{
			"name": "TwoHandPlaceBlock",
			"code": "twohandplaceblock",
			"quantityframes": 30,
			"onActivityStopped": "EaseOut",
			"onAnimationEnd": "Repeat",
			"keyframes": [

			]
		},

		{
			"name": "Drop",
			"code": "drop",
			"quantityframes": 30,
			"onActivityStopped": "PlayTillEnd",
			"onAnimationEnd": "Stop",
			"keyframes": [

			]
		},

		{
			"name": "Cheer",
			"code": "cheer",
			"quantityframes": 45,
			"onActivityStopped": "PlayTillEnd",
			"onAnimationEnd": "Stop",
			"keyframes": [

			]
		},

		{
			"name": "Wave",
			"code": "wave",
			"quantityframes": 80,
			"onActivityStopped": "PlayTillEnd",
			"onAnimationEnd": "Stop",
			"keyframes": [

			]
		},

		{
			"name": "Shrug",
			"code": "shrug",
			"quantityframes": 50,
			"onActivityStopped": "PlayTillEnd",
			"onAnimationEnd": "Stop",
			"keyframes": [

			]
		},

		{
			"name": "Cry",
			"code": "cry",
			"quantityframes": 75,
			"onActivityStopped": "PlayTillEnd",
			"onAnimationEnd": "Stop",
			"keyframes": [

			]
		},

		{
			"name": "Nod",
			"code": "nod",
			"quantityframes": 60,
			"onActivityStopped": "PlayTillEnd",
			"onAnimationEnd": "Stop",
			"keyframes": [

			]
		},

		{
			"name": "Water",
			"code": "water",
			"quantityframes": 50,
			"onActivityStopped": "EaseOut",
			"onAnimationEnd": "Repeat",
			"keyframes": [

			]
		},

		{
			"name": "Hoe",
			"code": "hoe",
			"quantityframes": 40,
			"onActivityStopped": "EaseOut",
			"onAnimationEnd": "Repeat",
			"keyframes": [

			]
		},

		{
			"name": "Hoe-IFP",
			"code": "hoe-ifp",
			"quantityframes": 40,
			"onActivityStopped": "EaseOut",
			"onAnimationEnd": "Repeat",
			"keyframes": [

			]
		},

		{
			"name": "Facepalm",
			"code": "facepalm",
			"quantityframes": 60,
			"onActivityStopped": "PlayTillEnd",
			"onAnimationEnd": "Stop",
			"keyframes": [

			]
		},

		{
			"name": "Bow",
			"code": "bow",
			"quantityframes": 60,
			"onActivityStopped": "PlayTillEnd",
			"onAnimationEnd": "Stop",
			"keyframes": [

			]
		},

		{
			"name": "Laugh",
			"code": "laugh",
			"quantityframes": 60,
			"onActivityStopped": "PlayTillEnd",
			"onAnimationEnd": "Stop",
			"keyframes": [

			]
		},

		{
			"name": "Rage",
			"code": "rage",
			"quantityframes": 40,
			"onActivityStopped": "PlayTillEnd",
			"onAnimationEnd": "Stop",
			"keyframes": [

			]
		},

		{
			"name": "Respawn",
			"code": "respawn",
			"quantityframes": 120,
			"onActivityStopped": "Stop",
			"onAnimationEnd": "Hold",
			"keyframes": [

			]
		},

		{
			"name": "Longblade",
			"code": "longblade",
			"quantityframes": 30,
			"onActivityStopped": "PlayTillEnd",
			"onAnimationEnd": "Repeat",
			"keyframes": [

			]
		}
	]
}