﻿[
  {
    "op": "addmerge",
    "path": "/attributesByType/*-sunflower",
    "value": {
      "nutritionPropsWhenInMeal": {
        "satiety": 240,
        "foodcategory": "Grain"
      },
      "juiceableProperties": {
        "litresPerItem": 0.078125,
        "liquidStack": {
          "type": "item",
          "code": "expandedfoods:foodoilportion-sunflower",
          "stacksize": 1
        },
        "pressedStack": {
          "type": "item",
          "code": "game:pressedmash-sunflower",
          "stacksize": 1
        }
      }
    },
    "side": "server",
    "file": "game:itemtypes/food/grain.json"
  },
  {
    "op": "addmerge",
    "path": "/attributesByType/*-flax/juiceableProperties",
    "value": {
      "litresPerItem": 0.078125,
      "liquidStack": {
        "type": "item",
        "code": "expandedfoods:foodoilportion-flax",
        "stacksize": 1
      },
      "pressedStack": {
        "type": "item",
        "code": "game:pressedmash-flax",
        "stacksize": 1
      }
    },
    "side": "server",
    "file": "game:itemtypes/food/grain.json"
  },
  {
    "op": "addmerge",
    "path": "/attributesByType/*-rice/juiceableProperties",
    "value": {
      "litresPerItem": 0.078125,
      "liquidStack": {
        "type": "item",
        "code": "expandedfoods:foodoilportion-rice",
        "stacksize": 1
      },
      "pressedStack": {
        "type": "item",
        "code": "game:pressedmash-rice",
        "stacksize": 1
      }
    },
    "side": "server",
    "file": "game:itemtypes/food/grain.json"
  },
  {
    "op": "move",
    "path": "/temp",
    "frompath": "/attributesByType/*",
    "side": "server",
    "file": "game:itemtypes/food/grain.json"
  },
  {
    "op": "move",
    "path": "/attributesByType/*",
    "frompath": "/temp",
    "side": "server",
    "file": "game:itemtypes/food/grain.json"
  },
]