[
  {
    "op": "addmerge",
    "path": "/attributes/sapPropertiesByType",
    "value": {
      "log-grown-birch-ud": {
        "sap": "expandedfoods:birchsapportion",
        "dripCount": 1,
        "dripChance": 1,
        "dripTime": 1,
        "seasons": [
          6,
          5,
          4
        ]
      },
      "log-grown-pine-ud": {
        "sap": "expandedfoods:softresin",
        "dripCount": 1,
        "dripChance": 1,
        "dripTime": 3,
        "seasons": [
          11,
          10,
          9,
          8,
          7,
          6,
          5,
          4,
          3
        ]
      },
      "log-grown-acacia-ud": {
        "sap": "expandedfoods:softresin",
        "dripCount": 1,
        "dripChance": 1,
        "dripTime": 1,
        "seasons": [
          9,
          8,
          7,
          6,
          5,
          4,
        ]
      },
      "log-grown-maple-ud": {
        "sap": "expandedfoods:maplesapportion",
        "dripCount": 1,
        "dripChance": 1,
        "dripTime": 1,
        "seasons": [
          1,
          2,
          3
        ]
      }
    },
    "side": "server",
    "file": "game:blocktypes/wood/woodtyped/log.json"
  }
]