{
	code: "chiseledbarrel",
	class: "BlockBarrel",
	entityClass: "BEDecoBarrel",
	behaviors: [{"name": "BBBarrelCover"} ],
  entityBehaviors: [{"name": "BEBBarrelCover"}],
	shape: { base: "game:block/wood/barrel/empty" },
	creativeinventory: { "general": ["*"],"chiseltools": ["*"] },
	blockmaterial: "Wood",
	replaceable: 900,
	resistance: 1.5,
	maxStackSize: 1,
	lightAbsorption: 1,
	textures: {
		"lid": { base: "game:block/wood/barrel/lid" }
	},
	attributes: {
		partialAttachable: true,
		capacityLitres: 50
	},
	sideao: {
		all: false
	},
	sidesolid: {
		all: true
	},
	emitsideao: {
		all: false
	},
	sideopaque: {
		all: false
	},
	collisionbox: {
		x1: 0, y1: 0, z1: 0,
		x2: 1, y2: 0.9375, z2: 1
	},
	selectionbox: {
		x1: 0, y1: 0, z1: 0, 
		x2: 1, y2: 0.9375, z2: 1
	},
	combustibleProps: {
		burnTemperature: 600,
		burnDuration: 20,
	},
	sounds: {
		"place": "block/planks",
		"hit": "block/planks",
		"break": "block/planks",
		"walk": "walk/wood"
	},
	materialDensity: 600,
	heldTpIdleAnimation: "holdbothhandslarge", heldRightReadyAnimation: "heldblockready", heldTpUseAnimation: "twohandplaceblock",
	tpHandTransform: {
		translation: { x: -1.7, y: -0.95, z: -0.69 },
		rotation: { x: 12, y: 14, z: -81 },
		scale: 0.36
	}
}