{
	code: "strongspiritportion",
	class: "TransLiquid",
	matterState: "liquid",
	variantgroups: [
		{
			code: "type",
			loadFromProperties: "block/fruit",
			states: [ "apple", "mead", "spelt", "rice", "rye", "amaranth", "cassava" ]
		},
	],
	skipVariants: ["*-pinkapple", "*-redapple", "*-yellowapple", "*-olive"],
	attributes: {
		handbook: {
			ignoreCreativeInvStacks: true
		},
		distillationProps: {
			distilledStack: { type: "item", code: "game:alcoholportion" },
			ratio: 0.75
		},
		"inBowlShape": { "base": "game:block/food/meal/liquid" },
		nutritionPropsWhenInMeal: { satiety: 270, health: 0.5, foodcategory: "NoNutrition" },
		waterTightContainerProps: {
			containable: true,
			itemsPerLitre: 100,
			texturebytype: {
				"*-mead": { base: "game:block/liquid/honey", alpha: 120, overlays: ["game:item/liquid/syrupmead"] },
				"*-spelt": { base: "game:block/food/pie/fill-fish", alpha: 120, overlays: ["game:item/liquid/syrup"] },
				"*-rice": { base: "game:block/food/dairy/milk", alpha: 120, overlays: ["game:item/liquid/syrup"] },
				"*-rye": { base: "game:block/food/pie/fill-gooseberry", alpha: 120, overlays: ["game:item/liquid/syrup"] },
				"*-amaranth": { base: "game:block/food/pie/fill-poultry", alpha: 120, overlays: ["game:item/liquid/syrup"] },
				"*-cassava": { base: "game:block/food/pie/fill-cassava", alpha: 120, overlays: ["game:item/liquid/syrup"] },
				"*-breadfruit": { base: "game:block/food/pie/fill-breadfruit", alpha: 120, overlays: ["game:item/liquid/syrup"] },
				"*": { base: "game:block/food/pie/fill-{type}", alpha: 120, overlays: ["game:item/liquid/syrup"] }
			},
			allowSpill: true,
			whenSpilled: {
				action: "DropContents",
				stack: { type: "item", code: "expandedfoods:strongspiritportion-{type}" }
			},
			nutritionPropsPerLitre: {
				saturation: 180,
				"intoxication": 2.0,
				"health": 0.5,
				foodcategory: "NoNutrition"
			},
		}
	},
	transitionableProps: [{
    	type: "Cure",
    	freshHours: { avg: 1344 },
    	transitionHours: { avg: 4032 },
    	transitionedStack: { type: "item", code: "expandedfoods:potentspiritportion-{type}" },
    	transitionRatio: 1
  	}],
	shape: { base: "game:item/liquid" },
	texturebytype: {
		"*-mead": { base: "game:block/liquid/honey", alpha: 120, overlays: ["game:item/liquid/syrupmead"] },
		"*-spelt": { base: "game:block/food/pie/fill-fish", alpha: 120, overlays: ["game:item/liquid/syrup"] },
		"*-rice": { base: "game:block/food/dairy/milk", alpha: 120, overlays: ["game:item/liquid/syrup"] },
		"*-rye": { base: "game:block/food/pie/fill-gooseberry", alpha: 120, overlays: ["game:item/liquid/syrup"] },
		"*-amaranth": { base: "game:block/food/pie/fill-poultry", alpha: 120, overlays: ["game:item/liquid/syrup"] },
		"*-cassava": { base: "game:block/food/pie/fill-cassava", alpha: 120, overlays: ["game:item/liquid/syrup"] },
		"*-breadfruit": { base: "game:block/food/pie/fill-breadfruit", alpha: 120, overlays: ["game:item/liquid/syrup"] },
		"*": { base: "game:block/food/pie/fill-{type}", alpha: 120, overlays: ["game:item/liquid/syrup"] }
	},
	creativeinventoryStacks: [ { tabs: ["general", "liquids", "expandedfoods"], stacks: [ { type: "block", code: "game:woodbucket", attributes: { ucontents: [ { type:"item", code: "expandedfoods:strongspiritportion-{type}", makefull: true } ] } } ] } ],
	maxstacksize: 5000,
	materialDensity: 200,
	nutritionProps: { saturation: 1.8, health: 0.005, foodcategory: "NoNutrition" },
	guiTransform: {
		rotation: { x: 128, y: 40, z: 7 },
		origin: { x: 0.5, y: 0, z: 0.5 },
		scale: 1.4
	},
	tpHandTransform: {
		translation: { x: -1.5, y: -1, z: -1.4 },
	},
}
