{
	code: "dummyarrow",
	class: "EntityProjectile",
	variantgroups: [
		{ code: "material", states: ["crude", "flint", "copper", "tinbronze", "bismuthbronze", "blackbronze", "gold", "silver", "iron", "steel", "meteoriciron" ] },
	],
	hitboxSize: { x: 0.125, y: 0.125 },
	client: {
		size: 0.75,
		renderer: "Shape",
		shapeByType: { 
			"dummyarrow-crude": { base: "entity/arrow/crude" },
			"dummyarrow-flint": { base: "entity/arrow/stone" },
			"dummyarrow-gold": { base: "entity/arrow/gold" },
			"dummyarrow-silver": { base: "entity/arrow/silver" },
			"*": { base: "entity/arrow/copper" }
		},
		texturesByType: {
			"dummyarrow-crude": {

			},
			"dummyarrow-flint": {
				"material": { base: "block/stone/flint" }
			},
			"*": {
				"material": { base: "block/metal/ingot/{material}" }
			}
		},
		behaviors: [
			{ code: "passivephysics",
				groundDragFactor: 1,
				airDragFactor: 0.0,
				gravityFactor: 1.0
			}, 
			{ code: "interpolateposition" }
		],
	},
	server: {
		behaviors: [
			{ 
				code: "passivephysics",
				groundDragFactor: 1,
				airDragFactor: 0.0,
				gravityFactor: 1.0
			}, 
			{ code: "despawn", minSeconds: 90 }
		],
	},
	sounds: {
	}
}