{
	"editor": {
		"allAngles": true,
		"entityTextureMode": false
	},
	"textureWidth": 16,
	"textureHeight": 16,
	"textureSizes": {
	},
	"textures": {
		"corroded helmet": "entity/humanoid/seraphclothes/face/corroded"
	},
	"elements": [
		{
			"name": "origin",
			"stepParentName": "Head",
			"from": [ -0.5, 2.5, 2.3 ],
			"to": [ -0.5, 2.5, 2.3 ],
			"rotationOrigin": [ -0.5, 2.5, 2.5 ],
			"rotationZ": -6.0,
			"faces": {
				"east": { "texture": "#corroded helmet", "uv": [ 0.0, 0.0, 0.5, 0.5 ] },
				"south": { "texture": "#corroded helmet", "uv": [ 0.0, 0.0, 0.5, 0.5 ] },
				"west": { "texture": "#corroded helmet", "uv": [ 0.0, 0.0, 0.5, 0.5 ] },
				"up": { "texture": "#corroded helmet", "uv": [ 0.0, 0.0, 0.5, 0.5 ] },
				"down": { "texture": "#corroded helmet", "uv": [ 0.0, 0.0, 0.5, 0.5 ] }
			},
			"children": [
				{
					"name": "L side",
					"from": [ -0.8, 0.0, -2.4 ],
					"to": [ -0.3, 2.5, 0.1 ],
					"rotationOrigin": [ -0.8, 2.5, 0.1 ],
					"rotationY": -15.0,
					"rotationZ": -4.0,
					"faces": {
						"north": { "texture": "#corroded helmet", "uv": [ 5.5, 1.0, 6.0, 3.5 ] },
						"east": { "texture": "#corroded helmet", "uv": [ 5.5, 1.0, 8.0, 3.5 ] },
						"south": { "texture": "#corroded helmet", "uv": [ 7.5, 1.0, 8.0, 3.5 ] },
						"west": { "texture": "#corroded helmet", "uv": [ 5.5, 1.0, 8.0, 3.5 ] },
						"up": { "texture": "#corroded helmet", "uv": [ 5.5, 0.5, 8.0, 1.0 ], "rotation": 90 },
						"down": { "texture": "#corroded helmet", "uv": [ 5.5, 3.0, 8.0, 3.5 ], "rotation": 90 }
					},
					"children": [
						{
							"name": "L side 1",
							"from": [ 0.1, 1.0, -0.3 ],
							"to": [ 4.1, 2.5, 0.2 ],
							"rotationOrigin": [ 0.1, 1.5, -0.3 ],
							"rotationY": 17.0,
							"rotationZ": -1.0,
							"faces": {
								"north": { "texture": "#corroded helmet", "uv": [ 1.5, 1.0, 5.5, 2.5 ] },
								"east": { "texture": "#corroded helmet", "uv": [ 1.5, 1.0, 2.0, 2.5 ] },
								"south": { "texture": "#corroded helmet", "uv": [ 6.5, 13.5, 10.5, 15.0 ] },
								"west": { "texture": "#corroded helmet", "uv": [ 5.0, 1.0, 5.5, 2.5 ] },
								"up": { "texture": "#corroded helmet", "uv": [ 1.5, 0.5, 5.5, 1.0 ] },
								"down": { "texture": "#corroded helmet", "uv": [ 1.5, 2.0, 5.5, 2.5 ] }
							}
						},
						{
							"name": "L side 17",
							"from": [ 0.2, 0.0, -0.3 ],
							"to": [ 2.7, 1.0, 0.2 ],
							"rotationOrigin": [ 0.2, 0.5, -0.2 ],
							"rotationY": 17.0,
							"rotationZ": -1.0,
							"faces": {
								"north": { "texture": "#corroded helmet", "uv": [ 3.0, 2.5, 5.5, 3.5 ] },
								"east": { "texture": "#corroded helmet", "uv": [ 3.0, 2.5, 3.5, 3.5 ] },
								"south": { "texture": "#corroded helmet", "uv": [ 6.5, 13.5, 9.0, 14.5 ] },
								"west": { "texture": "#corroded helmet", "uv": [ 5.0, 2.5, 5.5, 3.5 ] },
								"up": { "texture": "#corroded helmet", "uv": [ 3.0, 2.5, 5.5, 3.0 ] },
								"down": { "texture": "#corroded helmet", "uv": [ 3.0, 3.0, 5.5, 3.5 ] }
							}
						},
						{
							"name": "L side 20",
							"from": [ 0.2, -1.0, -0.2 ],
							"to": [ 1.7, 0.0, 0.3 ],
							"rotationOrigin": [ 0.2, -0.5, -0.1 ],
							"rotationY": 17.0,
							"rotationZ": -1.0,
							"faces": {
								"north": { "texture": "#corroded helmet", "uv": [ 4.0, 3.5, 5.5, 4.5 ] },
								"east": { "texture": "#corroded helmet", "uv": [ 4.0, 3.5, 4.5, 4.5 ] },
								"south": { "texture": "#corroded helmet", "uv": [ 6.5, 13.5, 8.0, 14.5 ] },
								"west": { "texture": "#corroded helmet", "uv": [ 5.0, 3.5, 5.5, 4.5 ] },
								"up": { "texture": "#corroded helmet", "uv": [ 4.0, 3.5, 5.5, 4.0 ] },
								"down": { "texture": "#corroded helmet", "uv": [ 4.0, 4.0, 5.5, 4.5 ] }
							},
							"children": [
								{
									"name": "L ornament",
									"from": [ 1.0, -0.8, 0.1 ],
									"to": [ 1.5, 0.2, 0.3 ],
									"rotationOrigin": [ 1.0, 0.2, 0.1 ],
									"rotationZ": 52.0,
									"faces": {
										"north": { "texture": "#corroded helmet", "uv": [ 2.5, 13.5, 3.0, 14.5 ] },
										"east": { "texture": "#corroded helmet", "uv": [ 0.0, 0.0, 0.5, 1.0 ] },
										"south": { "texture": "#corroded helmet", "uv": [ 0.0, 0.0, 0.5, 1.0 ] },
										"west": { "texture": "#corroded helmet", "uv": [ 0.0, 0.0, 0.5, 1.0 ] },
										"up": { "texture": "#corroded helmet", "uv": [ 0.0, 0.0, 0.5, 0.5 ] },
										"down": { "texture": "#corroded helmet", "uv": [ 0.0, 0.0, 0.5, 0.5 ] }
									},
									"children": [
										{
											"name": "Cube1",
											"from": [ 0.2, -0.6, 0.0 ],
											"to": [ 0.7, 0.4, 0.2 ],
											"rotationOrigin": [ 0.2, 0.4, 0.0 ],
											"rotationX": 0.1,
											"rotationZ": -59.0,
											"faces": {
												"north": { "texture": "#corroded helmet", "uv": [ 1.5, 13.5, 2.0, 14.5 ] },
												"east": { "texture": "#corroded helmet", "uv": [ 0.0, 0.0, 0.5, 1.0 ] },
												"south": { "texture": "#corroded helmet", "uv": [ 0.0, 0.0, 0.5, 1.0 ] },
												"west": { "texture": "#corroded helmet", "uv": [ 0.0, 0.0, 0.5, 1.0 ] },
												"up": { "texture": "#corroded helmet", "uv": [ 0.0, 0.0, 0.5, 0.5 ] },
												"down": { "texture": "#corroded helmet", "uv": [ 0.0, 0.0, 0.5, 0.5 ] }
											}
										},
										{
											"name": "Cube25",
											"from": [ -0.5, -1.5, 0.0 ],
											"to": [ 0.0, 0.0, 0.2 ],
											"rotationOrigin": [ -0.5, 0.0, 0.0 ],
											"rotationZ": -78.0,
											"faces": {
												"north": { "texture": "#corroded helmet", "uv": [ 1.0, 14.5, 1.5, 16.0 ] },
												"east": { "texture": "#corroded helmet", "uv": [ 0.0, 0.0, 0.5, 1.5 ] },
												"south": { "texture": "#corroded helmet", "uv": [ 0.0, 0.0, 0.5, 1.5 ] },
												"west": { "texture": "#corroded helmet", "uv": [ 0.0, 0.0, 0.5, 1.5 ] },
												"up": { "texture": "#corroded helmet", "uv": [ 0.0, 0.0, 0.5, 0.5 ] },
												"down": { "texture": "#corroded helmet", "uv": [ 0.0, 0.0, 0.5, 0.5 ] }
											}
										}
									]
								},
								{
									"name": "L ornament26",
									"from": [ 2.0, 0.0, -0.1 ],
									"to": [ 2.5, 1.0, 0.1 ],
									"rotationOrigin": [ 2.0, 1.0, -0.1 ],
									"rotationZ": 76.0,
									"faces": {
										"north": { "texture": "#corroded helmet", "uv": [ 2.0, 9.5, 2.5, 10.5 ] },
										"east": { "texture": "#corroded helmet", "uv": [ 1.5, 6.5, 2.0, 7.5 ] },
										"south": { "texture": "#corroded helmet", "uv": [ 3.5, 0.0, 4.0, 1.0 ] },
										"west": { "texture": "#corroded helmet", "uv": [ 6.5, 13.0, 7.0, 14.0 ] },
										"up": { "texture": "#corroded helmet", "uv": [ 5.5, 6.0, 6.0, 6.5 ] },
										"down": { "texture": "#corroded helmet", "uv": [ 4.5, 2.5, 5.0, 3.0 ] }
									},
									"children": [
										{
											"name": "Cube27",
											"from": [ 0.2, -0.6, 0.0 ],
											"to": [ 0.7, 0.4, 0.2 ],
											"rotationOrigin": [ 0.2, 0.4, 0.0 ],
											"rotationY": -1.0,
											"rotationZ": -59.0,
											"faces": {
												"north": { "texture": "#corroded helmet", "uv": [ 0.0, 13.5, 0.5, 14.5 ] },
												"east": { "texture": "#corroded helmet", "uv": [ 10.0, 11.5, 10.5, 12.5 ] },
												"south": { "texture": "#corroded helmet", "uv": [ 8.5, 14.5, 9.0, 15.5 ] },
												"west": { "texture": "#corroded helmet", "uv": [ 5.5, 4.5, 6.0, 5.5 ] },
												"up": { "texture": "#corroded helmet", "uv": [ 13.0, 4.5, 13.5, 5.0 ] },
												"down": { "texture": "#corroded helmet", "uv": [ 0.5, 1.5, 1.0, 2.0 ] }
											}
										},
										{
											"name": "Cube28",
											"from": [ -0.7, -1.6, 0.0 ],
											"to": [ -0.2, -0.1, 0.2 ],
											"rotationOrigin": [ -0.7, -0.1, 0.0 ],
											"faces": {
												"north": { "texture": "#corroded helmet", "uv": [ 13.0, 7.0, 13.5, 8.5 ] },
												"east": { "texture": "#corroded helmet", "uv": [ 7.0, 1.5, 7.5, 3.0 ] },
												"south": { "texture": "#corroded helmet", "uv": [ 4.5, 9.5, 5.0, 11.0 ] },
												"west": { "texture": "#corroded helmet", "uv": [ 9.0, 5.5, 9.5, 7.0 ] },
												"up": { "texture": "#corroded helmet", "uv": [ 3.5, 8.5, 4.0, 9.0 ] },
												"down": { "texture": "#corroded helmet", "uv": [ 3.5, 4.0, 4.0, 4.5 ] }
											}
										}
									]
								}
							]
						},
						{
							"name": "L side 29",
							"from": [ 0.6, -2.0, 0.0 ],
							"to": [ 1.1, -1.0, 0.2 ],
							"rotationOrigin": [ 0.6, -1.0, 0.1 ],
							"rotationY": 17.0,
							"rotationZ": -1.0,
							"faces": {
								"north": { "texture": "#corroded helmet", "uv": [ 4.0, 3.5, 4.5, 4.5 ] },
								"east": { "texture": "#corroded helmet", "uv": [ 13.5, 14.0, 14.0, 15.0 ] },
								"south": { "texture": "#corroded helmet", "uv": [ 6.5, 13.5, 7.0, 14.5 ] },
								"west": { "texture": "#corroded helmet", "uv": [ 5.0, 3.5, 5.5, 4.5 ] },
								"up": { "texture": "#corroded helmet", "uv": [ 8.5, 15.5, 9.0, 16.0 ] },
								"down": { "texture": "#corroded helmet", "uv": [ 5.0, 15.5, 5.5, 16.0 ] }
							}
						}
					]
				},
				{
					"name": "R side",
					"from": [ -0.8, 0.0, 0.2 ],
					"to": [ -0.3, 2.5, 2.7 ],
					"rotationOrigin": [ -0.8, 2.5, 0.2 ],
					"rotationY": 15.0,
					"rotationZ": -4.0,
					"faces": {
						"north": { "texture": "#corroded helmet", "uv": [ 8.0, 1.0, 8.5, 3.5 ] },
						"east": { "texture": "#corroded helmet", "uv": [ 8.0, 1.0, 10.5, 3.5 ] },
						"south": { "texture": "#corroded helmet", "uv": [ 10.0, 1.0, 10.5, 3.5 ] },
						"west": { "texture": "#corroded helmet", "uv": [ 8.0, 1.0, 10.5, 3.5 ] },
						"up": { "texture": "#corroded helmet", "uv": [ 8.0, 0.5, 10.5, 1.0 ], "rotation": 90 },
						"down": { "texture": "#corroded helmet", "uv": [ 8.0, 3.0, 10.5, 3.5 ], "rotation": 90 }
					},
					"children": [
						{
							"name": "R side 1",
							"from": [ 0.1, 1.0, 2.4 ],
							"to": [ 4.1, 2.5, 2.9 ],
							"rotationOrigin": [ 0.1, 1.5, 2.9 ],
							"rotationY": -17.0,
							"rotationZ": -1.0,
							"faces": {
								"north": { "texture": "#corroded helmet", "uv": [ 4.5, 13.0, 8.5, 14.5 ] },
								"east": { "texture": "#corroded helmet", "uv": [ 14.0, 1.0, 14.5, 2.5 ] },
								"south": { "texture": "#corroded helmet", "uv": [ 10.5, 1.0, 14.5, 2.5 ] },
								"west": { "texture": "#corroded helmet", "uv": [ 10.5, 1.0, 11.0, 2.5 ] },
								"up": { "texture": "#corroded helmet", "uv": [ 10.5, 0.5, 14.5, 1.0 ] },
								"down": { "texture": "#corroded helmet", "uv": [ 10.5, 2.0, 14.5, 2.5 ] }
							}
						},
						{
							"name": "R side 18",
							"from": [ 0.2, 0.0, 2.4 ],
							"to": [ 2.7, 1.0, 2.9 ],
							"rotationOrigin": [ 0.2, 0.5, 2.8 ],
							"rotationY": -17.0,
							"rotationZ": -1.0,
							"faces": {
								"north": { "texture": "#corroded helmet", "uv": [ 4.5, 13.0, 7.0, 14.0 ] },
								"east": { "texture": "#corroded helmet", "uv": [ 12.5, 2.5, 13.0, 3.5 ] },
								"south": { "texture": "#corroded helmet", "uv": [ 10.5, 2.5, 13.0, 3.5 ] },
								"west": { "texture": "#corroded helmet", "uv": [ 10.5, 2.5, 11.0, 3.5 ] },
								"up": { "texture": "#corroded helmet", "uv": [ 10.5, 2.5, 13.0, 3.0 ] },
								"down": { "texture": "#corroded helmet", "uv": [ 10.5, 3.0, 13.0, 3.5 ] }
							}
						},
						{
							"name": "R side 19",
							"from": [ 0.2, -1.0, 2.3 ],
							"to": [ 1.7, 0.0, 2.8 ],
							"rotationOrigin": [ 0.2, -0.5, 2.7 ],
							"rotationY": -17.0,
							"rotationZ": -1.0,
							"faces": {
								"north": { "texture": "#corroded helmet", "uv": [ 4.5, 13.0, 6.0, 14.0 ] },
								"east": { "texture": "#corroded helmet", "uv": [ 11.5, 3.5, 12.0, 4.5 ] },
								"south": { "texture": "#corroded helmet", "uv": [ 10.5, 3.5, 12.0, 4.5 ] },
								"west": { "texture": "#corroded helmet", "uv": [ 10.5, 3.5, 11.0, 4.5 ] },
								"up": { "texture": "#corroded helmet", "uv": [ 10.5, 3.5, 12.0, 4.0 ] },
								"down": { "texture": "#corroded helmet", "uv": [ 10.5, 4.0, 12.0, 4.5 ] }
							},
							"children": [
								{
									"name": "Cube39",
									"from": [ 1.2, 0.0, 0.1 ],
									"to": [ 2.7, 0.5, 0.3 ],
									"rotationOrigin": [ 1.2, 0.5, 0.3 ],
									"rotationX": -18.0,
									"rotationY": 1.0,
									"rotationZ": -40.0,
									"faces": {
										"north": { "texture": "#corroded helmet", "uv": [ 12.0, 10.0, 13.5, 10.5 ] },
										"east": { "texture": "#corroded helmet", "uv": [ 10.0, 2.0, 10.5, 2.5 ] },
										"south": { "texture": "#corroded helmet", "uv": [ 2.5, 14.0, 4.0, 14.5 ] },
										"west": { "texture": "#corroded helmet", "uv": [ 4.0, 9.5, 4.5, 10.0 ] },
										"up": { "texture": "#corroded helmet", "uv": [ 5.0, 11.5, 6.5, 12.0 ] },
										"down": { "texture": "#corroded helmet", "uv": [ 10.0, 7.0, 11.5, 7.5 ] }
									},
									"children": [
										{
											"name": "Cube38",
											"from": [ 1.5, 0.0, 0.0 ],
											"to": [ 2.5, 0.5, 0.2 ],
											"rotationOrigin": [ 1.5, 0.0, 0.0 ],
											"rotationZ": 24.0,
											"faces": {
												"north": { "texture": "#corroded helmet", "uv": [ 12.0, 10.0, 13.0, 10.5 ] },
												"east": { "texture": "#corroded helmet", "uv": [ 10.0, 2.0, 10.5, 2.5 ] },
												"south": { "texture": "#corroded helmet", "uv": [ 2.5, 14.0, 3.5, 14.5 ] },
												"west": { "texture": "#corroded helmet", "uv": [ 4.0, 9.5, 4.5, 10.0 ] },
												"up": { "texture": "#corroded helmet", "uv": [ 5.0, 11.5, 6.0, 12.0 ] },
												"down": { "texture": "#corroded helmet", "uv": [ 10.0, 7.0, 11.0, 7.5 ] }
											}
										}
									]
								}
							]
						}
					]
				},
				{
					"name": "L bottom tile",
					"from": [ -1.9, -1.4, -4.2 ],
					"to": [ -1.4, -0.4, -1.7 ],
					"rotationOrigin": [ -1.9, 0.1, -1.7 ],
					"rotationX": -3.0,
					"rotationY": -90.0,
					"rotationZ": -3.0,
					"faces": {
						"north": { "texture": "#corroded helmet", "uv": [ 5.5, 3.5, 6.0, 4.5 ] },
						"east": { "texture": "#corroded helmet", "uv": [ 5.5, 3.5, 8.0, 4.5 ] },
						"south": { "texture": "#corroded helmet", "uv": [ 7.5, 3.5, 8.0, 4.5 ] },
						"west": { "texture": "#corroded helmet", "uv": [ 5.5, 3.5, 8.0, 4.5 ] },
						"up": { "texture": "#corroded helmet", "uv": [ 0.0, 0.0, 0.5, 2.5 ] },
						"down": { "texture": "#corroded helmet", "uv": [ 5.5, 4.5, 8.0, 5.0 ], "rotation": 90 }
					},
					"children": [
						{
							"name": "L bottom tile14",
							"from": [ 0.1, -1.3, 0.0 ],
							"to": [ 0.6, 0.2, 2.0 ],
							"rotationOrigin": [ 0.1, 0.2, 2.0 ],
							"rotationX": 3.0,
							"faces": {
								"north": { "texture": "#corroded helmet", "uv": [ 6.0, 5.0, 6.5, 6.5 ] },
								"east": { "texture": "#corroded helmet", "uv": [ 6.0, 5.0, 8.0, 6.5 ] },
								"south": { "texture": "#corroded helmet", "uv": [ 3.0, 6.5, 3.5, 8.0 ] },
								"west": { "texture": "#corroded helmet", "uv": [ 6.0, 5.0, 8.0, 6.5 ] },
								"up": { "texture": "#corroded helmet", "uv": [ 0.0, 0.0, 0.5, 2.0 ] },
								"down": { "texture": "#corroded helmet", "uv": [ 6.0, 6.0, 8.0, 6.5 ], "rotation": 90 }
							},
							"children": [
								{
									"name": "L bottom tile31",
									"from": [ 0.0, -0.9, 0.0 ],
									"to": [ 0.5, 0.1, 1.5 ],
									"rotationOrigin": [ 0.0, 0.1, 1.5 ],
									"rotationX": -1.0,
									"rotationZ": 4.0,
									"faces": {
										"north": { "texture": "#corroded helmet", "uv": [ 6.5, 6.5, 7.0, 7.5 ] },
										"east": { "texture": "#corroded helmet", "uv": [ 6.5, 6.5, 8.0, 7.5 ] },
										"south": { "texture": "#corroded helmet", "uv": [ 7.5, 6.5, 8.0, 7.5 ] },
										"west": { "texture": "#corroded helmet", "uv": [ 6.5, 6.5, 8.0, 7.5 ] },
										"up": { "texture": "#corroded helmet", "uv": [ 0.0, 0.0, 0.5, 1.5 ] },
										"down": { "texture": "#corroded helmet", "uv": [ 6.5, 7.0, 8.0, 7.5 ], "rotation": 90 }
									},
									"children": [
										{
											"name": "L bottom tile33",
											"from": [ 0.0, -0.8, 0.0 ],
											"to": [ 0.5, 0.2, 1.0 ],
											"rotationOrigin": [ 0.0, 0.2, 1.0 ],
											"rotationX": -7.0,
											"rotationZ": 13.0,
											"faces": {
												"north": { "texture": "#corroded helmet", "uv": [ 6.5, 7.5, 7.0, 8.5 ] },
												"east": { "texture": "#corroded helmet", "uv": [ 6.5, 7.5, 7.5, 8.5 ] },
												"south": { "texture": "#corroded helmet", "uv": [ 7.0, 7.5, 7.5, 8.5 ] },
												"west": { "texture": "#corroded helmet", "uv": [ 6.5, 7.5, 7.5, 8.5 ] },
												"up": { "texture": "#corroded helmet", "uv": [ 0.0, 0.0, 0.5, 1.0 ] },
												"down": { "texture": "#corroded helmet", "uv": [ 6.5, 8.0, 7.5, 8.5 ], "rotation": 90 }
											}
										}
									]
								}
							]
						}
					]
				},
				{
					"name": "R bottom tile",
					"from": [ -1.9, -1.4, 2.1 ],
					"to": [ -1.4, -0.4, 4.6 ],
					"rotationOrigin": [ -1.9, 0.1, 2.1 ],
					"rotationX": 3.0,
					"rotationY": 90.0,
					"rotationZ": -3.0,
					"faces": {
						"north": { "texture": "#corroded helmet", "uv": [ 8.0, 3.5, 8.5, 4.5 ] },
						"east": { "texture": "#corroded helmet", "uv": [ 8.0, 3.5, 10.5, 4.5 ] },
						"south": { "texture": "#corroded helmet", "uv": [ 10.0, 3.5, 10.5, 4.5 ] },
						"west": { "texture": "#corroded helmet", "uv": [ 8.0, 3.5, 10.5, 4.5 ] },
						"up": { "texture": "#corroded helmet", "uv": [ 0.0, 0.0, 0.5, 2.5 ] },
						"down": { "texture": "#corroded helmet", "uv": [ 8.0, 4.5, 10.5, 5.0 ], "rotation": 90 }
					},
					"children": [
						{
							"name": "R bottom tile15",
							"from": [ 0.1, -1.3, 0.6 ],
							"to": [ 0.6, 0.2, 2.6 ],
							"rotationOrigin": [ 0.1, 0.2, 0.6 ],
							"rotationX": -3.0,
							"faces": {
								"north": { "texture": "#corroded helmet", "uv": [ 8.0, 5.0, 8.5, 6.5 ] },
								"east": { "texture": "#corroded helmet", "uv": [ 8.0, 5.0, 10.0, 6.5 ] },
								"south": { "texture": "#corroded helmet", "uv": [ 9.5, 5.0, 10.0, 6.5 ] },
								"west": { "texture": "#corroded helmet", "uv": [ 8.0, 5.0, 10.0, 6.5 ] },
								"up": { "texture": "#corroded helmet", "uv": [ 0.0, 0.0, 0.5, 2.0 ] },
								"down": { "texture": "#corroded helmet", "uv": [ 8.0, 6.0, 10.0, 6.5 ], "rotation": 90 }
							},
							"children": [
								{
									"name": "R bottom tile32",
									"from": [ 0.0, -0.9, 0.5 ],
									"to": [ 0.5, 0.1, 2.0 ],
									"rotationOrigin": [ 0.0, 0.0, 0.5 ],
									"rotationX": 1.0,
									"rotationZ": 4.0,
									"faces": {
										"north": { "texture": "#corroded helmet", "uv": [ 8.0, 6.5, 8.5, 7.5 ] },
										"east": { "texture": "#corroded helmet", "uv": [ 8.0, 6.5, 9.5, 7.5 ] },
										"south": { "texture": "#corroded helmet", "uv": [ 9.0, 6.5, 9.5, 7.5 ] },
										"west": { "texture": "#corroded helmet", "uv": [ 8.0, 6.5, 9.5, 7.5 ] },
										"up": { "texture": "#corroded helmet", "uv": [ 0.0, 0.0, 0.5, 1.5 ] },
										"down": { "texture": "#corroded helmet", "uv": [ 8.0, 7.0, 9.5, 7.5 ], "rotation": 90 }
									},
									"children": [
										{
											"name": "R bottom tile34",
											"from": [ 0.0, -0.8, 0.5 ],
											"to": [ 0.5, 0.2, 1.5 ],
											"rotationOrigin": [ 0.0, 0.2, 0.5 ],
											"rotationX": 7.0,
											"rotationZ": 13.0,
											"faces": {
												"north": { "texture": "#corroded helmet", "uv": [ 8.0, 7.5, 8.5, 8.5 ] },
												"east": { "texture": "#corroded helmet", "uv": [ 8.5, 7.5, 9.5, 8.5 ] },
												"south": { "texture": "#corroded helmet", "uv": [ 9.0, 7.5, 9.5, 8.5 ] },
												"west": { "texture": "#corroded helmet", "uv": [ 8.5, 7.5, 9.5, 8.5 ] },
												"up": { "texture": "#corroded helmet", "uv": [ 0.0, 0.0, 0.5, 1.0 ] },
												"down": { "texture": "#corroded helmet", "uv": [ 8.5, 8.0, 9.5, 8.5 ], "rotation": 90 }
											}
										}
									]
								}
							]
						}
					]
				},
				{
					"name": "nose tip",
					"from": [ 0.0, -3.2, -0.3 ],
					"to": [ 0.5, -0.2, 0.7 ],
					"rotationOrigin": [ 0.0, -0.2, 0.2 ],
					"rotationZ": -90.0,
					"faces": {
						"north": { "texture": "#corroded helmet", "uv": [ 7.5, 4.5, 8.0, 7.5 ] },
						"east": { "texture": "#corroded helmet", "uv": [ 7.5, 4.5, 8.5, 7.5 ] },
						"south": { "texture": "#corroded helmet", "uv": [ 8.0, 4.5, 8.5, 7.5 ] },
						"west": { "texture": "#corroded helmet", "uv": [ 7.5, 4.5, 8.5, 7.5 ] },
						"up": { "texture": "#corroded helmet", "uv": [ 7.5, 4.5, 8.5, 5.0 ], "rotation": 90 },
						"down": { "texture": "#corroded helmet", "uv": [ 7.5, 7.0, 8.5, 7.5 ], "rotation": 90 }
					}
				},
				{
					"name": "nose tip30",
					"from": [ -0.8, -0.6, -0.3 ],
					"to": [ -0.3, 0.4, 0.7 ],
					"rotationOrigin": [ -0.8, 0.4, 0.2 ],
					"faces": {
						"north": { "texture": "#corroded helmet", "uv": [ 7.5, 6.0, 8.0, 7.0 ] },
						"east": { "texture": "#corroded helmet", "uv": [ 7.5, 6.0, 8.5, 7.0 ] },
						"south": { "texture": "#corroded helmet", "uv": [ 8.0, 6.0, 8.5, 7.0 ] },
						"west": { "texture": "#corroded helmet", "uv": [ 7.5, 6.0, 8.5, 7.0 ] },
						"up": { "texture": "#corroded helmet", "uv": [ 7.5, 6.0, 8.5, 6.5 ], "rotation": 90 },
						"down": { "texture": "#corroded helmet", "uv": [ 7.5, 8.5, 8.5, 9.0 ], "rotation": 90 }
					}
				},
				{
					"name": "nose tip31",
					"from": [ -0.4, -0.6, -1.9 ],
					"to": [ -0.2, 0.4, -1.4 ],
					"rotationOrigin": [ -0.4, 0.4, -1.4 ],
					"rotationX": -3.0,
					"rotationY": -15.0,
					"faces": {
						"north": { "texture": "#corroded helmet", "uv": [ 0.0, 11.0, 0.5, 12.0 ] },
						"east": { "texture": "#corroded helmet", "uv": [ 15.0, 9.0, 15.5, 10.0 ] },
						"south": { "texture": "#corroded helmet", "uv": [ 8.0, 8.0, 8.5, 9.0 ] },
						"west": { "texture": "#corroded helmet", "uv": [ 1.5, 14.5, 2.0, 15.5 ] },
						"up": { "texture": "#corroded helmet", "uv": [ 5.0, 2.0, 5.5, 2.5 ], "rotation": 90 },
						"down": { "texture": "#corroded helmet", "uv": [ 9.5, 12.5, 10.0, 13.0 ], "rotation": 90 }
					}
				},
				{
					"name": "nose tip32",
					"from": [ -0.4, -0.6, 1.8 ],
					"to": [ -0.2, 0.4, 2.3 ],
					"rotationOrigin": [ -0.4, 0.4, 1.8 ],
					"rotationX": 3.0,
					"rotationY": 15.0,
					"faces": {
						"north": { "texture": "#corroded helmet", "uv": [ 4.5, 11.5, 5.0, 12.5 ] },
						"east": { "texture": "#corroded helmet", "uv": [ 8.0, 2.5, 8.5, 3.5 ] },
						"south": { "texture": "#corroded helmet", "uv": [ 10.0, 0.5, 10.5, 1.5 ] },
						"west": { "texture": "#corroded helmet", "uv": [ 3.5, 9.5, 4.0, 10.5 ] },
						"up": { "texture": "#corroded helmet", "uv": [ 14.5, 3.0, 15.0, 3.5 ], "rotation": 90 },
						"down": { "texture": "#corroded helmet", "uv": [ 2.5, 2.5, 3.0, 3.0 ], "rotation": 90 }
					}
				}
			]
		},
		{
			"name": "head cover top",
			"stepParentName": "Head",
			"from": [ -0.1, 4.3, -0.1 ],
			"to": [ 6.4, 5.3, 5.1 ],
			"rotationOrigin": [ -0.1, 4.3, -0.1 ],
			"faces": {
				"north": { "texture": "#corroded helmet", "uv": [ 4.5, 5.5, 5.5, 12.0 ], "rotation": 270 },
				"east": { "texture": "#corroded helmet", "uv": [ 5.5, 4.5, 10.5, 5.5 ] },
				"south": { "texture": "#corroded helmet", "uv": [ 10.5, 5.5, 11.5, 12.0 ], "rotation": 90 },
				"west": { "texture": "#corroded helmet", "uv": [ 1.0, 5.0, 6.0, 6.0 ] },
				"up": { "texture": "#corroded helmet", "uv": [ 5.5, 5.5, 10.5, 12.0 ], "rotation": 90 },
				"down": { "texture": "#corroded helmet", "uv": [ 0.0, 0.0, 6.5, 5.0 ] }
			},
			"children": [
				{
					"name": "L side cover",
					"from": [ 3.0, -2.5, 0.0 ],
					"to": [ 6.5, 0.0, 0.5 ],
					"rotationOrigin": [ 5.0, 0.0, 0.0 ],
					"rotationX": 3.0,
					"faces": {
						"north": { "texture": "#corroded helmet", "uv": [ 1.5, 5.5, 4.0, 9.0 ], "rotation": 270 },
						"east": { "texture": "#corroded helmet", "uv": [ 1.5, 5.5, 4.0, 6.0 ], "rotation": 270 },
						"south": { "texture": "#corroded helmet", "uv": [ 0.0, 0.0, 3.5, 2.5 ] },
						"west": { "texture": "#corroded helmet", "uv": [ 1.5, 8.5, 4.0, 9.0 ], "rotation": 270 },
						"up": { "texture": "#corroded helmet", "uv": [ 0.0, 0.0, 3.5, 0.5 ] },
						"down": { "texture": "#corroded helmet", "uv": [ 1.5, 5.5, 2.0, 9.0 ], "rotation": 90 }
					},
					"children": [
						{
							"name": "Cube33",
							"from": [ 0.5, -1.9, 0.0 ],
							"to": [ 3.5, 0.1, 0.5 ],
							"rotationOrigin": [ 0.5, 0.1, 0.0 ],
							"rotationX": 10.0,
							"faces": {
								"north": { "texture": "#corroded helmet", "uv": [ 11.5, 8.0, 14.5, 10.0 ] },
								"east": { "texture": "#corroded helmet", "uv": [ 13.5, 11.0, 14.0, 13.0 ] },
								"south": { "texture": "#corroded helmet", "uv": [ 6.0, 3.5, 9.0, 5.5 ] },
								"west": { "texture": "#corroded helmet", "uv": [ 14.0, 11.0, 14.5, 13.0 ] },
								"up": { "texture": "#corroded helmet", "uv": [ 2.0, 14.5, 5.0, 15.0 ] },
								"down": { "texture": "#corroded helmet", "uv": [ 3.0, 1.5, 6.0, 2.0 ] }
							}
						}
					]
				},
				{
					"name": "R side cover",
					"from": [ 3.0, -2.5, 4.7 ],
					"to": [ 6.5, 0.0, 5.2 ],
					"rotationOrigin": [ 5.0, 0.0, 5.2 ],
					"rotationX": -3.0,
					"faces": {
						"north": { "texture": "#corroded helmet", "uv": [ 0.0, 0.0, 3.5, 2.5 ] },
						"east": { "texture": "#corroded helmet", "uv": [ 11.5, 5.5, 14.0, 6.0 ], "rotation": 90 },
						"south": { "texture": "#corroded helmet", "uv": [ 11.5, 5.5, 14.0, 9.0 ], "rotation": 90 },
						"west": { "texture": "#corroded helmet", "uv": [ 11.5, 8.5, 14.0, 9.0 ], "rotation": 90 },
						"up": { "texture": "#corroded helmet", "uv": [ 0.0, 0.0, 3.5, 0.5 ] },
						"down": { "texture": "#corroded helmet", "uv": [ 14.0, 5.5, 14.5, 9.0 ], "rotation": 90 }
					},
					"children": [
						{
							"name": "Cube35",
							"from": [ 0.5, -1.9, 0.0 ],
							"to": [ 3.5, 0.1, 0.5 ],
							"rotationOrigin": [ 0.5, 0.1, 0.5 ],
							"rotationX": -10.0,
							"faces": {
								"north": { "texture": "#corroded helmet", "uv": [ 5.0, 11.0, 8.0, 13.0 ] },
								"east": { "texture": "#corroded helmet", "uv": [ 13.5, 7.0, 14.0, 9.0 ] },
								"south": { "texture": "#corroded helmet", "uv": [ 6.5, 12.0, 9.5, 14.0 ] },
								"west": { "texture": "#corroded helmet", "uv": [ 15.0, 3.5, 15.5, 5.5 ] },
								"up": { "texture": "#corroded helmet", "uv": [ 1.0, 6.5, 4.0, 7.0 ] },
								"down": { "texture": "#corroded helmet", "uv": [ 1.0, 6.0, 4.0, 6.5 ] }
							},
							"children": [
								{
									"name": "Cube37",
									"from": [ 1.5, -0.9, 0.0 ],
									"to": [ 3.0, 0.1, 0.5 ],
									"rotationOrigin": [ 1.5, 0.1, 0.5 ],
									"rotationX": -15.0,
									"faces": {
										"north": { "texture": "#corroded helmet", "uv": [ 11.5, 13.5, 13.0, 14.5 ] },
										"east": { "texture": "#corroded helmet", "uv": [ 10.0, 2.0, 10.5, 3.0 ] },
										"south": { "texture": "#corroded helmet", "uv": [ 12.0, 12.5, 13.5, 13.5 ] },
										"west": { "texture": "#corroded helmet", "uv": [ 13.0, 12.5, 13.5, 13.5 ] },
										"up": { "texture": "#corroded helmet", "uv": [ 1.0, 6.5, 2.5, 7.0 ] },
										"down": { "texture": "#corroded helmet", "uv": [ 11.0, 1.5, 12.5, 2.0 ] }
									}
								},
								{
									"name": "Cube40",
									"from": [ 0.0, -0.5, 0.0 ],
									"to": [ 0.5, 0.0, 0.5 ],
									"rotationOrigin": [ 0.0, 0.0, 0.5 ],
									"rotationX": -15.0,
									"faces": {
										"north": { "texture": "#corroded helmet", "uv": [ 11.5, 13.5, 12.0, 14.0 ] },
										"east": { "texture": "#corroded helmet", "uv": [ 10.0, 2.0, 10.5, 2.5 ] },
										"south": { "texture": "#corroded helmet", "uv": [ 10.5, 9.5, 11.0, 10.0 ] },
										"west": { "texture": "#corroded helmet", "uv": [ 13.0, 12.5, 13.5, 13.0 ] },
										"up": { "texture": "#corroded helmet", "uv": [ 1.0, 6.5, 1.5, 7.0 ] },
										"down": { "texture": "#corroded helmet", "uv": [ 11.0, 1.5, 11.5, 2.0 ] }
									}
								},
								{
									"name": "Cube41",
									"from": [ -1.0, 1.0, 0.0 ],
									"to": [ 0.0, 1.5, 0.5 ],
									"rotationOrigin": [ 0.0, 1.5, 0.5 ],
									"rotationZ": 6.0,
									"faces": {
										"north": { "texture": "#corroded helmet", "uv": [ 11.5, 13.5, 12.5, 14.0 ] },
										"east": { "texture": "#corroded helmet", "uv": [ 10.0, 2.0, 10.5, 2.5 ] },
										"south": { "texture": "#corroded helmet", "uv": [ 10.5, 9.5, 11.5, 10.0 ] },
										"west": { "texture": "#corroded helmet", "uv": [ 13.0, 12.5, 13.5, 13.0 ] },
										"up": { "texture": "#corroded helmet", "uv": [ 1.0, 6.5, 2.0, 7.0 ] },
										"down": { "texture": "#corroded helmet", "uv": [ 11.0, 1.5, 12.0, 2.0 ] }
									}
								}
							]
						}
					]
				},
				{
					"name": "back",
					"from": [ 6.0, -3.5, 0.1 ],
					"to": [ 6.5, 0.0, 5.1 ],
					"rotationOrigin": [ 6.0, 0.0, 2.6 ],
					"rotationZ": 3.0,
					"faces": {
						"north": { "texture": "#corroded helmet", "uv": [ 10.0, 1.0, 10.5, 4.5 ], "rotation": 180 },
						"east": { "texture": "#corroded helmet", "uv": [ 5.5, 1.0, 10.5, 4.5 ], "rotation": 180 },
						"south": { "texture": "#corroded helmet", "uv": [ 5.5, 1.0, 6.0, 4.5 ], "rotation": 180 },
						"west": { "texture": "#corroded helmet", "uv": [ 0.0, 0.0, 5.0, 3.5 ] },
						"up": { "texture": "#corroded helmet", "uv": [ 0.0, 0.0, 0.5, 5.0 ] },
						"down": { "texture": "#corroded helmet", "uv": [ 5.5, 1.0, 10.5, 1.5 ], "rotation": 90 }
					},
					"children": [
						{
							"name": "Cube34",
							"from": [ 0.0, -2.0, 0.5 ],
							"to": [ 0.5, 0.0, 4.5 ],
							"rotationOrigin": [ 0.0, 0.0, 0.5 ],
							"rotationZ": 10.0,
							"faces": {
								"north": { "texture": "#corroded helmet", "uv": [ 5.0, 1.5, 5.5, 3.5 ] },
								"east": { "texture": "#corroded helmet", "uv": [ 6.0, 3.0, 10.0, 5.0 ] },
								"south": { "texture": "#corroded helmet", "uv": [ 2.0, 9.5, 2.5, 11.5 ] },
								"west": { "texture": "#corroded helmet", "uv": [ 9.5, 3.0, 13.5, 5.0 ] },
								"up": { "texture": "#corroded helmet", "uv": [ 7.5, 8.0, 8.0, 12.0 ] },
								"down": { "texture": "#corroded helmet", "uv": [ 1.0, 8.5, 1.5, 12.5 ] }
							},
							"children": [
								{
									"name": "Cube36",
									"from": [ 0.0, -0.4, 0.5 ],
									"to": [ 0.5, 0.1, 3.5 ],
									"rotationOrigin": [ 0.5, 0.1, 0.5 ],
									"rotationZ": 18.0,
									"faces": {
										"north": { "texture": "#corroded helmet", "uv": [ 0.0, 0.0, 0.5, 0.5 ] },
										"east": { "texture": "#corroded helmet", "uv": [ 0.0, 0.0, 3.0, 0.5 ] },
										"south": { "texture": "#corroded helmet", "uv": [ 0.0, 0.0, 0.5, 0.5 ] },
										"west": { "texture": "#corroded helmet", "uv": [ 0.0, 0.0, 3.0, 0.5 ] },
										"up": { "texture": "#corroded helmet", "uv": [ 0.0, 0.0, 0.5, 3.0 ] },
										"down": { "texture": "#corroded helmet", "uv": [ 0.0, 0.0, 0.5, 3.0 ] }
									}
								}
							]
						}
					]
				}
			]
		}
	]}