{
	"editor": {
		"backDropShape": "shapes/entity/humanoid/seraph",
		"allAngles": true,
		"entityTextureMode": false
	},
	"textureWidth": 16,
	"textureHeight": 16,
	"textureSizes": {
	},
	"textures": {
		"crow": "entity/humanoid/seraphclothes/face/crow"
	},
	"elements": [
		{
			"name": "origin",
			"stepParentName": "Head",
			"from": [ -3.2, 1.2, 2.3 ],
			"to": [ -3.2, 1.2, 2.3 ],
			"rotationOrigin": [ -3.2, 1.2, 2.3 ],
			"rotationZ": 6.0,
			"faces": {
				"north": { "texture": "#crow", "uv": [ 0.0, 0.0, 0.5, 0.5 ] },
				"east": { "texture": "#crow", "uv": [ 0.0, 0.0, 0.5, 0.5 ] },
				"south": { "texture": "#crow", "uv": [ 0.0, 0.0, 0.5, 0.5 ] },
				"west": { "texture": "#crow", "uv": [ 0.0, 0.0, 0.5, 0.5 ] },
				"up": { "texture": "#crow", "uv": [ 0.0, 0.0, 0.5, 0.5 ] },
				"down": { "texture": "#crow", "uv": [ 0.0, 0.0, 0.5, 0.5 ] }
			},
			"children": [
				{
					"name": "L side",
					"from": [ -0.8, 0.0, -2.3 ],
					"to": [ -0.3, 2.5, 0.2 ],
					"rotationOrigin": [ -0.8, 0.0, 0.2 ],
					"rotationY": -20.0,
					"faces": {
						"north": { "texture": "#crow", "uv": [ 0.0, 0.0, 0.5, 2.5 ] },
						"east": { "texture": "#crow", "uv": [ 4.5, 2.5, 7.0, 5.0 ] },
						"south": { "texture": "#crow", "uv": [ 0.0, 0.0, 0.5, 2.5 ] },
						"west": { "texture": "#crow", "uv": [ 5.0, 2.5, 7.5, 5.0 ] },
						"up": { "texture": "#crow", "uv": [ 0.0, 0.0, 0.5, 2.5 ] },
						"down": { "texture": "#crow", "uv": [ 0.0, 0.0, 0.5, 2.5 ] }
					},
					"children": [
						{
							"name": "L string",
							"from": [ 3.0, 1.5, -1.5 ],
							"to": [ 6.5, 2.0, -1.0 ],
							"rotationOrigin": [ 3.0, 2.0, -1.5 ],
							"rotationY": 21.0,
							"rotationZ": -20.0,
							"faces": {
								"north": { "texture": "#crow", "uv": [ 3.0, 15.5, 6.5, 16.0 ] },
								"east": { "texture": "#crow", "uv": [ 13.5, 15.5, 14.0, 16.0 ] },
								"south": { "texture": "#crow", "uv": [ 6.5, 15.5, 10.0, 16.0 ] },
								"west": { "texture": "#crow", "uv": [ 8.5, 15.5, 9.0, 16.0 ] },
								"up": { "texture": "#crow", "uv": [ 8.5, 15.5, 12.0, 16.0 ] },
								"down": { "texture": "#crow", "uv": [ 5.0, 15.5, 8.5, 16.0 ] }
							}
						},
						{
							"name": "L side 1",
							"from": [ 0.0, 1.0, -0.3 ],
							"to": [ 3.5, 2.5, 0.2 ],
							"rotationOrigin": [ 0.0, 1.5, -0.3 ],
							"rotationY": 21.0,
							"rotationZ": -1.0,
							"faces": {
								"north": { "texture": "#crow", "uv": [ 3.0, 13.5, 6.5, 15.0 ] },
								"east": { "texture": "#crow", "uv": [ 13.5, 14.0, 14.0, 15.5 ] },
								"south": { "texture": "#crow", "uv": [ 6.5, 13.5, 10.0, 15.0 ] },
								"west": { "texture": "#crow", "uv": [ 8.5, 14.0, 9.0, 15.5 ] },
								"up": { "texture": "#crow", "uv": [ 8.5, 15.5, 12.0, 16.0 ] },
								"down": { "texture": "#crow", "uv": [ 5.0, 15.5, 8.5, 16.0 ] }
							}
						},
						{
							"name": "L side 17",
							"from": [ 0.0, 0.0, -0.3 ],
							"to": [ 2.5, 1.0, 0.2 ],
							"rotationOrigin": [ 0.0, 0.5, -0.3 ],
							"rotationY": 21.0,
							"rotationZ": -1.0,
							"faces": {
								"north": { "texture": "#crow", "uv": [ 3.0, 13.5, 5.5, 14.5 ] },
								"east": { "texture": "#crow", "uv": [ 13.5, 14.0, 14.0, 15.0 ] },
								"south": { "texture": "#crow", "uv": [ 6.5, 13.5, 9.0, 14.5 ] },
								"west": { "texture": "#crow", "uv": [ 8.5, 14.0, 9.0, 15.0 ] },
								"up": { "texture": "#crow", "uv": [ 8.5, 15.5, 11.0, 16.0 ] },
								"down": { "texture": "#crow", "uv": [ 5.0, 15.5, 7.5, 16.0 ] }
							}
						},
						{
							"name": "L side 20",
							"from": [ 0.0, -0.5, -0.3 ],
							"to": [ 1.5, 0.0, 0.2 ],
							"rotationOrigin": [ 0.0, 0.0, -0.3 ],
							"rotationY": 21.0,
							"rotationZ": -1.0,
							"faces": {
								"north": { "texture": "#crow", "uv": [ 3.0, 13.5, 4.5, 14.0 ] },
								"east": { "texture": "#crow", "uv": [ 13.5, 14.0, 14.0, 14.5 ] },
								"south": { "texture": "#crow", "uv": [ 6.5, 13.5, 8.0, 14.0 ] },
								"west": { "texture": "#crow", "uv": [ 8.5, 14.0, 9.0, 14.5 ] },
								"up": { "texture": "#crow", "uv": [ 8.5, 15.5, 10.0, 16.0 ] },
								"down": { "texture": "#crow", "uv": [ 5.0, 15.5, 6.5, 16.0 ] }
							}
						},
						{
							"name": "L string32",
							"from": [ 2.1, 0.0, -1.2 ],
							"to": [ 6.6, 0.5, -0.7 ],
							"rotationOrigin": [ 2.1, 0.5, -1.2 ],
							"rotationY": 21.0,
							"rotationZ": -30.0,
							"faces": {
								"north": { "texture": "#crow", "uv": [ 3.0, 15.5, 7.5, 16.0 ] },
								"east": { "texture": "#crow", "uv": [ 13.5, 15.5, 14.0, 16.0 ] },
								"south": { "texture": "#crow", "uv": [ 6.5, 15.5, 11.0, 16.0 ] },
								"west": { "texture": "#crow", "uv": [ 8.5, 15.5, 9.0, 16.0 ] },
								"up": { "texture": "#crow", "uv": [ 8.5, 15.5, 13.0, 16.0 ] },
								"down": { "texture": "#crow", "uv": [ 5.0, 15.5, 9.5, 16.0 ] }
							}
						}
					]
				},
				{
					"name": "R side",
					"from": [ -0.8, 0.0, 0.2 ],
					"to": [ -0.3, 2.5, 2.7 ],
					"rotationOrigin": [ -0.8, 0.0, 0.2 ],
					"rotationY": 20.0,
					"faces": {
						"north": { "texture": "#crow", "uv": [ 0.0, 0.0, 0.5, 2.5 ] },
						"east": { "texture": "#crow", "uv": [ 8.0, 2.5, 10.5, 5.0 ] },
						"south": { "texture": "#crow", "uv": [ 11.5, 0.5, 12.0, 3.0 ] },
						"west": { "texture": "#crow", "uv": [ 7.5, 2.5, 10.0, 5.0 ] },
						"up": { "texture": "#crow", "uv": [ 0.0, 0.0, 0.5, 2.5 ] },
						"down": { "texture": "#crow", "uv": [ 0.0, 0.0, 0.5, 2.5 ] }
					},
					"children": [
						{
							"name": "R string",
							"from": [ 3.0, 1.5, 3.5 ],
							"to": [ 6.5, 2.0, 4.0 ],
							"rotationOrigin": [ 3.0, 2.0, 3.9 ],
							"rotationY": -21.0,
							"rotationZ": -20.0,
							"faces": {
								"north": { "texture": "#crow", "uv": [ 4.5, 15.5, 8.0, 16.0 ] },
								"east": { "texture": "#crow", "uv": [ 11.0, 15.5, 11.5, 16.0 ] },
								"south": { "texture": "#crow", "uv": [ 6.5, 15.5, 10.0, 16.0 ] },
								"west": { "texture": "#crow", "uv": [ 1.0, 15.5, 1.5, 16.0 ] },
								"up": { "texture": "#crow", "uv": [ 6.0, 15.5, 9.5, 16.0 ] },
								"down": { "texture": "#crow", "uv": [ 5.5, 15.5, 9.0, 16.0 ] }
							}
						},
						{
							"name": "R side 1",
							"from": [ 0.1, 1.0, 2.3 ],
							"to": [ 3.6, 2.5, 2.8 ],
							"rotationOrigin": [ 0.1, 1.5, 2.7 ],
							"rotationY": -21.0,
							"rotationZ": -1.0,
							"faces": {
								"north": { "texture": "#crow", "uv": [ 4.5, 13.0, 8.0, 14.5 ] },
								"east": { "texture": "#crow", "uv": [ 11.0, 13.5, 11.5, 15.0 ] },
								"south": { "texture": "#crow", "uv": [ 6.5, 13.0, 10.0, 14.5 ] },
								"west": { "texture": "#crow", "uv": [ 1.5, 13.0, 2.0, 14.5 ] },
								"up": { "texture": "#crow", "uv": [ 6.0, 15.5, 9.5, 16.0 ] },
								"down": { "texture": "#crow", "uv": [ 5.5, 15.5, 9.0, 16.0 ] }
							}
						},
						{
							"name": "R side 18",
							"from": [ 0.1, 0.0, 2.3 ],
							"to": [ 2.6, 1.0, 2.8 ],
							"rotationOrigin": [ 0.1, 0.5, 2.7 ],
							"rotationY": -21.0,
							"rotationZ": -1.0,
							"faces": {
								"north": { "texture": "#crow", "uv": [ 4.5, 13.0, 7.0, 14.0 ] },
								"east": { "texture": "#crow", "uv": [ 11.0, 13.5, 11.5, 14.5 ] },
								"south": { "texture": "#crow", "uv": [ 6.5, 13.0, 9.0, 14.0 ] },
								"west": { "texture": "#crow", "uv": [ 1.5, 13.0, 2.0, 14.0 ] },
								"up": { "texture": "#crow", "uv": [ 6.0, 15.5, 8.5, 16.0 ] },
								"down": { "texture": "#crow", "uv": [ 5.5, 15.5, 8.0, 16.0 ] }
							}
						},
						{
							"name": "R side 19",
							"from": [ 0.1, -0.5, 2.3 ],
							"to": [ 1.6, 0.0, 2.8 ],
							"rotationOrigin": [ 0.1, 0.0, 2.7 ],
							"rotationY": -21.0,
							"rotationZ": -1.0,
							"faces": {
								"north": { "texture": "#crow", "uv": [ 4.5, 13.0, 6.0, 13.5 ] },
								"east": { "texture": "#crow", "uv": [ 11.0, 13.5, 11.5, 14.0 ] },
								"south": { "texture": "#crow", "uv": [ 6.5, 13.0, 8.0, 13.5 ] },
								"west": { "texture": "#crow", "uv": [ 1.5, 13.0, 2.0, 13.5 ] },
								"up": { "texture": "#crow", "uv": [ 6.0, 15.5, 7.5, 16.0 ] },
								"down": { "texture": "#crow", "uv": [ 5.5, 15.5, 7.0, 16.0 ] }
							}
						},
						{
							"name": "R string33",
							"from": [ 2.1, 0.0, 3.2 ],
							"to": [ 6.6, 0.5, 3.7 ],
							"rotationOrigin": [ 2.1, 0.5, 3.6 ],
							"rotationY": -21.0,
							"rotationZ": -30.0,
							"faces": {
								"north": { "texture": "#crow", "uv": [ 4.5, 15.5, 9.0, 16.0 ] },
								"east": { "texture": "#crow", "uv": [ 11.0, 15.5, 11.5, 16.0 ] },
								"south": { "texture": "#crow", "uv": [ 6.5, 15.5, 11.0, 16.0 ] },
								"west": { "texture": "#crow", "uv": [ 1.0, 15.5, 1.5, 16.0 ] },
								"up": { "texture": "#crow", "uv": [ 6.0, 15.5, 10.5, 16.0 ] },
								"down": { "texture": "#crow", "uv": [ 5.5, 15.5, 10.0, 16.0 ] }
							}
						}
					]
				},
				{
					"name": "L bottom tile",
					"from": [ -0.6, -0.5, -2.3 ],
					"to": [ -0.1, 0.0, -0.3 ],
					"rotationOrigin": [ -0.6, -0.5, -0.3 ],
					"rotationY": -20.0,
					"faces": {
						"north": { "texture": "#crow", "uv": [ 0.0, 0.0, 0.5, 0.5 ] },
						"east": { "texture": "#crow", "uv": [ 0.0, 0.0, 2.0, 0.5 ] },
						"south": { "texture": "#crow", "uv": [ 7.0, 4.5, 7.5, 5.0 ] },
						"west": { "texture": "#crow", "uv": [ 5.5, 4.5, 7.5, 5.0 ] },
						"up": { "texture": "#crow", "uv": [ 0.0, 0.0, 0.5, 2.0 ] },
						"down": { "texture": "#crow", "uv": [ 0.0, 0.0, 0.5, 2.0 ] }
					},
					"children": [
						{
							"name": "L bottom tile14",
							"from": [ 0.0, -0.5, 0.5 ],
							"to": [ 0.5, 0.0, 1.5 ],
							"rotationOrigin": [ 0.0, -0.5, 1.6 ],
							"faces": {
								"north": { "texture": "#crow", "uv": [ 0.0, 0.0, 0.5, 0.5 ] },
								"east": { "texture": "#crow", "uv": [ 0.0, 0.0, 1.0, 0.5 ] },
								"south": { "texture": "#crow", "uv": [ 0.0, 0.0, 0.5, 0.5 ] },
								"west": { "texture": "#crow", "uv": [ 6.0, 5.0, 7.0, 5.5 ] },
								"up": { "texture": "#crow", "uv": [ 0.0, 0.0, 0.5, 1.0 ] },
								"down": { "texture": "#crow", "uv": [ 0.0, 0.0, 0.5, 1.0 ] }
							}
						}
					]
				},
				{
					"name": "R bottom tile",
					"from": [ -0.6, -0.5, 0.7 ],
					"to": [ -0.1, 0.0, 2.7 ],
					"rotationOrigin": [ -0.6, -0.5, 0.7 ],
					"rotationY": 20.0,
					"faces": {
						"north": { "texture": "#crow", "uv": [ 7.5, 4.5, 8.0, 5.0 ] },
						"east": { "texture": "#crow", "uv": [ 0.0, 0.0, 2.0, 0.5 ] },
						"south": { "texture": "#crow", "uv": [ 0.0, 0.0, 0.5, 0.5 ] },
						"west": { "texture": "#crow", "uv": [ 7.5, 4.5, 9.5, 5.0 ] },
						"up": { "texture": "#crow", "uv": [ 0.0, 0.0, 0.5, 2.0 ] },
						"down": { "texture": "#crow", "uv": [ 0.0, 0.0, 0.5, 2.0 ] }
					},
					"children": [
						{
							"name": "R bottom tile15",
							"from": [ 0.0, -0.5, 0.5 ],
							"to": [ 0.5, 0.0, 1.5 ],
							"rotationOrigin": [ 0.0, -0.5, 0.5 ],
							"faces": {
								"north": { "texture": "#crow", "uv": [ 0.0, 0.0, 0.5, 0.5 ] },
								"east": { "texture": "#crow", "uv": [ 0.0, 0.0, 1.0, 0.5 ] },
								"south": { "texture": "#crow", "uv": [ 0.0, 0.0, 0.5, 0.5 ] },
								"west": { "texture": "#crow", "uv": [ 7.5, 5.0, 8.5, 5.5 ] },
								"up": { "texture": "#crow", "uv": [ 0.0, 0.0, 0.5, 1.0 ] },
								"down": { "texture": "#crow", "uv": [ 0.0, 0.0, 0.5, 1.0 ] }
							}
						}
					]
				},
				{
					"name": "string back",
					"from": [ 6.3, 0.4, -2.4 ],
					"to": [ 6.8, 0.9, 2.8 ],
					"rotationOrigin": [ 6.3, 0.9, 0.0 ],
					"rotationZ": -20.0,
					"faces": {
						"north": { "texture": "#crow", "uv": [ 0.0, 0.0, 0.5, 0.5 ] },
						"east": { "texture": "#crow", "uv": [ 0.0, 0.0, 5.0, 0.5 ] },
						"south": { "texture": "#crow", "uv": [ 0.0, 0.0, 0.5, 0.5 ] },
						"west": { "texture": "#crow", "uv": [ 0.0, 0.0, 5.0, 0.5 ] },
						"up": { "texture": "#crow", "uv": [ 0.0, 0.0, 0.5, 5.0 ] },
						"down": { "texture": "#crow", "uv": [ 0.0, 0.0, 0.5, 5.0 ] }
					}
				},
				{
					"name": "nose",
					"from": [ -1.9, -0.3, -0.8 ],
					"to": [ -0.4, 2.2, -0.3 ],
					"rotationOrigin": [ -0.4, 2.2, -0.3 ],
					"rotationX": 9.0,
					"rotationY": 15.0,
					"rotationZ": 15.0,
					"faces": {
						"north": { "texture": "#crow", "uv": [ 7.0, 4.5, 8.5, 7.0 ] },
						"east": { "texture": "#crow", "uv": [ 7.0, 4.5, 7.5, 7.0 ] },
						"south": { "texture": "#crow", "uv": [ 7.0, 4.5, 8.5, 7.0 ] },
						"west": { "texture": "#crow", "uv": [ 7.0, 4.5, 7.5, 7.0 ] },
						"up": { "texture": "#crow", "uv": [ 7.0, 4.5, 7.5, 6.0 ], "rotation": 90 },
						"down": { "texture": "#crow", "uv": [ 7.0, 4.5, 7.5, 6.0 ], "rotation": 90 }
					},
					"children": [
						{
							"name": "Cube1",
							"from": [ -1.5, 0.5, 0.0 ],
							"to": [ 0.0, 2.5, 0.5 ],
							"rotationOrigin": [ 0.0, 2.5, 0.5 ],
							"rotationY": 1.0,
							"rotationZ": 10.0,
							"faces": {
								"north": { "texture": "#crow", "uv": [ 0.0, 0.0, 1.5, 2.0 ] },
								"east": { "texture": "#crow", "uv": [ 0.0, 0.0, 0.5, 2.0 ] },
								"south": { "texture": "#crow", "uv": [ 0.0, 0.0, 1.5, 2.0 ] },
								"west": { "texture": "#crow", "uv": [ 0.0, 0.0, 0.5, 2.0 ] },
								"up": { "texture": "#crow", "uv": [ 0.0, 0.0, 1.5, 0.5 ] },
								"down": { "texture": "#crow", "uv": [ 0.0, 0.0, 1.5, 0.5 ] }
							},
							"children": [
								{
									"name": "Cube16",
									"from": [ -1.9, 0.5, 0.0 ],
									"to": [ 0.1, 2.0, 0.5 ],
									"rotationOrigin": [ 0.1, 2.0, 0.5 ],
									"rotationY": -1.0,
									"rotationZ": 10.0,
									"faces": {
										"north": { "texture": "#crow", "uv": [ 0.0, 0.0, 2.0, 1.5 ] },
										"east": { "texture": "#crow", "uv": [ 0.0, 0.0, 0.5, 1.5 ] },
										"south": { "texture": "#crow", "uv": [ 0.0, 0.0, 2.0, 1.5 ] },
										"west": { "texture": "#crow", "uv": [ 0.0, 0.0, 0.5, 1.5 ] },
										"up": { "texture": "#crow", "uv": [ 0.0, 0.0, 2.0, 0.5 ] },
										"down": { "texture": "#crow", "uv": [ 0.0, 0.0, 2.0, 0.5 ] }
									},
									"children": [
										{
											"name": "Cube17",
											"from": [ -1.8, 0.5, 0.0 ],
											"to": [ 0.2, 1.5, 0.5 ],
											"rotationOrigin": [ 0.2, 1.4, 0.5 ],
											"rotationX": -15.0,
											"rotationY": -5.0,
											"faces": {
												"north": { "texture": "#crow", "uv": [ 0.0, 0.0, 2.0, 1.0 ] },
												"east": { "texture": "#crow", "uv": [ 0.0, 0.0, 0.5, 1.0 ] },
												"south": { "texture": "#crow", "uv": [ 0.0, 0.0, 2.0, 1.0 ] },
												"west": { "texture": "#crow", "uv": [ 0.0, 0.0, 0.5, 1.0 ] },
												"up": { "texture": "#crow", "uv": [ 0.0, 0.0, 2.0, 0.5 ] },
												"down": { "texture": "#crow", "uv": [ 0.0, 0.0, 2.0, 0.5 ] }
											}
										}
									]
								}
							]
						}
					]
				},
				{
					"name": "nose23",
					"from": [ -1.1, 0.2, -0.3 ],
					"to": [ -0.6, 1.2, 0.7 ],
					"rotationOrigin": [ -1.1, 0.2, 0.2 ],
					"rotationZ": -16.0,
					"faces": {
						"north": { "texture": "#crow", "uv": [ 7.0, 4.5, 7.5, 5.5 ] },
						"east": { "texture": "#crow", "uv": [ 7.0, 4.5, 8.0, 5.5 ] },
						"south": { "texture": "#crow", "uv": [ 7.0, 4.5, 7.5, 5.5 ] },
						"west": { "texture": "#crow", "uv": [ 7.0, 4.5, 8.0, 5.5 ] },
						"up": { "texture": "#crow", "uv": [ 7.0, 4.5, 8.0, 5.0 ], "rotation": 90 },
						"down": { "texture": "#crow", "uv": [ 7.0, 4.5, 8.0, 5.0 ], "rotation": 90 }
					},
					"children": [
						{
							"name": "Cube24",
							"from": [ -0.3, -0.3, -0.1 ],
							"to": [ 0.7, 0.5, 1.1 ],
							"rotationOrigin": [ -0.3, -0.3, -0.1 ],
							"rotationZ": 35.0,
							"faces": {
								"north": { "texture": "#crow", "uv": [ 0.0, 0.0, 1.0, 0.5 ] },
								"east": { "texture": "#crow", "uv": [ 0.0, 0.0, 1.0, 0.5 ] },
								"south": { "texture": "#crow", "uv": [ 0.0, 0.0, 1.0, 0.5 ] },
								"west": { "texture": "#crow", "uv": [ 0.0, 0.0, 1.0, 0.5 ] },
								"up": { "texture": "#crow", "uv": [ 0.0, 0.0, 1.0, 1.0 ] },
								"down": { "texture": "#crow", "uv": [ 0.0, 0.0, 1.0, 1.0 ] }
							},
							"children": [
								{
									"name": "Cube25",
									"from": [ -1.9, 0.1, 0.1 ],
									"to": [ 0.1, 0.7, 1.1 ],
									"rotationOrigin": [ 0.1, 0.1, 0.4 ],
									"rotationZ": 6.0,
									"faces": {
										"north": { "texture": "#crow", "uv": [ 0.0, 0.0, 2.0, 0.5 ] },
										"east": { "texture": "#crow", "uv": [ 0.0, 0.0, 1.0, 0.5 ] },
										"south": { "texture": "#crow", "uv": [ 0.0, 0.0, 2.0, 0.5 ] },
										"west": { "texture": "#crow", "uv": [ 0.0, 0.0, 1.0, 0.5 ] },
										"up": { "texture": "#crow", "uv": [ 0.0, 0.0, 2.0, 1.0 ] },
										"down": { "texture": "#crow", "uv": [ 0.0, 0.0, 2.0, 1.0 ] }
									},
									"children": [
										{
											"name": "Cube26",
											"from": [ -1.8, 0.0, 0.2 ],
											"to": [ 0.2, 0.5, 0.8 ],
											"rotationOrigin": [ 0.2, 0.0, 0.5 ],
											"rotationZ": 4.0,
											"faces": {
												"north": { "texture": "#crow", "uv": [ 0.0, 0.0, 2.0, 0.5 ] },
												"east": { "texture": "#crow", "uv": [ 0.0, 0.0, 0.5, 0.5 ] },
												"south": { "texture": "#crow", "uv": [ 0.0, 0.0, 2.0, 0.5 ] },
												"west": { "texture": "#crow", "uv": [ 0.0, 0.0, 0.5, 0.5 ] },
												"up": { "texture": "#crow", "uv": [ 0.0, 0.0, 2.0, 0.5 ] },
												"down": { "texture": "#crow", "uv": [ 0.0, 0.0, 2.0, 0.5 ] }
											}
										}
									]
								}
							]
						}
					]
				},
				{
					"name": "nose28",
					"from": [ -1.9, -0.3, 0.7 ],
					"to": [ -0.4, 2.2, 1.2 ],
					"rotationOrigin": [ -0.4, 2.2, 0.7 ],
					"rotationX": -9.0,
					"rotationY": -15.0,
					"rotationZ": 15.0,
					"faces": {
						"north": { "texture": "#crow", "uv": [ 7.0, 4.5, 8.5, 7.0 ] },
						"east": { "texture": "#crow", "uv": [ 7.0, 4.5, 7.5, 7.0 ] },
						"south": { "texture": "#crow", "uv": [ 7.0, 4.5, 8.5, 7.0 ] },
						"west": { "texture": "#crow", "uv": [ 7.0, 4.5, 7.5, 7.0 ] },
						"up": { "texture": "#crow", "uv": [ 7.0, 4.5, 7.5, 6.0 ], "rotation": 90 },
						"down": { "texture": "#crow", "uv": [ 7.0, 4.5, 7.5, 6.0 ], "rotation": 90 }
					},
					"children": [
						{
							"name": "Cube29",
							"from": [ -1.5, 0.5, 0.0 ],
							"to": [ 0.0, 2.5, 0.5 ],
							"rotationOrigin": [ 0.0, 2.5, 0.0 ],
							"rotationY": -1.0,
							"rotationZ": 10.0,
							"faces": {
								"north": { "texture": "#crow", "uv": [ 0.0, 0.0, 1.5, 2.0 ] },
								"east": { "texture": "#crow", "uv": [ 0.0, 0.0, 0.5, 2.0 ] },
								"south": { "texture": "#crow", "uv": [ 0.0, 0.0, 1.5, 2.0 ] },
								"west": { "texture": "#crow", "uv": [ 0.0, 0.0, 0.5, 2.0 ] },
								"up": { "texture": "#crow", "uv": [ 0.0, 0.0, 1.5, 0.5 ] },
								"down": { "texture": "#crow", "uv": [ 0.0, 0.0, 1.5, 0.5 ] }
							},
							"children": [
								{
									"name": "Cube30",
									"from": [ -1.9, 0.5, 0.0 ],
									"to": [ 0.1, 2.0, 0.5 ],
									"rotationOrigin": [ 0.1, 2.0, 0.0 ],
									"rotationY": 1.0,
									"rotationZ": 10.0,
									"faces": {
										"north": { "texture": "#crow", "uv": [ 0.0, 0.0, 2.0, 1.5 ] },
										"east": { "texture": "#crow", "uv": [ 0.0, 0.0, 0.5, 1.5 ] },
										"south": { "texture": "#crow", "uv": [ 0.0, 0.0, 2.0, 1.5 ] },
										"west": { "texture": "#crow", "uv": [ 0.0, 0.0, 0.5, 1.5 ] },
										"up": { "texture": "#crow", "uv": [ 0.0, 0.0, 2.0, 0.5 ] },
										"down": { "texture": "#crow", "uv": [ 0.0, 0.0, 2.0, 0.5 ] }
									}
								}
							]
						}
					]
				},
				{
					"name": "string back34",
					"from": [ 5.9, -2.1, -2.4 ],
					"to": [ 6.4, -1.6, 2.8 ],
					"rotationOrigin": [ 5.9, -1.6, 0.0 ],
					"rotationZ": -20.0,
					"faces": {
						"north": { "texture": "#crow", "uv": [ 0.0, 0.0, 0.5, 0.5 ] },
						"east": { "texture": "#crow", "uv": [ 0.0, 0.0, 5.0, 0.5 ] },
						"south": { "texture": "#crow", "uv": [ 0.0, 0.0, 0.5, 0.5 ] },
						"west": { "texture": "#crow", "uv": [ 0.0, 0.0, 5.0, 0.5 ] },
						"up": { "texture": "#crow", "uv": [ 0.0, 0.0, 0.5, 5.0 ] },
						"down": { "texture": "#crow", "uv": [ 0.0, 0.0, 0.5, 5.0 ] }
					}
				}
			]
		}
	]}