{
	"editor": {
		"backDropShape": "entity/humanoid/seraph",
		"allAngles": true,
		"entityTextureMode": false
	},
	"textureWidth": 16,
	"textureHeight": 16,
	"textureSizes": {
	},
	"textures": {
		"mask-bird": "entity/humanoid/seraphclothes/face/hummingbird"
	},
	"elements": [
		{
			"name": "origin",
			"stepParentName": "Head",
			"from": [ -3.5, 1.0, 2.3 ],
			"to": [ -3.5, 1.0, 2.3 ],
			"rotationOrigin": [ -3.5, 1.0, 2.3 ],
			"rotationZ": -4.0,
			"faces": {
			},
			"children": [
				{
					"name": "L side",
					"from": [ -0.8, 0.0, -2.3 ],
					"to": [ -0.3, 2.5, 0.2 ],
					"rotationOrigin": [ -0.8, 0.0, 0.2 ],
					"rotationY": -20.0,
					"faces": {
						"north": { "texture": "#mask-bird", "uv": [ 0.0, 0.0, 0.5, 2.5 ] },
						"east": { "texture": "#mask-bird", "uv": [ 5.5, 2.0, 8.0, 4.5 ] },
						"south": { "texture": "#mask-bird", "uv": [ 0.0, 0.0, 0.5, 2.5 ] },
						"west": { "texture": "#mask-bird", "uv": [ 5.0, 2.5, 7.5, 5.0 ] },
						"up": { "texture": "#mask-bird", "uv": [ 0.0, 0.0, 0.5, 2.5 ] },
						"down": { "texture": "#mask-bird", "uv": [ 0.0, 0.0, 0.5, 2.5 ] }
					},
					"children": [
						{
							"name": "L string",
							"from": [ 0.0, 1.0, -0.5 ],
							"to": [ 6.0, 1.5, 0.0 ],
							"rotationOrigin": [ 0.0, 1.5, -0.5 ],
							"rotationY": 18.0,
							"rotationZ": -1.0,
							"faces": {
								"north": { "texture": "#mask-bird", "uv": [ 0.0, 0.0, 6.0, 0.5 ] },
								"east": { "texture": "#mask-bird", "uv": [ 0.0, 0.0, 0.5, 0.5 ] },
								"south": { "texture": "#mask-bird", "uv": [ 0.0, 0.0, 6.0, 0.5 ] },
								"west": { "texture": "#mask-bird", "uv": [ 0.0, 0.0, 0.5, 0.5 ] },
								"up": { "texture": "#mask-bird", "uv": [ 0.0, 0.0, 6.0, 0.5 ] },
								"down": { "texture": "#mask-bird", "uv": [ 0.0, 0.0, 6.0, 0.5 ] }
							}
						},
						{
							"name": "Cube19",
							"from": [ 0.0, 0.0, -0.5 ],
							"to": [ 0.5, 1.5, 0.0 ],
							"renderInEditor": false,
							"faces": {
								"north": { "texture": "#mask-bird", "uv": [ 12.5, 12.0, 13.0, 13.5 ] },
								"east": { "texture": "#mask-bird", "uv": [ 12.0, 12.5, 12.5, 14.0 ] },
								"south": { "texture": "#mask-bird", "uv": [ 12.0, 12.0, 12.5, 13.5 ] },
								"west": { "texture": "#mask-bird", "uv": [ 15.0, 13.0, 15.5, 14.5 ] },
								"up": { "texture": "#mask-bird", "uv": [ 14.0, 12.5, 14.5, 13.0 ] },
								"down": { "texture": "#mask-bird", "uv": [ 13.5, 12.0, 14.0, 12.5 ] }
							}
						}
					]
				},
				{
					"name": "R side",
					"from": [ -0.8, 0.0, 0.2 ],
					"to": [ -0.3, 2.5, 2.7 ],
					"rotationOrigin": [ -0.8, 0.0, 0.2 ],
					"rotationY": 20.0,
					"faces": {
						"north": { "texture": "#mask-bird", "uv": [ 0.0, 0.0, 0.5, 2.5 ] },
						"east": { "texture": "#mask-bird", "uv": [ 7.0, 2.0, 9.5, 4.5 ] },
						"south": { "texture": "#mask-bird", "uv": [ 11.5, 0.5, 12.0, 3.0 ] },
						"west": { "texture": "#mask-bird", "uv": [ 7.5, 2.5, 10.0, 5.0 ] },
						"up": { "texture": "#mask-bird", "uv": [ 0.0, 0.0, 0.5, 2.5 ] },
						"down": { "texture": "#mask-bird", "uv": [ 0.0, 0.0, 0.5, 2.5 ] }
					},
					"children": [
						{
							"name": "R string",
							"from": [ 0.1, 1.0, 2.5 ],
							"to": [ 6.1, 1.5, 3.0 ],
							"rotationOrigin": [ 0.1, 1.5, 2.9 ],
							"rotationY": -18.0,
							"rotationZ": -1.0,
							"faces": {
								"north": { "texture": "#mask-bird", "uv": [ 0.0, 0.0, 6.0, 0.5 ] },
								"east": { "texture": "#mask-bird", "uv": [ 0.0, 0.0, 0.5, 0.5 ] },
								"south": { "texture": "#mask-bird", "uv": [ 0.0, 0.0, 6.0, 0.5 ] },
								"west": { "texture": "#mask-bird", "uv": [ 0.0, 0.0, 0.5, 0.5 ] },
								"up": { "texture": "#mask-bird", "uv": [ 0.0, 0.0, 6.0, 0.5 ] },
								"down": { "texture": "#mask-bird", "uv": [ 0.0, 0.0, 6.0, 0.5 ] }
							}
						},
						{
							"name": "Cube20",
							"from": [ 0.0, 0.0, 2.5 ],
							"to": [ 0.5, 1.5, 3.0 ],
							"renderInEditor": false,
							"rotationOrigin": [ 0.0, 0.0, 2.5 ],
							"faces": {
								"north": { "texture": "#mask-bird", "uv": [ 12.5, 12.0, 13.0, 13.5 ] },
								"east": { "texture": "#mask-bird", "uv": [ 12.5, 11.5, 13.0, 13.0 ] },
								"south": { "texture": "#mask-bird", "uv": [ 13.0, 13.0, 13.5, 14.5 ] },
								"west": { "texture": "#mask-bird", "uv": [ 10.0, 3.5, 10.5, 5.0 ] },
								"up": { "texture": "#mask-bird", "uv": [ 14.0, 13.5, 14.5, 14.0 ] },
								"down": { "texture": "#mask-bird", "uv": [ 12.5, 12.0, 13.0, 12.5 ] }
							}
						}
					]
				},
				{
					"name": "L bottom tile",
					"from": [ -0.7, -0.5, -2.3 ],
					"to": [ -0.2, 0.0, -0.3 ],
					"rotationOrigin": [ -0.7, -0.5, -0.3 ],
					"rotationY": -20.0,
					"faces": {
						"north": { "texture": "#mask-bird", "uv": [ 0.0, 0.0, 0.5, 0.5 ] },
						"east": { "texture": "#mask-bird", "uv": [ 0.0, 0.0, 2.0, 0.5 ] },
						"south": { "texture": "#mask-bird", "uv": [ 7.0, 4.5, 7.5, 5.0 ] },
						"west": { "texture": "#mask-bird", "uv": [ 5.5, 4.5, 7.5, 5.0 ] },
						"up": { "texture": "#mask-bird", "uv": [ 0.0, 0.0, 0.5, 2.0 ] },
						"down": { "texture": "#mask-bird", "uv": [ 0.0, 0.0, 0.5, 2.0 ] }
					},
					"children": [
						{
							"name": "L bottom tile14",
							"from": [ 0.0, -0.5, 0.5 ],
							"to": [ 0.5, 0.0, 1.5 ],
							"rotationOrigin": [ 0.0, -0.5, 1.6 ],
							"faces": {
								"north": { "texture": "#mask-bird", "uv": [ 0.0, 0.0, 0.5, 0.5 ] },
								"east": { "texture": "#mask-bird", "uv": [ 0.0, 0.0, 1.0, 0.5 ] },
								"south": { "texture": "#mask-bird", "uv": [ 0.0, 0.0, 0.5, 0.5 ] },
								"west": { "texture": "#mask-bird", "uv": [ 6.0, 5.0, 7.0, 5.5 ] },
								"up": { "texture": "#mask-bird", "uv": [ 0.0, 0.0, 0.5, 1.0 ] },
								"down": { "texture": "#mask-bird", "uv": [ 0.0, 0.0, 0.5, 1.0 ] }
							}
						}
					]
				},
				{
					"name": "R bottom tile",
					"from": [ -0.7, -0.5, 0.7 ],
					"to": [ -0.2, 0.0, 2.7 ],
					"rotationOrigin": [ -0.7, -0.5, 0.7 ],
					"rotationY": 20.0,
					"faces": {
						"north": { "texture": "#mask-bird", "uv": [ 7.5, 4.5, 8.0, 5.0 ] },
						"east": { "texture": "#mask-bird", "uv": [ 0.0, 0.0, 2.0, 0.5 ] },
						"south": { "texture": "#mask-bird", "uv": [ 0.0, 0.0, 0.5, 0.5 ] },
						"west": { "texture": "#mask-bird", "uv": [ 7.5, 4.5, 9.5, 5.0 ] },
						"up": { "texture": "#mask-bird", "uv": [ 0.0, 0.0, 0.5, 2.0 ] },
						"down": { "texture": "#mask-bird", "uv": [ 0.0, 0.0, 0.5, 2.0 ] }
					},
					"children": [
						{
							"name": "R bottom tile15",
							"from": [ 0.0, -0.5, 0.5 ],
							"to": [ 0.5, 0.0, 1.5 ],
							"rotationOrigin": [ 0.0, -0.5, 0.5 ],
							"faces": {
								"north": { "texture": "#mask-bird", "uv": [ 0.0, 0.0, 0.5, 0.5 ] },
								"east": { "texture": "#mask-bird", "uv": [ 0.0, 0.0, 1.0, 0.5 ] },
								"south": { "texture": "#mask-bird", "uv": [ 0.0, 0.0, 0.5, 0.5 ] },
								"west": { "texture": "#mask-bird", "uv": [ 7.5, 5.0, 8.5, 5.5 ] },
								"up": { "texture": "#mask-bird", "uv": [ 0.0, 0.0, 0.5, 1.0 ] },
								"down": { "texture": "#mask-bird", "uv": [ 0.0, 0.0, 0.5, 1.0 ] }
							}
						}
					]
				},
				{
					"name": "string back",
					"from": [ 5.8, 0.9, -2.3 ],
					"to": [ 6.3, 1.4, 2.7 ],
					"rotationOrigin": [ 5.8, 1.4, 0.1 ],
					"rotationZ": 1.0,
					"faces": {
						"north": { "texture": "#mask-bird", "uv": [ 0.0, 0.0, 0.5, 0.5 ] },
						"east": { "texture": "#mask-bird", "uv": [ 0.0, 0.0, 5.0, 0.5 ] },
						"south": { "texture": "#mask-bird", "uv": [ 0.0, 0.0, 0.5, 0.5 ] },
						"west": { "texture": "#mask-bird", "uv": [ 0.0, 0.0, 5.0, 0.5 ] },
						"up": { "texture": "#mask-bird", "uv": [ 0.0, 0.0, 0.5, 5.0 ] },
						"down": { "texture": "#mask-bird", "uv": [ 0.0, 0.0, 0.5, 5.0 ] }
					}
				},
				{
					"name": "nose",
					"from": [ -1.1, 0.2, -0.1 ],
					"to": [ -0.6, 1.2, 0.5 ],
					"rotationOrigin": [ -1.1, 0.2, 0.4 ],
					"rotationZ": -16.0,
					"faces": {
						"north": { "texture": "#mask-bird", "uv": [ 7.0, 4.5, 7.5, 5.5 ] },
						"east": { "texture": "#mask-bird", "uv": [ 7.0, 4.5, 7.5, 5.5 ] },
						"south": { "texture": "#mask-bird", "uv": [ 7.0, 4.5, 7.5, 5.5 ] },
						"west": { "texture": "#mask-bird", "uv": [ 7.0, 4.5, 7.5, 5.5 ] },
						"up": { "texture": "#mask-bird", "uv": [ 7.0, 4.5, 7.5, 5.0 ], "rotation": 90 },
						"down": { "texture": "#mask-bird", "uv": [ 7.0, 4.5, 7.5, 5.0 ], "rotation": 90 }
					},
					"children": [
						{
							"name": "Cube1",
							"from": [ -0.6, -0.2, 0.1 ],
							"to": [ 0.4, 0.3, 0.5 ],
							"rotationOrigin": [ -0.6, -0.2, 0.1 ],
							"rotationZ": 17.0,
							"faces": {
								"north": { "texture": "#mask-bird", "uv": [ 0.0, 0.0, 1.0, 0.5 ] },
								"east": { "texture": "#mask-bird", "uv": [ 0.0, 0.0, 0.5, 0.5 ] },
								"south": { "texture": "#mask-bird", "uv": [ 0.0, 0.0, 1.0, 0.5 ] },
								"west": { "texture": "#mask-bird", "uv": [ 0.0, 0.0, 0.5, 0.5 ] },
								"up": { "texture": "#mask-bird", "uv": [ 0.0, 0.0, 1.0, 0.5 ] },
								"down": { "texture": "#mask-bird", "uv": [ 0.0, 0.0, 1.0, 0.5 ] }
							},
							"children": [
								{
									"name": "Cube16",
									"from": [ -1.9, 0.0, 0.0 ],
									"to": [ 0.1, 0.5, 0.4 ],
									"rotationOrigin": [ 0.1, 0.0, 0.3 ],
									"rotationZ": 6.0,
									"faces": {
										"north": { "texture": "#mask-bird", "uv": [ 0.0, 0.0, 2.0, 0.5 ] },
										"east": { "texture": "#mask-bird", "uv": [ 0.0, 0.0, 0.5, 0.5 ] },
										"south": { "texture": "#mask-bird", "uv": [ 0.0, 0.0, 2.0, 0.5 ] },
										"west": { "texture": "#mask-bird", "uv": [ 0.0, 0.0, 0.5, 0.5 ] },
										"up": { "texture": "#mask-bird", "uv": [ 0.0, 0.0, 2.0, 0.5 ] },
										"down": { "texture": "#mask-bird", "uv": [ 0.0, 0.0, 2.0, 0.5 ] }
									},
									"children": [
										{
											"name": "Cube17",
											"from": [ -1.8, 0.0, 0.0 ],
											"to": [ 0.2, 0.5, 0.4 ],
											"rotationOrigin": [ 0.2, 0.0, 0.3 ],
											"rotationZ": 13.0,
											"faces": {
												"north": { "texture": "#mask-bird", "uv": [ 0.0, 0.0, 2.0, 0.5 ] },
												"east": { "texture": "#mask-bird", "uv": [ 0.0, 0.0, 0.5, 0.5 ] },
												"south": { "texture": "#mask-bird", "uv": [ 0.0, 0.0, 2.0, 0.5 ] },
												"west": { "texture": "#mask-bird", "uv": [ 0.0, 0.0, 0.5, 0.5 ] },
												"up": { "texture": "#mask-bird", "uv": [ 0.0, 0.0, 2.0, 0.5 ] },
												"down": { "texture": "#mask-bird", "uv": [ 0.0, 0.0, 2.0, 0.5 ] }
											}
										}
									]
								}
							]
						}
					]
				}
			]
		}
	]}