{
	"editor": {
		"backDropShape": "shapes/entity/humanoid/seraph",
		"allAngles": true,
		"entityTextureMode": false
	},
	"textureWidth": 16,
	"textureHeight": 16,
	"textureSizes": {
	},
	"textures": {
		"mask-surgeon": "entity/humanoid/seraphclothes/face/surgeon"
	},
	"elements": [
		{
			"name": "origin",
			"stepParentName": "Head",
			"from": [ -2.7, 1.9, 2.3 ],
			"to": [ -2.7, 1.9, 2.3 ],
			"rotationOrigin": [ -2.7, 1.9, 2.3 ],
			"rotationZ": -25.0,
			"faces": {
				"north": { "texture": "#mask-surgeon", "uv": [ 0.0, 0.0, 0.5, 0.5 ] },
				"east": { "texture": "#mask-surgeon", "uv": [ 0.0, 0.0, 0.5, 0.5 ] },
				"south": { "texture": "#mask-surgeon", "uv": [ 0.0, 0.0, 0.5, 0.5 ] },
				"west": { "texture": "#mask-surgeon", "uv": [ 0.0, 0.0, 0.5, 0.5 ] },
				"up": { "texture": "#mask-surgeon", "uv": [ 0.0, 0.0, 0.5, 0.5 ] },
				"down": { "texture": "#mask-surgeon", "uv": [ 0.0, 0.0, 0.5, 0.5 ] }
			},
			"children": [
				{
					"name": "L side",
					"from": [ -0.8, 0.0, -2.3 ],
					"to": [ -0.3, 3.5, 0.2 ],
					"rotationOrigin": [ -0.8, 0.0, 0.2 ],
					"rotationY": -20.0,
					"faces": {
						"north": { "texture": "#mask-surgeon", "uv": [ 0.0, 0.0, 0.5, 3.5 ] },
						"east": { "texture": "#mask-surgeon", "uv": [ 5.5, 2.0, 8.0, 5.5 ] },
						"south": { "texture": "#mask-surgeon", "uv": [ 0.0, 0.0, 0.5, 3.5 ] },
						"west": { "texture": "#mask-surgeon", "uv": [ 5.0, 2.0, 7.5, 5.5 ] },
						"up": { "texture": "#mask-surgeon", "uv": [ 0.0, 0.0, 0.5, 2.5 ] },
						"down": { "texture": "#mask-surgeon", "uv": [ 0.0, 0.0, 0.5, 2.5 ] }
					},
					"children": [
						{
							"name": "L string",
							"from": [ 0.0, 1.0, -0.5 ],
							"to": [ 6.6, 1.5, 0.0 ],
							"rotationOrigin": [ 0.0, 1.5, -0.5 ],
							"rotationY": 21.0,
							"rotationZ": -1.0,
							"faces": {
								"north": { "texture": "#mask-surgeon", "uv": [ 3.0, 15.5, 9.5, 16.0 ] },
								"east": { "texture": "#mask-surgeon", "uv": [ 13.5, 15.5, 14.0, 16.0 ] },
								"south": { "texture": "#mask-surgeon", "uv": [ 6.5, 15.5, 13.0, 16.0 ] },
								"west": { "texture": "#mask-surgeon", "uv": [ 8.5, 15.5, 9.0, 16.0 ] },
								"up": { "texture": "#mask-surgeon", "uv": [ 8.5, 15.5, 15.0, 16.0 ] },
								"down": { "texture": "#mask-surgeon", "uv": [ 5.0, 15.5, 11.5, 16.0 ] }
							}
						}
					]
				},
				{
					"name": "R side",
					"from": [ -0.8, 0.0, 0.2 ],
					"to": [ -0.3, 3.5, 2.7 ],
					"rotationOrigin": [ -0.8, 0.0, 0.2 ],
					"rotationY": 20.0,
					"faces": {
						"north": { "texture": "#mask-surgeon", "uv": [ 0.0, 0.0, 0.5, 3.5 ] },
						"east": { "texture": "#mask-surgeon", "uv": [ 7.0, 2.0, 9.5, 5.5 ] },
						"south": { "texture": "#mask-surgeon", "uv": [ 11.5, 0.5, 12.0, 4.0 ] },
						"west": { "texture": "#mask-surgeon", "uv": [ 7.5, 2.0, 10.0, 5.5 ] },
						"up": { "texture": "#mask-surgeon", "uv": [ 0.0, 0.0, 0.5, 2.5 ] },
						"down": { "texture": "#mask-surgeon", "uv": [ 0.0, 0.0, 0.5, 2.5 ] }
					},
					"children": [
						{
							"name": "R string",
							"from": [ 0.1, 1.0, 2.5 ],
							"to": [ 6.7, 1.5, 3.0 ],
							"rotationOrigin": [ 0.1, 1.5, 2.9 ],
							"rotationY": -21.0,
							"rotationZ": -1.0,
							"faces": {
								"north": { "texture": "#mask-surgeon", "uv": [ 4.5, 15.5, 11.0, 16.0 ] },
								"east": { "texture": "#mask-surgeon", "uv": [ 11.0, 15.5, 11.5, 16.0 ] },
								"south": { "texture": "#mask-surgeon", "uv": [ 6.5, 15.5, 13.0, 16.0 ] },
								"west": { "texture": "#mask-surgeon", "uv": [ 1.0, 15.5, 1.5, 16.0 ] },
								"up": { "texture": "#mask-surgeon", "uv": [ 6.0, 15.5, 12.5, 16.0 ] },
								"down": { "texture": "#mask-surgeon", "uv": [ 5.5, 15.5, 12.0, 16.0 ] }
							}
						}
					]
				},
				{
					"name": "L bottom tile",
					"from": [ -0.7, -0.5, -2.3 ],
					"to": [ -0.2, 0.0, -0.3 ],
					"rotationOrigin": [ -0.7, -0.5, -0.3 ],
					"rotationY": -20.0,
					"faces": {
						"north": { "texture": "#mask-surgeon", "uv": [ 0.0, 0.0, 0.5, 0.5 ] },
						"east": { "texture": "#mask-surgeon", "uv": [ 0.0, 0.0, 2.0, 0.5 ] },
						"south": { "texture": "#mask-surgeon", "uv": [ 7.0, 4.5, 7.5, 5.0 ] },
						"west": { "texture": "#mask-surgeon", "uv": [ 5.5, 4.5, 7.5, 5.0 ] },
						"up": { "texture": "#mask-surgeon", "uv": [ 0.0, 0.0, 0.5, 2.0 ] },
						"down": { "texture": "#mask-surgeon", "uv": [ 0.0, 0.0, 0.5, 2.0 ] }
					},
					"children": [
						{
							"name": "L bottom tile14",
							"from": [ 0.0, -0.5, 0.5 ],
							"to": [ 0.5, 0.0, 1.5 ],
							"rotationOrigin": [ 0.0, -0.5, 1.6 ],
							"faces": {
								"north": { "texture": "#mask-surgeon", "uv": [ 0.0, 0.0, 0.5, 0.5 ] },
								"east": { "texture": "#mask-surgeon", "uv": [ 0.0, 0.0, 1.0, 0.5 ] },
								"south": { "texture": "#mask-surgeon", "uv": [ 0.0, 0.0, 0.5, 0.5 ] },
								"west": { "texture": "#mask-surgeon", "uv": [ 6.0, 5.0, 7.0, 5.5 ] },
								"up": { "texture": "#mask-surgeon", "uv": [ 0.0, 0.0, 0.5, 1.0 ] },
								"down": { "texture": "#mask-surgeon", "uv": [ 0.0, 0.0, 0.5, 1.0 ] }
							}
						}
					]
				},
				{
					"name": "R bottom tile",
					"from": [ -0.7, -0.5, 0.7 ],
					"to": [ -0.2, 0.0, 2.7 ],
					"rotationOrigin": [ -0.7, -0.5, 0.7 ],
					"rotationY": 20.0,
					"faces": {
						"north": { "texture": "#mask-surgeon", "uv": [ 7.5, 4.5, 8.0, 5.0 ] },
						"east": { "texture": "#mask-surgeon", "uv": [ 0.0, 0.0, 2.0, 0.5 ] },
						"south": { "texture": "#mask-surgeon", "uv": [ 0.0, 0.0, 0.5, 0.5 ] },
						"west": { "texture": "#mask-surgeon", "uv": [ 7.5, 4.5, 9.5, 5.0 ] },
						"up": { "texture": "#mask-surgeon", "uv": [ 0.0, 0.0, 0.5, 2.0 ] },
						"down": { "texture": "#mask-surgeon", "uv": [ 0.0, 0.0, 0.5, 2.0 ] }
					},
					"children": [
						{
							"name": "R bottom tile15",
							"from": [ 0.0, -0.5, 0.5 ],
							"to": [ 0.5, 0.0, 1.5 ],
							"rotationOrigin": [ 0.0, -0.5, 0.5 ],
							"faces": {
								"north": { "texture": "#mask-surgeon", "uv": [ 0.0, 0.0, 0.5, 0.5 ] },
								"east": { "texture": "#mask-surgeon", "uv": [ 0.0, 0.0, 1.0, 0.5 ] },
								"south": { "texture": "#mask-surgeon", "uv": [ 0.0, 0.0, 0.5, 0.5 ] },
								"west": { "texture": "#mask-surgeon", "uv": [ 7.5, 5.0, 8.5, 5.5 ] },
								"up": { "texture": "#mask-surgeon", "uv": [ 0.0, 0.0, 0.5, 1.0 ] },
								"down": { "texture": "#mask-surgeon", "uv": [ 0.0, 0.0, 0.5, 1.0 ] }
							}
						}
					]
				},
				{
					"name": "string back",
					"from": [ 6.4, 0.9, -2.6 ],
					"to": [ 6.9, 1.4, 3.0 ],
					"rotationOrigin": [ 6.4, 1.4, -0.2 ],
					"rotationZ": 1.0,
					"faces": {
						"north": { "texture": "#mask-surgeon", "uv": [ 0.0, 0.0, 0.5, 0.5 ] },
						"east": { "texture": "#mask-surgeon", "uv": [ 0.0, 0.0, 5.5, 0.5 ] },
						"south": { "texture": "#mask-surgeon", "uv": [ 0.0, 0.0, 0.5, 0.5 ] },
						"west": { "texture": "#mask-surgeon", "uv": [ 0.0, 0.0, 5.5, 0.5 ] },
						"up": { "texture": "#mask-surgeon", "uv": [ 0.0, 0.0, 0.5, 5.5 ] },
						"down": { "texture": "#mask-surgeon", "uv": [ 0.0, 0.0, 0.5, 5.5 ] }
					}
				},
				{
					"name": "nose",
					"from": [ -1.1, 0.2, -0.3 ],
					"to": [ -0.6, 1.2, 0.7 ],
					"rotationOrigin": [ -1.1, 0.2, 0.2 ],
					"rotationZ": -16.0,
					"faces": {
						"north": { "texture": "#mask-surgeon", "uv": [ 7.0, 4.5, 7.5, 5.5 ] },
						"east": { "texture": "#mask-surgeon", "uv": [ 7.0, 4.5, 8.0, 5.5 ] },
						"south": { "texture": "#mask-surgeon", "uv": [ 7.0, 4.5, 7.5, 5.5 ] },
						"west": { "texture": "#mask-surgeon", "uv": [ 7.0, 4.5, 8.0, 5.5 ] },
						"up": { "texture": "#mask-surgeon", "uv": [ 7.0, 4.5, 8.0, 5.0 ], "rotation": 90 },
						"down": { "texture": "#mask-surgeon", "uv": [ 7.0, 4.5, 8.0, 5.0 ], "rotation": 90 }
					},
					"children": [
						{
							"name": "Cube1",
							"from": [ -0.3, -0.3, -0.1 ],
							"to": [ 0.7, 0.5, 1.1 ],
							"rotationOrigin": [ -0.3, -0.3, -0.1 ],
							"rotationZ": 35.0,
							"faces": {
								"north": { "texture": "#mask-surgeon", "uv": [ 0.0, 0.0, 1.0, 0.5 ] },
								"east": { "texture": "#mask-surgeon", "uv": [ 0.0, 0.0, 1.0, 0.5 ] },
								"south": { "texture": "#mask-surgeon", "uv": [ 0.0, 0.0, 1.0, 0.5 ] },
								"west": { "texture": "#mask-surgeon", "uv": [ 0.0, 0.0, 1.0, 0.5 ] },
								"up": { "texture": "#mask-surgeon", "uv": [ 0.0, 0.0, 1.0, 1.0 ] },
								"down": { "texture": "#mask-surgeon", "uv": [ 0.0, 0.0, 1.0, 1.0 ] }
							},
							"children": [
								{
									"name": "Cube16",
									"from": [ -1.9, 0.1, 0.1 ],
									"to": [ 0.1, 0.7, 1.1 ],
									"rotationOrigin": [ 0.1, 0.1, 0.4 ],
									"rotationZ": 6.0,
									"faces": {
										"north": { "texture": "#mask-surgeon", "uv": [ 0.0, 0.0, 2.0, 0.5 ] },
										"east": { "texture": "#mask-surgeon", "uv": [ 0.0, 0.0, 1.0, 0.5 ] },
										"south": { "texture": "#mask-surgeon", "uv": [ 0.0, 0.0, 2.0, 0.5 ] },
										"west": { "texture": "#mask-surgeon", "uv": [ 0.0, 0.0, 1.0, 0.5 ] },
										"up": { "texture": "#mask-surgeon", "uv": [ 0.0, 0.0, 2.0, 1.0 ] },
										"down": { "texture": "#mask-surgeon", "uv": [ 0.0, 0.0, 2.0, 1.0 ] }
									},
									"children": [
										{
											"name": "Cube17",
											"from": [ -1.8, 0.0, 0.2 ],
											"to": [ 0.2, 0.5, 0.8 ],
											"rotationOrigin": [ 0.2, 0.0, 0.5 ],
											"rotationZ": 4.0,
											"faces": {
												"north": { "texture": "#mask-surgeon", "uv": [ 0.0, 0.0, 2.0, 0.5 ] },
												"east": { "texture": "#mask-surgeon", "uv": [ 0.0, 0.0, 0.5, 0.5 ] },
												"south": { "texture": "#mask-surgeon", "uv": [ 0.0, 0.0, 2.0, 0.5 ] },
												"west": { "texture": "#mask-surgeon", "uv": [ 0.0, 0.0, 0.5, 0.5 ] },
												"up": { "texture": "#mask-surgeon", "uv": [ 0.0, 0.0, 2.0, 0.5 ] },
												"down": { "texture": "#mask-surgeon", "uv": [ 0.0, 0.0, 2.0, 0.5 ] }
											},
											"children": [
												{
													"name": "Cube18",
													"from": [ -2.0, 0.1, 0.1 ],
													"to": [ 0.0, 0.4, 0.5 ],
													"rotationOrigin": [ 0.0, 0.1, 0.4 ],
													"faces": {
														"north": { "texture": "#mask-surgeon", "uv": [ 0.0, 0.0, 2.0, 0.5 ] },
														"east": { "texture": "#mask-surgeon", "uv": [ 0.0, 0.0, 0.5, 0.5 ] },
														"south": { "texture": "#mask-surgeon", "uv": [ 0.0, 0.0, 2.0, 0.5 ] },
														"west": { "texture": "#mask-surgeon", "uv": [ 0.0, 0.0, 0.5, 0.5 ] },
														"up": { "texture": "#mask-surgeon", "uv": [ 0.0, 0.0, 2.0, 0.5 ] },
														"down": { "texture": "#mask-surgeon", "uv": [ 0.0, 0.0, 2.0, 0.5 ] }
													}
												}
											]
										}
									]
								}
							]
						}
					]
				}
			]
		}
	]}