[
  {
    "op": "remove",
    "path": "/textures/stairshor",
    "file": "moreroads:blocktypes/stone/roads/temporal/temporalroad-stairs.json",
    "dependsOn": [{ "modid": "fixedpaths"}]
  },
  {
    "op": "add",
    "path": "/textures/horizontals",
    "value": {
      base: "block/road/ancientroad{type}1",
			overlays: ["block/road/temporaloverlay"],
			alternates: [
			{base: "block/road/ancientroad{type}2",
			overlays: ["block/road/temporaloverlay"],},
			{base: "block/road/ancientroad{type}3",
			overlays: ["block/road/temporaloverlay"],},
			{base: "block/road/ancientroad{type}4",
			overlays: ["block/road/temporaloverlay"],},
			]
    },
    "file": "moreroads:blocktypes/stone/roads/temporal/temporalroad-stairs.json",
    "dependsOn": [{ "modid": "fixedpaths"}]
  },
  {
    "op": "remove",
    "path": "/textures/stairsvert",
    "file": "moreroads:blocktypes/stone/roads/temporal/temporalroad-stairs.json",
    "dependsOn": [{ "modid": "fixedpaths"}]
  },
  {
    "op": "add",
    "path": "/textures/verticals",
    "value": {
      base: "block/road/ancientroad{type}1",
			overlays: ["block/road/temporaloverlaytop"],
			alternates: [
			{base: "block/road/ancientroad{type}2",
			overlays: ["block/road/temporaloverlaytop"],},
			{base: "block/road/ancientroad{type}3",
			overlays: ["block/road/temporaloverlaytop"],},
			{base: "block/road/ancientroad{type}4",
			overlays: ["block/road/temporaloverlaytop"],},
			]
    },
    "file": "moreroads:blocktypes/stone/roads/temporal/temporalroad-stairs.json",
    "dependsOn": [{ "modid": "fixedpaths"}]
  },
  {
    "op": "remove",
    "path": "/shapebytype/*-up-east-free/rotateY",
    "file": "moreroads:blocktypes/stone/roads/temporal/temporalroad-stairs.json",
    "dependsOn": [{ "modid": "fixedpaths"}]
  },
  {
    "op": "replace",
    "path": "/shapebytype/*-up-east-free/base",
    "value": "fixedpaths:block/basic/stairs/lowered/{horizontalorientation}",
    "file": "moreroads:blocktypes/stone/roads/temporal/temporalroad-stairs.json",
    "dependsOn": [{ "modid": "fixedpaths"}]
  },
  {
    "op": "remove",
    "path": "/shapebytype/*-up-east-snow/rotateY",
    "file": "moreroads:blocktypes/stone/roads/temporal/temporalroad-stairs.json",
    "dependsOn": [{ "modid": "fixedpaths"}]
  },
  {
    "op": "replace",
    "path": "/shapebytype/*-up-east-snow/base",
    "value": "fixedpaths:block/basic/stairs/snow-lowered/{horizontalorientation}",
    "file": "moreroads:blocktypes/stone/roads/temporal/temporalroad-stairs.json",
    "dependsOn": [{ "modid": "fixedpaths"}]
  },
  {
    "op": "remove",
    "path": "/shapebytype/*-up-north-free/rotateY",
    "file": "moreroads:blocktypes/stone/roads/temporal/temporalroad-stairs.json",
    "dependsOn": [{ "modid": "fixedpaths"}]
  },
  {
    "op": "replace",
    "path": "/shapebytype/*-up-north-free/base",
    "value": "fixedpaths:block/basic/stairs/lowered/{horizontalorientation}",
    "file": "moreroads:blocktypes/stone/roads/temporal/temporalroad-stairs.json",
    "dependsOn": [{ "modid": "fixedpaths"}]
  },
  {
    "op": "remove",
    "path": "/shapebytype/*-up-north-snow/rotateY",
    "file": "moreroads:blocktypes/stone/roads/temporal/temporalroad-stairs.json",
    "dependsOn": [{ "modid": "fixedpaths"}]
  },
  {
    "op": "replace",
    "path": "/shapebytype/*-up-north-snow/base",
    "value": "fixedpaths:block/basic/stairs/snow-lowered/{horizontalorientation}",
    "file": "moreroads:blocktypes/stone/roads/temporal/temporalroad-stairs.json",
    "dependsOn": [{ "modid": "fixedpaths"}]
  },
  {
    "op": "remove",
    "path": "/shapebytype/*-up-south-free/rotateY",
    "file": "moreroads:blocktypes/stone/roads/temporal/temporalroad-stairs.json",
    "dependsOn": [{ "modid": "fixedpaths"}]
  },
  {
    "op": "replace",
    "path": "/shapebytype/*-up-south-free/base",
    "value": "fixedpaths:block/basic/stairs/lowered/{horizontalorientation}",
    "file": "moreroads:blocktypes/stone/roads/temporal/temporalroad-stairs.json",
    "dependsOn": [{ "modid": "fixedpaths"}]
  },
  {
    "op": "remove",
    "path": "/shapebytype/*-up-south-snow/rotateY",
    "file": "moreroads:blocktypes/stone/roads/temporal/temporalroad-stairs.json",
    "dependsOn": [{ "modid": "fixedpaths"}]
  },
  {
    "op": "replace",
    "path": "/shapebytype/*-up-south-snow/base",
    "value": "fixedpaths:block/basic/stairs/snow-lowered/{horizontalorientation}",
    "file": "moreroads:blocktypes/stone/roads/temporal/temporalroad-stairs.json",
    "dependsOn": [{ "modid": "fixedpaths"}]
  },
  {
    "op": "remove",
    "path": "/shapebytype/*-up-west-free/rotateY",
    "file": "moreroads:blocktypes/stone/roads/temporal/temporalroad-stairs.json",
    "dependsOn": [{ "modid": "fixedpaths"}]
  },
  {
    "op": "replace",
    "path": "/shapebytype/*-up-west-free/base",
    "value": "fixedpaths:block/basic/stairs/lowered/{horizontalorientation}",
    "file": "moreroads:blocktypes/stone/roads/temporal/temporalroad-stairs.json",
    "dependsOn": [{ "modid": "fixedpaths"}]
  },
  {
    "op": "remove",
    "path": "/shapebytype/*-up-west-snow/rotateY",
    "file": "moreroads:blocktypes/stone/roads/temporal/temporalroad-stairs.json",
    "dependsOn": [{ "modid": "fixedpaths"}]
  },
  {
    "op": "replace",
    "path": "/shapebytype/*-up-west-snow/base",
    "value": "fixedpaths:block/basic/stairs/snow-lowered/{horizontalorientation}",
    "file": "moreroads:blocktypes/stone/roads/temporal/temporalroad-stairs.json",
    "dependsOn": [{ "modid": "fixedpaths"}]
  }
]