{
	"editor": {
		"allAngles": true,
		"entityTextureMode": false
	},
	"textureWidth": 16,
	"textureHeight": 16,
	"textureSizes": {
	},
	"textures": {
		"black": "game:block/black"
	},
	"elements": [
		{
			"name": "RotatingGun",
			"from": [ 8.0, -2.12, 1.2 ],
			"to": [ 8.0, -2.12, 1.2 ],
			"rotationOrigin": [ 8.0, -0.12, 9.0 ],
			"faces": {
			},
			"children": [
				{
					"name": "Detail1",
					"from": [ -0.9, 0.0, -4.8 ],
					"to": [ 0.9, 0.6, -4.2 ],
					"rotationOrigin": [ 0.0, 0.0, -4.8 ],
					"faces": {
						"north": { "texture": "#material", "uv": [ 8.0, 7.5, 11.0, 8.5 ], "autoUv": false },
						"south": { "texture": "#material", "uv": [ 6.5, 9.0, 9.5, 10.0 ], "autoUv": false, "windMode": [-1,-1,-1,-1] },
						"up": { "texture": "#material", "uv": [ 5.0, 6.0, 8.0, 7.0 ], "autoUv": false, "windMode": [-1,-1,-1,-1] },
						"down": { "texture": "#material", "uv": [ 8.5, 9.5, 11.5, 10.5 ], "autoUv": false, "windMode": [-1,-1,-1,-1] }
					}
				},
				{
					"name": "Detail2",
					"from": [ 0.6, 0.6, -4.794 ],
					"to": [ 2.4, 1.2, -4.194 ],
					"rotationOrigin": [ 1.5, 0.6, -4.8 ],
					"rotationZ": 45.0,
					"faces": {
						"north": { "texture": "#material", "uv": [ 8.5, 8.0, 11.5, 9.0 ], "autoUv": false },
						"south": { "texture": "#material", "uv": [ 3.5, 3.0, 6.5, 4.0 ], "autoUv": false },
						"up": { "texture": "#material", "uv": [ 11.5, 10.0, 14.5, 11.0 ], "autoUv": false },
						"down": { "texture": "#material", "uv": [ 3.0, 5.0, 6.0, 6.0 ], "autoUv": false }
					}
				},
				{
					"name": "Detail3",
					"from": [ 1.5, 1.2, -4.8 ],
					"to": [ 2.1, 3.0, -4.2 ],
					"rotationOrigin": [ 1.5, 2.1, -4.8 ],
					"faces": {
						"north": { "texture": "#material", "uv": [ 5.5, 4.0, 6.5, 7.0 ], "autoUv": false },
						"east": { "texture": "#material", "uv": [ 10.0, 6.5, 11.0, 9.5 ], "autoUv": false },
						"south": { "texture": "#material", "uv": [ 8.5, 7.0, 9.5, 10.0 ], "autoUv": false },
						"west": { "texture": "#material", "uv": [ 5.0, 9.5, 6.0, 12.5 ], "autoUv": false, "windMode": [-1,-1,-1,-1] }
					}
				},
				{
					"name": "Detail4",
					"from": [ 0.6, 3.6, -4.794 ],
					"to": [ 2.4, 4.2, -4.194 ],
					"rotationOrigin": [ 1.5, 3.6, -4.8 ],
					"rotationZ": 135.0,
					"faces": {
						"north": { "texture": "#material", "uv": [ 9.5, 6.5, 12.5, 7.5 ], "autoUv": false },
						"south": { "texture": "#material", "uv": [ 5.5, 5.0, 8.5, 6.0 ], "autoUv": false },
						"up": { "texture": "#material", "uv": [ 11.0, 13.5, 14.0, 14.5 ], "autoUv": false },
						"down": { "texture": "#material", "uv": [ 2.5, 3.5, 5.5, 4.5 ], "autoUv": false }
					}
				},
				{
					"name": "Detail5",
					"from": [ -0.9, 3.6, -4.8 ],
					"to": [ 0.9, 4.2, -4.2 ],
					"rotationOrigin": [ 0.0, 4.2, -4.8 ],
					"faces": {
						"north": { "texture": "#material", "uv": [ 12.5, 5.5, 15.5, 6.5 ], "autoUv": false },
						"south": { "texture": "#material", "uv": [ 3.5, 2.5, 6.5, 3.5 ], "autoUv": false },
						"up": { "texture": "#material", "uv": [ 3.5, 9.0, 6.5, 10.0 ], "autoUv": false },
						"down": { "texture": "#material", "uv": [ 9.0, 5.5, 12.0, 6.5 ], "autoUv": false }
					}
				},
				{
					"name": "Detail6",
					"from": [ -2.4, 0.6, -4.794 ],
					"to": [ -0.6, 1.2, -4.194 ],
					"rotationOrigin": [ -1.5, 0.6, -4.8 ],
					"rotationZ": -45.0,
					"faces": {
						"north": { "texture": "#material", "uv": [ 9.5, 9.0, 12.5, 10.0 ], "autoUv": false },
						"south": { "texture": "#material", "uv": [ 2.5, 3.0, 5.5, 4.0 ], "autoUv": false },
						"up": { "texture": "#material", "uv": [ 11.5, 9.5, 14.5, 10.5 ], "autoUv": false },
						"down": { "texture": "#material", "uv": [ 7.5, 2.5, 10.5, 3.5 ], "autoUv": false }
					}
				},
				{
					"name": "Detail7",
					"from": [ -2.1, 1.2, -4.8 ],
					"to": [ -1.5, 3.0, -4.2 ],
					"rotationOrigin": [ -1.5, 2.1, -4.8 ],
					"faces": {
						"north": { "texture": "#material", "uv": [ 4.0, 2.5, 5.0, 5.5 ], "autoUv": false },
						"east": { "texture": "#material", "uv": [ 13.5, 12.0, 14.5, 15.0 ], "autoUv": false },
						"south": { "texture": "#material", "uv": [ 7.5, 3.0, 8.5, 6.0 ], "autoUv": false },
						"west": { "texture": "#material", "uv": [ 3.0, 1.0, 4.0, 4.0 ], "autoUv": false }
					}
				},
				{
					"name": "Detail8",
					"from": [ -2.4, 3.6, -4.794 ],
					"to": [ -0.6, 4.2, -4.194 ],
					"rotationOrigin": [ -1.5, 3.6, -4.8 ],
					"rotationZ": -135.0,
					"faces": {
						"north": { "texture": "#material", "uv": [ 4.0, 3.5, 7.0, 4.5 ], "autoUv": false },
						"south": { "texture": "#material", "uv": [ 12.0, 6.0, 15.0, 7.0 ], "autoUv": false },
						"up": { "texture": "#material", "uv": [ 5.5, 4.0, 8.5, 5.0 ], "autoUv": false },
						"down": { "texture": "#material", "uv": [ 2.0, 13.5, 5.0, 14.5 ], "autoUv": false }
					}
				},
				{
					"name": "Barrel1",
					"from": [ -0.3, 0.3, -5.4 ],
					"to": [ 0.3, 0.9, 4.2 ],
					"rotationOrigin": [ 0.0, 2.1, 0.0 ],
					"faces": {
						"north": { "texture": "#black", "uv": [ 0.0, 0.0, 1.0, 7.0 ], "autoUv": false, "windMode": [-1,-1,-1,-1] },
						"east": { "texture": "#materialalt", "uv": [ 0.0, 9.0, 16.0, 10.0 ], "autoUv": false, "windMode": [-1,-1,-1,-1] },
						"west": { "texture": "#materialalt", "uv": [ 0.0, 6.5, 16.0, 7.5 ], "autoUv": false, "windMode": [-1,-1,-1,-1] },
						"up": { "texture": "#materialalt", "uv": [ 7.5, 0.0, 8.5, 16.0 ], "autoUv": false },
						"down": { "texture": "#materialalt", "uv": [ 12.0, 0.0, 13.0, 16.0 ], "autoUv": false }
					}
				},
				{
					"name": "Barrel2",
					"from": [ -0.3, 0.3, -5.4 ],
					"to": [ 0.3, 0.9, 4.2 ],
					"rotationOrigin": [ 0.0, 2.1, 0.0 ],
					"rotationZ": 60.0,
					"faces": {
						"north": { "texture": "#black", "uv": [ 0.0, 0.0, 1.0, 1.0 ], "autoUv": false, "windMode": [-1,-1,-1,-1] },
						"east": { "texture": "#materialalt", "uv": [ 0.0, 6.5, 16.0, 7.5 ], "autoUv": false },
						"west": { "texture": "#materialalt", "uv": [ 0.0, 3.5, 16.0, 4.5 ], "autoUv": false },
						"up": { "texture": "#materialalt", "uv": [ 3.5, 0.0, 4.5, 16.0 ], "autoUv": false },
						"down": { "texture": "#materialalt", "uv": [ 12.0, 0.0, 13.0, 16.0 ], "autoUv": false }
					}
				},
				{
					"name": "Barrel3",
					"from": [ -0.3, 0.3, -5.4 ],
					"to": [ 0.3, 0.9, 4.2 ],
					"rotationOrigin": [ 0.0, 2.1, 0.0 ],
					"rotationZ": 120.0,
					"faces": {
						"north": { "texture": "#black", "uv": [ 0.0, 0.0, 1.0, 1.0 ], "autoUv": false, "windMode": [-1,-1,-1,-1] },
						"east": { "texture": "#materialalt", "uv": [ 0.0, 12.0, 16.0, 13.0 ], "autoUv": false },
						"west": { "texture": "#materialalt", "uv": [ 0.0, 6.0, 16.0, 7.0 ], "autoUv": false },
						"up": { "texture": "#materialalt", "uv": [ 9.0, 0.0, 10.0, 16.0 ], "autoUv": false },
						"down": { "texture": "#materialalt", "uv": [ 5.0, 0.0, 6.0, 16.0 ], "autoUv": false }
					}
				},
				{
					"name": "Barrel4",
					"from": [ -0.3, 0.3, -5.4 ],
					"to": [ 0.3, 0.9, 4.2 ],
					"rotationOrigin": [ 0.0, 2.1, 0.0 ],
					"rotationZ": 180.0,
					"faces": {
						"north": { "texture": "#black", "uv": [ 0.0, 0.0, 8.0, 1.0 ], "autoUv": false, "windMode": [-1,-1,-1,-1] },
						"east": { "texture": "#materialalt", "uv": [ 0.0, 2.5, 16.0, 3.5 ], "autoUv": false },
						"west": { "texture": "#materialalt", "uv": [ 0.0, 9.5, 16.0, 10.5 ], "autoUv": false },
						"up": { "texture": "#materialalt", "uv": [ 9.5, 0.0, 10.5, 16.0 ], "autoUv": false },
						"down": { "texture": "#materialalt", "uv": [ 5.5, 0.0, 6.5, 16.0 ], "autoUv": false }
					}
				},
				{
					"name": "Barrel5",
					"from": [ -0.3, 0.3, -5.4 ],
					"to": [ 0.3, 0.9, 4.2 ],
					"rotationOrigin": [ 0.0, 2.1, 0.0 ],
					"rotationZ": -120.0,
					"faces": {
						"north": { "texture": "#black", "uv": [ 0.0, 0.0, 1.0, 1.0 ], "autoUv": false, "windMode": [-1,-1,-1,-1] },
						"east": { "texture": "#materialalt", "uv": [ 0.0, 4.0, 16.0, 5.0 ], "autoUv": false },
						"west": { "texture": "#materialalt", "uv": [ 0.0, 5.5, 16.0, 6.5 ], "autoUv": false },
						"up": { "texture": "#materialalt", "uv": [ 7.0, 0.0, 8.0, 16.0 ], "autoUv": false },
						"down": { "texture": "#materialalt", "uv": [ 14.0, 0.0, 15.0, 16.0 ], "autoUv": false }
					}
				},
				{
					"name": "Barrel6",
					"from": [ -0.3, 0.3, -5.4 ],
					"to": [ 0.3, 0.9, 4.2 ],
					"rotationOrigin": [ 0.0, 2.1, 0.0 ],
					"rotationZ": -60.0,
					"faces": {
						"north": { "texture": "#black", "uv": [ 0.5, 0.5, 1.5, 1.5 ], "autoUv": false },
						"east": { "texture": "#materialalt", "uv": [ 0.0, 2.5, 16.0, 3.5 ], "autoUv": false },
						"west": { "texture": "#materialalt", "uv": [ 0.0, 6.5, 16.0, 7.5 ], "autoUv": false },
						"up": { "texture": "#materialalt", "uv": [ 9.0, 0.0, 10.0, 16.0 ], "autoUv": false },
						"down": { "texture": "#materialalt", "uv": [ 6.5, 0.0, 7.5, 16.0 ], "autoUv": false }
					}
				}
			]
		}
	]}