{
	"editor": {
		"collapsedPaths": "Root/Anchor/SpokeN-S-east0,Root/Anchor/SpokeE-W-north0,Root/Anchor/Rim12oclock/PegSW89,Root/Rim16oclock,Root/Anchor/Rim16oclock,Root/Anchor/Rim08oclock/PegSW23,Root/SpokeN-S-east0,Root/Anchor/SpokeE-W-south0,Root/Anchor/BaseLeft1,Root/Rim08oclock,Root/Anchor/Rim08oclock,Root/SpokeN-S-west0,Root/Anchor/BaseRight1,Root/Anchor/Rim16oclock/PegNE01,Root/Rim12oclock,Root/Anchor/Rim12oclock,Root/SpokeE-W-north0,Root/Rim16oclock/PegNE01,Root/SpokeE-W-south0,Root/Anchor/SpokeN-S-west0,Root/Axle1,Root/Anchor/Rim04oclock/PegSE12,Root/Rim04oclock",
		"allAngles": false,
		"entityTextureMode": false
	},
	"textureWidth": 16,
	"textureHeight": 16,
	"textureSizes": {
	},
	"textures": {
		"rusty-iron":  "game:block/metal/tarnished/rusty-iron",
		"rusty-iron2": "game:block/metal/tarnished/rusty-iron2"
	},
	"elements": [
		{
			"name": "Anchor",
			"from": [ 0.0, 0.0, 0.0 ],
			"to": [ 0.0, 0.0, 0.0 ],
			"rotationOrigin": [ 8.0, 0.0, 8.0 ],
			"faces": {
			},
			"children": [
				{
					"name": "SpokeN-S-west0",
					"from": [ 2.0, 0.25, 0.0 ],
					"to": [ 5.0, 2.05, 16.0 ],
					"rotationOrigin": [ 8.0, 0.1, 8.0 ],
					"faces": {
						"east": { "texture": "#rusty-iron", "uv": [ 0.0, 0.0, 16.0, 1.5 ] },
						"west": { "texture": "#rusty-iron", "uv": [ 0.0, 0.0, 16.0, 1.5 ] },
						"up": { "texture": "#rusty-iron", "uv": [ 0.0, 12.0, 16.0, 15.0 ], "rotation": 90 },
						"down": { "texture": "#rusty-iron", "uv": [ 0.0, 2.0, 16.0, 5.0 ], "rotation": 90 }
					},
					"children": [
						{
							"name": "SpokeN-S-westN",
							"from": [ 0.0, 0.0, -11.0 ],
							"to": [ 3.0, 1.8, 0.0 ],
							"rotationOrigin": [ 2.0, 0.0, -10.0 ],
							"faces": {
								"east": { "texture": "#rusty-iron", "uv": [ 0.0, 0.0, 11.0, 1.5 ] },
								"west": { "texture": "#rusty-iron", "uv": [ 0.0, 0.0, 11.0, 1.5 ] },
								"up": { "texture": "#rusty-iron", "uv": [ 3.0, 5.0, 14.0, 8.0 ], "rotation": 90 },
								"down": { "texture": "#rusty-iron", "uv": [ 3.0, 9.0, 14.0, 12.0 ], "rotation": 90 }
							}
						},
						{
							"name": "SpokeN-S-westS",
							"from": [ 0.0, 0.0, 16.0 ],
							"to": [ 3.0, 1.8, 27.0 ],
							"rotationOrigin": [ 2.0, 0.0, 17.0 ],
							"faces": {
								"east": { "texture": "#rusty-iron", "uv": [ 0.0, 0.0, 11.0, 1.5 ] },
								"west": { "texture": "#rusty-iron", "uv": [ 0.0, 0.0, 11.0, 1.5 ] },
								"up": { "texture": "#rusty-iron", "uv": [ 3.0, 2.0, 14.0, 5.0 ], "rotation": 90 },
								"down": { "texture": "#rusty-iron", "uv": [ 3.0, 5.0, 14.0, 8.0 ], "rotation": 90 }
							}
						}
					]
				},
				{
					"name": "SpokeN-S-east0",
					"from": [ 11.0, 0.25, 0.0 ],
					"to": [ 14.0, 2.05, 16.0 ],
					"rotationOrigin": [ 8.0, 0.1, 8.0 ],
					"faces": {
						"east": { "texture": "#rusty-iron", "uv": [ 0.0, 0.0, 16.0, 1.5 ] },
						"west": { "texture": "#rusty-iron", "uv": [ 0.0, 0.0, 16.0, 1.5 ] },
						"up": { "texture": "#rusty-iron", "uv": [ 0.0, 2.0, 16.0, 5.0 ], "rotation": 90 },
						"down": { "texture": "#rusty-iron", "uv": [ 0.0, 12.0, 16.0, 15.0 ], "rotation": 90 }
					},
					"children": [
						{
							"name": "SpokeN-S-eastN",
							"from": [ 0.0, 0.0, -11.0 ],
							"to": [ 3.0, 1.8, 0.0 ],
							"rotationOrigin": [ 2.0, 0.0, 1.0 ],
							"faces": {
								"east": { "texture": "#rusty-iron", "uv": [ 0.0, 0.0, 11.0, 1.5 ] },
								"west": { "texture": "#rusty-iron", "uv": [ 0.0, 0.0, 11.0, 1.5 ] },
								"up": { "texture": "#rusty-iron", "uv": [ 5.0, 9.0, 16.0, 12.0 ], "rotation": 90 },
								"down": { "texture": "#rusty-iron", "uv": [ 0.0, 5.0, 11.0, 8.0 ], "rotation": 90 }
							}
						},
						{
							"name": "SpokeN-S-eastS",
							"from": [ 0.0, 0.0, 16.0 ],
							"to": [ 3.0, 1.8, 27.0 ],
							"rotationOrigin": [ 2.0, 0.0, 6.0 ],
							"faces": {
								"east": { "texture": "#rusty-iron", "uv": [ 0.0, 0.0, 11.0, 1.5 ] },
								"west": { "texture": "#rusty-iron", "uv": [ 0.0, 0.0, 11.0, 1.5 ] },
								"up": { "texture": "#rusty-iron", "uv": [ 1.0, 9.0, 12.0, 12.0 ], "rotation": 90 },
								"down": { "texture": "#rusty-iron", "uv": [ 2.0, 9.0, 13.0, 12.0 ], "rotation": 90 }
							}
						}
					]
				},
				{
					"name": "SpokeE-W-south0",
					"from": [ 1.9972, 0.2, 0.0014 ],
					"to": [ 4.9972, 2.0, 16.0014 ],
					"rotationOrigin": [ 8.0, 0.1, 8.0 ],
					"rotationY": 89.98,
					"faces": {
						"east": { "texture": "#rusty-iron", "uv": [ 0.0, 0.0, 16.0, 1.5 ] },
						"west": { "texture": "#rusty-iron", "uv": [ 0.0, 0.0, 16.0, 1.5 ] },
						"up": { "texture": "#rusty-iron", "uv": [ 0.0, 12.0, 16.0, 15.0 ], "rotation": 90 },
						"down": { "texture": "#rusty-iron2", "uv": [ 0.0, 2.0, 16.0, 5.0 ], "rotation": 90, "windMode": [-1,-1,-1,-1] }
					},
					"children": [
						{
							"name": "SpokeE-W-southW",
							"from": [ 0.0, 0.0, -11.0 ],
							"to": [ 3.0, 1.8, 0.0 ],
							"rotationOrigin": [ 2.0, 0.0, -10.0 ],
							"faces": {
								"east": { "texture": "#rusty-iron", "uv": [ 0.0, 0.0, 11.0, 1.5 ] },
								"west": { "texture": "#rusty-iron", "uv": [ 0.0, 0.0, 11.0, 1.5 ] },
								"up": { "texture": "#rusty-iron", "uv": [ 3.0, 5.0, 14.0, 8.0 ], "rotation": 90 },
								"down": { "texture": "#rusty-iron", "uv": [ 3.0, 9.0, 14.0, 12.0 ], "rotation": 90 }
							}
						},
						{
							"name": "SpokeE-W-southE",
							"from": [ 0.0, 0.0, 16.0 ],
							"to": [ 3.0, 1.8, 27.0 ],
							"rotationOrigin": [ 2.0, 0.0, 17.0 ],
							"faces": {
								"east": { "texture": "#rusty-iron", "uv": [ 0.0, 0.0, 11.0, 1.5 ] },
								"west": { "texture": "#rusty-iron", "uv": [ 0.0, 0.0, 11.0, 1.5 ] },
								"up": { "texture": "#rusty-iron", "uv": [ 3.0, 2.0, 14.0, 5.0 ], "rotation": 90 },
								"down": { "texture": "#rusty-iron", "uv": [ 3.0, 5.0, 14.0, 8.0 ], "rotation": 90 }
							}
						}
					]
				},
				{
					"name": "SpokeE-W-north0",
					"from": [ 10.9972, 0.2, -0.0048 ],
					"to": [ 13.9972, 2.0, 15.9952 ],
					"rotationOrigin": [ 8.0, 0.1, 8.0 ],
					"rotationY": 89.98,
					"faces": {
						"east": { "texture": "#rusty-iron", "uv": [ 0.0, 0.0, 16.0, 1.5 ] },
						"west": { "texture": "#rusty-iron", "uv": [ 0.0, 0.0, 16.0, 1.5 ] },
						"up": { "texture": "#rusty-iron", "uv": [ 0.0, 2.0, 16.0, 5.0 ], "rotation": 90 },
						"down": { "texture": "#rusty-iron", "uv": [ 0.0, 12.0, 16.0, 15.0 ], "rotation": 90 }
					},
					"children": [
						{
							"name": "SpokeE-W-northW",
							"from": [ 0.0, 0.0, -11.0 ],
							"to": [ 3.0, 1.8, 0.0 ],
							"rotationOrigin": [ 2.0, 0.0, 1.0 ],
							"faces": {
								"east": { "texture": "#rusty-iron", "uv": [ 0.0, 0.0, 11.0, 1.5 ] },
								"west": { "texture": "#rusty-iron", "uv": [ 0.0, 0.0, 11.0, 1.5 ] },
								"up": { "texture": "#rusty-iron", "uv": [ 5.0, 9.0, 16.0, 12.0 ], "rotation": 90 },
								"down": { "texture": "#rusty-iron", "uv": [ 0.0, 5.0, 11.0, 8.0 ], "rotation": 90 }
							}
						},
						{
							"name": "SpokeE-W-northE",
							"from": [ 0.0, 0.0, 16.0 ],
							"to": [ 3.0, 1.8, 27.0 ],
							"rotationOrigin": [ 2.0, 0.0, 6.0 ],
							"faces": {
								"east": { "texture": "#rusty-iron", "uv": [ 0.0, 0.0, 11.0, 1.5 ] },
								"west": { "texture": "#rusty-iron", "uv": [ 0.0, 0.0, 11.0, 1.5 ] },
								"up": { "texture": "#rusty-iron", "uv": [ 1.0, 9.0, 12.0, 12.0 ], "rotation": 90 },
								"down": { "texture": "#rusty-iron", "uv": [ 2.0, 9.0, 13.0, 12.0 ], "rotation": 90 }
							}
						}
					]
				},
				{
					"name": "Rim04oclock",
					"from": [ 3.4131, 0.15, -15.0004 ],
					"to": [ 12.6131, 2.15, -11.0004 ],
					"rotationOrigin": [ 8.0, 0.0, 8.0 ],
					"rotationY": -89.98,
					"faces": {
						"north": { "texture": "#rusty-iron", "uv": [ 4.0, 2.0, 13.0, 4.0 ] },
						"south": { "texture": "#rusty-iron", "uv": [ 0.0, 2.0, 9.0, 4.0 ] },
						"up": { "texture": "#rusty-iron", "uv": [ 0.0, 1.0, 9.0, 5.0 ] },
						"down": { "texture": "#rusty-iron", "uv": [ 7.0, 1.0, 16.0, 5.0 ] }
					},
					"children": [
						{
							"name": "Rim05oclock",
							"from": [ 0.0, 0.01, 0.0 ],
							"to": [ 9.2, 2.01, 4.0 ],
							"rotationOrigin": [ 4.6, 0.0, 23.0 ],
							"rotationY": -22.5,
							"faces": {
								"north": { "texture": "#rusty-iron", "uv": [ 5.0, 9.0, 14.0, 11.0 ] },
								"south": { "texture": "#rusty-iron", "uv": [ 6.0, 6.0, 15.0, 8.0 ] },
								"up": { "texture": "#rusty-iron", "uv": [ 0.0, 8.0, 9.0, 12.0 ] },
								"down": { "texture": "#rusty-iron", "uv": [ 0.0, 8.0, 9.0, 12.0 ] }
							}
						},
						{
							"name": "Rim06oclock",
							"from": [ 0.0, 0.0, 0.0 ],
							"to": [ 9.2, 2.0, 4.0 ],
							"rotationOrigin": [ 4.6, 0.0, 23.0 ],
							"rotationY": -45.0,
							"faces": {
								"north": { "texture": "#rusty-iron", "uv": [ 5.0, 6.0, 14.0, 8.0 ] },
								"south": { "texture": "#rusty-iron", "uv": [ 6.0, 9.0, 15.0, 11.0 ] },
								"up": { "texture": "#rusty-iron", "uv": [ 6.0, 4.5, 15.0, 8.5 ] },
								"down": { "texture": "#rusty-iron", "uv": [ 7.0, 8.0, 16.0, 12.0 ] }
							}
						},
						{
							"name": "Rim07oclock",
							"from": [ 0.0, 0.01, 0.0 ],
							"to": [ 9.2, 2.01, 4.0 ],
							"rotationOrigin": [ 4.6, 0.0, 23.0 ],
							"rotationY": -67.5,
							"faces": {
								"north": { "texture": "#rusty-iron", "uv": [ 6.0, 13.0, 15.0, 15.0 ] },
								"south": { "texture": "#rusty-iron", "uv": [ 0.0, 13.0, 9.0, 15.0 ] },
								"up": { "texture": "#rusty-iron", "uv": [ 1.0, 11.5, 10.0, 15.5 ] },
								"down": { "texture": "#rusty-iron", "uv": [ 3.0, 11.0, 12.0, 15.0 ] }
							}
						},
						{
							"name": "RimRadialSE",
							"from": [ 15.5, 0.3, -5.0 ],
							"to": [ 26.5, 1.7, 11.0 ],
							"rotationOrigin": [ 15.5, 1.9, 6.8 ],
							"rotationY": -135.0,
							"faces": {
								"north": { "texture": "#rusty-iron2", "uv": [ 2.0, 5.0, 13.0, 6.0 ] },
								"south": { "texture": "#rusty-iron", "uv": [ 5.0, 6.0, 16.0, 7.0 ] },
								"up": { "texture": "#rusty-iron2", "uv": [ 2.0, 0.0, 13.0, 16.0 ], "windMode": [-1,-1,-1,-1] },
								"down": { "texture": "#rusty-iron", "uv": [ 5.0, 0.0, 16.0, 16.0 ] }
							}
						},
						{
							"name": "RimBridgeE",
							"from": [ 1.6, 0.2, 4.0 ],
							"to": [ 7.6, 1.8, 17.0 ],
							"rotationOrigin": [ 1.6, 1.9, 5.0 ],
							"faces": {
								"up": { "texture": "#rusty-iron", "uv": [ 5.0, 1.5, 11.0, 14.5 ] },
								"down": { "texture": "#rusty-iron", "uv": [ 3.0, 0.5, 9.0, 13.5 ] }
							}
						},
						{
							"name": "PegSE12",
							"from": [ 4.1, 2.0, 1.0 ],
							"to": [ 5.1, 5.0, 2.0 ],
							"rotationOrigin": [ 4.6, 2.0, 23.0 ],
							"rotationY": -4.1,
							"faces": {
								"north": { "texture": "#rusty-iron", "uv": [ 4.0, 3.0, 7.0, 4.0 ], "rotation": 90 },
								"east": { "texture": "#rusty-iron", "uv": [ 6.0, 2.0, 9.0, 3.0 ], "rotation": 90 },
								"south": { "texture": "#rusty-iron", "uv": [ 6.0, 3.0, 9.0, 4.0 ], "rotation": 90 },
								"west": { "texture": "#rusty-iron", "uv": [ 0.0, 3.0, 3.0, 4.0 ], "rotation": 90 },
								"up": { "texture": "#rusty-iron", "uv": [ 0.0, 0.0, 1.0, 1.0 ] }
							},
							"children": [
								{
									"name": "PegSE13",
									"from": [ 0.0, 0.0, 0.0 ],
									"to": [ 1.0, 3.0, 1.0 ],
									"rotationOrigin": [ 0.5, 0.0, 22.0 ],
									"rotationY": -8.2,
									"faces": {
										"north": { "texture": "#rusty-iron", "uv": [ 1.0, 10.0, 4.0, 11.0 ], "rotation": 90 },
										"east": { "texture": "#rusty-iron", "uv": [ 8.0, 6.0, 11.0, 7.0 ], "rotation": 90 },
										"south": { "texture": "#rusty-iron", "uv": [ 0.0, 10.0, 3.0, 11.0 ], "rotation": 90 },
										"west": { "texture": "#rusty-iron", "uv": [ 0.0, 10.0, 3.0, 11.0 ], "rotation": 90 },
										"up": { "texture": "#rusty-iron", "uv": [ 0.0, 0.0, 1.0, 1.0 ] }
									}
								},
								{
									"name": "PegSE14",
									"from": [ 0.0, 0.0, 0.0 ],
									"to": [ 1.0, 3.0, 1.0 ],
									"rotationOrigin": [ 0.5, 0.0, 22.0 ],
									"rotationY": -16.4,
									"faces": {
										"north": { "texture": "#rusty-iron", "uv": [ 1.0, 10.0, 4.0, 11.0 ], "rotation": 90 },
										"east": { "texture": "#rusty-iron", "uv": [ 8.0, 6.0, 11.0, 7.0 ], "rotation": 90 },
										"south": { "texture": "#rusty-iron", "uv": [ 0.0, 10.0, 3.0, 11.0 ], "rotation": 90 },
										"west": { "texture": "#rusty-iron", "uv": [ 0.0, 10.0, 3.0, 11.0 ], "rotation": 90 },
										"up": { "texture": "#rusty-iron", "uv": [ 0.0, 0.0, 1.0, 1.0 ] }
									}
								},
								{
									"name": "PegSE15",
									"from": [ 0.0, 0.0, 0.0 ],
									"to": [ 1.0, 3.0, 1.0 ],
									"rotationOrigin": [ 0.5, 0.0, 22.0 ],
									"rotationY": -24.6,
									"faces": {
										"north": { "texture": "#rusty-iron", "uv": [ 1.0, 10.0, 4.0, 11.0 ], "rotation": 90 },
										"east": { "texture": "#rusty-iron", "uv": [ 8.0, 6.0, 11.0, 7.0 ], "rotation": 90 },
										"south": { "texture": "#rusty-iron", "uv": [ 0.0, 10.0, 3.0, 11.0 ], "rotation": 90 },
										"west": { "texture": "#rusty-iron", "uv": [ 0.0, 10.0, 3.0, 11.0 ], "rotation": 90 },
										"up": { "texture": "#rusty-iron", "uv": [ 0.0, 0.0, 1.0, 1.0 ] }
									}
								},
								{
									"name": "PegSE16",
									"from": [ 0.0, 0.0, 0.0 ],
									"to": [ 1.0, 3.0, 1.0 ],
									"rotationOrigin": [ 0.5, 0.0, 22.0 ],
									"rotationY": -32.8,
									"faces": {
										"north": { "texture": "#rusty-iron", "uv": [ 1.0, 10.0, 4.0, 11.0 ], "rotation": 90 },
										"east": { "texture": "#rusty-iron", "uv": [ 8.0, 6.0, 11.0, 7.0 ], "rotation": 90 },
										"south": { "texture": "#rusty-iron", "uv": [ 0.0, 10.0, 3.0, 11.0 ], "rotation": 90 },
										"west": { "texture": "#rusty-iron", "uv": [ 0.0, 10.0, 3.0, 11.0 ], "rotation": 90 },
										"up": { "texture": "#rusty-iron", "uv": [ 0.0, 0.0, 1.0, 1.0 ] }
									}
								},
								{
									"name": "PegSE17",
									"from": [ 0.0, 0.0, 0.0 ],
									"to": [ 1.0, 3.0, 1.0 ],
									"rotationOrigin": [ 0.5, 0.0, 22.0 ],
									"rotationY": -41.0,
									"faces": {
										"north": { "texture": "#rusty-iron", "uv": [ 1.0, 10.0, 4.0, 11.0 ], "rotation": 90 },
										"east": { "texture": "#rusty-iron", "uv": [ 8.0, 6.0, 11.0, 7.0 ], "rotation": 90 },
										"south": { "texture": "#rusty-iron", "uv": [ 0.0, 10.0, 3.0, 11.0 ], "rotation": 90 },
										"west": { "texture": "#rusty-iron", "uv": [ 0.0, 10.0, 3.0, 11.0 ], "rotation": 90 },
										"up": { "texture": "#rusty-iron", "uv": [ 0.0, 0.0, 1.0, 1.0 ] }
									}
								},
								{
									"name": "PegSE18",
									"from": [ 0.0, 0.0, 0.0 ],
									"to": [ 1.0, 3.0, 1.0 ],
									"rotationOrigin": [ 0.5, 0.0, 22.0 ],
									"rotationY": -49.2,
									"faces": {
										"north": { "texture": "#rusty-iron", "uv": [ 1.0, 10.0, 4.0, 11.0 ], "rotation": 90 },
										"east": { "texture": "#rusty-iron", "uv": [ 8.0, 6.0, 11.0, 7.0 ], "rotation": 90 },
										"south": { "texture": "#rusty-iron", "uv": [ 0.0, 10.0, 3.0, 11.0 ], "rotation": 90 },
										"west": { "texture": "#rusty-iron", "uv": [ 0.0, 10.0, 3.0, 11.0 ], "rotation": 90 },
										"up": { "texture": "#rusty-iron", "uv": [ 0.0, 0.0, 1.0, 1.0 ] }
									}
								},
								{
									"name": "PegSE19",
									"from": [ 0.0, 0.0, 0.0 ],
									"to": [ 1.0, 3.0, 1.0 ],
									"rotationOrigin": [ 0.5, 0.0, 22.0 ],
									"rotationY": -57.4,
									"faces": {
										"north": { "texture": "#rusty-iron", "uv": [ 1.0, 10.0, 4.0, 11.0 ], "rotation": 90 },
										"east": { "texture": "#rusty-iron", "uv": [ 8.0, 6.0, 11.0, 7.0 ], "rotation": 90 },
										"south": { "texture": "#rusty-iron", "uv": [ 0.0, 10.0, 3.0, 11.0 ], "rotation": 90 },
										"west": { "texture": "#rusty-iron", "uv": [ 0.0, 10.0, 3.0, 11.0 ], "rotation": 90 },
										"up": { "texture": "#rusty-iron", "uv": [ 0.0, 0.0, 1.0, 1.0 ] }
									}
								},
								{
									"name": "PegSE20",
									"from": [ 0.0, 0.0, 0.0 ],
									"to": [ 1.0, 3.0, 1.0 ],
									"rotationOrigin": [ 0.5, 0.0, 22.0 ],
									"rotationY": -65.6,
									"faces": {
										"north": { "texture": "#rusty-iron", "uv": [ 1.0, 10.0, 4.0, 11.0 ], "rotation": 90 },
										"east": { "texture": "#rusty-iron", "uv": [ 8.0, 6.0, 11.0, 7.0 ], "rotation": 90 },
										"south": { "texture": "#rusty-iron", "uv": [ 0.0, 10.0, 3.0, 11.0 ], "rotation": 90 },
										"west": { "texture": "#rusty-iron", "uv": [ 0.0, 10.0, 3.0, 11.0 ], "rotation": 90 },
										"up": { "texture": "#rusty-iron", "uv": [ 0.0, 0.0, 1.0, 1.0 ] }
									}
								},
								{
									"name": "PegSE21",
									"from": [ 0.0, 0.0, 0.0 ],
									"to": [ 1.0, 3.0, 1.0 ],
									"rotationOrigin": [ 0.5, 0.0, 22.0 ],
									"rotationY": -73.8,
									"faces": {
										"north": { "texture": "#rusty-iron", "uv": [ 1.0, 10.0, 4.0, 11.0 ], "rotation": 90 },
										"east": { "texture": "#rusty-iron", "uv": [ 8.0, 6.0, 11.0, 7.0 ], "rotation": 90 },
										"south": { "texture": "#rusty-iron", "uv": [ 0.0, 10.0, 3.0, 11.0 ], "rotation": 90 },
										"west": { "texture": "#rusty-iron", "uv": [ 0.0, 10.0, 3.0, 11.0 ], "rotation": 90 },
										"up": { "texture": "#rusty-iron", "uv": [ 0.0, 0.0, 1.0, 1.0 ] }
									}
								},
								{
									"name": "PegSE22",
									"from": [ 0.0, 0.0, 0.0 ],
									"to": [ 1.0, 3.0, 1.0 ],
									"rotationOrigin": [ 0.5, 0.0, 22.0 ],
									"rotationY": -82.0,
									"faces": {
										"north": { "texture": "#rusty-iron", "uv": [ 1.0, 10.0, 4.0, 11.0 ], "rotation": 90 },
										"east": { "texture": "#rusty-iron", "uv": [ 8.0, 6.0, 11.0, 7.0 ], "rotation": 90 },
										"south": { "texture": "#rusty-iron", "uv": [ 0.0, 10.0, 3.0, 11.0 ], "rotation": 90 },
										"west": { "texture": "#rusty-iron", "uv": [ 0.0, 10.0, 3.0, 11.0 ], "rotation": 90 },
										"up": { "texture": "#rusty-iron", "uv": [ 0.0, 0.0, 1.0, 1.0 ] }
									}
								}
							]
						}
					]
				},
				{
					"name": "Rim08oclock",
					"from": [ 3.4, 0.15, -15.0 ],
					"to": [ 12.6, 2.15, -11.0 ],
					"rotationOrigin": [ 8.0, 0.0, 8.0 ],
					"rotationX": -180.0,
					"rotationZ": -180.0,
					"faces": {
						"north": { "texture": "#rusty-iron", "uv": [ 4.0, 2.0, 13.0, 4.0 ] },
						"south": { "texture": "#rusty-iron", "uv": [ 0.0, 2.0, 9.0, 4.0 ] },
						"up": { "texture": "#rusty-iron", "uv": [ 0.0, 1.0, 9.0, 5.0 ] },
						"down": { "texture": "#rusty-iron", "uv": [ 7.0, 1.0, 16.0, 5.0 ] }
					},
					"children": [
						{
							"name": "Rim09oclock",
							"from": [ 0.0, 0.01, 0.0 ],
							"to": [ 9.2, 2.01, 4.0 ],
							"rotationOrigin": [ 4.6, 0.0, 23.0 ],
							"rotationY": -22.5,
							"faces": {
								"north": { "texture": "#rusty-iron", "uv": [ 5.0, 9.0, 14.0, 11.0 ] },
								"south": { "texture": "#rusty-iron", "uv": [ 6.0, 6.0, 15.0, 8.0 ] },
								"up": { "texture": "#rusty-iron", "uv": [ 0.0, 8.0, 9.0, 12.0 ] },
								"down": { "texture": "#rusty-iron", "uv": [ 0.0, 8.0, 9.0, 12.0 ] }
							}
						},
						{
							"name": "Rim10oclock",
							"from": [ 0.0, 0.0, 0.0 ],
							"to": [ 9.2, 2.0, 4.0 ],
							"rotationOrigin": [ 4.6, 0.0, 23.0 ],
							"rotationY": -45.0,
							"faces": {
								"north": { "texture": "#rusty-iron", "uv": [ 5.0, 6.0, 14.0, 8.0 ] },
								"south": { "texture": "#rusty-iron", "uv": [ 6.0, 9.0, 15.0, 11.0 ] },
								"up": { "texture": "#rusty-iron", "uv": [ 6.0, 4.5, 15.0, 8.5 ] },
								"down": { "texture": "#rusty-iron", "uv": [ 7.0, 8.0, 16.0, 12.0 ] }
							}
						},
						{
							"name": "Rim11oclock",
							"from": [ 0.0, 0.01, 0.0 ],
							"to": [ 9.2, 2.01, 4.0 ],
							"rotationOrigin": [ 4.6, 0.0, 23.0 ],
							"rotationY": -67.5,
							"faces": {
								"north": { "texture": "#rusty-iron", "uv": [ 6.0, 13.0, 15.0, 15.0 ] },
								"south": { "texture": "#rusty-iron", "uv": [ 0.0, 13.0, 9.0, 15.0 ] },
								"up": { "texture": "#rusty-iron", "uv": [ 1.0, 11.5, 10.0, 15.5 ] },
								"down": { "texture": "#rusty-iron", "uv": [ 3.0, 11.0, 12.0, 15.0 ] }
							}
						},
						{
							"name": "RimRadialSW",
							"from": [ 20.6, 0.3, 7.0 ],
							"to": [ 31.6, 1.7, 22.0 ],
							"rotationOrigin": [ 20.6, 1.9, 12.1 ],
							"rotationX": -4.0,
							"rotationY": -135.0,
							"faces": {
								"north": { "texture": "#rusty-iron2", "uv": [ 2.5, 5.5, 13.5, 6.5 ] },
								"south": { "texture": "#rusty-iron2", "uv": [ 2.5, 3.0, 13.5, 4.0 ], "windMode": [-1,-1,-1,-1] },
								"up": { "texture": "#rusty-iron2", "uv": [ 5.0, 0.0, 16.0, 15.0 ], "windMode": [-1,-1,-1,-1] },
								"down": { "texture": "#rusty-iron2", "uv": [ 1.5, 0.0, 12.5, 15.0 ], "windMode": [-1,-1,-1,-1] }
							}
						},
						{
							"name": "RimBridgeS",
							"from": [ 1.6, 0.2, 4.0 ],
							"to": [ 7.6, 1.8, 17.0 ],
							"rotationOrigin": [ 1.6, 1.9, 5.0 ],
							"faces": {
								"up": { "texture": "#rusty-iron", "uv": [ 8.0, 1.0, 14.0, 14.0 ] },
								"down": { "texture": "#rusty-iron", "uv": [ 3.5, 1.5, 9.5, 14.5 ] }
							}
						},
						{
							"name": "PegSW23",
							"from": [ 4.1, 2.0, 1.0 ],
							"to": [ 5.1, 5.0, 2.0 ],
							"rotationOrigin": [ 4.6, 2.0, 23.0 ],
							"rotationY": -4.1,
							"faces": {
								"north": { "texture": "#rusty-iron", "uv": [ 4.0, 3.0, 7.0, 4.0 ], "rotation": 90 },
								"east": { "texture": "#rusty-iron", "uv": [ 6.0, 2.0, 9.0, 3.0 ], "rotation": 90 },
								"south": { "texture": "#rusty-iron", "uv": [ 6.0, 3.0, 9.0, 4.0 ], "rotation": 90 },
								"west": { "texture": "#rusty-iron", "uv": [ 0.0, 3.0, 3.0, 4.0 ], "rotation": 90 },
								"up": { "texture": "#rusty-iron", "uv": [ 0.0, 0.0, 1.0, 1.0 ] }
							},
							"children": [
								{
									"name": "PegSW24",
									"from": [ 0.0, 0.0, 0.0 ],
									"to": [ 1.0, 3.0, 1.0 ],
									"rotationOrigin": [ 0.5, 0.0, 22.0 ],
									"rotationY": -8.2,
									"faces": {
										"north": { "texture": "#rusty-iron", "uv": [ 1.0, 10.0, 4.0, 11.0 ], "rotation": 90 },
										"east": { "texture": "#rusty-iron", "uv": [ 8.0, 6.0, 11.0, 7.0 ], "rotation": 90 },
										"south": { "texture": "#rusty-iron", "uv": [ 0.0, 10.0, 3.0, 11.0 ], "rotation": 90 },
										"west": { "texture": "#rusty-iron", "uv": [ 0.0, 10.0, 3.0, 11.0 ], "rotation": 90 },
										"up": { "texture": "#rusty-iron", "uv": [ 0.0, 0.0, 1.0, 1.0 ] }
									}
								},
								{
									"name": "PegSW25",
									"from": [ 0.0, 0.0, 0.0 ],
									"to": [ 1.0, 3.0, 1.0 ],
									"rotationOrigin": [ 0.5, 0.0, 22.0 ],
									"rotationY": -16.4,
									"faces": {
										"north": { "texture": "#rusty-iron", "uv": [ 1.0, 10.0, 4.0, 11.0 ], "rotation": 90 },
										"east": { "texture": "#rusty-iron", "uv": [ 8.0, 6.0, 11.0, 7.0 ], "rotation": 90 },
										"south": { "texture": "#rusty-iron", "uv": [ 0.0, 10.0, 3.0, 11.0 ], "rotation": 90 },
										"west": { "texture": "#rusty-iron", "uv": [ 0.0, 10.0, 3.0, 11.0 ], "rotation": 90 },
										"up": { "texture": "#rusty-iron", "uv": [ 0.0, 0.0, 1.0, 1.0 ] }
									}
								},
								{
									"name": "PegSW26",
									"from": [ 0.0, 0.0, 0.0 ],
									"to": [ 1.0, 3.0, 1.0 ],
									"rotationOrigin": [ 0.5, 0.0, 22.0 ],
									"rotationY": -24.6,
									"faces": {
										"north": { "texture": "#rusty-iron", "uv": [ 1.0, 10.0, 4.0, 11.0 ], "rotation": 90 },
										"east": { "texture": "#rusty-iron", "uv": [ 8.0, 6.0, 11.0, 7.0 ], "rotation": 90 },
										"south": { "texture": "#rusty-iron", "uv": [ 0.0, 10.0, 3.0, 11.0 ], "rotation": 90 },
										"west": { "texture": "#rusty-iron", "uv": [ 0.0, 10.0, 3.0, 11.0 ], "rotation": 90 },
										"up": { "texture": "#rusty-iron", "uv": [ 0.0, 0.0, 1.0, 1.0 ] }
									}
								},
								{
									"name": "PegSW27",
									"from": [ 0.0, 0.0, 0.0 ],
									"to": [ 1.0, 3.0, 1.0 ],
									"rotationOrigin": [ 0.5, 0.0, 22.0 ],
									"rotationY": -32.8,
									"faces": {
										"north": { "texture": "#rusty-iron", "uv": [ 1.0, 10.0, 4.0, 11.0 ], "rotation": 90 },
										"east": { "texture": "#rusty-iron", "uv": [ 8.0, 6.0, 11.0, 7.0 ], "rotation": 90 },
										"south": { "texture": "#rusty-iron", "uv": [ 0.0, 10.0, 3.0, 11.0 ], "rotation": 90 },
										"west": { "texture": "#rusty-iron", "uv": [ 0.0, 10.0, 3.0, 11.0 ], "rotation": 90 },
										"up": { "texture": "#rusty-iron", "uv": [ 0.0, 0.0, 1.0, 1.0 ] }
									}
								},
								{
									"name": "PegSW28",
									"from": [ 0.0, 0.0, 0.0 ],
									"to": [ 1.0, 3.0, 1.0 ],
									"rotationOrigin": [ 0.5, 0.0, 22.0 ],
									"rotationY": -41.0,
									"faces": {
										"north": { "texture": "#rusty-iron", "uv": [ 1.0, 10.0, 4.0, 11.0 ], "rotation": 90 },
										"east": { "texture": "#rusty-iron", "uv": [ 8.0, 6.0, 11.0, 7.0 ], "rotation": 90 },
										"south": { "texture": "#rusty-iron", "uv": [ 0.0, 10.0, 3.0, 11.0 ], "rotation": 90 },
										"west": { "texture": "#rusty-iron", "uv": [ 0.0, 10.0, 3.0, 11.0 ], "rotation": 90 },
										"up": { "texture": "#rusty-iron", "uv": [ 0.0, 0.0, 1.0, 1.0 ] }
									}
								},
								{
									"name": "PegSW29",
									"from": [ 0.0, 0.0, 0.0 ],
									"to": [ 1.0, 3.0, 1.0 ],
									"rotationOrigin": [ 0.5, 0.0, 22.0 ],
									"rotationY": -49.2,
									"faces": {
										"north": { "texture": "#rusty-iron", "uv": [ 1.0, 10.0, 4.0, 11.0 ], "rotation": 90 },
										"east": { "texture": "#rusty-iron", "uv": [ 8.0, 6.0, 11.0, 7.0 ], "rotation": 90 },
										"south": { "texture": "#rusty-iron", "uv": [ 0.0, 10.0, 3.0, 11.0 ], "rotation": 90 },
										"west": { "texture": "#rusty-iron", "uv": [ 0.0, 10.0, 3.0, 11.0 ], "rotation": 90 },
										"up": { "texture": "#rusty-iron", "uv": [ 0.0, 0.0, 1.0, 1.0 ] }
									}
								},
								{
									"name": "PegSW30",
									"from": [ 0.0, 0.0, 0.0 ],
									"to": [ 1.0, 3.0, 1.0 ],
									"rotationOrigin": [ 0.5, 0.0, 22.0 ],
									"rotationY": -57.4,
									"faces": {
										"north": { "texture": "#rusty-iron", "uv": [ 1.0, 10.0, 4.0, 11.0 ], "rotation": 90 },
										"east": { "texture": "#rusty-iron", "uv": [ 8.0, 6.0, 11.0, 7.0 ], "rotation": 90 },
										"south": { "texture": "#rusty-iron", "uv": [ 0.0, 10.0, 3.0, 11.0 ], "rotation": 90 },
										"west": { "texture": "#rusty-iron", "uv": [ 0.0, 10.0, 3.0, 11.0 ], "rotation": 90 },
										"up": { "texture": "#rusty-iron", "uv": [ 0.0, 0.0, 1.0, 1.0 ] }
									}
								},
								{
									"name": "PegSW31",
									"from": [ 0.0, 0.0, 0.0 ],
									"to": [ 1.0, 3.0, 1.0 ],
									"rotationOrigin": [ 0.5, 0.0, 22.0 ],
									"rotationY": -65.6,
									"faces": {
										"north": { "texture": "#rusty-iron", "uv": [ 1.0, 10.0, 4.0, 11.0 ], "rotation": 90 },
										"east": { "texture": "#rusty-iron", "uv": [ 8.0, 6.0, 11.0, 7.0 ], "rotation": 90 },
										"south": { "texture": "#rusty-iron", "uv": [ 0.0, 10.0, 3.0, 11.0 ], "rotation": 90 },
										"west": { "texture": "#rusty-iron", "uv": [ 0.0, 10.0, 3.0, 11.0 ], "rotation": 90 },
										"up": { "texture": "#rusty-iron", "uv": [ 0.0, 0.0, 1.0, 1.0 ] }
									}
								},
								{
									"name": "PegSW32",
									"from": [ 0.0, 0.0, 0.0 ],
									"to": [ 1.0, 3.0, 1.0 ],
									"rotationOrigin": [ 0.5, 0.0, 22.0 ],
									"rotationY": -73.8,
									"faces": {
										"north": { "texture": "#rusty-iron", "uv": [ 1.0, 10.0, 4.0, 11.0 ], "rotation": 90 },
										"east": { "texture": "#rusty-iron", "uv": [ 8.0, 6.0, 11.0, 7.0 ], "rotation": 90 },
										"south": { "texture": "#rusty-iron", "uv": [ 0.0, 10.0, 3.0, 11.0 ], "rotation": 90 },
										"west": { "texture": "#rusty-iron", "uv": [ 0.0, 10.0, 3.0, 11.0 ], "rotation": 90 },
										"up": { "texture": "#rusty-iron", "uv": [ 0.0, 0.0, 1.0, 1.0 ] }
									}
								},
								{
									"name": "PegSW33",
									"from": [ 0.0, 0.0, 0.0 ],
									"to": [ 1.0, 3.0, 1.0 ],
									"rotationOrigin": [ 0.5, 0.0, 22.0 ],
									"rotationY": -82.0,
									"faces": {
										"north": { "texture": "#rusty-iron", "uv": [ 1.0, 10.0, 4.0, 11.0 ], "rotation": 90 },
										"east": { "texture": "#rusty-iron", "uv": [ 8.0, 6.0, 11.0, 7.0 ], "rotation": 90 },
										"south": { "texture": "#rusty-iron", "uv": [ 0.0, 10.0, 3.0, 11.0 ], "rotation": 90 },
										"west": { "texture": "#rusty-iron", "uv": [ 0.0, 10.0, 3.0, 11.0 ], "rotation": 90 },
										"up": { "texture": "#rusty-iron", "uv": [ 0.0, 0.0, 1.0, 1.0 ] }
									}
								}
							]
						}
					]
				},
				{
					"name": "Rim12oclock",
					"from": [ 3.3869, 0.15, -14.9996 ],
					"to": [ 12.5869, 2.15, -10.9996 ],
					"rotationOrigin": [ 8.0, 0.0, 8.0 ],
					"rotationY": 89.98,
					"faces": {
						"north": { "texture": "#rusty-iron", "uv": [ 4.0, 2.0, 13.0, 4.0 ] },
						"south": { "texture": "#rusty-iron", "uv": [ 0.0, 2.0, 9.0, 4.0 ] },
						"up": { "texture": "#rusty-iron", "uv": [ 0.0, 1.0, 9.0, 5.0 ] },
						"down": { "texture": "#rusty-iron", "uv": [ 7.0, 1.0, 16.0, 5.0 ] }
					},
					"children": [
						{
							"name": "Rim13oclock",
							"from": [ 0.0, 0.01, 0.0 ],
							"to": [ 9.2, 2.01, 4.0 ],
							"rotationOrigin": [ 4.6, 0.0, 23.0 ],
							"rotationY": -22.5,
							"faces": {
								"north": { "texture": "#rusty-iron", "uv": [ 5.0, 9.0, 14.0, 11.0 ] },
								"south": { "texture": "#rusty-iron", "uv": [ 6.0, 6.0, 15.0, 8.0 ] },
								"up": { "texture": "#rusty-iron", "uv": [ 0.0, 8.0, 9.0, 12.0 ] },
								"down": { "texture": "#rusty-iron", "uv": [ 0.0, 8.0, 9.0, 12.0 ] }
							}
						},
						{
							"name": "Rim14oclock",
							"from": [ 0.0, 0.0, 0.0 ],
							"to": [ 9.2, 2.0, 4.0 ],
							"rotationOrigin": [ 4.6, 0.0, 23.0 ],
							"rotationY": -45.0,
							"faces": {
								"north": { "texture": "#rusty-iron", "uv": [ 5.0, 6.0, 14.0, 8.0 ] },
								"south": { "texture": "#rusty-iron", "uv": [ 6.0, 9.0, 15.0, 11.0 ] },
								"up": { "texture": "#rusty-iron", "uv": [ 6.0, 4.5, 15.0, 8.5 ] },
								"down": { "texture": "#rusty-iron", "uv": [ 7.0, 8.0, 16.0, 12.0 ] }
							}
						},
						{
							"name": "Rim15oclock",
							"from": [ 0.0, 0.01, 0.0 ],
							"to": [ 9.2, 2.01, 4.0 ],
							"rotationOrigin": [ 4.6, 0.0, 23.0 ],
							"rotationY": -67.5,
							"faces": {
								"north": { "texture": "#rusty-iron", "uv": [ 6.0, 13.0, 15.0, 15.0 ] },
								"south": { "texture": "#rusty-iron", "uv": [ 0.0, 13.0, 9.0, 15.0 ] },
								"up": { "texture": "#rusty-iron", "uv": [ 1.0, 11.5, 10.0, 15.5 ] },
								"down": { "texture": "#rusty-iron", "uv": [ 3.0, 11.0, 12.0, 15.0 ] }
							}
						},
						{
							"name": "RimRadialNW",
							"from": [ 20.6, 0.3, 8.0 ],
							"to": [ 31.6, 1.3, 24.0 ],
							"rotationOrigin": [ 20.6, 1.9, 12.1 ],
							"rotationY": -135.0,
							"faces": {
								"north": { "texture": "#rusty-iron", "uv": [ 4.5, 3.5, 15.5, 4.5 ] },
								"south": { "texture": "#rusty-iron", "uv": [ 3.0, 4.0, 14.0, 5.0 ] },
								"up": { "texture": "#rusty-iron", "uv": [ 5.0, 0.0, 16.0, 16.0 ] },
								"down": { "texture": "#rusty-iron", "uv": [ 1.5, 0.0, 12.5, 16.0 ] }
							}
						},
						{
							"name": "RimBridgeW",
							"from": [ 1.6, 0.2, 4.0 ],
							"to": [ 7.6, 1.8, 17.0 ],
							"rotationOrigin": [ 1.6, 1.9, 5.0 ],
							"faces": {
								"up": { "texture": "#rusty-iron", "uv": [ 5.5, 2.0, 11.5, 15.0 ] },
								"down": { "texture": "#rusty-iron", "uv": [ 5.0, 2.0, 11.0, 15.0 ] }
							}
						},
						{
							"name": "PegSW89",
							"from": [ 4.1, 2.0, 1.0 ],
							"to": [ 5.1, 5.0, 2.0 ],
							"rotationOrigin": [ 4.6, 2.0, 23.0 ],
							"rotationY": -4.1,
							"faces": {
								"north": { "texture": "#rusty-iron", "uv": [ 4.0, 3.0, 7.0, 4.0 ], "rotation": 90 },
								"east": { "texture": "#rusty-iron", "uv": [ 6.0, 2.0, 9.0, 3.0 ], "rotation": 90 },
								"south": { "texture": "#rusty-iron", "uv": [ 6.0, 3.0, 9.0, 4.0 ], "rotation": 90 },
								"west": { "texture": "#rusty-iron", "uv": [ 0.0, 3.0, 3.0, 4.0 ], "rotation": 90 },
								"up": { "texture": "#rusty-iron", "uv": [ 0.0, 0.0, 1.0, 1.0 ] }
							},
							"children": [
								{
									"name": "PegSW90",
									"from": [ 0.0, 0.0, 0.0 ],
									"to": [ 1.0, 3.0, 1.0 ],
									"rotationOrigin": [ 0.5, 0.0, 22.0 ],
									"rotationY": -8.2,
									"faces": {
										"north": { "texture": "#rusty-iron", "uv": [ 1.0, 10.0, 4.0, 11.0 ], "rotation": 90 },
										"east": { "texture": "#rusty-iron", "uv": [ 8.0, 6.0, 11.0, 7.0 ], "rotation": 90 },
										"south": { "texture": "#rusty-iron", "uv": [ 0.0, 10.0, 3.0, 11.0 ], "rotation": 90 },
										"west": { "texture": "#rusty-iron", "uv": [ 0.0, 10.0, 3.0, 11.0 ], "rotation": 90 },
										"up": { "texture": "#rusty-iron", "uv": [ 0.0, 0.0, 1.0, 1.0 ] }
									}
								},
								{
									"name": "PegSW91",
									"from": [ 0.0, 0.0, 0.0 ],
									"to": [ 1.0, 3.0, 1.0 ],
									"rotationOrigin": [ 0.5, 0.0, 22.0 ],
									"rotationY": -16.4,
									"faces": {
										"north": { "texture": "#rusty-iron", "uv": [ 1.0, 10.0, 4.0, 11.0 ], "rotation": 90 },
										"east": { "texture": "#rusty-iron", "uv": [ 8.0, 6.0, 11.0, 7.0 ], "rotation": 90 },
										"south": { "texture": "#rusty-iron", "uv": [ 0.0, 10.0, 3.0, 11.0 ], "rotation": 90 },
										"west": { "texture": "#rusty-iron", "uv": [ 0.0, 10.0, 3.0, 11.0 ], "rotation": 90 },
										"up": { "texture": "#rusty-iron", "uv": [ 0.0, 0.0, 1.0, 1.0 ] }
									}
								},
								{
									"name": "PegSW92",
									"from": [ 0.0, 0.0, 0.0 ],
									"to": [ 1.0, 3.0, 1.0 ],
									"rotationOrigin": [ 0.5, 0.0, 22.0 ],
									"rotationY": -24.6,
									"faces": {
										"north": { "texture": "#rusty-iron", "uv": [ 1.0, 10.0, 4.0, 11.0 ], "rotation": 90 },
										"east": { "texture": "#rusty-iron", "uv": [ 8.0, 6.0, 11.0, 7.0 ], "rotation": 90 },
										"south": { "texture": "#rusty-iron", "uv": [ 0.0, 10.0, 3.0, 11.0 ], "rotation": 90 },
										"west": { "texture": "#rusty-iron", "uv": [ 0.0, 10.0, 3.0, 11.0 ], "rotation": 90 },
										"up": { "texture": "#rusty-iron", "uv": [ 0.0, 0.0, 1.0, 1.0 ] }
									}
								},
								{
									"name": "PegSW93",
									"from": [ 0.0, 0.0, 0.0 ],
									"to": [ 1.0, 3.0, 1.0 ],
									"rotationOrigin": [ 0.5, 0.0, 22.0 ],
									"rotationY": -32.8,
									"faces": {
										"north": { "texture": "#rusty-iron", "uv": [ 1.0, 10.0, 4.0, 11.0 ], "rotation": 90 },
										"east": { "texture": "#rusty-iron", "uv": [ 8.0, 6.0, 11.0, 7.0 ], "rotation": 90 },
										"south": { "texture": "#rusty-iron", "uv": [ 0.0, 10.0, 3.0, 11.0 ], "rotation": 90 },
										"west": { "texture": "#rusty-iron", "uv": [ 0.0, 10.0, 3.0, 11.0 ], "rotation": 90 },
										"up": { "texture": "#rusty-iron", "uv": [ 0.0, 0.0, 1.0, 1.0 ] }
									}
								},
								{
									"name": "PegSW94",
									"from": [ 0.0, 0.0, 0.0 ],
									"to": [ 1.0, 3.0, 1.0 ],
									"rotationOrigin": [ 0.5, 0.0, 22.0 ],
									"rotationY": -41.0,
									"faces": {
										"north": { "texture": "#rusty-iron", "uv": [ 1.0, 10.0, 4.0, 11.0 ], "rotation": 90 },
										"east": { "texture": "#rusty-iron", "uv": [ 8.0, 6.0, 11.0, 7.0 ], "rotation": 90 },
										"south": { "texture": "#rusty-iron", "uv": [ 0.0, 10.0, 3.0, 11.0 ], "rotation": 90 },
										"west": { "texture": "#rusty-iron", "uv": [ 0.0, 10.0, 3.0, 11.0 ], "rotation": 90 },
										"up": { "texture": "#rusty-iron", "uv": [ 0.0, 0.0, 1.0, 1.0 ] }
									}
								},
								{
									"name": "PegSW95",
									"from": [ 0.0, 0.0, 0.0 ],
									"to": [ 1.0, 3.0, 1.0 ],
									"rotationOrigin": [ 0.5, 0.0, 22.0 ],
									"rotationY": -49.2,
									"faces": {
										"north": { "texture": "#rusty-iron", "uv": [ 1.0, 10.0, 4.0, 11.0 ], "rotation": 90 },
										"east": { "texture": "#rusty-iron", "uv": [ 8.0, 6.0, 11.0, 7.0 ], "rotation": 90 },
										"south": { "texture": "#rusty-iron", "uv": [ 0.0, 10.0, 3.0, 11.0 ], "rotation": 90 },
										"west": { "texture": "#rusty-iron", "uv": [ 0.0, 10.0, 3.0, 11.0 ], "rotation": 90 },
										"up": { "texture": "#rusty-iron", "uv": [ 0.0, 0.0, 1.0, 1.0 ] }
									}
								},
								{
									"name": "PegSW96",
									"from": [ 0.0, 0.0, 0.0 ],
									"to": [ 1.0, 3.0, 1.0 ],
									"rotationOrigin": [ 0.5, 0.0, 22.0 ],
									"rotationY": -57.4,
									"faces": {
										"north": { "texture": "#rusty-iron", "uv": [ 1.0, 10.0, 4.0, 11.0 ], "rotation": 90 },
										"east": { "texture": "#rusty-iron", "uv": [ 8.0, 6.0, 11.0, 7.0 ], "rotation": 90 },
										"south": { "texture": "#rusty-iron", "uv": [ 0.0, 10.0, 3.0, 11.0 ], "rotation": 90 },
										"west": { "texture": "#rusty-iron", "uv": [ 0.0, 10.0, 3.0, 11.0 ], "rotation": 90 },
										"up": { "texture": "#rusty-iron", "uv": [ 0.0, 0.0, 1.0, 1.0 ] }
									}
								},
								{
									"name": "PegSW97",
									"from": [ 0.0, 0.0, 0.0 ],
									"to": [ 1.0, 3.0, 1.0 ],
									"rotationOrigin": [ 0.5, 0.0, 22.0 ],
									"rotationY": -65.6,
									"faces": {
										"north": { "texture": "#rusty-iron", "uv": [ 1.0, 10.0, 4.0, 11.0 ], "rotation": 90 },
										"east": { "texture": "#rusty-iron", "uv": [ 8.0, 6.0, 11.0, 7.0 ], "rotation": 90 },
										"south": { "texture": "#rusty-iron", "uv": [ 0.0, 10.0, 3.0, 11.0 ], "rotation": 90 },
										"west": { "texture": "#rusty-iron", "uv": [ 0.0, 10.0, 3.0, 11.0 ], "rotation": 90 },
										"up": { "texture": "#rusty-iron", "uv": [ 0.0, 0.0, 1.0, 1.0 ] }
									}
								},
								{
									"name": "PegSW98",
									"from": [ 0.0, 0.0, 0.0 ],
									"to": [ 1.0, 3.0, 1.0 ],
									"rotationOrigin": [ 0.5, 0.0, 22.0 ],
									"rotationY": -73.8,
									"faces": {
										"north": { "texture": "#rusty-iron", "uv": [ 1.0, 10.0, 4.0, 11.0 ], "rotation": 90 },
										"east": { "texture": "#rusty-iron", "uv": [ 8.0, 6.0, 11.0, 7.0 ], "rotation": 90 },
										"south": { "texture": "#rusty-iron", "uv": [ 0.0, 10.0, 3.0, 11.0 ], "rotation": 90 },
										"west": { "texture": "#rusty-iron", "uv": [ 0.0, 10.0, 3.0, 11.0 ], "rotation": 90 },
										"up": { "texture": "#rusty-iron", "uv": [ 0.0, 0.0, 1.0, 1.0 ] }
									}
								},
								{
									"name": "PegSW99",
									"from": [ 0.0, 0.0, 0.0 ],
									"to": [ 1.0, 3.0, 1.0 ],
									"rotationOrigin": [ 0.5, 0.0, 22.0 ],
									"rotationY": -82.0,
									"faces": {
										"north": { "texture": "#rusty-iron", "uv": [ 1.0, 10.0, 4.0, 11.0 ], "rotation": 90 },
										"east": { "texture": "#rusty-iron", "uv": [ 8.0, 6.0, 11.0, 7.0 ], "rotation": 90 },
										"south": { "texture": "#rusty-iron", "uv": [ 0.0, 10.0, 3.0, 11.0 ], "rotation": 90 },
										"west": { "texture": "#rusty-iron", "uv": [ 0.0, 10.0, 3.0, 11.0 ], "rotation": 90 },
										"up": { "texture": "#rusty-iron", "uv": [ 0.0, 0.0, 1.0, 1.0 ] }
									}
								}
							]
						}
					]
				},
				{
					"name": "Rim16oclock",
					"from": [ 3.4, 0.15, -15.0 ],
					"to": [ 12.6, 2.15, -11.0 ],
					"rotationOrigin": [ 8.0, 0.0, 8.0 ],
					"faces": {
						"north": { "texture": "#rusty-iron", "uv": [ 4.0, 2.0, 13.0, 4.0 ] },
						"south": { "texture": "#rusty-iron", "uv": [ 0.0, 2.0, 9.0, 4.0 ] },
						"up": { "texture": "#rusty-iron", "uv": [ 0.0, 1.0, 9.0, 5.0 ] },
						"down": { "texture": "#rusty-iron", "uv": [ 7.0, 1.0, 16.0, 5.0 ] }
					},
					"children": [
						{
							"name": "Rim01oclock",
							"from": [ 0.0, 0.01, 0.0 ],
							"to": [ 9.2, 2.01, 4.0 ],
							"rotationOrigin": [ 4.6, 0.0, 23.0 ],
							"rotationY": -22.5,
							"faces": {
								"north": { "texture": "#rusty-iron", "uv": [ 5.0, 9.0, 14.0, 11.0 ] },
								"south": { "texture": "#rusty-iron", "uv": [ 6.0, 6.0, 15.0, 8.0 ] },
								"up": { "texture": "#rusty-iron", "uv": [ 0.0, 8.0, 9.0, 12.0 ] },
								"down": { "texture": "#rusty-iron", "uv": [ 0.0, 8.0, 9.0, 12.0 ] }
							}
						},
						{
							"name": "Rim02oclock",
							"from": [ 0.0, 0.0, 0.0 ],
							"to": [ 9.2, 2.0, 4.0 ],
							"rotationOrigin": [ 4.6, 0.0, 23.0 ],
							"rotationY": -45.0,
							"faces": {
								"north": { "texture": "#rusty-iron", "uv": [ 5.0, 6.0, 14.0, 8.0 ] },
								"south": { "texture": "#rusty-iron", "uv": [ 6.0, 9.0, 15.0, 11.0 ] },
								"up": { "texture": "#rusty-iron", "uv": [ 6.0, 4.5, 15.0, 8.5 ] },
								"down": { "texture": "#rusty-iron", "uv": [ 7.0, 8.0, 16.0, 12.0 ] }
							}
						},
						{
							"name": "Rim03oclock",
							"from": [ 0.0, 0.01, 0.0 ],
							"to": [ 9.2, 2.01, 4.0 ],
							"rotationOrigin": [ 4.6, 0.0, 23.0 ],
							"rotationY": -67.5,
							"faces": {
								"north": { "texture": "#rusty-iron", "uv": [ 6.0, 13.0, 15.0, 15.0 ] },
								"south": { "texture": "#rusty-iron", "uv": [ 0.0, 13.0, 9.0, 15.0 ] },
								"up": { "texture": "#rusty-iron", "uv": [ 1.0, 11.5, 10.0, 15.5 ] },
								"down": { "texture": "#rusty-iron", "uv": [ 3.0, 11.0, 12.0, 15.0 ] }
							}
						},
						{
							"name": "RimRadialNE",
							"from": [ 20.6, 0.2, 8.0 ],
							"to": [ 31.6, 1.6, 24.0 ],
							"rotationOrigin": [ 20.6, 1.9, 12.1 ],
							"rotationX": 2.0,
							"rotationY": -135.0,
							"rotationZ": 2.0,
							"faces": {
								"north": { "texture": "#rusty-iron", "uv": [ 2.0, 8.0, 13.0, 9.0 ] },
								"south": { "texture": "#rusty-iron", "uv": [ 3.0, 8.0, 14.0, 9.0 ] },
								"up": { "texture": "#rusty-iron", "uv": [ 2.5, 0.0, 13.5, 16.0 ] },
								"down": { "texture": "#rusty-iron", "uv": [ 4.5, 0.0, 15.5, 16.0 ] }
							}
						},
						{
							"name": "RimBridgeN",
							"from": [ 1.6, 0.2, 4.0 ],
							"to": [ 7.6, 1.8, 17.0 ],
							"rotationOrigin": [ 1.6, 1.9, 5.0 ],
							"faces": {
								"up": { "texture": "#rusty-iron2", "uv": [ 8.5, 2.0, 14.5, 15.0 ] },
								"down": { "texture": "#rusty-iron", "uv": [ 1.5, 1.5, 7.5, 14.5 ] }
							}
						},
						{
							"name": "PegNE01",
							"from": [ 4.1, 2.0, 1.0 ],
							"to": [ 5.1, 5.0, 2.0 ],
							"rotationOrigin": [ 4.6, 2.0, 23.0 ],
							"rotationY": -4.1,
							"faces": {
								"north": { "texture": "#rusty-iron", "uv": [ 4.0, 3.0, 7.0, 4.0 ], "rotation": 90 },
								"east": { "texture": "#rusty-iron", "uv": [ 6.0, 2.0, 9.0, 3.0 ], "rotation": 90 },
								"south": { "texture": "#rusty-iron", "uv": [ 6.0, 3.0, 9.0, 4.0 ], "rotation": 90 },
								"west": { "texture": "#rusty-iron", "uv": [ 0.0, 3.0, 3.0, 4.0 ], "rotation": 90 },
								"up": { "texture": "#rusty-iron", "uv": [ 0.0, 0.0, 1.0, 1.0 ] }
							},
							"children": [
								{
									"name": "PegNE02",
									"from": [ 0.0, 0.0, 0.0 ],
									"to": [ 1.0, 3.0, 1.0 ],
									"rotationOrigin": [ 0.5, 0.0, 22.0 ],
									"rotationY": -8.2,
									"faces": {
										"north": { "texture": "#rusty-iron", "uv": [ 1.0, 10.0, 4.0, 11.0 ], "rotation": 90 },
										"east": { "texture": "#rusty-iron", "uv": [ 8.0, 6.0, 11.0, 7.0 ], "rotation": 90 },
										"south": { "texture": "#rusty-iron", "uv": [ 0.0, 10.0, 3.0, 11.0 ], "rotation": 90 },
										"west": { "texture": "#rusty-iron", "uv": [ 0.0, 10.0, 3.0, 11.0 ], "rotation": 90 },
										"up": { "texture": "#rusty-iron", "uv": [ 0.0, 0.0, 1.0, 1.0 ] }
									}
								},
								{
									"name": "PegNE03",
									"from": [ 0.0, 0.0, 0.0 ],
									"to": [ 1.0, 3.0, 1.0 ],
									"rotationOrigin": [ 0.5, 0.0, 22.0 ],
									"rotationY": -16.4,
									"faces": {
										"north": { "texture": "#rusty-iron", "uv": [ 1.0, 10.0, 4.0, 11.0 ], "rotation": 90 },
										"east": { "texture": "#rusty-iron", "uv": [ 8.0, 6.0, 11.0, 7.0 ], "rotation": 90 },
										"south": { "texture": "#rusty-iron", "uv": [ 0.0, 10.0, 3.0, 11.0 ], "rotation": 90 },
										"west": { "texture": "#rusty-iron", "uv": [ 0.0, 10.0, 3.0, 11.0 ], "rotation": 90 },
										"up": { "texture": "#rusty-iron", "uv": [ 0.0, 0.0, 1.0, 1.0 ] }
									}
								},
								{
									"name": "PegNE04",
									"from": [ 0.0, 0.0, 0.0 ],
									"to": [ 1.0, 3.0, 1.0 ],
									"rotationOrigin": [ 0.5, 0.0, 22.0 ],
									"rotationY": -24.6,
									"faces": {
										"north": { "texture": "#rusty-iron", "uv": [ 1.0, 10.0, 4.0, 11.0 ], "rotation": 90 },
										"east": { "texture": "#rusty-iron", "uv": [ 8.0, 6.0, 11.0, 7.0 ], "rotation": 90 },
										"south": { "texture": "#rusty-iron", "uv": [ 0.0, 10.0, 3.0, 11.0 ], "rotation": 90 },
										"west": { "texture": "#rusty-iron", "uv": [ 0.0, 10.0, 3.0, 11.0 ], "rotation": 90 },
										"up": { "texture": "#rusty-iron", "uv": [ 0.0, 0.0, 1.0, 1.0 ] }
									}
								},
								{
									"name": "PegNE05",
									"from": [ 0.0, 0.0, 0.0 ],
									"to": [ 1.0, 3.0, 1.0 ],
									"rotationOrigin": [ 0.5, 0.0, 22.0 ],
									"rotationY": -32.8,
									"faces": {
										"north": { "texture": "#rusty-iron", "uv": [ 1.0, 10.0, 4.0, 11.0 ], "rotation": 90 },
										"east": { "texture": "#rusty-iron", "uv": [ 8.0, 6.0, 11.0, 7.0 ], "rotation": 90 },
										"south": { "texture": "#rusty-iron", "uv": [ 0.0, 10.0, 3.0, 11.0 ], "rotation": 90 },
										"west": { "texture": "#rusty-iron", "uv": [ 0.0, 10.0, 3.0, 11.0 ], "rotation": 90 },
										"up": { "texture": "#rusty-iron", "uv": [ 0.0, 0.0, 1.0, 1.0 ] }
									}
								},
								{
									"name": "PegNE06",
									"from": [ 0.0, 0.0, 0.0 ],
									"to": [ 1.0, 3.0, 1.0 ],
									"rotationOrigin": [ 0.5, 0.0, 22.0 ],
									"rotationY": -41.0,
									"faces": {
										"north": { "texture": "#rusty-iron", "uv": [ 1.0, 10.0, 4.0, 11.0 ], "rotation": 90 },
										"east": { "texture": "#rusty-iron", "uv": [ 8.0, 6.0, 11.0, 7.0 ], "rotation": 90 },
										"south": { "texture": "#rusty-iron", "uv": [ 0.0, 10.0, 3.0, 11.0 ], "rotation": 90 },
										"west": { "texture": "#rusty-iron", "uv": [ 0.0, 10.0, 3.0, 11.0 ], "rotation": 90 },
										"up": { "texture": "#rusty-iron", "uv": [ 0.0, 0.0, 1.0, 1.0 ] }
									}
								},
								{
									"name": "PegNE07",
									"from": [ 0.0, 0.0, 0.0 ],
									"to": [ 1.0, 3.0, 1.0 ],
									"rotationOrigin": [ 0.5, 0.0, 22.0 ],
									"rotationY": -49.2,
									"faces": {
										"north": { "texture": "#rusty-iron", "uv": [ 1.0, 10.0, 4.0, 11.0 ], "rotation": 90 },
										"east": { "texture": "#rusty-iron", "uv": [ 8.0, 6.0, 11.0, 7.0 ], "rotation": 90 },
										"south": { "texture": "#rusty-iron", "uv": [ 0.0, 10.0, 3.0, 11.0 ], "rotation": 90 },
										"west": { "texture": "#rusty-iron", "uv": [ 0.0, 10.0, 3.0, 11.0 ], "rotation": 90 },
										"up": { "texture": "#rusty-iron", "uv": [ 0.0, 0.0, 1.0, 1.0 ] }
									}
								},
								{
									"name": "PegNE08",
									"from": [ 0.0, 0.0, 0.0 ],
									"to": [ 1.0, 3.0, 1.0 ],
									"rotationOrigin": [ 0.5, 0.0, 22.0 ],
									"rotationY": -57.4,
									"faces": {
										"north": { "texture": "#rusty-iron", "uv": [ 1.0, 10.0, 4.0, 11.0 ], "rotation": 90 },
										"east": { "texture": "#rusty-iron", "uv": [ 8.0, 6.0, 11.0, 7.0 ], "rotation": 90 },
										"south": { "texture": "#rusty-iron", "uv": [ 0.0, 10.0, 3.0, 11.0 ], "rotation": 90 },
										"west": { "texture": "#rusty-iron", "uv": [ 0.0, 10.0, 3.0, 11.0 ], "rotation": 90 },
										"up": { "texture": "#rusty-iron", "uv": [ 0.0, 0.0, 1.0, 1.0 ] }
									}
								},
								{
									"name": "PegNE09",
									"from": [ 0.0, 0.0, 0.0 ],
									"to": [ 1.0, 3.0, 1.0 ],
									"rotationOrigin": [ 0.5, 0.0, 22.0 ],
									"rotationY": -65.6,
									"faces": {
										"north": { "texture": "#rusty-iron", "uv": [ 1.0, 10.0, 4.0, 11.0 ], "rotation": 90 },
										"east": { "texture": "#rusty-iron", "uv": [ 8.0, 6.0, 11.0, 7.0 ], "rotation": 90 },
										"south": { "texture": "#rusty-iron", "uv": [ 0.0, 10.0, 3.0, 11.0 ], "rotation": 90 },
										"west": { "texture": "#rusty-iron", "uv": [ 0.0, 10.0, 3.0, 11.0 ], "rotation": 90 },
										"up": { "texture": "#rusty-iron", "uv": [ 0.0, 0.0, 1.0, 1.0 ] }
									}
								},
								{
									"name": "PegNE10",
									"from": [ 0.0, 0.0, 0.0 ],
									"to": [ 1.0, 3.0, 1.0 ],
									"rotationOrigin": [ 0.5, 0.0, 22.0 ],
									"rotationY": -73.8,
									"faces": {
										"north": { "texture": "#rusty-iron", "uv": [ 1.0, 10.0, 4.0, 11.0 ], "rotation": 90 },
										"east": { "texture": "#rusty-iron", "uv": [ 8.0, 6.0, 11.0, 7.0 ], "rotation": 90 },
										"south": { "texture": "#rusty-iron", "uv": [ 0.0, 10.0, 3.0, 11.0 ], "rotation": 90 },
										"west": { "texture": "#rusty-iron", "uv": [ 0.0, 10.0, 3.0, 11.0 ], "rotation": 90 },
										"up": { "texture": "#rusty-iron", "uv": [ 0.0, 0.0, 1.0, 1.0 ] }
									}
								},
								{
									"name": "PegNE11",
									"from": [ 0.0, 0.0, 0.0 ],
									"to": [ 1.0, 3.0, 1.0 ],
									"rotationOrigin": [ 0.5, 0.0, 22.0 ],
									"rotationY": -82.0,
									"faces": {
										"north": { "texture": "#rusty-iron", "uv": [ 1.0, 10.0, 4.0, 11.0 ], "rotation": 90 },
										"east": { "texture": "#rusty-iron", "uv": [ 8.0, 6.0, 11.0, 7.0 ], "rotation": 90 },
										"south": { "texture": "#rusty-iron", "uv": [ 0.0, 10.0, 3.0, 11.0 ], "rotation": 90 },
										"west": { "texture": "#rusty-iron", "uv": [ 0.0, 10.0, 3.0, 11.0 ], "rotation": 90 },
										"up": { "texture": "#rusty-iron", "uv": [ 0.0, 0.0, 1.0, 1.0 ] }
									}
								}
							]
						}
					]
				},
				{
					"name": "Hub",
					"from": [ 11.0, 2.0, 11.0 ],
					"to": [ 13.0, 8.0, 17.0 ],
					"rotationOrigin": [ 11.0, 2.0, 11.0 ],
					"rotationX": -180.0,
					"rotationZ": 90.0,
					"faces": {
						"north": { "texture": "#rusty-iron", "uv": [ 6.0, 5.0, 8.0, 11.0 ] },
						"east": { "texture": "#rusty-iron", "uv": [ 5.0, 6.0, 11.0, 12.0 ] },
						"south": { "texture": "#rusty-iron", "uv": [ 9.5, 6.0, 11.5, 12.0 ] },
						"west": { "texture": "#rusty-iron", "uv": [ 7.0, 5.5, 13.0, 11.5 ] },
						"up": { "texture": "#rusty-iron", "uv": [ 3.5, 7.5, 5.5, 13.5 ] },
						"down": { "texture": "#rusty-iron", "uv": [ 7.0, 6.0, 9.0, 12.0 ] }
					}
				},
				{
					"name": "BaseLeft1",
					"from": [ 8.0, 2.0, 2.0 ],
					"to": [ 24.0, 8.0, 5.0 ],
					"rotationOrigin": [ 8.0, 2.0, 2.0 ],
					"rotationY": 0.0,
					"faces": {
						"north": { "texture": "#rusty-iron", "uv": [ 0.0, 1.5, 16.0, 7.5 ] },
						"east": { "texture": "#rusty-iron", "uv": [ 11.5, 5.5, 14.5, 11.5 ], "windMode": [-1,-1,-1,-1] },
						"south": { "texture": "#rusty-iron", "uv": [ 0.0, 3.5, 16.0, 9.5 ] },
						"up": { "texture": "#rusty-iron", "uv": [ 0.0, 3.5, 16.0, 6.5 ] }
					},
					"children": [
						{
							"name": "BaseLeft2",
							"from": [ -10.0, 0.0, 0.0 ],
							"to": [ 0.0, 6.0, 3.0 ],
							"rotationOrigin": [ -10.0, 0.0, 0.0 ],
							"faces": {
								"north": { "texture": "#rusty-iron", "uv": [ 4.0, 3.5, 14.0, 9.5 ] },
								"south": { "texture": "#rusty-iron", "uv": [ 4.5, 7.0, 14.5, 13.0 ] },
								"west": { "texture": "#rusty-iron", "uv": [ 3.0, 6.5, 6.0, 12.5 ], "windMode": [-1,-1,-1,-1] },
								"up": { "texture": "#rusty-iron", "uv": [ 4.0, 7.5, 14.0, 10.5 ] }
							}
						},
						{
							"name": "BaseLeft3",
							"from": [ 0.0, 6.0, 0.01 ],
							"to": [ 16.0, 12.0, 2.99 ],
							"rotationOrigin": [ 16.0, 6.0, 0.0 ],
							"rotationZ": 18.0,
							"faces": {
								"north": { "texture": "#rusty-iron", "uv": [ 0.0, 3.0, 16.0, 9.0 ], "windMode": [-1,-1,-1,-1] },
								"east": { "texture": "#rusty-iron", "uv": [ 7.5, 4.5, 10.0, 10.5 ], "windMode": [-1,-1,-1,-1] },
								"south": { "texture": "#rusty-iron", "uv": [ 0.0, 4.5, 16.0, 10.5 ] },
								"west": { "texture": "#rusty-iron", "uv": [ 6.0, 7.0, 8.5, 13.0 ] },
								"up": { "texture": "#rusty-iron", "uv": [ 0.0, 10.5, 16.0, 13.0 ] }
							},
							"children": [
								{
									"name": "BaseLeft4",
									"from": [ 4.0, 6.0, 0.01 ],
									"to": [ 16.0, 10.0, 2.97 ],
									"rotationOrigin": [ 16.0, 6.0, -0.01 ],
									"rotationX": 0.0,
									"rotationY": 0.0,
									"rotationZ": 22.5,
									"faces": {
										"north": { "texture": "#rusty-iron", "uv": [ 0.0, 3.0, 12.0, 7.0 ] },
										"east": { "texture": "#rusty-iron", "uv": [ 4.5, 3.5, 7.0, 7.5 ], "windMode": [-1,-1,-1,-1], "windData": [0,1,1,0] },
										"south": { "texture": "#rusty-iron", "uv": [ 0.0, 4.5, 12.0, 8.5 ] },
										"west": { "texture": "#rusty-iron", "uv": [ 6.0, 7.0, 8.5, 11.0 ] },
										"up": { "texture": "#rusty-iron", "uv": [ 0.0, 10.5, 12.0, 13.0 ] }
									}
								}
							]
						}
					]
				},
				{
					"name": "BaseRight1",
					"from": [ 8.0, 2.0, 11.0 ],
					"to": [ 24.0, 8.0, 14.0 ],
					"rotationOrigin": [ 8.0, 2.0, 11.0 ],
					"rotationY": 0.0,
					"faces": {
						"north": { "texture": "#rusty-iron", "uv": [ 0.0, 4.5, 16.0, 10.5 ] },
						"east": { "texture": "#rusty-iron", "uv": [ 2.5, 7.5, 5.5, 13.5 ] },
						"south": { "texture": "#rusty-iron", "uv": [ 0.0, 8.0, 16.0, 14.0 ] },
						"up": { "texture": "#rusty-iron", "uv": [ 0.0, 8.0, 16.0, 11.0 ] }
					},
					"children": [
						{
							"name": "BaseRight2",
							"from": [ -10.0, 0.0, 0.0 ],
							"to": [ 0.0, 6.0, 3.0 ],
							"rotationOrigin": [ -10.0, 0.0, 0.0 ],
							"faces": {
								"north": { "texture": "#rusty-iron", "uv": [ 3.0, 6.5, 13.0, 12.5 ] },
								"south": { "texture": "#rusty-iron", "uv": [ 6.0, 0.5, 16.0, 6.5 ] },
								"west": { "texture": "#rusty-iron", "uv": [ 9.0, 8.5, 12.0, 14.5 ] },
								"up": { "texture": "#rusty-iron", "uv": [ 6.0, 3.0, 16.0, 6.0 ] }
							}
						},
						{
							"name": "BaseRight3",
							"from": [ 0.0, 6.0, 0.01 ],
							"to": [ 16.0, 12.0, 2.99 ],
							"rotationOrigin": [ 16.0, 6.0, -9.0 ],
							"rotationZ": 18.0,
							"faces": {
								"north": { "texture": "#rusty-iron", "uv": [ 0.0, 1.5, 16.0, 7.5 ] },
								"east": { "texture": "#rusty-iron", "uv": [ 4.0, 3.5, 6.5, 9.5 ] },
								"south": { "texture": "#rusty-iron", "uv": [ 0.0, 6.5, 16.0, 12.5 ] },
								"west": { "texture": "#rusty-iron", "uv": [ 12.5, 1.5, 15.0, 7.5 ] },
								"up": { "texture": "#rusty-iron", "uv": [ 0.0, 8.5, 16.0, 11.0 ] }
							},
							"children": [
								{
									"name": "BaseRight4",
									"from": [ 4.0, 6.0, 0.01 ],
									"to": [ 16.0, 10.0, 2.97 ],
									"rotationOrigin": [ 16.0, 6.0, -0.01 ],
									"rotationX": 0.0,
									"rotationY": 0.0,
									"rotationZ": 22.5,
									"faces": {
										"north": { "texture": "#rusty-iron", "uv": [ 1.5, 8.5, 13.5, 12.5 ] },
										"east": { "texture": "#rusty-iron", "uv": [ 7.0, 6.0, 9.5, 10.0 ] },
										"south": { "texture": "#rusty-iron", "uv": [ 3.5, 5.0, 15.5, 9.0 ] },
										"west": { "texture": "#rusty-iron", "uv": [ 8.0, 6.5, 10.5, 10.5 ] },
										"up": { "texture": "#rusty-iron", "uv": [ 3.0, 7.5, 15.0, 10.0 ] }
									}
								}
							]
						}
					]
				}
			]
		}
	]}