{
	"editor": {
		"collapsedPaths": "Root/Base/Barrel4,Root/Base/Barrel1,Root/Root/WheelLeft/Hub,Root/RimMoverLeft/Quadrant10-12,Root/Root/WheelLeft/RimMover,Root/Base/Barrel1/Barrel2,Root/Base/HubLeft/HubFatPart,Root/RimMoverRight1/Hub,Root/WheelRight/Hub2,Root/RimMoverRight/RimMover2,Root/WheelLeft/Hub,Root/Base/Barrel1/Barrel4,Root/Base/Barrel1/Barrel1Detail2,Root/Hub,Root/HubRight/HubFatPart,Root/WheelLeft/RimMover,Root/Hub/HubBack1,Root/RimMoverLeft/Quadrant1-3,Root/RimMoverRight1/RimMover,Root/RimMoverLeft/Quadrant7-9,Root/Base/BaseRight1,Root/RimMoverRight/Hub2,Root/RimMoverRight2,Root/RimMoverRight1,Root/Base/Gun,Root/Gun,Root/WheelRight/RimMover2,Root/HubRight,Root/Gun/BarrelStart2,Root/Base/Barrel1/Barrel2/Barrel3,Root/Base/Barrel4/Barrel5,Root/RimMoverLeft/Hub3,Root/Root/WheelRight/Hub2,Root/RimMoverLeft1,Root/RimMoverLeft2,Root/Base,Root/RimMover,Root/Base/HubLeft,Root/HubBack1,Root/BarrelStart,Root/HubLeft,Root/Base/Barrel4/Barrel1Detail5,Root/WheelRight,Root/Root/Hub,Root/Base/Barrel1/BarrelDetail3,Root/Gun/BarrelPart2,Root/Gun/BarrelPart1,Root/Base/Barrel1/BarrelDetail1,Root/Base/BaseLeft1,Root/Gun/BarrelPart4,Root/Root/WheelLeft/RimMover2,Root/Base/HubLeft/WheelLeft2,Root/RimMoverLeft/RimMover3,Root/WheelLeft2,Root/WheelLeft,Root/RimMoverLeft/Quadrant4-6,Root/Base/Barrel4/Barrel5/Barrel6,Root/Base/HubRight,Root/Root/WheelRight/RimMover2,Root/HubLeft/HubFatPart",
		"allAngles": true,
		"entityTextureMode": false
	},
	"textureWidth": 16,
	"textureHeight": 16,
	"textureSizes": {
	},
	"textures": {
	},
	"elements": [
		{
			"name": "Root",
			"from": [ 0.0, 0.0, 0.0 ],
			"to": [ 0.0, 0.0, 0.0 ],
			"rotationOrigin": [ 8.0, 0.0, 8.0 ],
			"rotationY": -90.0,
			"faces": {
			},
			"children": [
				{
					"name": "HubBase",
					"from": [ 8.0, 12.0, 6.0 ],
					"to": [ 8.0, 12.0, 6.0 ],
					"rotationOrigin": [ 8.0, 14.0, 8.0 ],
					"rotationX": 16.0,
					"faces": {
					},
					"children": [
						{
							"name": "HubBack1",
							"from": [ -1.5, 1.0, 2.0 ],
							"to": [ 1.5, 4.0, 22.0 ],
							"rotationOrigin": [ 0.0, 2.5, 2.0 ],
							"rotationZ": 45.0,
							"faces": {
								"east": { "texture": "#plainoak", "uv": [ 0.0, 3.5, 16.0, 6.5 ], "autoUv": false, "windMode": [-1,-1,-1,-1] },
								"west": { "texture": "#plainoak", "uv": [ 0.0, 7.5, 16.0, 10.5 ], "autoUv": false, "windMode": [-1,-1,-1,-1] },
								"up": { "texture": "#plainoak", "uv": [ 0.0, 0.5, 16.0, 3.5 ], "rotation": 90, "autoUv": false, "windMode": [-1,-1,-1,-1] },
								"down": { "texture": "#plainoak", "uv": [ 0.0, 7.0, 16.0, 10.0 ], "rotation": 90, "autoUv": false, "windMode": [-1,-1,-1,-1] }
							},
							"children": [
								{
									"name": "HubBack2",
									"from": [ 0.0, 0.0, 20.0 ],
									"to": [ 3.0, 3.0, 40.0 ],
									"rotationOrigin": [ 1.5, 1.5, 20.0 ],
									"faces": {
										"east": { "texture": "#plainoak", "uv": [ 0.0, 3.5, 16.0, 6.5 ], "autoUv": false },
										"west": { "texture": "#plainoak", "uv": [ 0.0, 7.5, 16.0, 10.5 ], "autoUv": false },
										"up": { "texture": "#plainoak", "uv": [ 0.0, 5.0, 16.0, 8.0 ], "rotation": 90, "autoUv": false },
										"down": { "texture": "#plainoak", "uv": [ 0.0, 7.0, 16.0, 10.0 ], "rotation": 90, "autoUv": false }
									},
									"children": [
										{
											"name": "HubBackIron1",
											"from": [ 0.0, 0.0, 20.0 ],
											"to": [ 3.0, 3.0, 28.0 ],
											"rotationOrigin": [ 1.5, 1.5, 20.0 ],
											"faces": {
												"east": { "texture": "#iron1", "uv": [ 3.5, 8.0, 11.5, 11.0 ], "windMode": [-1,-1,-1,-1] },
												"south": { "texture": "#iron1", "uv": [ 6.0, 6.5, 9.0, 9.5 ], "windMode": [-1,-1,-1,-1] },
												"west": { "texture": "#iron1", "uv": [ 5.0, 6.5, 13.0, 9.5 ], "windMode": [-1,-1,-1,-1] },
												"up": { "texture": "#iron1", "uv": [ 5.0, 9.5, 13.0, 12.5 ], "rotation": 90, "windMode": [-1,-1,-1,-1] },
												"down": { "texture": "#iron1", "uv": [ 5.0, 6.5, 13.0, 9.5 ], "rotation": 90, "windMode": [-1,-1,-1,-1] }
											},
											"children": [
												{
													"name": "HubBackIron2",
													"from": [ -7.5, -2.0, 0.0 ],
													"to": [ 6.5, 1.0, 3.0 ],
													"rotationOrigin": [ -0.5, -0.5, 1.5 ],
													"rotationZ": -45.0,
													"faces": {
														"north": { "texture": "#iron1", "uv": [ 1.0, 3.5, 15.0, 6.5 ], "windMode": [-1,-1,-1,-1] },
														"east": { "texture": "#iron1", "uv": [ 7.5, 7.0, 10.5, 10.0 ], "windMode": [-1,-1,-1,-1] },
														"south": { "texture": "#iron1", "uv": [ 1.5, 4.5, 15.5, 7.5 ], "windMode": [-1,-1,-1,-1] },
														"west": { "texture": "#iron1", "uv": [ 4.5, 4.5, 7.5, 7.5 ], "windMode": [-1,-1,-1,-1] },
														"up": { "texture": "#iron1", "uv": [ 4.0, 1.0, 7.0, 15.0 ], "rotation": 90, "windMode": [-1,-1,-1,-1] },
														"down": { "texture": "#iron1", "uv": [ 10.5, 1.0, 13.5, 15.0 ], "rotation": 90, "windMode": [-1,-1,-1,-1] }
													},
													"children": [
														{
															"name": "HubBackLeft",
															"from": [ -14.0, 0.0, 0.0 ],
															"to": [ 0.0, 2.95, 3.0 ],
															"rotationOrigin": [ 0.0, 1.5, 3.0 ],
															"rotationY": -10.0,
															"faces": {
																"north": { "texture": "#plainoak", "uv": [ 1.5, 4.5, 15.5, 7.0 ], "windMode": [-1,-1,-1,-1] },
																"south": { "texture": "#plainoak", "uv": [ 1.5, 4.5, 15.5, 7.0 ], "windMode": [-1,-1,-1,-1] },
																"west": { "texture": "#plainoak", "uv": [ 5.0, 5.5, 8.0, 8.0 ], "windMode": [-1,-1,-1,-1] },
																"up": { "texture": "#plainoak", "uv": [ 1.0, 4.5, 15.0, 7.5 ], "windMode": [-1,-1,-1,-1] },
																"down": { "texture": "#plainoak", "uv": [ 0.5, 6.5, 14.5, 9.5 ], "windMode": [-1,-1,-1,-1] }
															}
														},
														{
															"name": "HubBackRight",
															"from": [ 14.0, 0.0, 0.0 ],
															"to": [ 28.0, 2.95, 3.0 ],
															"rotationOrigin": [ 14.0, 1.5, 3.0 ],
															"rotationY": 10.0,
															"faces": {
																"north": { "texture": "#plainoak", "uv": [ 1.0, 7.5, 15.0, 10.0 ], "windMode": [-1,-1,-1,-1] },
																"east": { "texture": "#plainoak", "uv": [ 7.0, 5.5, 10.0, 8.0 ], "windMode": [-1,-1,-1,-1] },
																"south": { "texture": "#plainoak", "uv": [ 0.5, 5.5, 14.5, 8.0 ] },
																"up": { "texture": "#plainoak", "uv": [ 1.0, 9.0, 15.0, 12.0 ] },
																"down": { "texture": "#plainoak", "uv": [ 0.5, 9.5, 14.5, 12.5 ] }
															}
														}
													]
												}
											]
										}
									]
								}
							]
						},
						{
							"name": "HubLeft",
							"from": [ -16.0, 0.0, 0.0 ],
							"to": [ 0.0, 4.0, 4.0 ],
							"rotationOrigin": [ -16.0, 2.0, 2.0 ],
							"rotationX": 45.0,
							"faces": {
								"north": { "texture": "#generic", "uv": [ 0.0, 1.0, 16.0, 5.0 ] },
								"south": { "texture": "#generic", "uv": [ 0.0, 7.0, 16.0, 11.0 ] },
								"west": { "texture": "#metalalt", "uv": [ 6.0, 6.0, 10.0, 10.0 ] },
								"up": { "texture": "#generic", "uv": [ 0.0, 5.0, 16.0, 9.0 ] },
								"down": { "texture": "#generic", "uv": [ 0.0, 2.5, 16.0, 6.5 ] }
							}
						},
						{
							"name": "HubRight",
							"from": [ 0.0, 0.0, 0.0 ],
							"to": [ 16.0, 4.0, 4.0 ],
							"rotationOrigin": [ 0.0, 2.0, 2.0 ],
							"rotationX": 45.0,
							"faces": {
								"north": { "texture": "#generic", "uv": [ 0.0, 1.0, 16.0, 5.0 ] },
								"south": { "texture": "#generic", "uv": [ 0.0, 7.0, 16.0, 11.0 ] },
								"west": { "texture": "#metalalt", "uv": [ 6.0, 6.0, 10.0, 10.0 ] },
								"up": { "texture": "#generic", "uv": [ 0.0, 5.0, 16.0, 9.0 ] },
								"down": { "texture": "#generic", "uv": [ 0.0, 2.5, 16.0, 6.5 ] }
							}
						}
					]
				},
				{
					"name": "WheelRight",
					"from": [ 19.0, 0.0, 0.0 ],
					"to": [ 19.0, 0.0, 0.0 ],
					"rotationOrigin": [ 19.0, 0.0, 0.0 ],
					"faces": {
					},
					"children": [
						{
							"name": "Hub2",
							"from": [ 1.0, 12.0, 5.9 ],
							"to": [ 9.5, 16.0, 9.9 ],
							"rotationOrigin": [ 1.0, 14.0, 7.9 ],
							"faces": {
								"north": { "texture": "#generic", "uv": [ 0.0, 0.0, 8.5, 4.0 ] },
								"east": { "texture": "#top", "uv": [ 6.0, 6.0, 10.0, 10.0 ] },
								"south": { "texture": "#generic", "uv": [ 0.0, 0.0, 8.5, 4.0 ] },
								"west": { "texture": "#top", "uv": [ 6.0, 6.0, 10.0, 10.0 ] },
								"up": { "texture": "#generic", "uv": [ 0.0, 0.0, 8.5, 4.0 ] },
								"down": { "texture": "#generic", "uv": [ 0.0, 0.0, 8.5, 4.0 ] }
							},
							"children": [
								{
									"name": "HubFatPart2",
									"from": [ 1.0, -1.0, -1.0 ],
									"to": [ 7.5, 5.0, 5.0 ],
									"rotationOrigin": [ 1.0, 2.0, 2.0 ],
									"faces": {
										"north": { "texture": "#generic", "uv": [ 0.0, 0.0, 6.5, 6.0 ] },
										"east": { "texture": "#generic", "uv": [ 0.0, 0.0, 6.0, 6.0 ] },
										"south": { "texture": "#generic", "uv": [ 0.0, 0.0, 6.5, 6.0 ] },
										"west": { "texture": "#generic", "uv": [ 0.0, 0.0, 6.0, 6.0 ] },
										"up": { "texture": "#generic", "uv": [ 0.0, 0.0, 6.5, 6.0 ] },
										"down": { "texture": "#generic", "uv": [ 0.0, 0.0, 6.5, 6.0 ] }
									},
									"children": [
										{
											"name": "HubBand3",
											"from": [ 0.5, -0.2, -0.2 ],
											"to": [ 2.0, 6.2, 6.2 ],
											"rotationOrigin": [ 0.5, -0.2, -0.2 ],
											"faces": {
												"north": { "texture": "#iron1", "uv": [ 0.5, 0.5, 2.0, 6.5 ] },
												"east": { "texture": "#iron1", "uv": [ 0.0, 0.0, 6.0, 6.0 ] },
												"south": { "texture": "#iron1", "uv": [ 14.0, 0.5, 15.5, 6.5 ] },
												"west": { "texture": "#iron1", "uv": [ 0.0, 0.0, 6.0, 6.0 ] },
												"up": { "texture": "#iron1", "uv": [ 14.0, 9.0, 15.5, 15.0 ] },
												"down": { "texture": "#iron1", "uv": [ 0.5, 9.0, 2.0, 15.0 ] }
											}
										},
										{
											"name": "HubBand4",
											"from": [ 4.5, -0.2, -0.2 ],
											"to": [ 6.0, 6.2, 6.2 ],
											"rotationOrigin": [ 4.5, -0.2, -0.2 ],
											"faces": {
												"north": { "texture": "#iron1", "uv": [ 0.5, 9.0, 2.0, 15.0 ] },
												"east": { "texture": "#iron1", "uv": [ 0.0, 0.0, 6.0, 6.0 ] },
												"south": { "texture": "#iron1", "uv": [ 14.0, 9.0, 15.5, 15.0 ] },
												"west": { "texture": "#iron1", "uv": [ 0.0, 0.0, 6.0, 6.0 ] },
												"up": { "texture": "#iron1", "uv": [ 5.0, 13.5, 11.0, 15.0 ], "rotation": 270 },
												"down": { "texture": "#iron1", "uv": [ 5.0, 0.5, 11.0, 2.0 ], "rotation": 90 }
											}
										}
									]
								}
							]
						},
						{
							"name": "RimMover2",
							"from": [ 4.0, 13.0, 7.0 ],
							"to": [ 6.0, 15.0, 9.0 ],
							"rotationOrigin": [ 4.0, 14.0, 8.0 ],
							"faces": {
							},
							"children": [
								{
									"name": "Quadrant4-7",
									"from": [ 0.0, 0.0, 0.0 ],
									"to": [ 2.0, 2.0, 2.0 ],
									"rotationOrigin": [ 0.0, 1.0, 1.0 ],
									"faces": {
										"north": { "texture": "#generic", "uv": [ 0.0, 0.0, 2.0, 2.0 ] },
										"east": { "texture": "#generic", "uv": [ 0.0, 0.0, 2.0, 2.0 ] },
										"south": { "texture": "#generic", "uv": [ 0.0, 0.0, 2.0, 2.0 ] },
										"west": { "texture": "#generic", "uv": [ 0.0, 0.0, 2.0, 2.0 ] },
										"up": { "texture": "#generic", "uv": [ 0.0, 0.0, 2.0, 2.0 ] },
										"down": { "texture": "#generic", "uv": [ 0.0, 0.0, 2.0, 2.0 ] }
									},
									"children": [
										{
											"name": "Spoke13",
											"from": [ 0.5, -12.0, 0.2 ],
											"to": [ 2.1, 0.0, 1.8 ],
											"rotationOrigin": [ 1.5, 1.0, 1.0 ],
											"rotationX": -15.0,
											"faces": {
												"north": { "texture": "#generic", "uv": [ 1.0, 11.0, 13.0, 12.5 ], "rotation": 90 },
												"east": { "texture": "#generic", "uv": [ 1.5, 7.0, 13.5, 8.5 ], "rotation": 90 },
												"south": { "texture": "#generic", "uv": [ 3.0, 0.5, 15.0, 2.0 ], "rotation": 90 },
												"west": { "texture": "#generic", "uv": [ 2.0, 3.0, 14.0, 4.5 ], "rotation": 90 }
											},
											"children": [
												{
													"name": "Rim6oclock2",
													"from": [ -0.49, -1.0065, -2.9509 ],
													"to": [ 2.01, 0.9935, 4.5491 ],
													"rotationOrigin": [ -0.5, 12.9935, 0.8241 ],
													"rotationX": 15.0,
													"faces": {
														"east": { "texture": "#generic", "uv": [ 7.0, 4.0, 14.5, 6.0 ] },
														"west": { "texture": "#generic", "uv": [ 4.5, 13.5, 12.0, 15.5 ] },
														"up": { "texture": "#generic", "uv": [ 1.5, 12.0, 9.0, 14.5 ], "rotation": 90 }
													},
													"children": [
														{
															"name": "Iron13",
															"from": [ -0.1, -0.1, -0.05 ],
															"to": [ 2.6, 0.5, 7.55 ],
															"rotationOrigin": [ -0.1, 13.9, 3.675 ],
															"faces": {
																"north": { "texture": "#iron1", "uv": [ 12.0, 10.0, 14.5, 10.5 ] },
																"east": { "texture": "#iron1", "uv": [ 6.5, 15.0, 14.0, 15.5 ] },
																"south": { "texture": "#iron1", "uv": [ 10.5, 8.0, 13.0, 8.5 ] },
																"west": { "texture": "#iron1", "uv": [ 1.0, 12.0, 8.5, 12.5 ] },
																"up": { "texture": "#iron1", "uv": [ 7.5, 9.5, 15.0, 12.0 ], "rotation": 90 },
																"down": { "texture": "#iron1", "uv": [ 4.5, 13.0, 12.0, 15.5 ], "rotation": 90 }
															}
														}
													]
												}
											]
										},
										{
											"name": "Spoke14",
											"from": [ 0.5, -12.0, 0.2 ],
											"to": [ 2.1, 0.0, 1.8 ],
											"rotationOrigin": [ 1.5, 1.0, 1.0 ],
											"rotationX": 15.0,
											"faces": {
												"north": { "texture": "#generic", "uv": [ 0.5, 2.5, 12.5, 4.0 ], "rotation": 90 },
												"east": { "texture": "#generic", "uv": [ 1.0, 12.5, 13.0, 14.0 ], "rotation": 90 },
												"south": { "texture": "#generic", "uv": [ 3.5, 13.5, 15.5, 15.0 ], "rotation": 90 },
												"west": { "texture": "#generic", "uv": [ 2.5, 10.0, 14.5, 11.5 ], "rotation": 90 }
											},
											"children": [
												{
													"name": "Rim5oclock2",
													"from": [ -0.5, -1.0065, -2.9509 ],
													"to": [ 2.0, 0.9935, 4.5491 ],
													"rotationOrigin": [ -0.5, 12.9935, 0.8241 ],
													"rotationX": 15.0,
													"faces": {
														"east": { "texture": "#generic", "uv": [ 7.0, 8.0, 14.5, 10.0 ] },
														"west": { "texture": "#generic", "uv": [ 7.0, 8.0, 14.5, 10.0 ] },
														"up": { "texture": "#generic", "uv": [ 2.0, 8.0, 9.5, 10.5 ], "rotation": 90 }
													},
													"children": [
														{
															"name": "Iron14",
															"from": [ -0.1, -0.1, -0.05 ],
															"to": [ 2.6, 0.5, 7.55 ],
															"rotationOrigin": [ -0.1, 13.9, 3.675 ],
															"faces": {
																"north": { "texture": "#iron1", "uv": [ 12.5, 14.0, 15.0, 14.5 ] },
																"east": { "texture": "#iron1", "uv": [ 3.5, 5.5, 11.0, 6.0 ] },
																"south": { "texture": "#iron1", "uv": [ 10.5, 13.5, 13.0, 14.0 ] },
																"west": { "texture": "#iron1", "uv": [ 5.0, 4.5, 12.5, 5.0 ] },
																"up": { "texture": "#iron1", "uv": [ 4.0, 0.0, 11.5, 2.5 ], "rotation": 90 },
																"down": { "texture": "#iron1", "uv": [ 13.5, 4.0, 16.0, 11.5 ] }
															}
														}
													]
												}
											]
										},
										{
											"name": "Spoke15",
											"from": [ 0.5, -12.0, 0.2 ],
											"to": [ 2.1, 0.0, 1.8 ],
											"rotationOrigin": [ 1.5, 1.0, 1.0 ],
											"rotationX": 45.0,
											"faces": {
												"north": { "texture": "#generic", "uv": [ 3.0, 8.5, 15.0, 10.0 ], "rotation": 90 },
												"east": { "texture": "#generic", "uv": [ 1.5, 14.0, 13.5, 15.5 ], "rotation": 90 },
												"south": { "texture": "#generic", "uv": [ 1.5, 3.0, 13.5, 4.5 ], "rotation": 90 },
												"west": { "texture": "#generic", "uv": [ 3.5, 6.0, 15.5, 7.5 ], "rotation": 90 }
											},
											"children": [
												{
													"name": "Rim4oclock2",
													"from": [ -0.51, -1.0065, -2.9509 ],
													"to": [ 1.99, 0.9935, 4.5491 ],
													"rotationOrigin": [ -0.5, 12.9935, 0.8241 ],
													"rotationX": 15.0,
													"faces": {
														"east": { "texture": "#generic", "uv": [ 6.5, 5.5, 14.0, 7.5 ] },
														"west": { "texture": "#generic", "uv": [ 8.0, 7.5, 15.5, 9.5 ] },
														"up": { "texture": "#generic", "uv": [ 2.5, 9.5, 10.0, 12.0 ], "rotation": 90 }
													},
													"children": [
														{
															"name": "Iron15",
															"from": [ -0.1, -0.1, -0.05 ],
															"to": [ 2.6, 0.5, 7.55 ],
															"rotationOrigin": [ -0.1, 13.9, 3.675 ],
															"faces": {
																"north": { "texture": "#iron1", "uv": [ 8.5, 8.0, 11.0, 8.5 ] },
																"east": { "texture": "#iron1", "uv": [ 7.5, 11.5, 15.0, 12.0 ] },
																"south": { "texture": "#iron1", "uv": [ 7.5, 12.0, 10.0, 12.5 ] },
																"west": { "texture": "#iron1", "uv": [ 7.5, 9.5, 15.0, 10.0 ] },
																"up": { "texture": "#iron1", "uv": [ 4.5, 13.0, 12.0, 15.5 ], "rotation": 90 },
																"down": { "texture": "#iron1", "uv": [ 0.0, 8.0, 2.5, 15.5 ] }
															}
														}
													]
												}
											]
										}
									]
								},
								{
									"name": "Quadrant1-4",
									"from": [ 0.0, 0.0, 0.0 ],
									"to": [ 2.0, 2.0, 2.0 ],
									"rotationOrigin": [ 0.0, 1.0, 1.0 ],
									"rotationX": 90.0,
									"faces": {
										"north": { "texture": "#generic", "uv": [ 0.0, 0.0, 2.0, 2.0 ] },
										"east": { "texture": "#generic", "uv": [ 0.0, 0.0, 2.0, 2.0 ] },
										"south": { "texture": "#generic", "uv": [ 0.0, 0.0, 2.0, 2.0 ] },
										"west": { "texture": "#generic", "uv": [ 0.0, 0.0, 2.0, 2.0 ] },
										"up": { "texture": "#generic", "uv": [ 0.0, 0.0, 2.0, 2.0 ] },
										"down": { "texture": "#generic", "uv": [ 0.0, 0.0, 2.0, 2.0 ] }
									},
									"children": [
										{
											"name": "Spoke16",
											"from": [ 0.5, -12.0, 0.2 ],
											"to": [ 2.1, 0.0, 1.8 ],
											"rotationOrigin": [ 1.5, 1.0, 1.0 ],
											"rotationX": -15.0,
											"faces": {
												"north": { "texture": "#generic", "uv": [ 1.0, 4.5, 13.0, 6.0 ], "rotation": 90 },
												"east": { "texture": "#generic", "uv": [ 0.0, 2.0, 12.0, 3.5 ], "rotation": 90 },
												"south": { "texture": "#generic", "uv": [ 0.5, 6.0, 12.5, 7.5 ], "rotation": 90 },
												"west": { "texture": "#generic", "uv": [ 2.0, 8.0, 14.0, 9.5 ], "rotation": 90 }
											},
											"children": [
												{
													"name": "Rim3oclock2",
													"from": [ -0.49, -1.0065, -2.9509 ],
													"to": [ 2.01, 0.9935, 4.5491 ],
													"rotationOrigin": [ -0.5, 12.9935, 0.8241 ],
													"rotationX": 15.0,
													"faces": {
														"east": { "texture": "#generic", "uv": [ 6.5, 5.0, 14.0, 7.0 ] },
														"west": { "texture": "#generic", "uv": [ 4.5, 13.0, 12.0, 15.0 ] },
														"up": { "texture": "#generic", "uv": [ 2.5, 5.5, 10.0, 8.0 ], "rotation": 90 }
													},
													"children": [
														{
															"name": "Iron16",
															"from": [ -0.1, -0.1, -0.05 ],
															"to": [ 2.6, 0.5, 7.55 ],
															"rotationOrigin": [ -0.1, 13.9, 3.675 ],
															"faces": {
																"north": { "texture": "#iron1", "uv": [ 13.0, 15.0, 15.5, 15.5 ] },
																"east": { "texture": "#iron1", "uv": [ 7.5, 7.5, 15.0, 8.0 ] },
																"south": { "texture": "#iron1", "uv": [ 2.5, 11.0, 5.0, 11.5 ] },
																"west": { "texture": "#iron1", "uv": [ 5.0, 13.0, 12.5, 13.5 ] },
																"up": { "texture": "#iron1", "uv": [ 5.5, 10.0, 13.0, 12.5 ], "rotation": 90 },
																"down": { "texture": "#iron1", "uv": [ 13.5, 4.0, 16.0, 11.5 ] }
															}
														}
													]
												}
											]
										},
										{
											"name": "Spoke17",
											"from": [ 0.5, -12.0, 0.2 ],
											"to": [ 2.1, 0.0, 1.8 ],
											"rotationOrigin": [ 1.5, 1.0, 1.0 ],
											"rotationX": 15.0,
											"faces": {
												"north": { "texture": "#generic", "uv": [ 0.5, 2.5, 12.5, 4.0 ], "rotation": 90 },
												"east": { "texture": "#generic", "uv": [ 1.0, 12.5, 13.0, 14.0 ], "rotation": 90 },
												"south": { "texture": "#generic", "uv": [ 3.5, 13.5, 15.5, 15.0 ], "rotation": 90 },
												"west": { "texture": "#generic", "uv": [ 2.5, 10.0, 14.5, 11.5 ], "rotation": 90 }
											},
											"children": [
												{
													"name": "Rim2oclock2",
													"from": [ -0.5, -1.0065, -2.9509 ],
													"to": [ 2.0, 0.9935, 4.5491 ],
													"rotationOrigin": [ -0.5, 12.9935, 0.8241 ],
													"rotationX": 15.0,
													"faces": {
														"east": { "texture": "#generic", "uv": [ 7.0, 8.0, 14.5, 10.0 ] },
														"west": { "texture": "#generic", "uv": [ 7.0, 8.0, 14.5, 10.0 ] },
														"up": { "texture": "#generic", "uv": [ 2.0, 8.0, 9.5, 10.5 ], "rotation": 90 }
													},
													"children": [
														{
															"name": "Iron17",
															"from": [ -0.1, -0.1, -0.05 ],
															"to": [ 2.6, 0.5, 7.55 ],
															"rotationOrigin": [ -0.1, 13.9, 3.675 ],
															"faces": {
																"north": { "texture": "#iron1", "uv": [ 12.5, 14.0, 15.0, 14.5 ] },
																"east": { "texture": "#iron1", "uv": [ 3.5, 5.5, 11.0, 6.0 ] },
																"south": { "texture": "#iron1", "uv": [ 10.5, 13.5, 13.0, 14.0 ] },
																"west": { "texture": "#iron1", "uv": [ 5.0, 4.5, 12.5, 5.0 ] },
																"up": { "texture": "#iron1", "uv": [ 4.0, 0.0, 11.5, 2.5 ], "rotation": 90 },
																"down": { "texture": "#iron1", "uv": [ 13.5, 4.0, 16.0, 11.5 ] }
															}
														}
													]
												}
											]
										},
										{
											"name": "Spoke18",
											"from": [ 0.5, -12.0, 0.2 ],
											"to": [ 2.1, 0.0, 1.8 ],
											"rotationOrigin": [ 1.5, 1.0, 1.0 ],
											"rotationX": 45.0,
											"faces": {
												"north": { "texture": "#generic", "uv": [ 3.5, 0.0, 15.5, 1.5 ], "rotation": 90 },
												"east": { "texture": "#generic", "uv": [ 1.0, 10.5, 13.0, 12.0 ], "rotation": 90 },
												"south": { "texture": "#generic", "uv": [ 0.5, 13.5, 12.5, 15.0 ], "rotation": 90 },
												"west": { "texture": "#generic", "uv": [ 1.5, 12.5, 13.5, 14.0 ], "rotation": 90 }
											},
											"children": [
												{
													"name": "Rim1oclock2",
													"from": [ -0.51, -1.0065, -2.9509 ],
													"to": [ 1.99, 0.9935, 4.5491 ],
													"rotationOrigin": [ -0.5, 12.9935, 0.8241 ],
													"rotationX": 15.0,
													"faces": {
														"east": { "texture": "#generic", "uv": [ 1.0, 12.5, 8.5, 14.5 ] },
														"west": { "texture": "#generic", "uv": [ 4.0, 0.5, 11.5, 2.5 ] },
														"up": { "texture": "#generic", "uv": [ 4.0, 5.0, 11.5, 7.5 ], "rotation": 90 }
													},
													"children": [
														{
															"name": "Iron18",
															"from": [ -0.1, -0.1, -0.05 ],
															"to": [ 2.6, 0.5, 7.55 ],
															"rotationOrigin": [ -0.1, 13.9, 3.675 ],
															"faces": {
																"north": { "texture": "#iron1", "uv": [ 2.0, 8.0, 4.5, 8.5 ] },
																"east": { "texture": "#iron1", "uv": [ 5.5, 2.5, 13.0, 3.0 ] },
																"south": { "texture": "#iron1", "uv": [ 7.0, 15.0, 9.5, 15.5 ] },
																"west": { "texture": "#iron1", "uv": [ 6.5, 11.0, 14.0, 11.5 ] },
																"up": { "texture": "#iron1", "uv": [ 7.5, 11.5, 15.0, 14.0 ], "rotation": 90 },
																"down": { "texture": "#iron1", "uv": [ 13.5, 4.0, 16.0, 11.5 ] }
															}
														}
													]
												}
											]
										}
									]
								},
								{
									"name": "Quadrant10-13",
									"from": [ 0.0, 0.0, 0.0 ],
									"to": [ 2.0, 2.0, 2.0 ],
									"rotationOrigin": [ 0.0, 1.0, 1.0 ],
									"rotationX": 180.0,
									"faces": {
										"north": { "texture": "#generic", "uv": [ 0.0, 0.0, 2.0, 2.0 ] },
										"east": { "texture": "#generic", "uv": [ 0.0, 0.0, 2.0, 2.0 ] },
										"south": { "texture": "#generic", "uv": [ 0.0, 0.0, 2.0, 2.0 ] },
										"west": { "texture": "#generic", "uv": [ 0.0, 0.0, 2.0, 2.0 ] },
										"up": { "texture": "#generic", "uv": [ 0.0, 0.0, 2.0, 2.0 ] },
										"down": { "texture": "#generic", "uv": [ 0.0, 0.0, 2.0, 2.0 ] }
									},
									"children": [
										{
											"name": "Spoke19",
											"from": [ 0.5, -12.0, 0.2 ],
											"to": [ 2.1, 0.0, 1.8 ],
											"rotationOrigin": [ 1.5, 1.0, 1.0 ],
											"rotationX": -15.0,
											"faces": {
												"north": { "texture": "#generic", "uv": [ 1.5, 5.5, 13.5, 7.0 ], "rotation": 90 },
												"east": { "texture": "#generic", "uv": [ 1.0, 5.0, 13.0, 6.5 ], "rotation": 90 },
												"south": { "texture": "#generic", "uv": [ 1.0, 1.0, 13.0, 2.5 ], "rotation": 90 },
												"west": { "texture": "#generic", "uv": [ 0.5, 0.5, 12.5, 2.0 ], "rotation": 90 }
											},
											"children": [
												{
													"name": "Rim12oclock2",
													"from": [ -0.49, -1.0065, -2.9509 ],
													"to": [ 2.01, 0.9935, 4.5491 ],
													"rotationOrigin": [ -0.5, 12.9935, 0.8241 ],
													"rotationX": 15.0,
													"faces": {
														"east": { "texture": "#generic", "uv": [ 7.0, 2.5, 14.5, 4.5 ] },
														"west": { "texture": "#generic", "uv": [ 7.5, 12.0, 15.0, 14.0 ] },
														"up": { "texture": "#generic", "uv": [ 6.0, 3.0, 13.5, 5.5 ], "rotation": 90 }
													},
													"children": [
														{
															"name": "Iron19",
															"from": [ -0.1, -0.1, -0.05 ],
															"to": [ 2.6, 0.5, 7.55 ],
															"rotationOrigin": [ -0.1, 13.9, 3.675 ],
															"faces": {
																"north": { "texture": "#iron1", "uv": [ 1.0, 15.0, 3.5, 15.5 ] },
																"east": { "texture": "#iron1", "uv": [ 5.0, 4.5, 12.5, 5.0 ] },
																"south": { "texture": "#iron1", "uv": [ 6.5, 14.5, 9.0, 15.0 ] },
																"west": { "texture": "#iron1", "uv": [ 6.5, 6.0, 14.0, 6.5 ] },
																"up": { "texture": "#iron1", "uv": [ 4.5, 13.0, 12.0, 15.5 ], "rotation": 90 },
																"down": { "texture": "#iron1", "uv": [ 13.5, 8.0, 16.0, 15.5 ] }
															}
														}
													]
												}
											]
										},
										{
											"name": "Spoke20",
											"from": [ 0.5, -12.0, 0.2 ],
											"to": [ 2.1, 0.0, 1.8 ],
											"rotationOrigin": [ 1.5, 1.0, 1.0 ],
											"rotationX": 15.0,
											"faces": {
												"north": { "texture": "#generic", "uv": [ 3.0, 13.5, 15.0, 15.0 ], "rotation": 90 },
												"east": { "texture": "#generic", "uv": [ 2.0, 2.5, 14.0, 4.0 ], "rotation": 90 },
												"south": { "texture": "#generic", "uv": [ 2.5, 8.5, 14.5, 10.0 ], "rotation": 90 },
												"west": { "texture": "#generic", "uv": [ 0.0, 0.0, 12.0, 1.5 ], "rotation": 90 }
											},
											"children": [
												{
													"name": "Rim11oclock2",
													"from": [ -0.5, -1.0065, -2.9509 ],
													"to": [ 2.0, 0.9935, 4.5491 ],
													"rotationOrigin": [ -0.5, 12.9935, 0.8241 ],
													"rotationX": 15.0,
													"faces": {
														"east": { "texture": "#generic", "uv": [ 6.0, 6.5, 13.5, 8.5 ] },
														"west": { "texture": "#generic", "uv": [ 5.5, 4.5, 13.0, 6.5 ] },
														"up": { "texture": "#generic", "uv": [ 1.5, 9.0, 9.0, 11.5 ], "rotation": 90 }
													},
													"children": [
														{
															"name": "Iron20",
															"from": [ -0.1, -0.1, -0.05 ],
															"to": [ 2.6, 0.5, 7.55 ],
															"rotationOrigin": [ -0.1, 13.9, 3.675 ],
															"faces": {
																"north": { "texture": "#iron1", "uv": [ 4.0, 0.0, 6.5, 0.5 ] },
																"east": { "texture": "#iron1", "uv": [ 1.5, 8.5, 9.0, 9.0 ] },
																"south": { "texture": "#iron1", "uv": [ 11.0, 5.5, 13.5, 6.0 ] },
																"west": { "texture": "#iron1", "uv": [ 4.5, 10.0, 12.0, 10.5 ] },
																"up": { "texture": "#iron1", "uv": [ 1.5, 3.5, 9.0, 6.0 ], "rotation": 90 },
																"down": { "texture": "#iron1", "uv": [ 13.5, 4.0, 16.0, 11.5 ] }
															}
														}
													]
												}
											]
										},
										{
											"name": "Spoke21",
											"from": [ 0.5, -12.0, 0.2 ],
											"to": [ 2.1, 0.0, 1.8 ],
											"rotationOrigin": [ 1.5, 1.0, 1.0 ],
											"rotationX": 45.0,
											"faces": {
												"north": { "texture": "#generic", "uv": [ 1.0, 2.0, 13.0, 3.5 ], "rotation": 90 },
												"east": { "texture": "#generic", "uv": [ 1.0, 0.0, 13.0, 1.5 ], "rotation": 90 },
												"south": { "texture": "#generic", "uv": [ 0.5, 11.5, 12.5, 13.0 ], "rotation": 90 },
												"west": { "texture": "#generic", "uv": [ 1.5, 11.5, 13.5, 13.0 ], "rotation": 90 }
											},
											"children": [
												{
													"name": "Rim10oclock2",
													"from": [ -0.51, -1.0065, -2.9509 ],
													"to": [ 1.99, 0.9935, 4.5491 ],
													"rotationOrigin": [ -0.5, 12.9935, 0.8241 ],
													"rotationX": 15.0,
													"faces": {
														"east": { "texture": "#generic", "uv": [ 2.5, 6.5, 10.0, 8.5 ] },
														"west": { "texture": "#generic", "uv": [ 2.0, 4.5, 9.5, 6.5 ] },
														"up": { "texture": "#generic", "uv": [ 6.5, 10.0, 14.0, 12.5 ], "rotation": 90 }
													},
													"children": [
														{
															"name": "Iron21",
															"from": [ -0.1, -0.1, -0.05 ],
															"to": [ 2.6, 0.5, 7.55 ],
															"rotationOrigin": [ -0.1, 13.9, 3.675 ],
															"faces": {
																"north": { "texture": "#iron1", "uv": [ 13.0, 8.5, 15.5, 9.0 ] },
																"east": { "texture": "#iron1", "uv": [ 6.0, 3.5, 13.5, 4.0 ] },
																"south": { "texture": "#iron1", "uv": [ 12.0, 0.5, 14.5, 1.0 ] },
																"west": { "texture": "#iron1", "uv": [ 8.0, 2.0, 15.5, 2.5 ] },
																"up": { "texture": "#iron1", "uv": [ 0.5, 3.0, 8.0, 5.5 ], "rotation": 90 },
																"down": { "texture": "#iron1", "uv": [ 13.5, 4.0, 16.0, 11.5 ] }
															}
														}
													]
												}
											]
										}
									]
								},
								{
									"name": "Quadrant7-10",
									"from": [ 0.0, 0.0, 0.0 ],
									"to": [ 2.0, 2.0, 2.0 ],
									"rotationOrigin": [ 0.0, 1.0, 1.0 ],
									"rotationX": 270.0,
									"faces": {
										"north": { "texture": "#generic", "uv": [ 0.0, 0.0, 2.0, 2.0 ] },
										"east": { "texture": "#generic", "uv": [ 0.0, 0.0, 2.0, 2.0 ] },
										"south": { "texture": "#generic", "uv": [ 0.0, 0.0, 2.0, 2.0 ] },
										"west": { "texture": "#generic", "uv": [ 0.0, 0.0, 2.0, 2.0 ] },
										"up": { "texture": "#generic", "uv": [ 0.0, 0.0, 2.0, 2.0 ] },
										"down": { "texture": "#generic", "uv": [ 0.0, 0.0, 2.0, 2.0 ] }
									},
									"children": [
										{
											"name": "Spoke22",
											"from": [ 0.5, -12.0, 0.2 ],
											"to": [ 2.1, 0.0, 1.8 ],
											"rotationOrigin": [ 1.5, 1.0, 1.0 ],
											"rotationX": -15.0,
											"faces": {
												"north": { "texture": "#generic", "uv": [ 2.0, 6.5, 14.0, 8.0 ], "rotation": 90 },
												"east": { "texture": "#generic", "uv": [ 3.5, 8.5, 15.5, 10.0 ], "rotation": 90 },
												"south": { "texture": "#generic", "uv": [ 0.0, 2.5, 12.0, 4.0 ], "rotation": 90 },
												"west": { "texture": "#generic", "uv": [ 0.0, 7.0, 12.0, 8.5 ], "rotation": 90 }
											},
											"children": [
												{
													"name": "Rim9oclock2",
													"from": [ -0.49, -1.0065, -2.9509 ],
													"to": [ 2.01, 0.9935, 4.5491 ],
													"rotationOrigin": [ -0.5, 12.9935, 0.8241 ],
													"rotationX": 15.0,
													"faces": {
														"east": { "texture": "#generic", "uv": [ 7.0, 5.5, 14.5, 7.5 ] },
														"west": { "texture": "#generic", "uv": [ 0.5, 13.0, 8.0, 15.0 ] },
														"up": { "texture": "#generic", "uv": [ 7.0, 9.5, 14.5, 12.0 ], "rotation": 90 }
													},
													"children": [
														{
															"name": "Iron22",
															"from": [ -0.1, -0.1, -0.05 ],
															"to": [ 2.6, 0.5, 7.55 ],
															"rotationOrigin": [ -0.1, 13.9, 3.675 ],
															"faces": {
																"north": { "texture": "#iron1", "uv": [ 0.5, 15.0, 3.0, 15.5 ] },
																"east": { "texture": "#iron1", "uv": [ 7.0, 0.0, 14.5, 0.5 ] },
																"south": { "texture": "#iron1", "uv": [ 6.0, 8.0, 8.5, 8.5 ] },
																"west": { "texture": "#iron1", "uv": [ 3.0, 0.0, 10.5, 0.5 ] },
																"up": { "texture": "#iron1", "uv": [ 1.0, 9.5, 8.5, 12.0 ], "rotation": 90 },
																"down": { "texture": "#iron1", "uv": [ 13.5, 4.0, 16.0, 11.5 ] }
															}
														}
													]
												}
											]
										},
										{
											"name": "Spoke23",
											"from": [ 0.5, -12.0, 0.2 ],
											"to": [ 2.1, 0.0, 1.8 ],
											"rotationOrigin": [ 1.5, 1.0, 1.0 ],
											"rotationX": 15.0,
											"faces": {
												"north": { "texture": "#generic", "uv": [ 3.5, 9.0, 15.5, 10.5 ], "rotation": 90 },
												"east": { "texture": "#generic", "uv": [ 3.0, 11.0, 15.0, 12.5 ], "rotation": 90 },
												"south": { "texture": "#generic", "uv": [ 0.0, 1.5, 12.0, 3.0 ], "rotation": 90 },
												"west": { "texture": "#generic", "uv": [ 3.0, 14.0, 15.0, 15.5 ], "rotation": 90 }
											},
											"children": [
												{
													"name": "Rim8oclock2",
													"from": [ -0.5, -1.0065, -2.9509 ],
													"to": [ 2.0, 0.9935, 4.5491 ],
													"rotationOrigin": [ -0.5, 12.9935, 0.8241 ],
													"rotationX": 15.0,
													"faces": {
														"east": { "texture": "#generic", "uv": [ 6.0, 10.0, 13.5, 12.0 ] },
														"west": { "texture": "#generic", "uv": [ 8.0, 6.0, 15.5, 8.0 ] },
														"up": { "texture": "#generic", "uv": [ 1.0, 12.0, 8.5, 14.5 ], "rotation": 90 }
													},
													"children": [
														{
															"name": "Iron23",
															"from": [ -0.1, -0.1, -0.05 ],
															"to": [ 2.6, 0.5, 7.55 ],
															"rotationOrigin": [ -0.1, 13.9, 3.675 ],
															"faces": {
																"north": { "texture": "#iron1", "uv": [ 2.0, 6.5, 4.5, 7.0 ] },
																"east": { "texture": "#iron1", "uv": [ 3.0, 2.5, 10.5, 3.0 ] },
																"south": { "texture": "#iron1", "uv": [ 4.0, 1.0, 6.5, 1.5 ] },
																"west": { "texture": "#iron1", "uv": [ 3.0, 10.5, 10.5, 11.0 ] },
																"up": { "texture": "#iron1", "uv": [ 7.5, 2.0, 15.0, 4.5 ], "rotation": 90 },
																"down": { "texture": "#iron1", "uv": [ 13.5, 8.5, 16.0, 16.0 ], "rotation": 180 }
															}
														}
													]
												}
											]
										},
										{
											"name": "Spoke24",
											"from": [ 0.5, -12.0, 0.2 ],
											"to": [ 2.1, 0.0, 1.8 ],
											"rotationOrigin": [ 1.5, 1.0, 1.0 ],
											"rotationX": 45.0,
											"faces": {
												"north": { "texture": "#generic", "uv": [ 2.5, 10.0, 14.5, 11.5 ], "rotation": 90 },
												"east": { "texture": "#generic", "uv": [ 3.0, 3.5, 15.0, 5.0 ], "rotation": 90 },
												"south": { "texture": "#generic", "uv": [ 3.5, 2.0, 15.5, 3.5 ], "rotation": 90 },
												"west": { "texture": "#generic", "uv": [ 3.0, 14.0, 15.0, 15.5 ], "rotation": 90 }
											},
											"children": [
												{
													"name": "Rim7oclock2",
													"from": [ -0.51, -1.0065, -2.9509 ],
													"to": [ 1.99, 0.9935, 4.5491 ],
													"rotationOrigin": [ -0.5, 12.9935, 0.8241 ],
													"rotationX": 15.0,
													"faces": {
														"east": { "texture": "#generic", "uv": [ 1.0, 11.5, 8.5, 13.5 ] },
														"west": { "texture": "#generic", "uv": [ 0.0, 7.5, 7.5, 9.5 ] },
														"up": { "texture": "#generic", "uv": [ 3.0, 11.0, 10.5, 13.5 ], "rotation": 90 }
													},
													"children": [
														{
															"name": "Iron24",
															"from": [ -0.1, -0.1, -0.05 ],
															"to": [ 2.6, 0.5, 7.55 ],
															"rotationOrigin": [ -0.1, 13.9, 3.675 ],
															"faces": {
																"north": { "texture": "#iron1", "uv": [ 10.0, 1.5, 12.5, 2.0 ] },
																"east": { "texture": "#iron1", "uv": [ 4.5, 11.0, 12.0, 11.5 ] },
																"south": { "texture": "#iron1", "uv": [ 1.5, 7.0, 4.0, 7.5 ] },
																"west": { "texture": "#iron1", "uv": [ 1.0, 7.0, 8.5, 7.5 ] },
																"up": { "texture": "#iron1", "uv": [ 6.5, 4.5, 14.0, 7.0 ], "rotation": 90 },
																"down": { "texture": "#iron1", "uv": [ 13.5, 4.0, 16.0, 11.5 ] }
															}
														}
													]
												}
											]
										}
									]
								}
							]
						}
					]
				},
				{
					"name": "WheelLeft",
					"from": [ -12.0, 0.0, 0.0 ],
					"to": [ -12.0, 0.0, 0.0 ],
					"rotationOrigin": [ -12.0, 0.0, 0.0 ],
					"faces": {
					},
					"children": [
						{
							"name": "Hub",
							"from": [ 0.0, 12.0, 5.9 ],
							"to": [ 8.5, 16.0, 9.9 ],
							"rotationOrigin": [ 0.0, 14.0, 7.9 ],
							"faces": {
								"north": { "texture": "#generic", "uv": [ 0.0, 0.0, 8.5, 4.0 ] },
								"east": { "texture": "#top", "uv": [ 6.0, 6.0, 10.0, 10.0 ] },
								"south": { "texture": "#generic", "uv": [ 0.0, 0.0, 8.5, 4.0 ] },
								"west": { "texture": "#top", "uv": [ 6.0, 6.0, 10.0, 10.0 ] },
								"up": { "texture": "#generic", "uv": [ 0.0, 0.0, 8.5, 4.0 ] },
								"down": { "texture": "#generic", "uv": [ 0.0, 0.0, 8.5, 4.0 ] }
							},
							"children": [
								{
									"name": "HubFatPart",
									"from": [ 1.0, -1.0, -1.0 ],
									"to": [ 7.5, 5.0, 5.0 ],
									"rotationOrigin": [ 1.0, 2.0, 2.0 ],
									"faces": {
										"north": { "texture": "#generic", "uv": [ 0.0, 0.0, 6.5, 6.0 ] },
										"east": { "texture": "#generic", "uv": [ 0.0, 0.0, 6.0, 6.0 ] },
										"south": { "texture": "#generic", "uv": [ 0.0, 0.0, 6.5, 6.0 ] },
										"west": { "texture": "#generic", "uv": [ 0.0, 0.0, 6.0, 6.0 ] },
										"up": { "texture": "#generic", "uv": [ 0.0, 0.0, 6.5, 6.0 ] },
										"down": { "texture": "#generic", "uv": [ 0.0, 0.0, 6.5, 6.0 ] }
									},
									"children": [
										{
											"name": "HubBand1",
											"from": [ 0.5, -0.2, -0.2 ],
											"to": [ 2.0, 6.2, 6.2 ],
											"rotationOrigin": [ 0.5, -0.2, -0.2 ],
											"faces": {
												"north": { "texture": "#iron1", "uv": [ 0.5, 0.5, 2.0, 6.5 ] },
												"east": { "texture": "#iron1", "uv": [ 0.0, 0.0, 6.0, 6.0 ] },
												"south": { "texture": "#iron1", "uv": [ 14.0, 0.5, 15.5, 6.5 ] },
												"west": { "texture": "#iron1", "uv": [ 0.0, 0.0, 6.0, 6.0 ] },
												"up": { "texture": "#iron1", "uv": [ 14.0, 9.0, 15.5, 15.0 ] },
												"down": { "texture": "#iron1", "uv": [ 0.5, 9.0, 2.0, 15.0 ] }
											}
										},
										{
											"name": "HubBand2",
											"from": [ 4.5, -0.2, -0.2 ],
											"to": [ 6.0, 6.2, 6.2 ],
											"rotationOrigin": [ 4.5, -0.2, -0.2 ],
											"faces": {
												"north": { "texture": "#iron1", "uv": [ 0.5, 9.0, 2.0, 15.0 ] },
												"east": { "texture": "#iron1", "uv": [ 0.0, 0.0, 6.0, 6.0 ] },
												"south": { "texture": "#iron1", "uv": [ 14.0, 9.0, 15.5, 15.0 ] },
												"west": { "texture": "#iron1", "uv": [ 0.0, 0.0, 6.0, 6.0 ] },
												"up": { "texture": "#iron1", "uv": [ 5.0, 13.5, 11.0, 15.0 ], "rotation": 270 },
												"down": { "texture": "#iron1", "uv": [ 5.0, 0.5, 11.0, 2.0 ], "rotation": 90 }
											}
										}
									]
								}
							]
						},
						{
							"name": "RimMover",
							"from": [ 3.0, 13.0, 7.0 ],
							"to": [ 5.0, 15.0, 9.0 ],
							"rotationOrigin": [ 3.0, 14.0, 8.0 ],
							"faces": {
							},
							"children": [
								{
									"name": "Quadrant4-6",
									"from": [ 0.0, 0.0, 0.0 ],
									"to": [ 2.0, 2.0, 2.0 ],
									"rotationOrigin": [ 0.0, 1.0, 1.0 ],
									"faces": {
										"north": { "texture": "#generic", "uv": [ 0.0, 0.0, 2.0, 2.0 ] },
										"east": { "texture": "#generic", "uv": [ 0.0, 0.0, 2.0, 2.0 ] },
										"south": { "texture": "#generic", "uv": [ 0.0, 0.0, 2.0, 2.0 ] },
										"west": { "texture": "#generic", "uv": [ 0.0, 0.0, 2.0, 2.0 ] },
										"up": { "texture": "#generic", "uv": [ 0.0, 0.0, 2.0, 2.0 ] },
										"down": { "texture": "#generic", "uv": [ 0.0, 0.0, 2.0, 2.0 ] }
									},
									"children": [
										{
											"name": "Spoke6",
											"from": [ 0.5, -12.0, 0.2 ],
											"to": [ 2.1, 0.0, 1.8 ],
											"rotationOrigin": [ 1.5, 1.0, 1.0 ],
											"rotationX": -15.0,
											"faces": {
												"north": { "texture": "#generic", "uv": [ 1.0, 11.0, 13.0, 12.5 ], "rotation": 90 },
												"east": { "texture": "#generic", "uv": [ 1.5, 7.0, 13.5, 8.5 ], "rotation": 90 },
												"south": { "texture": "#generic", "uv": [ 3.0, 0.5, 15.0, 2.0 ], "rotation": 90 },
												"west": { "texture": "#generic", "uv": [ 2.0, 3.0, 14.0, 4.5 ], "rotation": 90 }
											},
											"children": [
												{
													"name": "Rim6oclock",
													"from": [ -0.49, -1.0065, -2.9509 ],
													"to": [ 2.01, 0.9935, 4.5491 ],
													"rotationOrigin": [ -0.5, 12.9935, 0.8241 ],
													"rotationX": 15.0,
													"faces": {
														"east": { "texture": "#generic", "uv": [ 7.0, 4.0, 14.5, 6.0 ] },
														"west": { "texture": "#generic", "uv": [ 4.5, 13.5, 12.0, 15.5 ] },
														"up": { "texture": "#generic", "uv": [ 1.5, 12.0, 9.0, 14.5 ], "rotation": 90 }
													},
													"children": [
														{
															"name": "Iron6",
															"from": [ -0.1, -0.1, -0.05 ],
															"to": [ 2.6, 0.5, 7.55 ],
															"rotationOrigin": [ -0.1, 13.9, 3.675 ],
															"faces": {
																"north": { "texture": "#iron1", "uv": [ 12.0, 10.0, 14.5, 10.5 ] },
																"east": { "texture": "#iron1", "uv": [ 6.5, 15.0, 14.0, 15.5 ] },
																"south": { "texture": "#iron1", "uv": [ 10.5, 8.0, 13.0, 8.5 ] },
																"west": { "texture": "#iron1", "uv": [ 1.0, 12.0, 8.5, 12.5 ] },
																"up": { "texture": "#iron1", "uv": [ 7.5, 9.5, 15.0, 12.0 ], "rotation": 90 },
																"down": { "texture": "#iron1", "uv": [ 4.5, 13.0, 12.0, 15.5 ], "rotation": 90 }
															}
														}
													]
												}
											]
										},
										{
											"name": "Spoke5",
											"from": [ 0.5, -12.0, 0.2 ],
											"to": [ 2.1, 0.0, 1.8 ],
											"rotationOrigin": [ 1.5, 1.0, 1.0 ],
											"rotationX": 15.0,
											"faces": {
												"north": { "texture": "#generic", "uv": [ 0.5, 2.5, 12.5, 4.0 ], "rotation": 90 },
												"east": { "texture": "#generic", "uv": [ 1.0, 12.5, 13.0, 14.0 ], "rotation": 90 },
												"south": { "texture": "#generic", "uv": [ 3.5, 13.5, 15.5, 15.0 ], "rotation": 90 },
												"west": { "texture": "#generic", "uv": [ 2.5, 10.0, 14.5, 11.5 ], "rotation": 90 }
											},
											"children": [
												{
													"name": "Rim5oclock",
													"from": [ -0.5, -1.0065, -2.9509 ],
													"to": [ 2.0, 0.9935, 4.5491 ],
													"rotationOrigin": [ -0.5, 12.9935, 0.8241 ],
													"rotationX": 15.0,
													"faces": {
														"east": { "texture": "#generic", "uv": [ 7.0, 8.0, 14.5, 10.0 ] },
														"west": { "texture": "#generic", "uv": [ 7.0, 8.0, 14.5, 10.0 ] },
														"up": { "texture": "#generic", "uv": [ 2.0, 8.0, 9.5, 10.5 ], "rotation": 90 }
													},
													"children": [
														{
															"name": "Iron5",
															"from": [ -0.1, -0.1, -0.05 ],
															"to": [ 2.6, 0.5, 7.55 ],
															"rotationOrigin": [ -0.1, 13.9, 3.675 ],
															"faces": {
																"north": { "texture": "#iron1", "uv": [ 12.5, 14.0, 15.0, 14.5 ] },
																"east": { "texture": "#iron1", "uv": [ 3.5, 5.5, 11.0, 6.0 ] },
																"south": { "texture": "#iron1", "uv": [ 10.5, 13.5, 13.0, 14.0 ] },
																"west": { "texture": "#iron1", "uv": [ 5.0, 4.5, 12.5, 5.0 ] },
																"up": { "texture": "#iron1", "uv": [ 4.0, 0.0, 11.5, 2.5 ], "rotation": 90 },
																"down": { "texture": "#iron1", "uv": [ 13.5, 4.0, 16.0, 11.5 ] }
															}
														}
													]
												}
											]
										},
										{
											"name": "Spoke4",
											"from": [ 0.5, -12.0, 0.2 ],
											"to": [ 2.1, 0.0, 1.8 ],
											"rotationOrigin": [ 1.5, 1.0, 1.0 ],
											"rotationX": 45.0,
											"faces": {
												"north": { "texture": "#generic", "uv": [ 3.0, 8.5, 15.0, 10.0 ], "rotation": 90 },
												"east": { "texture": "#generic", "uv": [ 1.5, 14.0, 13.5, 15.5 ], "rotation": 90 },
												"south": { "texture": "#generic", "uv": [ 1.5, 3.0, 13.5, 4.5 ], "rotation": 90 },
												"west": { "texture": "#generic", "uv": [ 3.5, 6.0, 15.5, 7.5 ], "rotation": 90 }
											},
											"children": [
												{
													"name": "Rim4oclock",
													"from": [ -0.51, -1.0065, -2.9509 ],
													"to": [ 1.99, 0.9935, 4.5491 ],
													"rotationOrigin": [ -0.5, 12.9935, 0.8241 ],
													"rotationX": 15.0,
													"faces": {
														"east": { "texture": "#generic", "uv": [ 6.5, 5.5, 14.0, 7.5 ] },
														"west": { "texture": "#generic", "uv": [ 8.0, 7.5, 15.5, 9.5 ] },
														"up": { "texture": "#generic", "uv": [ 2.5, 9.5, 10.0, 12.0 ], "rotation": 90 }
													},
													"children": [
														{
															"name": "Iron4",
															"from": [ -0.1, -0.1, -0.05 ],
															"to": [ 2.6, 0.5, 7.55 ],
															"rotationOrigin": [ -0.1, 13.9, 3.675 ],
															"faces": {
																"north": { "texture": "#iron1", "uv": [ 8.5, 8.0, 11.0, 8.5 ] },
																"east": { "texture": "#iron1", "uv": [ 7.5, 11.5, 15.0, 12.0 ] },
																"south": { "texture": "#iron1", "uv": [ 7.5, 12.0, 10.0, 12.5 ] },
																"west": { "texture": "#iron1", "uv": [ 7.5, 9.5, 15.0, 10.0 ] },
																"up": { "texture": "#iron1", "uv": [ 4.5, 13.0, 12.0, 15.5 ], "rotation": 90 },
																"down": { "texture": "#iron1", "uv": [ 0.0, 8.0, 2.5, 15.5 ] }
															}
														}
													]
												}
											]
										}
									]
								},
								{
									"name": "Quadrant1-3",
									"from": [ 0.0, 0.0, 0.0 ],
									"to": [ 2.0, 2.0, 2.0 ],
									"rotationOrigin": [ 0.0, 1.0, 1.0 ],
									"rotationX": 90.0,
									"faces": {
										"north": { "texture": "#generic", "uv": [ 0.0, 0.0, 2.0, 2.0 ] },
										"east": { "texture": "#generic", "uv": [ 0.0, 0.0, 2.0, 2.0 ] },
										"south": { "texture": "#generic", "uv": [ 0.0, 0.0, 2.0, 2.0 ] },
										"west": { "texture": "#generic", "uv": [ 0.0, 0.0, 2.0, 2.0 ] },
										"up": { "texture": "#generic", "uv": [ 0.0, 0.0, 2.0, 2.0 ] },
										"down": { "texture": "#generic", "uv": [ 0.0, 0.0, 2.0, 2.0 ] }
									},
									"children": [
										{
											"name": "Spoke3",
											"from": [ 0.5, -12.0, 0.2 ],
											"to": [ 2.1, 0.0, 1.8 ],
											"rotationOrigin": [ 1.5, 1.0, 1.0 ],
											"rotationX": -15.0,
											"faces": {
												"north": { "texture": "#generic", "uv": [ 1.0, 4.5, 13.0, 6.0 ], "rotation": 90 },
												"east": { "texture": "#generic", "uv": [ 0.0, 2.0, 12.0, 3.5 ], "rotation": 90 },
												"south": { "texture": "#generic", "uv": [ 0.5, 6.0, 12.5, 7.5 ], "rotation": 90 },
												"west": { "texture": "#generic", "uv": [ 2.0, 8.0, 14.0, 9.5 ], "rotation": 90 }
											},
											"children": [
												{
													"name": "Rim3oclock",
													"from": [ -0.49, -1.0065, -2.9509 ],
													"to": [ 2.01, 0.9935, 4.5491 ],
													"rotationOrigin": [ -0.5, 12.9935, 0.8241 ],
													"rotationX": 15.0,
													"faces": {
														"east": { "texture": "#generic", "uv": [ 6.5, 5.0, 14.0, 7.0 ] },
														"west": { "texture": "#generic", "uv": [ 4.5, 13.0, 12.0, 15.0 ] },
														"up": { "texture": "#generic", "uv": [ 2.5, 5.5, 10.0, 8.0 ], "rotation": 90 }
													},
													"children": [
														{
															"name": "Iron3",
															"from": [ -0.1, -0.1, -0.05 ],
															"to": [ 2.6, 0.5, 7.55 ],
															"rotationOrigin": [ -0.1, 13.9, 3.675 ],
															"faces": {
																"north": { "texture": "#iron1", "uv": [ 13.0, 15.0, 15.5, 15.5 ] },
																"east": { "texture": "#iron1", "uv": [ 7.5, 7.5, 15.0, 8.0 ] },
																"south": { "texture": "#iron1", "uv": [ 2.5, 11.0, 5.0, 11.5 ] },
																"west": { "texture": "#iron1", "uv": [ 5.0, 13.0, 12.5, 13.5 ] },
																"up": { "texture": "#iron1", "uv": [ 5.5, 10.0, 13.0, 12.5 ], "rotation": 90 },
																"down": { "texture": "#iron1", "uv": [ 13.5, 4.0, 16.0, 11.5 ] }
															}
														}
													]
												}
											]
										},
										{
											"name": "Spoke2",
											"from": [ 0.5, -12.0, 0.2 ],
											"to": [ 2.1, 0.0, 1.8 ],
											"rotationOrigin": [ 1.5, 1.0, 1.0 ],
											"rotationX": 15.0,
											"faces": {
												"north": { "texture": "#generic", "uv": [ 0.5, 2.5, 12.5, 4.0 ], "rotation": 90 },
												"east": { "texture": "#generic", "uv": [ 1.0, 12.5, 13.0, 14.0 ], "rotation": 90 },
												"south": { "texture": "#generic", "uv": [ 3.5, 13.5, 15.5, 15.0 ], "rotation": 90 },
												"west": { "texture": "#generic", "uv": [ 2.5, 10.0, 14.5, 11.5 ], "rotation": 90 }
											},
											"children": [
												{
													"name": "Rim2oclock",
													"from": [ -0.5, -1.0065, -2.9509 ],
													"to": [ 2.0, 0.9935, 4.5491 ],
													"rotationOrigin": [ -0.5, 12.9935, 0.8241 ],
													"rotationX": 15.0,
													"faces": {
														"east": { "texture": "#generic", "uv": [ 7.0, 8.0, 14.5, 10.0 ] },
														"west": { "texture": "#generic", "uv": [ 7.0, 8.0, 14.5, 10.0 ] },
														"up": { "texture": "#generic", "uv": [ 2.0, 8.0, 9.5, 10.5 ], "rotation": 90 }
													},
													"children": [
														{
															"name": "Iron2",
															"from": [ -0.1, -0.1, -0.05 ],
															"to": [ 2.6, 0.5, 7.55 ],
															"rotationOrigin": [ -0.1, 13.9, 3.675 ],
															"faces": {
																"north": { "texture": "#iron1", "uv": [ 12.5, 14.0, 15.0, 14.5 ] },
																"east": { "texture": "#iron1", "uv": [ 3.5, 5.5, 11.0, 6.0 ] },
																"south": { "texture": "#iron1", "uv": [ 10.5, 13.5, 13.0, 14.0 ] },
																"west": { "texture": "#iron1", "uv": [ 5.0, 4.5, 12.5, 5.0 ] },
																"up": { "texture": "#iron1", "uv": [ 4.0, 0.0, 11.5, 2.5 ], "rotation": 90 },
																"down": { "texture": "#iron1", "uv": [ 13.5, 4.0, 16.0, 11.5 ] }
															}
														}
													]
												}
											]
										},
										{
											"name": "Spoke1",
											"from": [ 0.5, -12.0, 0.2 ],
											"to": [ 2.1, 0.0, 1.8 ],
											"rotationOrigin": [ 1.5, 1.0, 1.0 ],
											"rotationX": 45.0,
											"faces": {
												"north": { "texture": "#generic", "uv": [ 3.5, 0.0, 15.5, 1.5 ], "rotation": 90 },
												"east": { "texture": "#generic", "uv": [ 1.0, 10.5, 13.0, 12.0 ], "rotation": 90 },
												"south": { "texture": "#generic", "uv": [ 0.5, 13.5, 12.5, 15.0 ], "rotation": 90 },
												"west": { "texture": "#generic", "uv": [ 1.5, 12.5, 13.5, 14.0 ], "rotation": 90 }
											},
											"children": [
												{
													"name": "Rim1oclock",
													"from": [ -0.51, -1.0065, -2.9509 ],
													"to": [ 1.99, 0.9935, 4.5491 ],
													"rotationOrigin": [ -0.5, 12.9935, 0.8241 ],
													"rotationX": 15.0,
													"faces": {
														"east": { "texture": "#generic", "uv": [ 1.0, 12.5, 8.5, 14.5 ] },
														"west": { "texture": "#generic", "uv": [ 4.0, 0.5, 11.5, 2.5 ] },
														"up": { "texture": "#generic", "uv": [ 4.0, 5.0, 11.5, 7.5 ], "rotation": 90 }
													},
													"children": [
														{
															"name": "Iron1",
															"from": [ -0.1, -0.1, -0.05 ],
															"to": [ 2.6, 0.5, 7.55 ],
															"rotationOrigin": [ -0.1, 13.9, 3.675 ],
															"faces": {
																"north": { "texture": "#iron1", "uv": [ 2.0, 8.0, 4.5, 8.5 ] },
																"east": { "texture": "#iron1", "uv": [ 5.5, 2.5, 13.0, 3.0 ] },
																"south": { "texture": "#iron1", "uv": [ 7.0, 15.0, 9.5, 15.5 ] },
																"west": { "texture": "#iron1", "uv": [ 6.5, 11.0, 14.0, 11.5 ] },
																"up": { "texture": "#iron1", "uv": [ 7.5, 11.5, 15.0, 14.0 ], "rotation": 90 },
																"down": { "texture": "#iron1", "uv": [ 13.5, 4.0, 16.0, 11.5 ] }
															}
														}
													]
												}
											]
										}
									]
								},
								{
									"name": "Quadrant10-12",
									"from": [ 0.0, 0.0, 0.0 ],
									"to": [ 2.0, 2.0, 2.0 ],
									"rotationOrigin": [ 0.0, 1.0, 1.0 ],
									"rotationX": 180.0,
									"faces": {
										"north": { "texture": "#generic", "uv": [ 0.0, 0.0, 2.0, 2.0 ] },
										"east": { "texture": "#generic", "uv": [ 0.0, 0.0, 2.0, 2.0 ] },
										"south": { "texture": "#generic", "uv": [ 0.0, 0.0, 2.0, 2.0 ] },
										"west": { "texture": "#generic", "uv": [ 0.0, 0.0, 2.0, 2.0 ] },
										"up": { "texture": "#generic", "uv": [ 0.0, 0.0, 2.0, 2.0 ] },
										"down": { "texture": "#generic", "uv": [ 0.0, 0.0, 2.0, 2.0 ] }
									},
									"children": [
										{
											"name": "Spoke12",
											"from": [ 0.5, -12.0, 0.2 ],
											"to": [ 2.1, 0.0, 1.8 ],
											"rotationOrigin": [ 1.5, 1.0, 1.0 ],
											"rotationX": -15.0,
											"faces": {
												"north": { "texture": "#generic", "uv": [ 1.5, 5.5, 13.5, 7.0 ], "rotation": 90 },
												"east": { "texture": "#generic", "uv": [ 1.0, 5.0, 13.0, 6.5 ], "rotation": 90 },
												"south": { "texture": "#generic", "uv": [ 1.0, 1.0, 13.0, 2.5 ], "rotation": 90 },
												"west": { "texture": "#generic", "uv": [ 0.5, 0.5, 12.5, 2.0 ], "rotation": 90 }
											},
											"children": [
												{
													"name": "Rim12oclock",
													"from": [ -0.49, -1.0065, -2.9509 ],
													"to": [ 2.01, 0.9935, 4.5491 ],
													"rotationOrigin": [ -0.5, 12.9935, 0.8241 ],
													"rotationX": 15.0,
													"faces": {
														"east": { "texture": "#generic", "uv": [ 7.0, 2.5, 14.5, 4.5 ] },
														"west": { "texture": "#generic", "uv": [ 7.5, 12.0, 15.0, 14.0 ] },
														"up": { "texture": "#generic", "uv": [ 6.0, 3.0, 13.5, 5.5 ], "rotation": 90 }
													},
													"children": [
														{
															"name": "Iron12",
															"from": [ -0.1, -0.1, -0.05 ],
															"to": [ 2.6, 0.5, 7.55 ],
															"rotationOrigin": [ -0.1, 13.9, 3.675 ],
															"faces": {
																"north": { "texture": "#iron1", "uv": [ 1.0, 15.0, 3.5, 15.5 ] },
																"east": { "texture": "#iron1", "uv": [ 5.0, 4.5, 12.5, 5.0 ] },
																"south": { "texture": "#iron1", "uv": [ 6.5, 14.5, 9.0, 15.0 ] },
																"west": { "texture": "#iron1", "uv": [ 6.5, 6.0, 14.0, 6.5 ] },
																"up": { "texture": "#iron1", "uv": [ 4.5, 13.0, 12.0, 15.5 ], "rotation": 90 },
																"down": { "texture": "#iron1", "uv": [ 13.5, 8.0, 16.0, 15.5 ] }
															}
														}
													]
												}
											]
										},
										{
											"name": "Spoke11",
											"from": [ 0.5, -12.0, 0.2 ],
											"to": [ 2.1, 0.0, 1.8 ],
											"rotationOrigin": [ 1.5, 1.0, 1.0 ],
											"rotationX": 15.0,
											"faces": {
												"north": { "texture": "#generic", "uv": [ 3.0, 13.5, 15.0, 15.0 ], "rotation": 90 },
												"east": { "texture": "#generic", "uv": [ 2.0, 2.5, 14.0, 4.0 ], "rotation": 90 },
												"south": { "texture": "#generic", "uv": [ 2.5, 8.5, 14.5, 10.0 ], "rotation": 90 },
												"west": { "texture": "#generic", "uv": [ 0.0, 0.0, 12.0, 1.5 ], "rotation": 90 }
											},
											"children": [
												{
													"name": "Rim11oclock",
													"from": [ -0.5, -1.0065, -2.9509 ],
													"to": [ 2.0, 0.9935, 4.5491 ],
													"rotationOrigin": [ -0.5, 12.9935, 0.8241 ],
													"rotationX": 15.0,
													"faces": {
														"east": { "texture": "#generic", "uv": [ 6.0, 6.5, 13.5, 8.5 ] },
														"west": { "texture": "#generic", "uv": [ 5.5, 4.5, 13.0, 6.5 ] },
														"up": { "texture": "#generic", "uv": [ 1.5, 9.0, 9.0, 11.5 ], "rotation": 90 }
													},
													"children": [
														{
															"name": "Iron11",
															"from": [ -0.1, -0.1, -0.05 ],
															"to": [ 2.6, 0.5, 7.55 ],
															"rotationOrigin": [ -0.1, 13.9, 3.675 ],
															"faces": {
																"north": { "texture": "#iron1", "uv": [ 4.0, 0.0, 6.5, 0.5 ] },
																"east": { "texture": "#iron1", "uv": [ 1.5, 8.5, 9.0, 9.0 ] },
																"south": { "texture": "#iron1", "uv": [ 11.0, 5.5, 13.5, 6.0 ] },
																"west": { "texture": "#iron1", "uv": [ 4.5, 10.0, 12.0, 10.5 ] },
																"up": { "texture": "#iron1", "uv": [ 1.5, 3.5, 9.0, 6.0 ], "rotation": 90 },
																"down": { "texture": "#iron1", "uv": [ 13.5, 4.0, 16.0, 11.5 ] }
															}
														}
													]
												}
											]
										},
										{
											"name": "Spoke10",
											"from": [ 0.5, -12.0, 0.2 ],
											"to": [ 2.1, 0.0, 1.8 ],
											"rotationOrigin": [ 1.5, 1.0, 1.0 ],
											"rotationX": 45.0,
											"faces": {
												"north": { "texture": "#generic", "uv": [ 1.0, 2.0, 13.0, 3.5 ], "rotation": 90 },
												"east": { "texture": "#generic", "uv": [ 1.0, 0.0, 13.0, 1.5 ], "rotation": 90 },
												"south": { "texture": "#generic", "uv": [ 0.5, 11.5, 12.5, 13.0 ], "rotation": 90 },
												"west": { "texture": "#generic", "uv": [ 1.5, 11.5, 13.5, 13.0 ], "rotation": 90 }
											},
											"children": [
												{
													"name": "Rim10oclock",
													"from": [ -0.51, -1.0065, -2.9509 ],
													"to": [ 1.99, 0.9935, 4.5491 ],
													"rotationOrigin": [ -0.5, 12.9935, 0.8241 ],
													"rotationX": 15.0,
													"faces": {
														"east": { "texture": "#generic", "uv": [ 2.5, 6.5, 10.0, 8.5 ] },
														"west": { "texture": "#generic", "uv": [ 2.0, 4.5, 9.5, 6.5 ] },
														"up": { "texture": "#generic", "uv": [ 6.5, 10.0, 14.0, 12.5 ], "rotation": 90 }
													},
													"children": [
														{
															"name": "Iron10",
															"from": [ -0.1, -0.1, -0.05 ],
															"to": [ 2.6, 0.5, 7.55 ],
															"rotationOrigin": [ -0.1, 13.9, 3.675 ],
															"faces": {
																"north": { "texture": "#iron1", "uv": [ 13.0, 8.5, 15.5, 9.0 ] },
																"east": { "texture": "#iron1", "uv": [ 6.0, 3.5, 13.5, 4.0 ] },
																"south": { "texture": "#iron1", "uv": [ 12.0, 0.5, 14.5, 1.0 ] },
																"west": { "texture": "#iron1", "uv": [ 8.0, 2.0, 15.5, 2.5 ] },
																"up": { "texture": "#iron1", "uv": [ 0.5, 3.0, 8.0, 5.5 ], "rotation": 90 },
																"down": { "texture": "#iron1", "uv": [ 13.5, 4.0, 16.0, 11.5 ] }
															}
														}
													]
												}
											]
										}
									]
								},
								{
									"name": "Quadrant7-9",
									"from": [ 0.0, 0.0, 0.0 ],
									"to": [ 2.0, 2.0, 2.0 ],
									"rotationOrigin": [ 0.0, 1.0, 1.0 ],
									"rotationX": 270.0,
									"faces": {
										"north": { "texture": "#generic", "uv": [ 0.0, 0.0, 2.0, 2.0 ] },
										"east": { "texture": "#generic", "uv": [ 0.0, 0.0, 2.0, 2.0 ] },
										"south": { "texture": "#generic", "uv": [ 0.0, 0.0, 2.0, 2.0 ] },
										"west": { "texture": "#generic", "uv": [ 0.0, 0.0, 2.0, 2.0 ] },
										"up": { "texture": "#generic", "uv": [ 0.0, 0.0, 2.0, 2.0 ] },
										"down": { "texture": "#generic", "uv": [ 0.0, 0.0, 2.0, 2.0 ] }
									},
									"children": [
										{
											"name": "Spoke9",
											"from": [ 0.5, -12.0, 0.2 ],
											"to": [ 2.1, 0.0, 1.8 ],
											"rotationOrigin": [ 1.5, 1.0, 1.0 ],
											"rotationX": -15.0,
											"faces": {
												"north": { "texture": "#generic", "uv": [ 2.0, 6.5, 14.0, 8.0 ], "rotation": 90 },
												"east": { "texture": "#generic", "uv": [ 3.5, 8.5, 15.5, 10.0 ], "rotation": 90 },
												"south": { "texture": "#generic", "uv": [ 0.0, 2.5, 12.0, 4.0 ], "rotation": 90 },
												"west": { "texture": "#generic", "uv": [ 0.0, 7.0, 12.0, 8.5 ], "rotation": 90 }
											},
											"children": [
												{
													"name": "Rim9oclock",
													"from": [ -0.49, -1.0065, -2.9509 ],
													"to": [ 2.01, 0.9935, 4.5491 ],
													"rotationOrigin": [ -0.5, 12.9935, 0.8241 ],
													"rotationX": 15.0,
													"faces": {
														"east": { "texture": "#generic", "uv": [ 7.0, 5.5, 14.5, 7.5 ] },
														"west": { "texture": "#generic", "uv": [ 0.5, 13.0, 8.0, 15.0 ] },
														"up": { "texture": "#generic", "uv": [ 7.0, 9.5, 14.5, 12.0 ], "rotation": 90 }
													},
													"children": [
														{
															"name": "Iron9",
															"from": [ -0.1, -0.1, -0.05 ],
															"to": [ 2.6, 0.5, 7.55 ],
															"rotationOrigin": [ -0.1, 13.9, 3.675 ],
															"faces": {
																"north": { "texture": "#iron1", "uv": [ 0.5, 15.0, 3.0, 15.5 ] },
																"east": { "texture": "#iron1", "uv": [ 7.0, 0.0, 14.5, 0.5 ] },
																"south": { "texture": "#iron1", "uv": [ 6.0, 8.0, 8.5, 8.5 ] },
																"west": { "texture": "#iron1", "uv": [ 3.0, 0.0, 10.5, 0.5 ] },
																"up": { "texture": "#iron1", "uv": [ 1.0, 9.5, 8.5, 12.0 ], "rotation": 90 },
																"down": { "texture": "#iron1", "uv": [ 13.5, 4.0, 16.0, 11.5 ] }
															}
														}
													]
												}
											]
										},
										{
											"name": "Spoke8",
											"from": [ 0.5, -12.0, 0.2 ],
											"to": [ 2.1, 0.0, 1.8 ],
											"rotationOrigin": [ 1.5, 1.0, 1.0 ],
											"rotationX": 15.0,
											"faces": {
												"north": { "texture": "#generic", "uv": [ 3.5, 9.0, 15.5, 10.5 ], "rotation": 90 },
												"east": { "texture": "#generic", "uv": [ 3.0, 11.0, 15.0, 12.5 ], "rotation": 90 },
												"south": { "texture": "#generic", "uv": [ 0.0, 1.5, 12.0, 3.0 ], "rotation": 90 },
												"west": { "texture": "#generic", "uv": [ 3.0, 14.0, 15.0, 15.5 ], "rotation": 90 }
											},
											"children": [
												{
													"name": "Rim8oclock",
													"from": [ -0.5, -1.0065, -2.9509 ],
													"to": [ 2.0, 0.9935, 4.5491 ],
													"rotationOrigin": [ -0.5, 12.9935, 0.8241 ],
													"rotationX": 15.0,
													"faces": {
														"east": { "texture": "#generic", "uv": [ 6.0, 10.0, 13.5, 12.0 ] },
														"west": { "texture": "#generic", "uv": [ 8.0, 6.0, 15.5, 8.0 ] },
														"up": { "texture": "#generic", "uv": [ 1.0, 12.0, 8.5, 14.5 ], "rotation": 90 }
													},
													"children": [
														{
															"name": "Iron8",
															"from": [ -0.1, -0.1, -0.05 ],
															"to": [ 2.6, 0.5, 7.55 ],
															"rotationOrigin": [ -0.1, 13.9, 3.675 ],
															"faces": {
																"north": { "texture": "#iron1", "uv": [ 2.0, 6.5, 4.5, 7.0 ] },
																"east": { "texture": "#iron1", "uv": [ 3.0, 2.5, 10.5, 3.0 ] },
																"south": { "texture": "#iron1", "uv": [ 4.0, 1.0, 6.5, 1.5 ] },
																"west": { "texture": "#iron1", "uv": [ 3.0, 10.5, 10.5, 11.0 ] },
																"up": { "texture": "#iron1", "uv": [ 7.5, 2.0, 15.0, 4.5 ], "rotation": 90 },
																"down": { "texture": "#iron1", "uv": [ 13.5, 8.5, 16.0, 16.0 ], "rotation": 180 }
															}
														}
													]
												}
											]
										},
										{
											"name": "Spoke7",
											"from": [ 0.5, -12.0, 0.2 ],
											"to": [ 2.1, 0.0, 1.8 ],
											"rotationOrigin": [ 1.5, 1.0, 1.0 ],
											"rotationX": 45.0,
											"faces": {
												"north": { "texture": "#generic", "uv": [ 2.5, 10.0, 14.5, 11.5 ], "rotation": 90 },
												"east": { "texture": "#generic", "uv": [ 3.0, 3.5, 15.0, 5.0 ], "rotation": 90 },
												"south": { "texture": "#generic", "uv": [ 3.5, 2.0, 15.5, 3.5 ], "rotation": 90 },
												"west": { "texture": "#generic", "uv": [ 3.0, 14.0, 15.0, 15.5 ], "rotation": 90 }
											},
											"children": [
												{
													"name": "Rim7oclock",
													"from": [ -0.51, -1.0065, -2.9509 ],
													"to": [ 1.99, 0.9935, 4.5491 ],
													"rotationOrigin": [ -0.5, 12.9935, 0.8241 ],
													"rotationX": 15.0,
													"faces": {
														"east": { "texture": "#generic", "uv": [ 1.0, 11.5, 8.5, 13.5 ] },
														"west": { "texture": "#generic", "uv": [ 0.0, 7.5, 7.5, 9.5 ] },
														"up": { "texture": "#generic", "uv": [ 3.0, 11.0, 10.5, 13.5 ], "rotation": 90 }
													},
													"children": [
														{
															"name": "Iron7",
															"from": [ -0.1, -0.1, -0.05 ],
															"to": [ 2.6, 0.5, 7.55 ],
															"rotationOrigin": [ -0.1, 13.9, 3.675 ],
															"faces": {
																"north": { "texture": "#iron1", "uv": [ 10.0, 1.5, 12.5, 2.0 ] },
																"east": { "texture": "#iron1", "uv": [ 4.5, 11.0, 12.0, 11.5 ] },
																"south": { "texture": "#iron1", "uv": [ 1.5, 7.0, 4.0, 7.5 ] },
																"west": { "texture": "#iron1", "uv": [ 1.0, 7.0, 8.5, 7.5 ] },
																"up": { "texture": "#iron1", "uv": [ 6.5, 4.5, 14.0, 7.0 ], "rotation": 90 },
																"down": { "texture": "#iron1", "uv": [ 13.5, 4.0, 16.0, 11.5 ] }
															}
														}
													]
												}
											]
										}
									]
								}
							]
						}
					]
				}
			]
		}
	],
	"animations": [
		{
			"name": "move",
			"code": "move",
			"quantityframes": 100,
			"onActivityStopped": "Rewind",
			"onAnimationEnd": "Repeat",
			"keyframes": [
				{
					"frame": 0,
					"elements": {
						"RimMover2": { "rotationX": -180.0, "rotationY": 0.0, "rotationZ": 0.0 },
						"RimMover": { "rotationX": -180.0, "rotationY": 0.0, "rotationZ": 0.0 }
					}
				},
				{
					"frame": 99,
					"elements": {
						"RimMover2": { "rotationX": 180.0, "rotationY": 0.0, "rotationZ": 0.0 },
						"RimMover": { "rotationX": 180.0, "rotationY": 0.0, "rotationZ": 0.0 }
					}
				}
			]
		}
	]
}