{
	"editor": {
		"collapsedPaths": "Root/Base/Barrel4,Root/Base/Barrel1,Root/Root/WheelLeft/Hub,Root/RimMoverLeft/Quadrant10-12,Root/Root/WheelLeft/RimMover,Root/Base/Barrel1/Barrel2,Root/Base/HubLeft/HubFatPart,Root/RimMoverRight1/Hub,Root/WheelRight/Hub2,Root/RimMoverRight/RimMover2,Root/HubBase,Root/WheelLeft/Hub,Root/Base/Barrel1/Barrel4,Root/Base/Barrel1/Barrel1Detail2,Root/Hub,Root/Root/HubBase,Root/HubRight/HubFatPart,Root/WheelLeft/RimMover,Root/Hub/HubBack1,Root/RimMoverLeft/Quadrant1-3,Root/RimMoverRight1/RimMover,Root/RimMoverLeft/Quadrant7-9,Root/Base/BaseRight1,Root/RimMoverRight/Hub2,Root/RimMoverRight2,Root/RimMoverRight1,Root/Base/Gun,Root/Gun,Root/WheelRight/RimMover2,Root/HubRight,Root/Gun/BarrelStart2,Root/Base/Barrel1/Barrel2/Barrel3,Root/Base/Barrel4/Barrel5,Root/RimMoverLeft/Hub3,Root/Root/WheelRight/Hub2,Root/RimMoverLeft1,Root/RimMoverLeft2,Root/Base,Root/RimMover,Root/Base/HubLeft,Root/HubBack1,Root/BarrelStart,Root/HubLeft,Root/Base/Barrel4/Barrel1Detail5,Root/WheelRight,Root/Root/Hub,Root/Base/Barrel1/BarrelDetail3,Root/Gun/BarrelPart2,Root/Gun/BarrelPart1,Root/Base/Barrel1/BarrelDetail1,Root/Base/BaseLeft1,Root/Gun/BarrelPart4,Root/Root/WheelLeft/RimMover2,Root/Base/HubLeft/WheelLeft2,Root/RimMoverLeft/RimMover3,Root/WheelLeft2,Root/WheelLeft,Root/RimMoverLeft/Quadrant4-6,Root/Base/Barrel4/Barrel5/Barrel6,Root/Base/HubRight,Root/Root/WheelRight/RimMover2,Root/HubLeft/HubFatPart",
		"allAngles": true,
		"entityTextureMode": false
	},
	"textureWidth": 16,
	"textureHeight": 16,
	"textureSizes": {
	},
	"textures": {
	},
	"elements": [
		{
			"name": "HubBase",
			"from": [ 8.0, 12.0, 6.0 ],
			"to": [ 8.0, 12.0, 6.0 ],
			"rotationOrigin": [ 8.0, 14.0, 8.0 ],
			"rotationX": 16.0,
			"faces": {
			},
			"children": [
				{
					"name": "HubBack1",
					"from": [ -1.5, 1.0, 2.0 ],
					"to": [ 1.5, 4.0, 22.0 ],
					"rotationOrigin": [ 0.0, 2.5, 2.0 ],
					"rotationZ": 45.0,
					"faces": {
						"east": { "texture": "#plainoak", "uv": [ 0.0, 3.5, 16.0, 6.5 ], "autoUv": false, "windMode": [-1,-1,-1,-1] },
						"west": { "texture": "#plainoak", "uv": [ 0.0, 7.5, 16.0, 10.5 ], "autoUv": false, "windMode": [-1,-1,-1,-1] },
						"up": { "texture": "#plainoak", "uv": [ 0.0, 0.5, 16.0, 3.5 ], "rotation": 90, "autoUv": false, "windMode": [-1,-1,-1,-1] },
						"down": { "texture": "#plainoak", "uv": [ 0.0, 7.0, 16.0, 10.0 ], "rotation": 90, "autoUv": false, "windMode": [-1,-1,-1,-1] }
					},
					"children": [
						{
							"name": "HubBack2",
							"from": [ 0.0, 0.0, 20.0 ],
							"to": [ 3.0, 3.0, 40.0 ],
							"rotationOrigin": [ 1.5, 1.5, 20.0 ],
							"faces": {
								"east": { "texture": "#plainoak", "uv": [ 0.0, 3.5, 16.0, 6.5 ], "autoUv": false },
								"west": { "texture": "#plainoak", "uv": [ 0.0, 7.5, 16.0, 10.5 ], "autoUv": false },
								"up": { "texture": "#plainoak", "uv": [ 0.0, 5.0, 16.0, 8.0 ], "rotation": 90, "autoUv": false },
								"down": { "texture": "#plainoak", "uv": [ 0.0, 7.0, 16.0, 10.0 ], "rotation": 90, "autoUv": false }
							},
							"children": [
								{
									"name": "HubBackIron1",
									"from": [ 0.0, 0.0, 20.0 ],
									"to": [ 3.0, 3.0, 28.0 ],
									"rotationOrigin": [ 1.5, 1.5, 20.0 ],
									"faces": {
										"east": { "texture": "#iron1", "uv": [ 3.5, 8.0, 11.5, 11.0 ], "windMode": [-1,-1,-1,-1] },
										"south": { "texture": "#iron1", "uv": [ 6.0, 6.5, 9.0, 9.5 ], "windMode": [-1,-1,-1,-1] },
										"west": { "texture": "#iron1", "uv": [ 5.0, 6.5, 13.0, 9.5 ], "windMode": [-1,-1,-1,-1] },
										"up": { "texture": "#iron1", "uv": [ 5.0, 9.5, 13.0, 12.5 ], "rotation": 90, "windMode": [-1,-1,-1,-1] },
										"down": { "texture": "#iron1", "uv": [ 5.0, 6.5, 13.0, 9.5 ], "rotation": 90, "windMode": [-1,-1,-1,-1] }
									},
									"children": [
										{
											"name": "HubBackIron2",
											"from": [ -7.5, -2.0, 0.0 ],
											"to": [ 6.5, 1.0, 3.0 ],
											"rotationOrigin": [ -0.5, -0.5, 1.5 ],
											"rotationZ": -45.0,
											"faces": {
												"north": { "texture": "#iron1", "uv": [ 1.0, 3.5, 15.0, 6.5 ], "windMode": [-1,-1,-1,-1] },
												"east": { "texture": "#iron1", "uv": [ 7.5, 7.0, 10.5, 10.0 ], "windMode": [-1,-1,-1,-1] },
												"south": { "texture": "#iron1", "uv": [ 1.5, 4.5, 15.5, 7.5 ], "windMode": [-1,-1,-1,-1] },
												"west": { "texture": "#iron1", "uv": [ 4.5, 4.5, 7.5, 7.5 ], "windMode": [-1,-1,-1,-1] },
												"up": { "texture": "#iron1", "uv": [ 4.0, 1.0, 7.0, 15.0 ], "rotation": 90, "windMode": [-1,-1,-1,-1] },
												"down": { "texture": "#iron1", "uv": [ 10.5, 1.0, 13.5, 15.0 ], "rotation": 90, "windMode": [-1,-1,-1,-1] }
											},
											"children": [
												{
													"name": "HubBackLeft",
													"from": [ -14.0, 0.0, 0.0 ],
													"to": [ 0.0, 2.95, 3.0 ],
													"rotationOrigin": [ 0.0, 1.5, 3.0 ],
													"rotationY": -10.0,
													"faces": {
														"north": { "texture": "#plainoak", "uv": [ 1.5, 4.5, 15.5, 7.0 ], "windMode": [-1,-1,-1,-1] },
														"south": { "texture": "#plainoak", "uv": [ 1.5, 4.5, 15.5, 7.0 ], "windMode": [-1,-1,-1,-1] },
														"west": { "texture": "#plainoak", "uv": [ 5.0, 5.5, 8.0, 8.0 ], "windMode": [-1,-1,-1,-1] },
														"up": { "texture": "#plainoak", "uv": [ 1.0, 4.5, 15.0, 7.5 ], "windMode": [-1,-1,-1,-1] },
														"down": { "texture": "#plainoak", "uv": [ 0.5, 6.5, 14.5, 9.5 ], "windMode": [-1,-1,-1,-1] }
													}
												},
												{
													"name": "HubBackRight",
													"from": [ 14.0, 0.0, 0.0 ],
													"to": [ 28.0, 2.95, 3.0 ],
													"rotationOrigin": [ 14.0, 1.5, 3.0 ],
													"rotationY": 10.0,
													"faces": {
														"north": { "texture": "#plainoak", "uv": [ 1.0, 7.5, 15.0, 10.0 ], "windMode": [-1,-1,-1,-1] },
														"east": { "texture": "#plainoak", "uv": [ 7.0, 5.5, 10.0, 8.0 ], "windMode": [-1,-1,-1,-1] },
														"south": { "texture": "#plainoak", "uv": [ 0.5, 5.5, 14.5, 8.0 ] },
														"up": { "texture": "#plainoak", "uv": [ 1.0, 9.0, 15.0, 12.0 ] },
														"down": { "texture": "#plainoak", "uv": [ 0.5, 9.5, 14.5, 12.5 ] }
													}
												}
											]
										}
									]
								}
							]
						}
					]
				},
				{
					"name": "HubLeft",
					"from": [ -16.0, 0.0, 0.0 ],
					"to": [ 0.0, 4.0, 4.0 ],
					"rotationOrigin": [ -16.0, 2.0, 2.0 ],
					"rotationX": 45.0,
					"faces": {
						"north": { "texture": "#generic", "uv": [ 0.0, 1.0, 16.0, 5.0 ] },
						"south": { "texture": "#generic", "uv": [ 0.0, 7.0, 16.0, 11.0 ] },
						"west": { "texture": "#metalalt", "uv": [ 6.0, 6.0, 10.0, 10.0 ] },
						"up": { "texture": "#generic", "uv": [ 0.0, 5.0, 16.0, 9.0 ] },
						"down": { "texture": "#generic", "uv": [ 0.0, 2.5, 16.0, 6.5 ] }
					}
				},
				{
					"name": "HubRight",
					"from": [ 0.0, 0.0, 0.0 ],
					"to": [ 16.0, 4.0, 4.0 ],
					"rotationOrigin": [ 0.0, 2.0, 2.0 ],
					"rotationX": 45.0,
					"faces": {
						"north": { "texture": "#generic", "uv": [ 0.0, 1.0, 16.0, 5.0 ] },
						"south": { "texture": "#generic", "uv": [ 0.0, 7.0, 16.0, 11.0 ] },
						"west": { "texture": "#metalalt", "uv": [ 6.0, 6.0, 10.0, 10.0 ] },
						"up": { "texture": "#generic", "uv": [ 0.0, 5.0, 16.0, 9.0 ] },
						"down": { "texture": "#generic", "uv": [ 0.0, 2.5, 16.0, 6.5 ] }
					}
				}
			]
		},
		{
			"name": "RimMoverRIght",
			"from": [ 22.9979, 13.0, 7.0014 ],
			"to": [ 24.9979, 15.0, 9.0014 ],
			"rotationOrigin": [ 23.0, 14.0, 8.0 ],
			"faces": {
			}
		},
		{
			"name": "RimMoverLeft",
			"from": [ -9.0021, 13.0, 7.001 ],
			"to": [ -7.0021, 15.0, 9.001 ],
			"rotationOrigin": [ -9.0, 14.0, 8.0 ],
			"faces": {
			}
		}
	],
	"animations": [
		{
			"name": "move",
			"code": "move",
			"quantityframes": 100,
			"onActivityStopped": "Rewind",
			"onAnimationEnd": "Repeat",
			"keyframes": [
				{
					"frame": 0,
					"elements": {
						"RimMoverRIght": { "rotationX": -180.0, "rotationY": 0.0, "rotationZ": 0.0 },
						"RimMoverLeft": { "rotationX": -180.0, "rotationY": 0.0, "rotationZ": 0.0 }
					}
				},
				{
					"frame": 99,
					"elements": {
						"RimMoverRIght": { "rotationX": 180.0, "rotationY": 0.0, "rotationZ": 0.0 },
						"RimMoverLeft": { "rotationX": 180.0, "rotationY": 0.0, "rotationZ": 0.0 }
					}
				}
			]
		}
	]
}