{
	"editor": {
		"collapsedPaths": "Root/Base",
		"allAngles": true,
		"entityTextureMode": false
	},
	"textureWidth": 16,
	"textureHeight": 16,
	"textureSizes": {
	},
	"textures": {
		"black": "game:block/black",
		"iron1": "game:block/metal/sheet/iron1",
		"top": "game:block/wood/echochamber/top",
		"plainoak": "game:block/wood/plainoak",
		"generic": "game:block/wood/planks/generic"
	},
	"elements": [
		{
			"name": "Base",
			"from": [ 2.0, 11.0, 1.0 ],
			"to": [ 2.0, 11.0, 1.0 ],
			"rotationOrigin": [ 8.0, 14.0, 8.0 ],
			"rotationX": 14.0,
			"faces": {
			},
			"children": [
				{
					"name": "HubCenter",
					"from": [ -2.0, 1.0, 4.9 ],
					"to": [ 14.0, 5.0, 8.9 ],
					"rotationOrigin": [ 1.0, 3.0, 6.9 ],
					"faces": {
						"north": { "texture": "#generic", "uv": [ 0.0, 0.0, 16.0, 4.0 ] },
						"south": { "texture": "#generic", "uv": [ 0.0, 0.0, 16.0, 4.0 ] },
						"up": { "texture": "#generic", "uv": [ 0.0, 0.0, 16.0, 4.0 ] },
						"down": { "texture": "#generic", "uv": [ 0.0, 0.0, 16.0, 4.0 ] }
					}
				},
				{
					"name": "HubLeft",
					"from": [ -17.0, 1.0, 4.9 ],
					"to": [ -2.0, 5.0, 8.9 ],
					"rotationOrigin": [ -17.0, 3.0, 6.9 ],
					"faces": {
						"north": { "texture": "#generic", "uv": [ 0.5, 0.0, 15.5, 4.0 ] },
						"south": { "texture": "#generic", "uv": [ 0.0, 0.0, 15.0, 4.0 ] },
						"west": { "texture": "#top", "uv": [ 6.0, 6.0, 10.0, 10.0 ] },
						"up": { "texture": "#generic", "uv": [ 0.0, 0.0, 15.0, 4.0 ] },
						"down": { "texture": "#generic", "uv": [ 0.0, 0.0, 15.0, 4.0 ] }
					},
					"children": [
						{
							"name": "HubFatPart",
							"from": [ 1.0, -1.0, -1.0 ],
							"to": [ 7.5, 5.0, 5.0 ],
							"rotationOrigin": [ 1.0, 2.0, 2.0 ],
							"faces": {
								"north": { "texture": "#generic", "uv": [ 0.0, 0.0, 6.5, 6.0 ] },
								"east": { "texture": "#generic", "uv": [ 0.0, 0.0, 6.0, 6.0 ] },
								"south": { "texture": "#generic", "uv": [ 0.0, 0.0, 6.5, 6.0 ] },
								"west": { "texture": "#generic", "uv": [ 0.0, 0.0, 6.0, 6.0 ] },
								"up": { "texture": "#generic", "uv": [ 0.0, 0.0, 6.5, 6.0 ] },
								"down": { "texture": "#generic", "uv": [ 0.0, 0.0, 6.5, 6.0 ] }
							},
							"children": [
								{
									"name": "HubBand1",
									"from": [ 0.5, -0.2, -0.2 ],
									"to": [ 2.0, 6.2, 6.2 ],
									"rotationOrigin": [ 0.5, -0.2, -0.2 ],
									"faces": {
										"north": { "texture": "#iron1", "uv": [ 0.5, 0.5, 2.0, 6.5 ] },
										"east": { "texture": "#iron1", "uv": [ 0.0, 0.0, 6.0, 6.0 ] },
										"south": { "texture": "#iron1", "uv": [ 14.0, 0.5, 15.5, 6.5 ] },
										"west": { "texture": "#iron1", "uv": [ 0.0, 0.0, 6.0, 6.0 ] },
										"up": { "texture": "#iron1", "uv": [ 14.0, 9.0, 15.5, 15.0 ] },
										"down": { "texture": "#iron1", "uv": [ 0.5, 9.0, 2.0, 15.0 ] }
									}
								},
								{
									"name": "HubBand2",
									"from": [ 4.5, -0.2, -0.2 ],
									"to": [ 6.0, 6.2, 6.2 ],
									"rotationOrigin": [ 4.5, -0.2, -0.2 ],
									"faces": {
										"north": { "texture": "#iron1", "uv": [ 0.5, 9.0, 2.0, 15.0 ] },
										"east": { "texture": "#iron1", "uv": [ 0.0, 0.0, 6.0, 6.0 ] },
										"south": { "texture": "#iron1", "uv": [ 14.0, 9.0, 15.5, 15.0 ] },
										"west": { "texture": "#iron1", "uv": [ 0.0, 0.0, 6.0, 6.0 ] },
										"up": { "texture": "#iron1", "uv": [ 5.0, 13.5, 11.0, 15.0 ], "rotation": 270 },
										"down": { "texture": "#iron1", "uv": [ 5.0, 0.5, 11.0, 2.0 ], "rotation": 90 }
									}
								}
							]
						}
					]
				},
				{
					"name": "HubRight",
					"from": [ 29.0, 1.0, 4.9 ],
					"to": [ 44.0, 5.0, 8.9 ],
					"rotationOrigin": [ 29.0, 3.0, 6.9 ],
					"rotationY": 180.0,
					"faces": {
						"north": { "texture": "#generic", "uv": [ 0.0, 0.0, 15.0, 4.0 ] },
						"south": { "texture": "#generic", "uv": [ 0.0, 0.0, 15.0, 4.0 ] },
						"west": { "texture": "#top", "uv": [ 6.0, 6.0, 10.0, 10.0 ] },
						"up": { "texture": "#generic", "uv": [ 0.0, 0.0, 15.0, 4.0 ], "rotation": 180 },
						"down": { "texture": "#generic", "uv": [ 0.0, 0.0, 15.0, 4.0 ], "rotation": 180 }
					},
					"children": [
						{
							"name": "HubFatPart2",
							"from": [ 1.0, -1.0, -1.0 ],
							"to": [ 7.5, 5.0, 5.0 ],
							"rotationOrigin": [ 1.0, 2.0, 2.0 ],
							"faces": {
								"north": { "texture": "#generic", "uv": [ 0.0, 0.0, 6.5, 6.0 ] },
								"east": { "texture": "#generic", "uv": [ 0.0, 0.0, 6.0, 6.0 ] },
								"south": { "texture": "#generic", "uv": [ 0.0, 0.0, 6.5, 6.0 ] },
								"west": { "texture": "#generic", "uv": [ 0.0, 0.0, 6.0, 6.0 ] },
								"up": { "texture": "#generic", "uv": [ 0.0, 0.0, 6.5, 6.0 ] },
								"down": { "texture": "#generic", "uv": [ 0.0, 0.0, 6.5, 6.0 ] }
							},
							"children": [
								{
									"name": "HubBand3",
									"from": [ 0.5, -0.2, -0.2 ],
									"to": [ 2.0, 6.2, 6.2 ],
									"rotationOrigin": [ 0.5, -0.2, -0.2 ],
									"faces": {
										"north": { "texture": "#iron1", "uv": [ 0.5, 0.5, 2.0, 6.5 ] },
										"east": { "texture": "#iron1", "uv": [ 0.0, 0.0, 6.0, 6.0 ] },
										"south": { "texture": "#iron1", "uv": [ 14.0, 0.5, 15.5, 6.5 ] },
										"west": { "texture": "#iron1", "uv": [ 0.0, 0.0, 6.0, 6.0 ] },
										"up": { "texture": "#iron1", "uv": [ 14.0, 9.0, 15.5, 15.0 ] },
										"down": { "texture": "#iron1", "uv": [ 0.5, 9.0, 2.0, 15.0 ] }
									}
								},
								{
									"name": "HubBand4",
									"from": [ 4.5, -0.2, -0.2 ],
									"to": [ 6.0, 6.2, 6.2 ],
									"rotationOrigin": [ 4.5, -0.2, -0.2 ],
									"faces": {
										"north": { "texture": "#iron1", "uv": [ 0.5, 9.0, 2.0, 15.0 ] },
										"east": { "texture": "#iron1", "uv": [ 0.0, 0.0, 6.0, 6.0 ] },
										"south": { "texture": "#iron1", "uv": [ 14.0, 9.0, 15.5, 15.0 ] },
										"west": { "texture": "#iron1", "uv": [ 0.0, 0.0, 6.0, 6.0 ] },
										"up": { "texture": "#iron1", "uv": [ 5.0, 13.5, 11.0, 15.0 ], "rotation": 270 },
										"down": { "texture": "#iron1", "uv": [ 5.0, 0.5, 11.0, 2.0 ], "rotation": 90 }
									}
								}
							]
						}
					]
				},
				{
					"name": "StructureLeft1",
					"from": [ 0.0, 0.0, 0.0 ],
					"to": [ 3.0, 8.0, 16.0 ],
					"faces": {
						"north": { "texture": "#iron1", "uv": [ 13.0, 3.5, 16.0, 11.5 ] },
						"east": { "texture": "#plainoak", "uv": [ 0.0, 0.0, 16.0, 8.0 ] },
						"west": { "texture": "#plainoak", "uv": [ 0.0, 0.0, 16.0, 8.0 ] },
						"up": { "texture": "#iron1", "uv": [ 0.0, 0.0, 3.0, 16.0 ] },
						"down": { "texture": "#iron1", "uv": [ 13.0, 0.0, 16.0, 16.0 ] }
					},
					"children": [
						{
							"name": "StructureLeft2",
							"from": [ 0.0, 0.0, 16.0 ],
							"to": [ 3.0, 8.0, 32.0 ],
							"rotationOrigin": [ 0.0, 0.0, 16.0 ],
							"faces": {
								"east": { "texture": "#plainoak", "uv": [ 0.0, 0.0, 16.0, 8.0 ] },
								"south": { "texture": "#iron1", "uv": [ 0.0, 3.5, 3.0, 11.5 ], "windMode": [-1,-1,-1,-1], "windData": [0,0,1,1] },
								"west": { "texture": "#plainoak", "uv": [ 0.0, 0.0, 16.0, 8.0 ] },
								"up": { "texture": "#iron1", "uv": [ 0.0, 0.0, 3.0, 16.0 ] },
								"down": { "texture": "#iron1", "uv": [ 13.0, 0.0, 16.0, 16.0 ] }
							},
							"children": [
								{
									"name": "StructureLeft3",
									"from": [ 0.01, 0.0, 14.0 ],
									"to": [ 3.01, 7.0, 30.0 ],
									"rotationOrigin": [ 0.01, 0.0, 14.0 ],
									"rotationX": 3.0,
									"faces": {
										"north": { "texture": "#plainoak", "uv": [ 13.0, 3.5, 16.0, 10.5 ], "windMode": [-1,-1,-1,-1] },
										"east": { "texture": "#plainoak", "uv": [ 0.0, 1.0, 16.0, 8.0 ] },
										"south": { "texture": "#iron1", "uv": [ 0.0, 3.5, 3.0, 10.5 ] },
										"west": { "texture": "#plainoak", "uv": [ 0.0, 1.0, 16.0, 8.0 ] },
										"up": { "texture": "#iron1", "uv": [ 0.0, 0.0, 3.0, 16.0 ] },
										"down": { "texture": "#iron1", "uv": [ 13.0, 0.0, 16.0, 16.0 ] }
									},
									"children": [
										{
											"name": "StructureLeft4",
											"from": [ -0.01, 0.0, 16.0 ],
											"to": [ 2.99, 7.0, 24.0 ],
											"rotationOrigin": [ -0.01, 0.0, 16.0 ],
											"rotationX": -11.0,
											"faces": {
												"north": { "texture": "#plainoak", "uv": [ 13.0, 3.5, 16.0, 10.5 ] },
												"east": { "texture": "#plainoak", "uv": [ 0.0, 1.0, 8.0, 8.0 ] },
												"south": { "texture": "#iron1", "uv": [ 0.0, 3.5, 3.0, 10.5 ] },
												"west": { "texture": "#plainoak", "uv": [ 0.0, 1.0, 8.0, 8.0 ] },
												"up": { "texture": "#iron1", "uv": [ 0.0, 0.0, 3.0, 8.0 ] },
												"down": { "texture": "#iron1", "uv": [ 13.0, 0.0, 16.0, 8.0 ] }
											}
										}
									]
								}
							]
						}
					]
				},
				{
					"name": "StructureRight1",
					"from": [ 9.0, 0.0, 0.0 ],
					"to": [ 12.0, 8.0, 16.0 ],
					"rotationOrigin": [ 9.0, 0.0, 0.0 ],
					"faces": {
						"north": { "texture": "#iron1", "uv": [ 0.5, 3.5, 3.5, 11.5 ] },
						"east": { "texture": "#plainoak", "uv": [ 0.0, 0.0, 16.0, 8.0 ] },
						"west": { "texture": "#plainoak", "uv": [ 0.0, 0.0, 16.0, 8.0 ] },
						"up": { "texture": "#iron1", "uv": [ 13.0, 0.0, 16.0, 16.0 ] },
						"down": { "texture": "#iron1", "uv": [ 0.0, 0.0, 3.0, 16.0 ] }
					},
					"children": [
						{
							"name": "StructureRight2",
							"from": [ 0.0, 0.0, 16.0 ],
							"to": [ 3.0, 8.0, 32.0 ],
							"rotationOrigin": [ 0.0, 0.0, 16.0 ],
							"faces": {
								"east": { "texture": "#plainoak", "uv": [ 0.0, 0.0, 16.0, 8.0 ] },
								"south": { "texture": "#iron1", "uv": [ 13.0, 4.0, 16.0, 12.0 ] },
								"west": { "texture": "#plainoak", "uv": [ 0.0, 0.0, 16.0, 8.0 ] },
								"up": { "texture": "#iron1", "uv": [ 13.0, 0.0, 16.0, 16.0 ] },
								"down": { "texture": "#iron1", "uv": [ 0.0, 0.0, 3.0, 16.0 ] }
							},
							"children": [
								{
									"name": "StructureRight3",
									"from": [ 0.01, 0.0, 14.0 ],
									"to": [ 3.01, 7.0, 30.0 ],
									"rotationOrigin": [ 0.01, 0.0, 14.0 ],
									"rotationX": 3.0,
									"faces": {
										"north": { "texture": "#plainoak", "uv": [ 13.0, 3.5, 16.0, 10.5 ] },
										"east": { "texture": "#plainoak", "uv": [ 0.0, 1.0, 16.0, 8.0 ] },
										"south": { "texture": "#iron1", "uv": [ 13.0, 3.5, 16.0, 10.5 ] },
										"west": { "texture": "#plainoak", "uv": [ 0.0, 1.0, 16.0, 8.0 ] },
										"up": { "texture": "#iron1", "uv": [ 13.0, 0.0, 16.0, 16.0 ] },
										"down": { "texture": "#iron1", "uv": [ 0.0, 0.0, 3.0, 16.0 ] }
									},
									"children": [
										{
											"name": "StructureRight4",
											"from": [ -0.01, 0.0, 16.0 ],
											"to": [ 2.99, 7.0, 24.0 ],
											"rotationOrigin": [ -0.01, 0.0, 16.0 ],
											"rotationX": -11.0,
											"faces": {
												"north": { "texture": "#plainoak", "uv": [ 13.0, 3.5, 16.0, 10.5 ] },
												"east": { "texture": "#plainoak", "uv": [ 0.0, 1.0, 8.0, 8.0 ] },
												"south": { "texture": "#iron1", "uv": [ 13.0, 3.5, 16.0, 10.5 ] },
												"west": { "texture": "#plainoak", "uv": [ 0.0, 1.0, 8.0, 8.0 ] },
												"up": { "texture": "#iron1", "uv": [ 13.0, 8.0, 16.0, 16.0 ] },
												"down": { "texture": "#iron1", "uv": [ 0.0, 8.0, 3.0, 16.0 ] }
											}
										}
									]
								}
							]
						}
					]
				},
				{
					"name": "StructureCenter1",
					"from": [ 3.0, 1.0, 28.0 ],
					"to": [ 9.0, 7.0, 30.0 ],
					"rotationOrigin": [ 3.0, 1.0, 28.0 ],
					"faces": {
						"north": { "texture": "#plainoak", "uv": [ 4.5, 3.5, 10.5, 9.5 ] },
						"south": { "texture": "#plainoak", "uv": [ 4.0, 3.5, 10.0, 9.5 ] },
						"up": { "texture": "#plainoak", "uv": [ 6.0, 5.0, 12.0, 7.0 ] },
						"down": { "texture": "#plainoak", "uv": [ 5.5, 6.0, 11.5, 8.0 ] }
					}
				},
				{
					"name": "StructureCenter2",
					"from": [ 3.0, 2.0, 45.0 ],
					"to": [ 9.0, 4.0, 53.0 ],
					"rotationOrigin": [ 3.0, 2.0, 45.0 ],
					"rotationX": -8.0,
					"faces": {
						"north": { "texture": "#plainoak", "uv": [ 4.5, 3.5, 10.5, 5.5 ] },
						"south": { "texture": "#plainoak", "uv": [ 4.0, 3.5, 10.0, 5.5 ] },
						"up": { "texture": "#plainoak", "uv": [ 6.0, 5.0, 12.0, 13.0 ] },
						"down": { "texture": "#plainoak", "uv": [ 5.5, 6.0, 11.5, 14.0 ] }
					}
				},
				{
					"name": "GunSupportLeft",
					"from": [ 1.0, 8.0, 2.5 ],
					"to": [ 2.0, 9.5, 5.5 ],
					"rotationOrigin": [ 1.0, 8.0, 2.5 ],
					"faces": {
						"north": { "texture": "#iron1", "uv": [ 0.0, 0.0, 1.0, 1.5 ] },
						"east": { "texture": "#iron1", "uv": [ 0.0, 0.0, 3.0, 1.5 ] },
						"south": { "texture": "#iron1", "uv": [ 0.0, 0.0, 1.0, 1.5 ] },
						"west": { "texture": "#iron1", "uv": [ 0.0, 0.0, 3.0, 1.5 ] },
						"up": { "texture": "#iron1", "uv": [ 0.0, 0.0, 1.0, 3.0 ] }
					}
				},
				{
					"name": "GunSupportRight",
					"from": [ 10.0, 8.0, 2.5 ],
					"to": [ 11.0, 9.5, 5.5 ],
					"rotationOrigin": [ 10.0, 8.0, 2.5 ],
					"faces": {
						"north": { "texture": "#iron1", "uv": [ 0.0, 0.0, 1.0, 1.5 ] },
						"east": { "texture": "#iron1", "uv": [ 0.0, 0.0, 3.0, 1.5 ] },
						"south": { "texture": "#iron1", "uv": [ 0.0, 0.0, 1.0, 1.5 ] },
						"west": { "texture": "#iron1", "uv": [ 0.0, 0.0, 3.0, 1.5 ] },
						"up": { "texture": "#iron1", "uv": [ 0.0, 0.0, 1.0, 3.0 ] }
					}
				}
			]
		},
		{
			"name": "Gun",
			"from": [ 8.0, 19.6, 5.8 ],
			"to": [ 8.0, 19.6, 5.8 ],
			"rotationOrigin": [ 8.0, 19.5, 6.0 ],
			"faces": {
			}
		},
		{
			"name": "RimMoverRight",
			"from": [ 27.0, 14.0242, 7.903 ],
			"to": [ 27.0, 14.0242, 7.903 ],
			"rotationOrigin": [ 27.0, 14.0242, 7.903 ],
			"faces": {
			}
		},
		{
			"name": "RimMoverLeft",
			"from": [ -11.0, 14.0242, 7.903 ],
			"to": [ -11.0, 14.0242, 7.903 ],
			"rotationOrigin": [ -11.0, 14.0242, 7.903 ],
			"faces": {
			}
		}
	]}