{
	"ingredient": { "type": "item", "code": "game:clay-*", "name": "type", "allowedVariants": ["blue", "fire"] },
	"pattern": [[
		"##############",
		"##############",
		"##############",
		"##############",
		"##############",
		"##############",
		"##############",
		"##############",
		"##############",
		"##############",
		"##############",
		"##############",
		"##############",
		"##############"
	],
	[
		"##############",
		"##############",
		"######__######",
		"####______####",
		"####______####",
		"####______####",
		"####______####",
		"####______####",
		"####______####",
		"####______####",
		"####______####",
		"####______####",
		"##############",
		"##############"
	]],
	"name": "Spatula Mold",
	"output": { "type": "block", "code": "ceramos:toolmold-raw-spatula"  }
}