{
  "code": "casingmold",
  "classByType": {
    "*-raw"    : "Block",
    "*-burned" : "BlockToolMold"
  },
  "entityClassByType": { "*-burned": "ToolMold" },
  "variantgroups": [{ "code": "materialtype", "states": ["raw", "burned"] }],
  "maxStackSize": 8,
  "creativeinventory": { "general": ["*"], "construction": ["*"], "rustyshell": ["*"] },
  "behaviorsByType": {
    "*-raw" : [{ "name": "UnstableFalling" }, { "name": "RightClickPickup" }, { "name": "Unplaceable" }, { "name": "GroundStorable", "properties": { "layout": "SingleCenter" }}],
    "*"     : [{ "name": "UnstableFalling" }]
  },
  "attributesByType": {
    "*-burned": {
      "moldrackable"          : false,
      "scrollrackable"        : true,
      "onscrollrackTransform" : {
        "translation": { "x": -0.95, "y": -0.025, "z": 0.5 },
        "rotation":    { "x":   -45, "y":      0, "z": -90 },
        "origin":      { "x":   0.5, "y":      0, "z": 0.5 },
        "scale": 0.9
      },
      "requiredUnits" : 100,
      "fillHeight"    : 10,
      "fillQuadsByLevel": [{ "x1": 6, "z1": 6, "x2": 10, "z2": 10 }],
      "drop": {
        "type": "item",
        "code": "rustyshell:casing-{metal}-fine",
        "quantity": 1
      }
    }
  },
  "combustiblePropsByType": {
    "*-raw": {
      "meltingPoint": 650,
      "meltingDuration": 45,
      "smeltedRatio": 1,
      "smeltingType": "fire",
      "smeltedStack": {"type": "block", "code": "rustyshell:casingmold-burned"},
      "requiresContainer": false
    }
  },
  "blockmaterial": "Ceramic",
  "replaceable": 700,
  "resistance": 1.5,
  "lightAbsorption": 0,
  "texturesByType": {
    "*-raw"    : { "ceramic": { "base": "game:block/clay/blueclay" }},
    "*-burned" : { "ceramic": { "base": "game:block/clay/ceramic" }}
  },
  "shape": { "base": "rustyshell:mold/casingmold" },
  "sounds": { "walk": "walk/stone" },
  "collisionbox": {"x1": 0.3, "y1": 0, "z1": 0.3, "x2": 0.7, "y2": 0.7, "z2": 0.7},
  "selectionBox": {"x1": 0.3, "y1": 0, "z1": 0.3, "x2": 0.7, "y2": 0.7, "z2": 0.7},
  "sideopaque": { "all": false },
  "sidesolid": { "all": false },
  "heldTpIdleAnimation" : "holdbothhandslarge",
  "heldTpUseAnimation"  : "twohandplaceblock",
  "tpHandTransform": {
    "translation": { "x": -0.65, "y": -0.1, "z": -0.3 },
    "rotation":    { "x":   114, "y":    2, "z": -130 },
    "origin":      { "x":   0.5, "y":    0, "z":  0.5 },
    "scale": 0.65
  },
  "guiTransform": {
    "translation": { "x":   0, "y":  -6, "z": 0 },
    "rotation":    { "x": -22, "y": -45, "z": 0 },
    "scale": 1.5
  },
  "groundTransform": {
    "translation": { "x":  0, "y": 0.15, "z": 0 },
    "rotation":    { "x": 94, "y": 0,    "z": 0 },
    "scale": 3.6
  }
}
