{
  "code": "howitzer",
  "class": "BlockHeavyGun",
  "entityClass": "HeavyGun",
  "variantgroups": [
    { "code": "class",    "states": ["120mm"]},
    { "code": "material", "states": ["iron", "steel"]},
    { "code": "barrel",   "states": ["rifled"]}
  ],
  "attributes": {
    "barrelLength":  3,
    "accuracyByType": {
      "*-iron-*"  : 0.9,
      "*-steel-*" : 1.0
    },
    "firePower": 1.9,
    "cooldownByType": {
      "*-iron-*"  : 5.0,
      "*-steel-*" : 4.0
    },
    "handbook": { "groupBy": [ "howitzer-120mm-*" ]}
  },
  "creativeinventory": { "general": ["*"], "mechanics": ["*"], "rustyshell": ["*"] },
  "maxstacksize": 1,
  "behaviors": [
    { "name": "Wheeled",  "properties": { "turnSpeedByType": { "*-iron-*": 0.15, "*-steel-*": 0.1 }, "wheelShapePath": "rustyshell:shapes/wheel/spoked-girdles" }},
    { "name": "Loadable", "properties": { "ammunitionCodes": [
      "rustyshell:shell-120mm-*-copper",
      "rustyshell:shell-120mm-*-brass",
      "rustyshell:shell-120mm-*-iron"
    ]}},
    { "name": "Geared", "properties": {
      "recoilEffect"    : { "avg": 2, "var": 0.5 },
      "minElevation"    : 20,
      "maxElevation"    : 60,
      "barrelShapePath" : "rustyshell:shapes/barrel/howitzer-120mm"
    }},
    { "name": "Limberable", "properties": { "entityCode": "rustyshell:limberedgun-howitzer-120mm-{material}-rifled" }},
    { "name": "Unstable" }
  ],
  "entityBehaviors": [
    { "name": "GearedGun" },
    { "name": "WheeledObject" }
  ],
  "blockmaterial": "wood",
  "shape"          : { "base": "gun/wheeledgun-120mm-base" },
  "shapeinventory" : { "base": "gun/howitzer-120mm-complete" },
  "textures": {
    "material"      : { "base": "game:block/metal/plate/{material}" },
    "materialalt"   : { "base": "game:block/metal/ingot/{material}" },
    "materialsheet" : { "base": "game:block/metal/sheet/{material}1" },
    "barrel"        : { "base": "barrel/{material}-{barrel}" }
  },
  "resistance": 6,
  "sounds": {
    "place" : "game:block/plate",
    "walk"  : "game:walk/wood1",
    "hit"   : "game:block/plate"
  },
  "drops": [{
    "type": "item", 
    "code": "rustyshell:barrel-howitzer-{class}-{material}-{barrel}", 
    "quantity": { "avg": 1, "var": 0 } 
  }, {
    "type": "block", 
    "code": "game:wagonwheels-spoked-west", 
    "quantity": { "avg": 1, "var": 1 } 
  }, {
    "type": "item", 
    "code": "game:metalplate-{material}", 
    "quantity": { "avg": 3, "var": 1 } 
  }],
  "sidesolid"  : { "all": "false" },
  "sideopaque" : { "all": "false" },
  "tpHandTransform": {
    "translation": { "x": -0.2, "y": -1.2, "z": -0.5 },
    "rotation":    { "x":  50,  "y": -11,  "z": -64 },
    "scale": 0.64
  },
  "guiTransform": {
    "translation": { "x": 0, "y":  5, "z": 0 },
    "rotation":    { "x": 0, "y": 33, "z": 0 },
    "scale": 0.45
  },
  "groundTransform": {
    "translation": { "x":   0, "y": 0, "z":   0 },
    "rotation":    { "x":   0, "y": 0, "z":   0 },
    "origin":      { "x": 0.5, "y": 0, "z": 0.5 },
    "scale": 2.56
  },
  "selectionbox": { 
    "x1": -0.4, "y1": 0.0, "z1": -0.4,
    "x2":  1.4, "y2": 1.3, "z2":  1.4
  }
}