[
  {
    "ingredientPattern": "_A,BC,DE",
    "ingredients": {
      "A": { "type": "item",  "code": "game:hammer-*",                                  "isTool": true, "toolDurabilityCost": 80 },
      "B": { "type": "item",  "code": "rustyshell:barrel-supportgun-4pdr-*-smoothbore", "name": "material", "allowedVariants": ["tinbronze", "iron"]},
      "C": { "type": "item",  "code": "game:metalnailsandstrips-*",                     "name": "material", "allowedVariants": ["tinbronze", "iron"]},
      "D": { "type": "block", "code": "game:wagonwheels-spoked-west", "quantity": 2 },
      "E": { "type": "item",  "code": "game:plank-*",                 "quantity": 3 }
    },
    "width":  2,
    "height": 3,
    "output": { "type": "block", "code": "rustyshell:supportgun-4pdr-{material}-smoothbore" }
  }, {
    "ingredientPattern": "_A,BC,DE",
    "ingredients": {
      "A": { "type": "item",  "code": "game:hammer-*",                                 "isTool": true, "toolDurabilityCost": 80 },
      "B": { "type": "item",  "code": "rustyshell:barrel-fieldgun-12pdr-*-smoothbore", "name": "material", "allowedVariants": ["tinbronze", "iron"]},
      "C": { "type": "item",  "code": "game:metalnailsandstrips-*",                    "name": "material", "allowedVariants": ["tinbronze", "iron"]},
      "D": { "type": "block", "code": "game:wagonwheels-spoked-west", "quantity": 2 },
      "E": { "type": "item",  "code": "game:plank-*",                 "quantity": 4 }
    },
    "width":  2,
    "height": 3,
    "output": { "type": "block", "code": "rustyshell:fieldgun-12pdr-{material}-smoothbore" }
  }, {
    "ingredientPattern": "_A,BC,DE",
    "ingredients": {
      "A": { "type": "item",  "code": "game:hammer-*",                             "isTool": true, "toolDurabilityCost": 80 },
      "B": { "type": "item",  "code": "rustyshell:barrel-fieldgun-12pdr-*-rifled", "name": "material", "allowedVariants": ["tinbronze", "iron"]},
      "C": { "type": "item",  "code": "game:metalnailsandstrips-*",                "name": "material", "allowedVariants": ["tinbronze", "iron"]},
      "D": { "type": "block", "code": "game:wagonwheels-spoked-west", "quantity": 2 },
      "E": { "type": "item",  "code": "game:plank-*",                 "quantity": 4 }
    },
    "width":  2,
    "height": 3,
    "output": { "type": "block", "code": "rustyshell:fieldgun-12pdr-{material}-rifled" }
  }, {
    "ingredientPattern": "_A,BC,DE",
    "ingredients": {
      "A": { "type": "item",  "code": "game:hammer-*",                                 "isTool": true, "toolDurabilityCost": 80 },
      "B": { "type": "item",  "code": "rustyshell:barrel-howitzer-12pdr-*-smoothbore", "name": "material", "allowedVariants": ["tinbronze", "iron"]},
      "C": { "type": "item",  "code": "game:metalnailsandstrips-*",                    "name": "material", "allowedVariants": ["tinbronze", "iron"]},
      "D": { "type": "block", "code": "game:wagonwheels-spoked-west", "quantity": 2 },
      "E": { "type": "item",  "code": "game:plank-*",                 "quantity": 4 }
    },
    "width":  2,
    "height": 3,
    "output": { "type": "block", "code": "rustyshell:howitzer-12pdr-{material}-smoothbore" }
  }, {
    "ingredientPattern": "_A,BC,DE",
    "ingredients": {
      "A": { "type": "item",  "code": "game:hammer-*",                             "isTool": true, "toolDurabilityCost": 80 },
      "B": { "type": "item",  "code": "rustyshell:barrel-howitzer-12pdr-*-rifled", "name": "material", "allowedVariants": ["tinbronze", "iron"]},
      "C": { "type": "item",  "code": "game:metalnailsandstrips-*",                "name": "material", "allowedVariants": ["tinbronze", "iron"]},
      "D": { "type": "block", "code": "game:wagonwheels-spoked-west", "quantity": 2 },
      "E": { "type": "item",  "code": "game:plank-*",                 "quantity": 4 }
    },
    "width":  2,
    "height": 3,
    "output": { "type": "block", "code": "rustyshell:howitzer-12pdr-{material}-rifled" }
  }, {
    "ingredientPattern": "__A,BCD,EFG",
    "ingredients": {
      "A": { "type": "item",  "code": "game:hammer-*",      "isTool": true, "toolDurabilityCost": 80 },
      "B": { "type": "item",  "code": "game:solderingiron", "isTool": true, "toolDurabilityCost": 40 },
      "C": { "type": "item",  "code": "rustyshell:barrel-fieldgun-120mm-*-rifled", "name": "material", "allowedVariants": ["iron", "steel"]},
      "D": { "type": "item",  "code": "game:metalnailsandstrips-*",                "name": "material", "allowedVariants": ["iron", "steel"]},
      "E": { "type": "item",  "code": "game:solderbar-*",             "quantity": 6 },
      "F": { "type": "block", "code": "game:wagonwheels-spoked-west", "quantity": 2 },
      "G": { "type": "item",  "code": "game:metalplate-*",            "quantity": 4, "name": "material", "allowedVariants": ["iron", "steel"]}
    },
    "width":  3,
    "height": 3,
    "output": { "type": "block", "code": "rustyshell:fieldgun-120mm-{material}-rifled" }
  }, {
    "ingredientPattern": "__A,BCD,EFG",
    "ingredients": {
      "A": { "type": "item",  "code": "game:hammer-*",      "isTool": true, "toolDurabilityCost": 80 },
      "B": { "type": "item",  "code": "game:solderingiron", "isTool": true, "toolDurabilityCost": 40 },
      "C": { "type": "item",  "code": "rustyshell:barrel-howitzer-120mm-*-rifled", "name": "material", "allowedVariants": ["iron", "steel"]},
      "D": { "type": "item",  "code": "game:metalnailsandstrips-*",                "name": "material", "allowedVariants": ["iron", "steel"]},
      "E": { "type": "item",  "code": "game:solderbar-*",             "quantity": 6 },
      "F": { "type": "block", "code": "game:wagonwheels-spoked-west", "quantity": 2 },
      "G": { "type": "item",  "code": "game:metalplate-*",            "quantity": 4, "name": "material", "allowedVariants": ["iron", "steel"]}
    },
    "width":  3,
    "height": 3,
    "output": { "type": "block", "code": "rustyshell:howitzer-120mm-{material}-rifled" }
  }, {
    "ingredientPattern": "_A,BC,DE",
    "ingredients": {
      "A": { "type": "item",  "code": "game:hammer-*",                  "isTool": true, "toolDurabilityCost": 80 },
      "B": { "type": "item",  "code": "rustyshell:barrel-machinegun-*", "name": "material", "allowedVariants": ["iron", "steel"]},
      "C": { "type": "item",  "code": "game:metalnailsandstrips-*",     "name": "material", "allowedVariants": ["iron", "steel"]},
      "D": { "type": "block", "code": "game:wagonwheels-spoked-west",   "quantity": 2 },
      "E": { "type": "item",  "code": "game:plank-*",                   "quantity": 4 }
    },
    "width":  2,
    "height": 3,
    "output": { "type": "block", "code": "rustyshell:machinegun-{material}" }
  }
]