[
	{
		"ingredientPattern": "HR,S_,S_",
		"ingredients": {
			"H": { "type": "item", "code": "game:drygrass", "quantity": 32 },
			"S": { "type": "item", "code": "game:stick",    "quantity": 1 },
			"R": { "type": "item", "code": "game:rope",     "quantity": 1 }
		},
		"width":  2,
		"height": 3,
		"output": { "type": "item", "code": "rustyshell:ramrod" }
	},
    {
		"ingredientPattern": "RH,_S,_S",
		"ingredients": {
			"H": { "type": "item", "code": "game:drygrass", "quantity": 32 },
			"S": { "type": "item", "code": "game:stick",    "quantity": 1 },
			"R": { "type": "item", "code": "game:rope",     "quantity": 1 }
		},
		"width":  2,
		"height": 3,
		"output": { "type": "item", "code": "rustyshell:ramrod" }
	}
]