{
	"editor": {
		"allAngles": true,
		"entityTextureMode": true
	},
	"textureWidth": 64,
	"textureHeight": 64,
	"textureSizes": {
		"seraph": [64,64]
	},
	"textures": {
		"head": "entity/bandit/deserter_footman3"
	},
	"elements": [
		{
			"name": "Head",
			"from": [ 5.0, 0.0, 5.5 ], 
			"to": [ 11.0, 5.0, 10.5 ], 
			"unwrapMode": 4,
			"uv": [ 0.0, 0.0 ],
			"rotationOrigin": [ 8.0, 2.0, 8.0 ],
			"faces": {
				"north": { "texture": "#head", "uv": [ 0.0, 6.0, 6.0, 11.0 ] },
				"east": { "texture": "#head", "uv": [ 17.0, 6.0, 22.0, 11.0 ] },
				"south": { "texture": "#head", "uv": [ 11.0, 6.0, 17.0, 11.0 ] },
				"west": { "texture": "#head", "uv": [ 6.0, 6.0, 11.0, 11.0 ] },
				"up": { "texture": "#head", "uv": [ 6.0, 0.0, 11.0, 6.0 ], "rotation": 90 },
				"down": { "texture": "#head", "uv": [ 6.0, 11.0, 11.0, 17.0 ], "rotation": 90, "windMode": [-1,-1,-1,-1], "windData": [2,2,2,2] }
			},
			"children": [
				{
					"name": "Hair",
					"from": [ -0.2, -3.1, -0.2 ], 
					"to": [ 6.2, 5.3, 5.2 ], 
					"renderPass": 1,
					"uv": [ 8.0, 13.0 ],
					"rotationOrigin": [ 1.9, 2.0, 1.9 ],
					"faces": {
						"north": { "texture": "#head", "uv": [ 8.0, 19.0, 14.0, 27.0 ] },
						"east": { "texture": "#head", "uv": [ 25.0, 19.0, 30.0, 27.0 ] },
						"south": { "texture": "#head", "uv": [ 19.0, 19.0, 25.0, 27.0 ] },
						"west": { "texture": "#head", "uv": [ 14.0, 19.0, 19.0, 27.0 ] },
						"up": { "texture": "#head", "uv": [ 14.0, 13.0, 18.375, 19.375 ], "rotation": 90, "autoUv": false },
						"down": { "texture": "#head", "uv": [ 14.0, 27.0, 25.5, 12.0 ], "rotation": 90, "enabled": false, "autoUv": false }
					}
				}
			],
			"attachmentpoints": [
				{
					"code": "Eyes",
					"posX": "1.3","posY": "3.5","posZ": "2.5",
					"rotationX": "0.0","rotationY": "-90.0","rotationZ": "0.0"
				}
			]
		}
	],
	"animations": [
		{
			"name": "idle",
			"code": "idle",
			"quantityframes": 90,
			"onActivityStopped": "EaseOut",
			"onAnimationEnd": "Repeat",
			"keyframes": [

			]
		},

		{
			"name": "idle2",
			"code": "idle2",
			"quantityframes": 90,
			"onActivityStopped": "PlayTillEnd",
			"onAnimationEnd": "Stop",
			"keyframes": [

			]
		},

		{
			"name": "look",
			"code": "look",
			"quantityframes": 135,
			"onActivityStopped": "PlayTillEnd",
			"onAnimationEnd": "Stop",
			"keyframes": [

			]
		},

		{
			"name": "walk",
			"code": "walk",
			"quantityframes": 40,
			"onActivityStopped": "EaseOut",
			"onAnimationEnd": "Repeat",
			"keyframes": [

			]
		},

		{
			"name": "WalkSpearShouldered",
			"code": "walkspearshouldered",
			"quantityframes": 40,
			"onActivityStopped": "EaseOut",
			"onAnimationEnd": "Repeat",
			"keyframes": [

			]
		},

		{
			"name": "die",
			"code": "die",
			"quantityframes": 29,
			"onActivityStopped": "PlayTillEnd",
			"onAnimationEnd": "Hold",
			"keyframes": [

			]
		},

		{
			"name": "Sprint",
			"code": "sprint",
			"quantityframes": 24,
			"onActivityStopped": "EaseOut",
			"onAnimationEnd": "Repeat",
			"keyframes": [

			]
		},

		{
			"name": "swim",
			"code": "swim",
			"quantityframes": 30,
			"onActivityStopped": "EaseOut",
			"onAnimationEnd": "Repeat",
			"keyframes": [

			]
		},

		{
			"name": "attack",
			"code": "attack",
			"quantityframes": 20,
			"onActivityStopped": "PlayTillEnd",
			"onAnimationEnd": "Stop",
			"keyframes": [

			]
		}
	]
}