{
	"editor": {
		"backDropShape": "entity/humanoid/seraph-hairless",
		"allAngles": true,
		"entityTextureMode": true
	},
	"textureWidth": 48,
	"textureHeight": 48,
	"textureSizes": {
		"hair": [48,48]
	},
	"textures": {
		"hair": "entity/humanoid/seraphskinparts/hair/lightgray"
	},
	"elements": [
		{
			"name": "Hair",
			"stepParentName": "Head",
			"from": [ -0.2, -3.1, -0.3 ], 
			"to": [ 6.3, 5.4, 5.2 ], 
			"autoUnwrap": false,
			"uv": [ 2.0, 2.5 ],
			"rotationOrigin": [ 3.0, 2.0, 2.5 ],
			"faces": {
				"north": { "texture": "#hair", "uv": [ 1.5, 0.0, 8.0, 8.5 ] },
				"east": { "texture": "#hair", "uv": [ 36.5, 13.5, 42.0, 22.0 ] },
				"south": { "texture": "#hair", "uv": [ 10.5, 0.0, 17.0, 8.5 ] },
				"west": { "texture": "#hair", "uv": [ 6.5, 0.0, 12.0, 8.5 ] },
				"up": { "texture": "#hair", "uv": [ 24.0, 0.0, 29.5, 6.5 ], "rotation": 90 },
				"down": { "texture": "#hair", "uv": [ 14.0, 27.0, 25.5, 12.0 ], "rotation": 90, "enabled": false, "autoUv": false }
			},
			"children": [
				{
					"name": "Dread13",
					"from": [ 0.0, 5.5, 4.5 ], 
					"to": [ 1.0, 7.5, 5.5 ], 
					"uv": [ 35.0, 31.5 ],
					"rotationOrigin": [ 0.5, 7.5, 5.0 ],
					"rotationX": -15.0,
					"rotationZ": -11.0,
					"faces": {
						"north": { "texture": "#hair", "uv": [ 35.0, 32.5, 36.0, 34.5 ] },
						"east": { "texture": "#hair", "uv": [ 36.0, 32.5, 37.0, 34.5 ] },
						"south": { "texture": "#hair", "uv": [ 37.0, 32.5, 38.0, 34.5 ] },
						"west": { "texture": "#hair", "uv": [ 38.0, 32.5, 39.0, 34.5 ] },
						"up": { "texture": "#hair", "uv": [ 35.0, 31.5, 36.0, 32.5 ], "enabled": false },
						"down": { "texture": "#hair", "uv": [ 35.0, 31.5, 36.0, 32.5 ] }
					},
					"children": [
						{
							"name": "Cube1",
							"from": [ 0.2, -1.7, 0.2 ], 
							"to": [ 0.8, 0.3, 0.8 ], 
							"uv": [ 33.5, 35.0 ],
							"rotationOrigin": [ 0.5, 0.3, 0.5 ],
							"rotationX": 19.0,
							"rotationZ": 6.0,
							"faces": {
								"north": { "texture": "#hair", "uv": [ 33.5, 35.5, 34.0, 37.5 ] },
								"east": { "texture": "#hair", "uv": [ 34.0, 35.5, 34.5, 37.5 ] },
								"south": { "texture": "#hair", "uv": [ 34.5, 35.5, 35.0, 37.5 ] },
								"west": { "texture": "#hair", "uv": [ 35.0, 35.5, 35.5, 37.5 ] },
								"up": { "texture": "#hair", "uv": [ 0.0, 0.0, 0.5, 0.5 ], "enabled": false },
								"down": { "texture": "#hair", "uv": [ 33.5, 35.0, 34.0, 35.5 ] }
							}
						}
					]
				},
				{
					"name": "hideme",
					"from": [ 0.0, 0.0, 0.0 ], 
					"to": [ 1.0, 1.0, 1.0 ], 
					"uv": [ 0.0, 0.0 ],
					"faces": {
						"north": { "texture": "#hair", "uv": [ 0.0, 1.0, 1.0, 2.0 ], "enabled": false },
						"east": { "texture": "#hair", "uv": [ 1.0, 1.0, 2.0, 2.0 ], "enabled": false },
						"south": { "texture": "#hair", "uv": [ 2.0, 1.0, 3.0, 2.0 ], "enabled": false },
						"west": { "texture": "#hair", "uv": [ 3.0, 1.0, 4.0, 2.0 ], "enabled": false },
						"up": { "texture": "#hair", "uv": [ 0.0, 0.0, 1.0, 1.0 ], "enabled": false },
						"down": { "texture": "#hair", "uv": [ 1.0, 0.0, 2.0, 1.0 ], "enabled": false }
					},
					"children": [
						{
							"name": "Dread12",
							"from": [ 1.6, 4.5, 4.7 ], 
							"to": [ 2.6, 7.5, 5.7 ], 
							"uv": [ 35.0, 31.5 ],
							"rotationOrigin": [ 2.1, 7.5, 5.2 ],
							"rotationX": -15.0,
							"rotationZ": -3.0,
							"faces": {
								"north": { "texture": "#hair", "uv": [ 35.0, 32.5, 36.0, 35.5 ] },
								"east": { "texture": "#hair", "uv": [ 36.0, 32.5, 37.0, 35.5 ] },
								"south": { "texture": "#hair", "uv": [ 37.0, 32.5, 38.0, 35.5 ] },
								"west": { "texture": "#hair", "uv": [ 38.0, 32.5, 39.0, 35.5 ] },
								"up": { "texture": "#hair", "uv": [ 35.0, 31.5, 36.0, 32.5 ], "enabled": false },
								"down": { "texture": "#hair", "uv": [ 35.0, 31.5, 36.0, 32.5 ] }
							},
							"children": [
								{
									"name": "Cube24",
									"from": [ 0.2, -0.9, 0.2 ], 
									"to": [ 0.8, 0.1, 0.9 ], 
									"uv": [ 36.0, 35.0 ],
									"rotationOrigin": [ 0.5, 0.1, 0.5 ],
									"rotationZ": -14.0,
									"faces": {
										"north": { "texture": "#hair", "uv": [ 36.0, 35.5, 36.5, 36.5 ] },
										"east": { "texture": "#hair", "uv": [ 36.5, 35.5, 37.0, 36.5 ] },
										"south": { "texture": "#hair", "uv": [ 37.0, 35.5, 37.5, 36.5 ] },
										"west": { "texture": "#hair", "uv": [ 37.5, 35.5, 38.0, 36.5 ] },
										"up": { "texture": "#hair", "uv": [ 0.0, 0.0, 0.5, 0.5 ], "enabled": false },
										"down": { "texture": "#hair", "uv": [ 36.0, 35.0, 36.5, 35.5 ] }
									}
								}
							]
						},
						{
							"name": "Dread11",
							"from": [ 3.6, 2.5, 4.7 ], 
							"to": [ 4.6, 5.5, 5.7 ], 
							"uv": [ 35.0, 31.5 ],
							"rotationOrigin": [ 4.1, 5.5, 5.2 ],
							"rotationX": -30.0,
							"rotationZ": -17.0,
							"faces": {
								"north": { "texture": "#hair", "uv": [ 35.0, 32.5, 36.0, 35.5 ] },
								"east": { "texture": "#hair", "uv": [ 36.0, 32.5, 37.0, 35.5 ] },
								"south": { "texture": "#hair", "uv": [ 37.0, 32.5, 38.0, 35.5 ] },
								"west": { "texture": "#hair", "uv": [ 38.0, 32.5, 39.0, 35.5 ] },
								"up": { "texture": "#hair", "uv": [ 35.0, 31.5, 36.0, 32.5 ], "enabled": false },
								"down": { "texture": "#hair", "uv": [ 35.0, 31.5, 36.0, 32.5 ] }
							},
							"children": [
								{
									"name": "Cube23",
									"from": [ 0.2, -2.0, 0.2 ], 
									"to": [ 0.8, 0.0, 0.8 ], 
									"uv": [ 34.0, 34.0 ],
									"rotationOrigin": [ 0.5, 0.0, 0.5 ],
									"rotationX": -10.0,
									"rotationZ": -42.0,
									"faces": {
										"north": { "texture": "#hair", "uv": [ 34.0, 34.5, 34.5, 36.5 ] },
										"east": { "texture": "#hair", "uv": [ 34.5, 34.5, 35.0, 36.5 ] },
										"south": { "texture": "#hair", "uv": [ 35.0, 34.5, 35.5, 36.5 ] },
										"west": { "texture": "#hair", "uv": [ 35.5, 34.5, 36.0, 36.5 ] },
										"up": { "texture": "#hair", "uv": [ 0.0, 0.0, 0.5, 0.5 ], "enabled": false },
										"down": { "texture": "#hair", "uv": [ 34.0, 34.0, 34.5, 34.5 ] }
									}
								}
							]
						},
						{
							"name": "Dread10",
							"from": [ 5.6, 4.5, 4.7 ], 
							"to": [ 6.6, 7.5, 5.7 ], 
							"uv": [ 28.5, 34.0 ],
							"rotationOrigin": [ 6.1, 7.5, 5.2 ],
							"rotationX": -30.0,
							"rotationZ": 10.0,
							"faces": {
								"north": { "texture": "#hair", "uv": [ 28.5, 35.0, 29.5, 38.0 ] },
								"east": { "texture": "#hair", "uv": [ 29.5, 35.0, 30.5, 38.0 ] },
								"south": { "texture": "#hair", "uv": [ 30.5, 35.0, 31.5, 38.0 ] },
								"west": { "texture": "#hair", "uv": [ 31.5, 35.0, 32.5, 38.0 ] },
								"up": { "texture": "#hair", "uv": [ 35.0, 31.5, 36.0, 32.5 ], "enabled": false },
								"down": { "texture": "#hair", "uv": [ 28.5, 34.0, 29.5, 35.0 ] }
							},
							"children": [
								{
									"name": "Cube22",
									"from": [ 0.2, -1.8, 0.2 ], 
									"to": [ 0.8, 0.2, 0.8 ], 
									"uv": [ 33.5, 34.0 ],
									"rotationOrigin": [ 0.5, 0.2, 0.5 ],
									"rotationX": 22.0,
									"rotationZ": -28.0,
									"faces": {
										"north": { "texture": "#hair", "uv": [ 33.5, 34.5, 34.0, 36.5 ] },
										"east": { "texture": "#hair", "uv": [ 34.0, 34.5, 34.5, 36.5 ] },
										"south": { "texture": "#hair", "uv": [ 34.5, 34.5, 35.0, 36.5 ] },
										"west": { "texture": "#hair", "uv": [ 35.0, 34.5, 35.5, 36.5 ] },
										"up": { "texture": "#hair", "uv": [ 0.0, 0.0, 0.5, 0.5 ], "enabled": false },
										"down": { "texture": "#hair", "uv": [ 33.5, 34.0, 34.0, 34.5 ] }
									}
								}
							]
						},
						{
							"name": "Dread9",
							"from": [ 5.9, 2.5, 4.2 ], 
							"to": [ 6.9, 5.5, 5.2 ], 
							"uv": [ 31.0, 31.5 ],
							"rotationOrigin": [ 6.4, 5.5, 4.7 ],
							"rotationX": -11.0,
							"rotationZ": 8.0,
							"faces": {
								"north": { "texture": "#hair", "uv": [ 31.0, 32.5, 32.0, 35.5 ] },
								"east": { "texture": "#hair", "uv": [ 32.0, 32.5, 33.0, 35.5 ] },
								"south": { "texture": "#hair", "uv": [ 33.0, 32.5, 34.0, 35.5 ] },
								"west": { "texture": "#hair", "uv": [ 34.0, 32.5, 35.0, 35.5 ] },
								"up": { "texture": "#hair", "uv": [ 35.0, 31.5, 36.0, 32.5 ], "enabled": false },
								"down": { "texture": "#hair", "uv": [ 31.0, 31.5, 32.0, 32.5 ] }
							},
							"children": [
								{
									"name": "Cube21",
									"from": [ 0.2, -1.7, 0.2 ], 
									"to": [ 0.8, 0.3, 0.8 ], 
									"uv": [ 35.5, 32.0 ],
									"rotationOrigin": [ 0.5, 0.3, 0.5 ],
									"rotationX": 33.0,
									"rotationZ": -6.0,
									"faces": {
										"north": { "texture": "#hair", "uv": [ 35.5, 32.5, 36.0, 34.5 ] },
										"east": { "texture": "#hair", "uv": [ 36.0, 32.5, 36.5, 34.5 ] },
										"south": { "texture": "#hair", "uv": [ 36.5, 32.5, 37.0, 34.5 ] },
										"west": { "texture": "#hair", "uv": [ 37.0, 32.5, 37.5, 34.5 ] },
										"up": { "texture": "#hair", "uv": [ 0.0, 0.0, 0.5, 0.5 ], "enabled": false },
										"down": { "texture": "#hair", "uv": [ 35.5, 32.0, 36.0, 32.5 ] }
									}
								}
							]
						},
						{
							"name": "Dread8",
							"from": [ 5.9, 1.3, 2.2 ], 
							"to": [ 6.9, 4.3, 3.2 ], 
							"uv": [ 36.0, 33.0 ],
							"rotationOrigin": [ 6.4, 4.3, 2.7 ],
							"rotationX": 4.0,
							"rotationZ": 14.0,
							"faces": {
								"north": { "texture": "#hair", "uv": [ 36.0, 34.0, 37.0, 37.0 ] },
								"east": { "texture": "#hair", "uv": [ 37.0, 34.0, 38.0, 37.0 ] },
								"south": { "texture": "#hair", "uv": [ 38.0, 34.0, 39.0, 37.0 ] },
								"west": { "texture": "#hair", "uv": [ 39.0, 34.0, 40.0, 37.0 ] },
								"up": { "texture": "#hair", "uv": [ 35.0, 31.5, 36.0, 32.5 ], "enabled": false },
								"down": { "texture": "#hair", "uv": [ 36.0, 33.0, 37.0, 34.0 ] }
							},
							"children": [
								{
									"name": "Cube19",
									"from": [ 0.2, -2.7, 0.2 ], 
									"to": [ 0.8, 0.3, 0.8 ], 
									"uv": [ 34.5, 36.0 ],
									"rotationOrigin": [ 0.5, 0.3, 0.5 ],
									"rotationZ": -22.0,
									"faces": {
										"north": { "texture": "#hair", "uv": [ 34.5, 36.5, 35.0, 39.5 ] },
										"east": { "texture": "#hair", "uv": [ 35.0, 36.5, 35.5, 39.5 ] },
										"south": { "texture": "#hair", "uv": [ 35.5, 36.5, 36.0, 39.5 ] },
										"west": { "texture": "#hair", "uv": [ 36.0, 36.5, 36.5, 39.5 ] },
										"up": { "texture": "#hair", "uv": [ 0.0, 0.0, 0.5, 0.5 ], "enabled": false },
										"down": { "texture": "#hair", "uv": [ 34.5, 36.0, 35.0, 36.5 ] }
									}
								}
							]
						},
						{
							"name": "Dread7",
							"from": [ 5.9, 5.0, 2.8 ], 
							"to": [ 6.9, 8.0, 3.8 ], 
							"uv": [ 29.0, 34.0 ],
							"rotationOrigin": [ 6.4, 8.0, 3.3 ],
							"rotationZ": 14.0,
							"faces": {
								"north": { "texture": "#hair", "uv": [ 29.0, 35.0, 30.0, 38.0 ] },
								"east": { "texture": "#hair", "uv": [ 30.0, 35.0, 31.0, 38.0 ] },
								"south": { "texture": "#hair", "uv": [ 31.0, 35.0, 32.0, 38.0 ] },
								"west": { "texture": "#hair", "uv": [ 32.0, 35.0, 33.0, 38.0 ] },
								"up": { "texture": "#hair", "uv": [ 35.0, 31.5, 36.0, 32.5 ], "enabled": false },
								"down": { "texture": "#hair", "uv": [ 29.0, 34.0, 30.0, 35.0 ] }
							},
							"children": [
								{
									"name": "Cube20",
									"from": [ 0.2, -1.7, 0.2 ], 
									"to": [ 0.8, 0.3, 0.8 ], 
									"uv": [ 36.5, 32.5 ],
									"rotationOrigin": [ 0.5, 0.3, 0.5 ],
									"rotationX": -15.0,
									"rotationY": 5.0,
									"rotationZ": -5.0,
									"faces": {
										"north": { "texture": "#hair", "uv": [ 36.5, 33.0, 37.0, 35.0 ] },
										"east": { "texture": "#hair", "uv": [ 37.0, 33.0, 37.5, 35.0 ] },
										"south": { "texture": "#hair", "uv": [ 37.5, 33.0, 38.0, 35.0 ] },
										"west": { "texture": "#hair", "uv": [ 38.0, 33.0, 38.5, 35.0 ] },
										"up": { "texture": "#hair", "uv": [ 0.0, 0.0, 0.5, 0.5 ], "enabled": false },
										"down": { "texture": "#hair", "uv": [ 36.5, 32.5, 37.0, 33.0 ] }
									}
								}
							]
						},
						{
							"name": "Dread6",
							"from": [ 5.9, 3.0, 0.8 ], 
							"to": [ 6.9, 6.0, 1.8 ], 
							"uv": [ 34.5, 34.5 ],
							"rotationOrigin": [ 6.4, 6.0, 1.3 ],
							"rotationX": 14.0,
							"rotationZ": 14.0,
							"faces": {
								"north": { "texture": "#hair", "uv": [ 34.5, 35.5, 35.5, 38.5 ] },
								"east": { "texture": "#hair", "uv": [ 35.5, 35.5, 36.5, 38.5 ] },
								"south": { "texture": "#hair", "uv": [ 36.5, 35.5, 37.5, 38.5 ] },
								"west": { "texture": "#hair", "uv": [ 37.5, 35.5, 38.5, 38.5 ] },
								"up": { "texture": "#hair", "uv": [ 35.0, 31.5, 36.0, 32.5 ], "enabled": false },
								"down": { "texture": "#hair", "uv": [ 34.5, 34.5, 35.5, 35.5 ] }
							},
							"children": [
								{
									"name": "Cube18",
									"from": [ 0.2, -0.8, 0.2 ], 
									"to": [ 0.8, 0.2, 0.8 ], 
									"uv": [ 35.5, 37.0 ],
									"rotationOrigin": [ 0.5, 0.2, 0.5 ],
									"rotationZ": -22.0,
									"faces": {
										"north": { "texture": "#hair", "uv": [ 35.5, 37.5, 36.0, 38.5 ] },
										"east": { "texture": "#hair", "uv": [ 36.0, 37.5, 36.5, 38.5 ] },
										"south": { "texture": "#hair", "uv": [ 36.5, 37.5, 37.0, 38.5 ] },
										"west": { "texture": "#hair", "uv": [ 37.0, 37.5, 37.5, 38.5 ] },
										"up": { "texture": "#hair", "uv": [ 0.0, 0.0, 0.5, 0.5 ], "enabled": false },
										"down": { "texture": "#hair", "uv": [ 35.5, 37.0, 36.0, 37.5 ] }
									}
								}
							]
						},
						{
							"name": "Dread5",
							"from": [ 4.3, 4.7, -0.2 ], 
							"to": [ 5.3, 7.7, 0.8 ], 
							"uv": [ 28.5, 31.0 ],
							"rotationOrigin": [ 4.8, 7.7, 0.3 ],
							"rotationX": 22.0,
							"rotationZ": 28.0,
							"faces": {
								"north": { "texture": "#hair", "uv": [ 28.5, 32.0, 29.5, 35.0 ] },
								"east": { "texture": "#hair", "uv": [ 29.5, 32.0, 30.5, 35.0 ] },
								"south": { "texture": "#hair", "uv": [ 30.5, 32.0, 31.5, 35.0 ] },
								"west": { "texture": "#hair", "uv": [ 31.5, 32.0, 32.5, 35.0 ] },
								"up": { "texture": "#hair", "uv": [ 35.0, 31.5, 36.0, 32.5 ], "enabled": false },
								"down": { "texture": "#hair", "uv": [ 28.5, 31.0, 29.5, 32.0 ] }
							},
							"children": [
								{
									"name": "Cube17",
									"from": [ 0.2, -1.7, 0.2 ], 
									"to": [ 0.8, 0.3, 0.8 ], 
									"uv": [ 36.5, 32.0 ],
									"rotationOrigin": [ 0.5, 0.3, 0.5 ],
									"rotationX": -25.0,
									"rotationZ": -33.0,
									"faces": {
										"north": { "texture": "#hair", "uv": [ 36.5, 32.5, 37.0, 34.5 ] },
										"east": { "texture": "#hair", "uv": [ 37.0, 32.5, 37.5, 34.5 ] },
										"south": { "texture": "#hair", "uv": [ 37.5, 32.5, 38.0, 34.5 ] },
										"west": { "texture": "#hair", "uv": [ 38.0, 32.5, 38.5, 34.5 ] },
										"up": { "texture": "#hair", "uv": [ 0.0, 0.0, 0.5, 0.5 ], "enabled": false },
										"down": { "texture": "#hair", "uv": [ 36.5, 32.0, 37.0, 32.5 ] }
									}
								}
							]
						},
						{
							"name": "Dread4",
							"from": [ 4.0, 3.0, -0.2 ], 
							"to": [ 5.0, 6.0, 0.8 ], 
							"uv": [ 28.0, 33.0 ],
							"rotationOrigin": [ 4.5, 6.0, 0.3 ],
							"rotationX": 22.0,
							"rotationZ": -33.0,
							"faces": {
								"north": { "texture": "#hair", "uv": [ 28.0, 34.0, 29.0, 37.0 ] },
								"east": { "texture": "#hair", "uv": [ 29.0, 34.0, 30.0, 37.0 ] },
								"south": { "texture": "#hair", "uv": [ 30.0, 34.0, 31.0, 37.0 ] },
								"west": { "texture": "#hair", "uv": [ 31.0, 34.0, 32.0, 37.0 ] },
								"up": { "texture": "#hair", "uv": [ 35.0, 31.5, 36.0, 32.5 ], "enabled": false },
								"down": { "texture": "#hair", "uv": [ 28.0, 33.0, 29.0, 34.0 ] }
							},
							"children": [
								{
									"name": "Cube16",
									"from": [ 0.2, -1.9, 0.2 ], 
									"to": [ 0.8, 0.1, 0.8 ], 
									"uv": [ 31.0, 35.0 ],
									"rotationOrigin": [ 0.5, 0.1, 0.5 ],
									"rotationX": 22.0,
									"rotationZ": 17.0,
									"faces": {
										"north": { "texture": "#hair", "uv": [ 31.0, 35.5, 31.5, 37.5 ] },
										"east": { "texture": "#hair", "uv": [ 31.5, 35.5, 32.0, 37.5 ] },
										"south": { "texture": "#hair", "uv": [ 32.0, 35.5, 32.5, 37.5 ] },
										"west": { "texture": "#hair", "uv": [ 32.5, 35.5, 33.0, 37.5 ] },
										"up": { "texture": "#hair", "uv": [ 0.0, 0.0, 1.0, 1.0 ], "enabled": false },
										"down": { "texture": "#hair", "uv": [ 31.0, 35.0, 31.5, 35.5 ] }
									}
								}
							]
						},
						{
							"name": "Dread1",
							"from": [ 1.0, 5.0, -0.2 ], 
							"to": [ 2.0, 8.0, 0.8 ], 
							"uv": [ 30.5, 31.0 ],
							"rotationOrigin": [ 1.5, 8.0, 0.3 ],
							"rotationX": 22.0,
							"rotationZ": 14.0,
							"faces": {
								"north": { "texture": "#hair", "uv": [ 30.5, 32.0, 31.5, 35.0 ] },
								"east": { "texture": "#hair", "uv": [ 31.5, 32.0, 32.5, 35.0 ] },
								"south": { "texture": "#hair", "uv": [ 32.5, 32.0, 33.5, 35.0 ] },
								"west": { "texture": "#hair", "uv": [ 33.5, 32.0, 34.5, 35.0 ] },
								"up": { "texture": "#hair", "uv": [ 35.0, 31.5, 36.0, 32.5 ], "enabled": false },
								"down": { "texture": "#hair", "uv": [ 30.5, 31.0, 31.5, 32.0 ] }
							},
							"children": [
								{
									"name": "Cube15",
									"from": [ 0.2, -1.7, 0.2 ], 
									"to": [ 0.8, 0.3, 0.8 ], 
									"uv": [ 31.0, 33.0 ],
									"rotationOrigin": [ 0.5, 0.3, 0.5 ],
									"rotationX": -22.0,
									"rotationZ": -33.0,
									"faces": {
										"north": { "texture": "#hair", "uv": [ 31.0, 33.5, 31.5, 35.5 ] },
										"east": { "texture": "#hair", "uv": [ 31.5, 33.5, 32.0, 35.5 ] },
										"south": { "texture": "#hair", "uv": [ 32.0, 33.5, 32.5, 35.5 ] },
										"west": { "texture": "#hair", "uv": [ 32.5, 33.5, 33.0, 35.5 ] },
										"up": { "texture": "#hair", "uv": [ 0.0, 0.0, 0.5, 0.5 ], "enabled": false },
										"down": { "texture": "#hair", "uv": [ 31.0, 33.0, 31.5, 33.5 ] }
									}
								}
							]
						}
					]
				},
				{
					"name": "Dread25",
					"from": [ -0.2, 6.5, 0.5 ], 
					"to": [ 0.8, 7.5, 1.5 ], 
					"uv": [ 35.0, 31.5 ],
					"rotationOrigin": [ 0.3, 7.5, 1.0 ],
					"rotationX": 30.0,
					"rotationZ": -30.0,
					"faces": {
						"north": { "texture": "#hair", "uv": [ 35.0, 32.5, 36.0, 33.5 ] },
						"east": { "texture": "#hair", "uv": [ 36.0, 32.5, 37.0, 33.5 ] },
						"south": { "texture": "#hair", "uv": [ 37.0, 32.5, 38.0, 33.5 ] },
						"west": { "texture": "#hair", "uv": [ 38.0, 32.5, 39.0, 33.5 ] },
						"up": { "texture": "#hair", "uv": [ 35.0, 31.5, 36.0, 32.5 ], "enabled": false },
						"down": { "texture": "#hair", "uv": [ 35.0, 31.5, 36.0, 32.5 ] }
					},
					"children": [
						{
							"name": "Cube26",
							"from": [ 0.3, -1.7, 0.4 ], 
							"to": [ 0.9, 0.3, 1.0 ], 
							"uv": [ 33.5, 35.0 ],
							"rotationOrigin": [ 0.6, -0.7, 0.7 ],
							"rotationX": -19.0,
							"rotationZ": 8.0,
							"faces": {
								"north": { "texture": "#hair", "uv": [ 33.5, 35.5, 34.0, 37.5 ] },
								"east": { "texture": "#hair", "uv": [ 34.0, 35.5, 34.5, 37.5 ] },
								"south": { "texture": "#hair", "uv": [ 34.5, 35.5, 35.0, 37.5 ] },
								"west": { "texture": "#hair", "uv": [ 35.0, 35.5, 35.5, 37.5 ] },
								"up": { "texture": "#hair", "uv": [ 0.0, 0.0, 0.5, 0.5 ], "enabled": false },
								"down": { "texture": "#hair", "uv": [ 33.5, 35.0, 34.0, 35.5 ] }
							}
						}
					]
				}
			]
		},
		{
			"name": "Hair tile upper part",
			"stepParentName": "Head",
			"from": [ -0.4, -2.0, -0.5 ], 
			"to": [ 6.6, 5.5, 5.5 ], 
			"autoUnwrap": false,
			"uv": [ 3.0, 9.0 ],
			"rotationOrigin": [ 3.1, 5.5, 2.5 ],
			"faces": {
				"north": { "texture": "#hair", "uv": [ 0.0, 10.5, 7.0, 18.0 ] },
				"east": { "texture": "#hair", "uv": [ 33.5, 36.0, 39.5, 43.5 ] },
				"south": { "texture": "#hair", "uv": [ 12.0, 10.5, 19.0, 18.0 ] },
				"west": { "texture": "#hair", "uv": [ 6.5, 10.5, 12.5, 18.0 ] },
				"up": { "texture": "#hair", "uv": [ 26.5, 10.5, 32.5, 17.5 ], "rotation": 90 },
				"down": { "texture": "#hair", "uv": [ 39.0, 34.5, 45.0, 41.5 ], "rotation": 90, "enabled": false }
			}
		}
	]}