{
	"editor": {
		"backDropShape": "entity/humanoid/seraph-hairless",
		"allAngles": true,
		"entityTextureMode": true
	},
	"textureWidth": 48,
	"textureHeight": 48,
	"textureSizes": {
		"hair": [48,48],
		"birch": [16,16]
	},
	"textures": {
		"hair": "entity/humanoid/seraphskinparts/hair/lightgray"
	},
	"elements": [
		{
			"name": "HairBaseRight",
			"stepParentName": "Head",
			"from": [ -0.2, -0.3, -0.1 ], 
			"to": [ 6.1, 5.2, 1.9 ], 
			"autoUnwrap": false,
			"uv": [ 1.5, 10.5 ],
			"rotationOrigin": [ 2.8, 2.7, 2.5 ],
			"rotationX": 1.0,
			"faces": {
				"north": { "texture": "#hair", "uv": [ 0.0, 10.5, 6.0, 16.0 ] },
				"east": { "texture": "#hair", "uv": [ 10.0, 0.0, 12.0, 5.5 ] },
				"south": { "texture": "#hair", "uv": [ 0.5, 11.0, 6.5, 16.5 ], "enabled": false },
				"west": { "texture": "#hair", "uv": [ 5.5, 0.0, 7.5, 5.5 ] },
				"up": { "texture": "#hair", "uv": [ 19.5, 11.0, 25.5, 13.0 ] },
				"down": { "texture": "#hair", "uv": [ 14.0, 26.0, 20.0, 28.0 ], "enabled": false }
			}
		},
		{
			"name": "HairBaseLeft",
			"stepParentName": "Head",
			"from": [ -0.2, -0.3, 3.1 ], 
			"to": [ 6.1, 5.2, 5.1 ], 
			"autoUnwrap": false,
			"uv": [ 1.5, 10.5 ],
			"rotationOrigin": [ 2.8, 2.7, 2.7 ],
			"rotationX": -1.0,
			"faces": {
				"north": { "texture": "#hair", "uv": [ 1.0, 0.0, 7.0, 5.5 ], "enabled": false },
				"east": { "texture": "#hair", "uv": [ 4.5, 0.0, 6.5, 5.5 ] },
				"south": { "texture": "#hair", "uv": [ 0.0, 10.5, 6.0, 16.0 ] },
				"west": { "texture": "#hair", "uv": [ 10.0, 0.0, 12.0, 5.5 ] },
				"up": { "texture": "#hair", "uv": [ 19.5, 11.0, 25.5, 13.0 ], "rotation": 180 },
				"down": { "texture": "#hair", "uv": [ 14.0, 26.0, 20.0, 28.0 ], "enabled": false }
			}
		}
	]}