{
	"editor": {
		"backDropShape": "entity/humanoid/seraph-hairless",
		"allAngles": true,
		"entityTextureMode": true
	},
	"textureWidth": 48,
	"textureHeight": 48,
	"textureSizes": {
		"hair": [48,48],
		"birch": [16,16]
	},
	"textures": {
		"hair": "entity/humanoid/seraphskinparts/hair/lightgray"
	},
	"elements": [
		{
			"name": "HairBase",
			"stepParentName": "Head",
			"from": [ -0.2, -0.3, -0.1 ], 
			"to": [ 6.1, 5.1, 5.1 ], 
			"autoUnwrap": false,
			"uv": [ 1.5, 10.5 ],
			"rotationOrigin": [ 2.8, 2.7, 2.5 ],
			"faces": {
				"north": { "texture": "#hair", "uv": [ 6.5, 36.0, 12.5, 41.0 ], "enabled": false },
				"east": { "texture": "#hair", "uv": [ 8.0, 25.5, 13.0, 30.5 ], "rotation": 90 },
				"south": { "texture": "#hair", "uv": [ 17.0, 36.0, 23.0, 41.0 ], "enabled": false },
				"west": { "texture": "#hair", "uv": [ 12.0, 36.5, 17.0, 41.5 ], "enabled": false },
				"up": { "texture": "#hair", "uv": [ 2.0, 25.5, 8.0, 30.5 ] },
				"down": { "texture": "#hair", "uv": [ 14.0, 26.0, 20.0, 31.0 ], "enabled": false }
			},
			"children": [
				{
					"name": "Front",
					"from": [ 0.2, 3.3, 2.0 ], 
					"to": [ 0.2, 5.3, 3.0 ], 
					"uv": [ 17.0, 12.5 ],
					"rotationOrigin": [ 0.2, 5.3, 2.5 ],
					"rotationZ": -14.0,
					"faces": {
						"north": { "texture": "#hair", "uv": [ 0.0, 1.0, 0.5, 3.0 ], "enabled": false },
						"east": { "texture": "#hair", "uv": [ 0.5, 1.0, 1.5, 3.0 ], "enabled": false },
						"south": { "texture": "#hair", "uv": [ 1.5, 1.0, 2.0, 3.0 ], "enabled": false },
						"west": { "texture": "#hair", "uv": [ 17.0, 12.5, 18.0, 14.5 ] },
						"up": { "texture": "#hair", "uv": [ 0.0, 0.0, 0.5, 1.0 ], "enabled": false },
						"down": { "texture": "#hair", "uv": [ 0.5, 0.0, 1.0, 1.0 ], "enabled": false }
					}
				},
				{
					"name": "hideme",
					"from": [ 0.0, 0.0, 0.0 ], 
					"to": [ 1.0, 1.0, 1.0 ], 
					"uv": [ 0.0, 0.0 ],
					"faces": {
						"north": { "texture": "#hair", "uv": [ 0.0, 1.0, 1.0, 2.0 ], "enabled": false },
						"east": { "texture": "#hair", "uv": [ 1.0, 1.0, 2.0, 2.0 ], "enabled": false },
						"south": { "texture": "#hair", "uv": [ 2.0, 1.0, 3.0, 2.0 ], "enabled": false },
						"west": { "texture": "#hair", "uv": [ 3.0, 1.0, 4.0, 2.0 ], "enabled": false },
						"up": { "texture": "#hair", "uv": [ 0.0, 0.0, 1.0, 1.0 ], "enabled": false },
						"down": { "texture": "#hair", "uv": [ 1.0, 0.0, 2.0, 1.0 ], "enabled": false }
					},
					"children": [
						{
							"name": "BackR",
							"from": [ 5.7, 0.0, 2.6 ], 
							"to": [ 7.7, 6.0, 2.6 ], 
							"autoUnwrap": false,
							"uv": [ 13.0, 15.5 ],
							"rotationOrigin": [ 5.7, 3.0, 2.6 ],
							"rotationY": 11.0,
							"faces": {
								"north": { "texture": "#hair", "uv": [ 0.5, 13.0, 6.5, 15.0 ], "rotation": 90 },
								"east": { "texture": "#hair", "uv": [ 2.0, 0.5, 2.5, 6.5 ], "enabled": false },
								"south": { "texture": "#hair", "uv": [ 2.5, 0.5, 4.5, 6.5 ], "enabled": false },
								"west": { "texture": "#hair", "uv": [ 4.5, 0.5, 5.0, 6.5 ], "enabled": false },
								"up": { "texture": "#hair", "uv": [ 0.0, 0.0, 2.0, 0.5 ], "enabled": false },
								"down": { "texture": "#hair", "uv": [ 2.0, 0.0, 4.0, 0.5 ], "enabled": false }
							}
						},
						{
							"name": "BackL",
							"from": [ 5.7, 0.0, 2.6 ], 
							"to": [ 7.7, 6.0, 2.6 ], 
							"autoUnwrap": false,
							"uv": [ 13.0, 15.5 ],
							"rotationOrigin": [ 5.7, 3.0, 2.6 ],
							"rotationY": -22.0,
							"faces": {
								"north": { "texture": "#hair", "uv": [ 0.5, 13.0, 6.5, 15.0 ], "rotation": 90 },
								"east": { "texture": "#hair", "uv": [ 2.0, 0.5, 2.5, 6.5 ], "enabled": false },
								"south": { "texture": "#hair", "uv": [ 2.5, 0.5, 4.5, 6.5 ], "enabled": false },
								"west": { "texture": "#hair", "uv": [ 4.5, 0.5, 5.0, 6.5 ], "enabled": false },
								"up": { "texture": "#hair", "uv": [ 0.0, 0.0, 2.0, 0.5 ], "enabled": false },
								"down": { "texture": "#hair", "uv": [ 2.0, 0.0, 4.0, 0.5 ], "enabled": false }
							}
						},
						{
							"name": "SpikyBack",
							"from": [ 5.7, 0.0, 2.6 ], 
							"to": [ 7.7, 6.0, 2.6 ], 
							"autoUnwrap": false,
							"uv": [ 13.0, 15.5 ],
							"rotationOrigin": [ 5.7, 0.0, 2.6 ],
							"faces": {
								"north": { "texture": "#hair", "uv": [ 16.0, 4.0, 22.0, 6.0 ], "rotation": 90 },
								"east": { "texture": "#hair", "uv": [ 2.0, 0.5, 2.5, 6.5 ], "enabled": false },
								"south": { "texture": "#hair", "uv": [ 2.5, 0.5, 4.5, 6.5 ], "enabled": false },
								"west": { "texture": "#hair", "uv": [ 4.5, 0.5, 5.0, 6.5 ], "enabled": false },
								"up": { "texture": "#hair", "uv": [ 0.0, 0.0, 2.0, 0.5 ], "enabled": false },
								"down": { "texture": "#hair", "uv": [ 2.0, 0.0, 4.0, 0.5 ], "enabled": false }
							}
						},
						{
							"name": "SpikyTop",
							"from": [ 0.0, 5.0, 2.5 ], 
							"to": [ 6.4, 7.0, 2.5 ], 
							"autoUnwrap": false,
							"uv": [ 20.0, 11.5 ],
							"rotationOrigin": [ 0.0, 5.0, 2.5 ],
							"faces": {
								"north": { "texture": "#hair", "uv": [ 20.0, 11.0, 26.0, 13.0 ], "rotation": 180 },
								"east": { "texture": "#hair", "uv": [ 6.0, 0.5, 6.5, 2.5 ], "enabled": false },
								"south": { "texture": "#hair", "uv": [ 6.5, 0.5, 12.5, 2.5 ], "enabled": false },
								"west": { "texture": "#hair", "uv": [ 12.5, 0.5, 13.0, 2.5 ], "enabled": false },
								"up": { "texture": "#hair", "uv": [ 0.0, 0.0, 6.0, 0.5 ], "enabled": false },
								"down": { "texture": "#hair", "uv": [ 6.0, 0.0, 12.0, 0.5 ], "enabled": false }
							}
						},
						{
							"name": "TopL",
							"from": [ 0.0, 4.3, 2.6 ], 
							"to": [ 6.4, 6.3, 2.6 ], 
							"autoUnwrap": false,
							"uv": [ 20.0, 11.5 ],
							"rotationOrigin": [ 3.0, 4.3, 2.6 ],
							"rotationX": 22.0,
							"faces": {
								"north": { "texture": "#hair", "uv": [ 13.0, 12.5, 19.0, 14.5 ], "rotation": 180 },
								"east": { "texture": "#hair", "uv": [ 6.0, 0.5, 6.5, 2.5 ], "enabled": false },
								"south": { "texture": "#hair", "uv": [ 6.5, 0.5, 12.5, 2.5 ], "enabled": false },
								"west": { "texture": "#hair", "uv": [ 12.5, 0.5, 13.0, 2.5 ], "enabled": false },
								"up": { "texture": "#hair", "uv": [ 0.0, 0.0, 6.0, 0.5 ], "enabled": false },
								"down": { "texture": "#hair", "uv": [ 6.0, 0.0, 12.0, 0.5 ], "enabled": false }
							}
						},
						{
							"name": "TopR",
							"from": [ 0.0, 4.3, 2.6 ], 
							"to": [ 6.4, 6.3, 2.6 ], 
							"autoUnwrap": false,
							"uv": [ 20.0, 11.5 ],
							"rotationOrigin": [ 3.0, 4.3, 2.6 ],
							"rotationX": -22.0,
							"faces": {
								"north": { "texture": "#hair", "uv": [ 7.0, 11.0, 13.0, 13.0 ], "rotation": 180 },
								"east": { "texture": "#hair", "uv": [ 6.0, 0.5, 6.5, 2.5 ], "enabled": false },
								"south": { "texture": "#hair", "uv": [ 6.5, 0.5, 12.5, 2.5 ], "enabled": false },
								"west": { "texture": "#hair", "uv": [ 12.5, 0.5, 13.0, 2.5 ], "enabled": false },
								"up": { "texture": "#hair", "uv": [ 0.0, 0.0, 6.0, 0.5 ], "enabled": false },
								"down": { "texture": "#hair", "uv": [ 6.0, 0.0, 12.0, 0.5 ], "enabled": false }
							}
						}
					]
				}
			]
		}
	]}