{
	"editor": {
		"backDropShape": "entity/humanoid/seraph",
		"allAngles": true,
		"entityTextureMode": true
	},
	"textureWidth": 48,
	"textureHeight": 48,
	"textureSizes": {
		"hair": [48,48],
		"birch": [16,16]
	},
	"textures": {
	},
	"elements": [
		{
			"name": "origin",
			"stepParentName": "Head",
			"from": [ -0.4, -2.0, -0.5 ],
			"to": [ 0.6, -1.0, 0.5 ],
			"uv": [ 0.0, 0.0 ],
			"rotationOrigin": [ -0.4, -2.0, -0.5 ],
			"faces": {
			},
			"children": [
				{
					"name": "bangs",
					"from": [ -0.1, 5.5, 0.0 ],
					"to": [ -0.1, 7.5, 6.0 ],
					"uv": [ 7.0, 11.0 ],
					"rotationOrigin": [ -0.1, 7.5, 2.7 ],
					"rotationZ": -19.0,
					"faces": {
						"west": { "texture": "#hair", "uv": [ 7.0, 11.0, 13.0, 13.0 ] }
					}
				},
				{
					"name": "Hair tile upper part",
					"from": [ -0.1, 0.0, 0.0 ],
					"to": [ 6.9, 7.5, 6.0 ],
					"autoUnwrap": false,
					"uv": [ 32.5, 22.0 ],
					"rotationOrigin": [ 3.4, 7.5, 3.0 ],
					"faces": {
						"north": { "texture": "#hair", "uv": [ 12.5, 1.0, 19.5, 8.5 ] },
						"east": { "texture": "#hair", "uv": [ 15.5, 0.5, 21.5, 8.0 ] },
						"south": { "texture": "#hair", "uv": [ 16.0, 1.0, 23.0, 8.5 ] },
						"west": { "texture": "#hair", "uv": [ 5.5, 0.0, 11.5, 7.5 ] },
						"up": { "texture": "#hair", "uv": [ 26.5, 10.5, 32.5, 17.5 ], "rotation": 90 }
					}
				},
				{
					"name": "hideme",
					"from": [ 0.0, 0.0, 0.0 ],
					"to": [ 1.0, 1.0, 1.0 ],
					"uv": [ 0.0, 0.0 ],
					"faces": {
					},
					"children": [
						{
							"name": "HairLeftUp",
							"from": [ 0.0, 3.5, 5.8 ],
							"to": [ 7.0, 7.5, 5.8 ],
							"uv": [ 14.0, 11.5 ],
							"rotationOrigin": [ 3.0, 7.5, 5.8 ],
							"rotationX": -22.0,
							"faces": {
								"south": { "texture": "#hair", "uv": [ 14.0, 11.5, 21.0, 15.5 ] }
							}
						},
						{
							"name": "HairRightUp",
							"from": [ 0.2, 3.5, 0.0 ],
							"to": [ 6.7, 7.5, 0.0 ],
							"uv": [ 15.0, 11.5 ],
							"rotationOrigin": [ 3.2, 7.5, 0.0 ],
							"rotationX": 22.0,
							"faces": {
								"north": { "texture": "#hair", "uv": [ 15.0, 11.5, 21.5, 15.5 ] }
							}
						},
						{
							"name": "HairBackUp",
							"from": [ 6.9, 4.5, 0.2 ],
							"to": [ 6.9, 7.5, 5.7 ],
							"uv": [ 34.5, 39.0 ],
							"rotationOrigin": [ 6.9, 7.5, 2.9 ],
							"rotationZ": 22.0,
							"faces": {
								"east": { "texture": "#hair", "uv": [ 34.5, 39.0, 40.0, 42.0 ] }
							}
						},
						{
							"name": "HairBack",
							"from": [ 6.9, 2.7, 0.0 ],
							"to": [ 6.9, 5.7, 6.0 ],
							"uv": [ 20.5, 11.0 ],
							"rotationOrigin": [ 6.9, 5.7, 2.7 ],
							"rotationZ": 19.0,
							"faces": {
								"east": { "texture": "#hair", "uv": [ 20.5, 11.0, 26.5, 14.0 ] }
							}
						},
						{
							"name": "HairLeft",
							"from": [ 0.5, 2.0, 6.0 ],
							"to": [ 7.0, 6.0, 6.0 ],
							"uv": [ 16.0, 3.0 ],
							"rotationOrigin": [ 3.5, 6.0, 6.0 ],
							"rotationX": -22.0,
							"faces": {
								"south": { "texture": "#hair", "uv": [ 16.0, 3.0, 22.5, 7.0 ] }
							}
						},
						{
							"name": "HairRight",
							"from": [ 0.5, 2.0, 0.0 ],
							"to": [ 7.0, 6.0, 0.0 ],
							"uv": [ 14.5, 3.0 ],
							"rotationOrigin": [ 3.5, 6.0, 0.0 ],
							"rotationX": 22.0,
							"faces": {
								"north": { "texture": "#hair", "uv": [ 14.5, 3.0, 21.0, 7.0 ] }
							}
						},
						{
							"name": "HairBase",
							"from": [ 0.2, -1.1, 0.2 ],
							"to": [ 6.7, 7.4, 5.7 ],
							"autoUnwrap": false,
							"uv": [ 1.5, 10.5 ],
							"rotationOrigin": [ 3.4, 4.0, 3.0 ],
							"faces": {
								"north": { "texture": "#hair", "uv": [ 1.0, 0.0, 7.5, 8.5 ] },
								"east": { "texture": "#hair", "uv": [ 16.0, 0.0, 21.5, 8.5 ] },
								"south": { "texture": "#hair", "uv": [ 11.0, 0.0, 17.5, 8.5 ] },
								"west": { "texture": "#hair", "uv": [ 6.5, 0.0, 12.0, 8.5 ] },
								"up": { "texture": "#hair", "uv": [ 24.0, 0.0, 29.5, 6.5 ], "rotation": 90 }
							}
						}
					]
				}
			]
		}
	]}