{
	"editor": {
		"backDropShape": "entity/humanoid/seraph-hairless",
		"allAngles": true,
		"entityTextureMode": true
	},
	"textureWidth": 48,
	"textureHeight": 48,
	"textureSizes": {
		"hair": [48,48]
	},
	"textures": {
		"hair": "entity/humanoid/seraphskinparts/hair/lightgray"
	},
	"elements": [
		{
			"name": "Hair",
			"stepParentName": "Head",
			"from": [ -0.2, -3.1, -0.3 ], 
			"to": [ 6.3, 5.4, 5.2 ], 
			"autoUnwrap": false,
			"uv": [ 2.0, 2.5 ],
			"rotationOrigin": [ 3.0, 2.0, 2.5 ],
			"rotationZ": -1.0,
			"faces": {
				"north": { "texture": "#hair", "uv": [ 41.0, 0.0, 47.5, 8.5 ] },
				"east": { "texture": "#hair", "uv": [ 37.0, 13.0, 42.5, 21.5 ] },
				"south": { "texture": "#hair", "uv": [ 31.5, 0.0, 38.0, 8.5 ] },
				"west": { "texture": "#hair", "uv": [ 32.0, 39.0, 37.5, 47.5 ] },
				"up": { "texture": "#hair", "uv": [ 24.0, 0.0, 29.5, 6.5 ], "rotation": 90 },
				"down": { "texture": "#hair", "uv": [ 14.0, 27.0, 25.5, 12.0 ], "rotation": 90, "enabled": false, "autoUv": false }
			},
			"children": [
				{
					"name": "hideme",
					"from": [ 0.0, 0.0, 0.0 ], 
					"to": [ 1.0, 1.0, 1.0 ], 
					"uv": [ 0.0, 0.0 ],
					"faces": {
						"north": { "texture": "#hair", "uv": [ 0.0, 1.0, 1.0, 2.0 ], "enabled": false },
						"east": { "texture": "#hair", "uv": [ 1.0, 1.0, 2.0, 2.0 ], "enabled": false },
						"south": { "texture": "#hair", "uv": [ 2.0, 1.0, 3.0, 2.0 ], "enabled": false },
						"west": { "texture": "#hair", "uv": [ 3.0, 1.0, 4.0, 2.0 ], "enabled": false },
						"up": { "texture": "#hair", "uv": [ 0.0, 0.0, 1.0, 1.0 ], "enabled": false },
						"down": { "texture": "#hair", "uv": [ 1.0, 0.0, 2.0, 1.0 ], "enabled": false }
					},
					"children": [
						{
							"name": "StrandBack",
							"from": [ 6.1, 2.8, 2.1 ], 
							"to": [ 7.1, 5.8, 3.6 ], 
							"uv": [ 21.0, 24.5 ],
							"rotationOrigin": [ 6.3, 5.8, 2.3 ],
							"rotationZ": 19.0,
							"faces": {
								"north": { "texture": "#hair", "uv": [ 21.0, 26.0, 22.0, 29.0 ] },
								"east": { "texture": "#hair", "uv": [ 22.0, 26.0, 23.5, 29.0 ] },
								"south": { "texture": "#hair", "uv": [ 23.5, 26.0, 24.5, 29.0 ] },
								"west": { "texture": "#hair", "uv": [ 1.5, 0.5, 3.0, 3.5 ], "enabled": false },
								"up": { "texture": "#hair", "uv": [ 21.0, 24.5, 22.0, 26.0 ] },
								"down": { "texture": "#hair", "uv": [ 24.0, 23.5, 25.0, 25.0 ], "enabled": false }
							}
						},
						{
							"name": "StrandBackR",
							"from": [ 6.5, 5.6, -0.1 ], 
							"to": [ 7.0, 6.6, 2.9 ], 
							"autoUnwrap": false,
							"uv": [ 16.0, 27.5 ],
							"rotationOrigin": [ 6.8, 5.9, -0.1 ],
							"rotationX": 15.0,
							"faces": {
								"north": { "texture": "#hair", "uv": [ 16.0, 33.5, 16.5, 34.5 ] },
								"east": { "texture": "#hair", "uv": [ 16.5, 33.5, 19.5, 34.5 ] },
								"south": { "texture": "#hair", "uv": [ 22.5, 33.5, 23.0, 34.5 ] },
								"west": { "texture": "#hair", "uv": [ 22.5, 33.0, 25.5, 34.0 ], "enabled": false },
								"up": { "texture": "#hair", "uv": [ 19.0, 31.5, 22.0, 32.0 ], "rotation": 90 },
								"down": { "texture": "#hair", "uv": [ 19.5, 34.0, 22.5, 34.5 ], "rotation": 90 }
							}
						},
						{
							"name": "StrandBackL",
							"from": [ 6.5, 5.6, 2.7 ], 
							"to": [ 7.0, 6.6, 5.7 ], 
							"autoUnwrap": false,
							"uv": [ 16.0, 27.5 ],
							"rotationOrigin": [ 6.8, 5.9, 5.7 ],
							"rotationX": -15.0,
							"faces": {
								"north": { "texture": "#hair", "uv": [ 16.0, 33.5, 16.5, 34.5 ] },
								"east": { "texture": "#hair", "uv": [ 16.5, 33.5, 19.5, 34.5 ] },
								"south": { "texture": "#hair", "uv": [ 22.5, 33.5, 23.0, 34.5 ] },
								"west": { "texture": "#hair", "uv": [ 22.5, 33.0, 25.5, 34.0 ], "enabled": false },
								"up": { "texture": "#hair", "uv": [ 19.0, 31.5, 22.0, 32.0 ], "rotation": 90 },
								"down": { "texture": "#hair", "uv": [ 19.5, 34.0, 22.5, 34.5 ], "rotation": 90 }
							}
						},
						{
							"name": "StrandLeft2",
							"from": [ 3.6, 5.7, 5.7 ], 
							"to": [ 7.1, 6.7, 6.2 ], 
							"uv": [ 20.5, 32.5 ],
							"rotationOrigin": [ 3.6, 5.95, 5.95 ],
							"rotationY": 5.0,
							"rotationZ": -2.0,
							"faces": {
								"north": { "texture": "#hair", "uv": [ 0.0, 0.5, 4.0, 1.0 ], "enabled": false },
								"east": { "texture": "#hair", "uv": [ 20.5, 33.0, 21.0, 34.0 ] },
								"south": { "texture": "#hair", "uv": [ 21.0, 33.0, 24.5, 34.0 ] },
								"west": { "texture": "#hair", "uv": [ 24.5, 33.0, 25.0, 34.0 ] },
								"up": { "texture": "#hair", "uv": [ 20.5, 32.5, 24.0, 33.0 ] },
								"down": { "texture": "#hair", "uv": [ 24.0, 32.5, 27.5, 33.0 ] }
							}
						},
						{
							"name": "StrandRight2",
							"from": [ 3.6, 5.7, -0.6 ], 
							"to": [ 7.1, 6.7, -0.1 ], 
							"uv": [ 18.0, 33.5 ],
							"rotationOrigin": [ 3.6, 5.95, -0.35 ],
							"rotationY": -5.0,
							"rotationZ": -2.0,
							"faces": {
								"north": { "texture": "#hair", "uv": [ 18.0, 34.0, 21.5, 35.0 ] },
								"east": { "texture": "#hair", "uv": [ 21.5, 34.0, 22.0, 35.0 ] },
								"south": { "texture": "#hair", "uv": [ 0.5, 0.5, 4.5, 1.0 ], "enabled": false },
								"west": { "texture": "#hair", "uv": [ 22.0, 34.0, 22.5, 35.0 ] },
								"up": { "texture": "#hair", "uv": [ 18.0, 33.5, 21.5, 34.0 ] },
								"down": { "texture": "#hair", "uv": [ 21.5, 33.5, 25.0, 34.0 ] }
							}
						},
						{
							"name": "StrandRight",
							"from": [ 0.1, 6.7, -0.2 ], 
							"to": [ 4.1, 8.2, 0.3 ], 
							"uv": [ 19.0, 32.5 ],
							"rotationOrigin": [ 0.1, 6.9, 0.1 ],
							"rotationY": 7.0,
							"rotationZ": -19.0,
							"faces": {
								"north": { "texture": "#hair", "uv": [ 19.0, 33.0, 23.0, 34.5 ] },
								"east": { "texture": "#hair", "uv": [ 23.0, 33.0, 23.5, 34.5 ], "windMode": [-1,-1,-1,-1] },
								"south": { "texture": "#hair", "uv": [ 0.5, 0.5, 4.5, 1.0 ], "enabled": false },
								"west": { "texture": "#hair", "uv": [ 23.5, 33.0, 24.0, 34.5 ] },
								"up": { "texture": "#hair", "uv": [ 19.0, 32.5, 23.0, 33.0 ] },
								"down": { "texture": "#hair", "uv": [ 23.0, 32.5, 27.0, 33.0 ] }
							}
						},
						{
							"name": "StrandLeft",
							"from": [ 0.1, 6.7, 5.3 ], 
							"to": [ 4.1, 8.2, 5.8 ], 
							"uv": [ 17.0, 33.0 ],
							"rotationOrigin": [ 0.1, 6.95, 5.55 ],
							"rotationY": -7.0,
							"rotationZ": -19.0,
							"faces": {
								"north": { "texture": "#hair", "uv": [ 0.0, 0.5, 4.0, 1.5 ], "enabled": false, "windMode": [-1,-1,-1,-1] },
								"east": { "texture": "#hair", "uv": [ 17.0, 33.5, 17.5, 35.0 ], "windMode": [-1,-1,-1,-1] },
								"south": { "texture": "#hair", "uv": [ 17.5, 33.5, 21.5, 35.0 ] },
								"west": { "texture": "#hair", "uv": [ 21.5, 33.5, 22.0, 35.0 ] },
								"up": { "texture": "#hair", "uv": [ 17.0, 33.0, 21.0, 33.5 ] },
								"down": { "texture": "#hair", "uv": [ 21.0, 33.0, 25.0, 33.5 ] }
							}
						},
						{
							"name": "StrandFace2",
							"from": [ -0.1, 5.0, 3.0 ], 
							"to": [ -0.1, 8.0, 5.0 ], 
							"uv": [ 45.0, 41.0 ],
							"rotationOrigin": [ -0.1, 8.0, 4.0 ],
							"rotationX": -28.0,
							"rotationZ": -1.0,
							"faces": {
								"north": { "texture": "#hair", "uv": [ 0.0, 1.0, 1.0, 2.0 ], "enabled": false },
								"east": { "texture": "#hair", "uv": [ 1.0, 1.0, 2.0, 2.0 ], "enabled": false },
								"south": { "texture": "#hair", "uv": [ 2.0, 1.0, 3.0, 2.0 ], "enabled": false },
								"west": { "texture": "#hair", "uv": [ 45.0, 41.0, 47.0, 44.0 ] },
								"up": { "texture": "#hair", "uv": [ 0.0, 0.0, 1.0, 1.0 ], "enabled": false },
								"down": { "texture": "#hair", "uv": [ 1.0, 0.0, 2.0, 1.0 ], "enabled": false }
							}
						},
						{
							"name": "StrandFace1",
							"from": [ 0.0, 5.0, 1.0 ], 
							"to": [ 0.0, 8.0, 3.0 ], 
							"uv": [ 45.5, 40.5 ],
							"rotationOrigin": [ 0.0, 8.0, 2.0 ],
							"rotationX": 28.0,
							"rotationZ": -1.0,
							"faces": {
								"north": { "texture": "#hair", "uv": [ 0.0, 1.0, 1.0, 2.0 ], "enabled": false },
								"east": { "texture": "#hair", "uv": [ 1.0, 1.0, 2.0, 2.0 ], "enabled": false },
								"south": { "texture": "#hair", "uv": [ 2.0, 1.0, 3.0, 2.0 ], "enabled": false },
								"west": { "texture": "#hair", "uv": [ 45.5, 40.5, 47.5, 43.5 ] },
								"up": { "texture": "#hair", "uv": [ 0.0, 0.0, 1.0, 1.0 ], "enabled": false },
								"down": { "texture": "#hair", "uv": [ 1.0, 0.0, 2.0, 1.0 ], "enabled": false }
							}
						},
						{
							"name": "StrandBack13",
							"from": [ 5.9, 1.0, 0.3 ], 
							"to": [ 6.9, 6.0, 5.3 ], 
							"unwrapRotation": 1,
							"autoUnwrap": false,
							"uv": [ 36.0, 13.0 ],
							"rotationOrigin": [ 6.1, 6.0, 0.5 ],
							"rotationZ": 10.0,
							"faces": {
								"north": { "texture": "#hair", "uv": [ 38.5, 18.0, 39.5, 23.0 ] },
								"east": { "texture": "#hair", "uv": [ 37.0, 18.0, 42.0, 23.0 ] },
								"south": { "texture": "#hair", "uv": [ 42.5, 18.0, 43.5, 23.0 ] },
								"west": { "texture": "#hair", "uv": [ 1.5, 0.5, 6.5, 5.5 ], "enabled": false },
								"up": { "texture": "#hair", "uv": [ 36.0, 13.0, 37.0, 18.0 ] },
								"down": { "texture": "#hair", "uv": [ 24.0, 23.5, 25.0, 28.5 ], "enabled": false }
							}
						}
					]
				}
			]
		},
		{
			"name": "Hair tile upper part",
			"stepParentName": "Head",
			"from": [ -0.4, -2.0, -0.5 ], 
			"to": [ 6.6, 5.5, 5.5 ], 
			"autoUnwrap": false,
			"uv": [ 3.0, 9.0 ],
			"rotationOrigin": [ 3.1, 5.5, 2.5 ],
			"faces": {
				"north": { "texture": "#hair", "uv": [ 0.0, 10.5, 7.0, 18.0 ] },
				"east": { "texture": "#hair", "uv": [ 13.0, 10.5, 19.0, 18.0 ] },
				"south": { "texture": "#hair", "uv": [ 12.5, 10.5, 19.5, 18.0 ] },
				"west": { "texture": "#hair", "uv": [ 6.5, 11.0, 12.5, 18.5 ] },
				"up": { "texture": "#hair", "uv": [ 26.5, 10.5, 32.5, 17.5 ], "rotation": 90 },
				"down": { "texture": "#hair", "uv": [ 39.0, 34.5, 45.0, 41.5 ], "rotation": 90, "enabled": false }
			}
		}
	]}