{
	"editor": {
		"backDropShape": "entity/humanoid/seraph-hairless",
		"allAngles": true,
		"entityTextureMode": true
	},
	"textureWidth": 48,
	"textureHeight": 48,
	"textureSizes": {
		"hair": [48,48]
	},
	"textures": {
		"hair": "entity/humanoid/seraphskinparts/hair/lightgray"
	},
	"elements": [
		{
			"name": "Hair",
			"stepParentName": "Head",
			"from": [ -0.2, -3.1, -0.3 ], 
			"to": [ 6.3, 5.4, 5.2 ], 
			"autoUnwrap": false,
			"uv": [ 2.0, 2.5 ],
			"rotationOrigin": [ 3.0, 2.0, 2.5 ],
			"faces": {
				"north": { "texture": "#hair", "uv": [ 0.5, 0.5, 7.0, 9.0 ] },
				"east": { "texture": "#hair", "uv": [ 18.0, 0.0, 23.5, 8.5 ] },
				"south": { "texture": "#hair", "uv": [ 10.5, 0.5, 17.0, 9.0 ] },
				"west": { "texture": "#hair", "uv": [ 27.5, 21.0, 33.0, 29.5 ] },
				"up": { "texture": "#hair", "uv": [ 24.0, 0.0, 29.5, 6.5 ], "rotation": 90 },
				"down": { "texture": "#hair", "uv": [ 14.0, 27.0, 25.5, 12.0 ], "rotation": 90, "enabled": false, "autoUv": false }
			},
			"children": [
				{
					"name": "hideme",
					"from": [ 0.0, 0.0, 0.0 ], 
					"to": [ 1.0, 1.0, 1.0 ], 
					"uv": [ 0.0, 0.0 ],
					"renderInEditor": false,
					"faces": {
						"north": { "texture": "#hair", "uv": [ 0.0, 1.0, 1.0, 2.0 ], "enabled": false },
						"east": { "texture": "#hair", "uv": [ 1.0, 1.0, 2.0, 2.0 ], "enabled": false },
						"south": { "texture": "#hair", "uv": [ 2.0, 1.0, 3.0, 2.0 ], "enabled": false },
						"west": { "texture": "#hair", "uv": [ 3.0, 1.0, 4.0, 2.0 ], "enabled": false },
						"up": { "texture": "#hair", "uv": [ 0.0, 0.0, 1.0, 1.0 ], "enabled": false },
						"down": { "texture": "#hair", "uv": [ 1.0, 0.0, 2.0, 1.0 ], "enabled": false }
					},
					"children": [
						{
							"name": "Cube8",
							"from": [ 1.0, 3.3, 5.8 ], 
							"to": [ 7.0, 6.3, 5.8 ], 
							"uv": [ 33.0, 38.5 ],
							"rotationOrigin": [ 3.5, 6.3, 5.8 ],
							"rotationX": -33.0,
							"rotationZ": 11.0,
							"faces": {
								"north": { "texture": "#hair", "uv": [ 33.0, 38.5, 39.0, 41.5 ], "enabled": false },
								"east": { "texture": "#hair", "uv": [ 5.0, 0.5, 5.5, 3.5 ], "enabled": false },
								"south": { "texture": "#hair", "uv": [ 33.0, 38.5, 39.0, 41.5 ] },
								"west": { "texture": "#hair", "uv": [ 10.5, 0.5, 11.0, 3.5 ], "enabled": false },
								"up": { "texture": "#hair", "uv": [ 0.0, 0.0, 5.0, 0.5 ], "enabled": false },
								"down": { "texture": "#hair", "uv": [ 5.0, 0.0, 10.0, 0.5 ], "enabled": false }
							}
						},
						{
							"name": "Cube12",
							"from": [ 4.9, 2.7, 5.0 ], 
							"to": [ 7.9, 5.7, 5.0 ], 
							"uv": [ 38.5, 19.5 ],
							"rotationOrigin": [ 6.4, 5.7, 5.0 ],
							"rotationX": -17.0,
							"rotationY": 58.0,
							"rotationZ": 3.0,
							"faces": {
								"north": { "texture": "#hair", "uv": [ 33.5, 38.5, 36.5, 41.5 ], "enabled": false },
								"east": { "texture": "#hair", "uv": [ 5.0, 0.5, 5.5, 3.5 ], "enabled": false },
								"south": { "texture": "#hair", "uv": [ 38.5, 19.5, 41.5, 22.5 ] },
								"west": { "texture": "#hair", "uv": [ 10.5, 0.5, 11.0, 3.5 ], "enabled": false },
								"up": { "texture": "#hair", "uv": [ 0.0, 0.0, 5.0, 0.5 ], "enabled": false },
								"down": { "texture": "#hair", "uv": [ 5.0, 0.0, 10.0, 0.5 ], "enabled": false }
							}
						},
						{
							"name": "Cube11",
							"from": [ 4.8, 2.6, 0.6 ], 
							"to": [ 7.8, 5.6, 0.6 ], 
							"uv": [ 33.5, 38.5 ],
							"rotationOrigin": [ 6.3, 5.6, 0.6 ],
							"rotationX": 17.0,
							"rotationY": -58.0,
							"rotationZ": 3.0,
							"faces": {
								"north": { "texture": "#hair", "uv": [ 33.5, 38.5, 36.5, 41.5 ] },
								"east": { "texture": "#hair", "uv": [ 5.0, 0.5, 5.5, 3.5 ], "enabled": false },
								"south": { "texture": "#hair", "uv": [ 5.5, 0.5, 10.5, 3.5 ], "enabled": false },
								"west": { "texture": "#hair", "uv": [ 10.5, 0.5, 11.0, 3.5 ], "enabled": false },
								"up": { "texture": "#hair", "uv": [ 0.0, 0.0, 5.0, 0.5 ], "enabled": false },
								"down": { "texture": "#hair", "uv": [ 5.0, 0.0, 10.0, 0.5 ], "enabled": false }
							}
						},
						{
							"name": "Cube6",
							"from": [ 0.0, 4.5, -0.3 ], 
							"to": [ 6.0, 6.5, -0.3 ], 
							"uv": [ 19.5, 11.5 ],
							"rotationOrigin": [ 3.0, 6.5, -0.3 ],
							"rotationX": 25.0,
							"rotationY": -10.0,
							"rotationZ": -25.0,
							"faces": {
								"north": { "texture": "#hair", "uv": [ 19.5, 11.5, 25.5, 13.5 ] },
								"east": { "texture": "#hair", "uv": [ 5.0, 0.5, 5.5, 3.5 ], "enabled": false },
								"south": { "texture": "#hair", "uv": [ 5.5, 0.5, 10.5, 3.5 ], "enabled": false },
								"west": { "texture": "#hair", "uv": [ 10.5, 0.5, 11.0, 3.5 ], "enabled": false },
								"up": { "texture": "#hair", "uv": [ 0.0, 0.0, 5.0, 0.5 ], "enabled": false },
								"down": { "texture": "#hair", "uv": [ 5.0, 0.0, 10.0, 0.5 ], "enabled": false }
							}
						},
						{
							"name": "Cube5",
							"from": [ 1.0, 3.3, -0.1 ], 
							"to": [ 7.0, 6.3, -0.1 ], 
							"uv": [ 33.5, 38.5 ],
							"rotationOrigin": [ 3.5, 6.3, -0.1 ],
							"rotationX": 33.0,
							"rotationZ": 11.0,
							"faces": {
								"north": { "texture": "#hair", "uv": [ 33.5, 38.5, 39.5, 41.5 ] },
								"east": { "texture": "#hair", "uv": [ 5.0, 0.5, 5.5, 3.5 ], "enabled": false },
								"south": { "texture": "#hair", "uv": [ 5.5, 0.5, 10.5, 3.5 ], "enabled": false },
								"west": { "texture": "#hair", "uv": [ 10.5, 0.5, 11.0, 3.5 ], "enabled": false },
								"up": { "texture": "#hair", "uv": [ 0.0, 0.0, 5.0, 0.5 ], "enabled": false },
								"down": { "texture": "#hair", "uv": [ 5.0, 0.0, 10.0, 0.5 ], "enabled": false }
							}
						},
						{
							"name": "Cube1",
							"from": [ 6.7, 4.1, -0.3 ], 
							"to": [ 6.7, 7.1, 5.7 ], 
							"uv": [ 19.5, 26.0 ],
							"rotationOrigin": [ 6.7, 7.1, 2.7 ],
							"rotationZ": 19.0,
							"faces": {
								"north": { "texture": "#hair", "uv": [ 0.0, 5.5, 0.5, 8.5 ], "enabled": false },
								"east": { "texture": "#hair", "uv": [ 19.5, 26.0, 25.5, 29.0 ] },
								"south": { "texture": "#hair", "uv": [ 6.0, 5.5, 6.5, 8.5 ], "enabled": false },
								"west": { "texture": "#hair", "uv": [ 6.5, 5.5, 12.0, 8.5 ], "enabled": false },
								"up": { "texture": "#hair", "uv": [ 0.0, 0.0, 0.5, 5.5 ], "enabled": false },
								"down": { "texture": "#hair", "uv": [ 0.5, 0.0, 1.0, 5.5 ], "enabled": false }
							}
						},
						{
							"name": "Cube7",
							"from": [ 0.0, 4.5, 5.6 ], 
							"to": [ 6.0, 6.5, 5.6 ], 
							"uv": [ 19.0, 11.5 ],
							"rotationOrigin": [ 3.0, 6.5, 5.6 ],
							"rotationX": -25.0,
							"rotationY": 10.0,
							"rotationZ": -25.0,
							"faces": {
								"north": { "texture": "#hair", "uv": [ 33.0, 38.5, 39.0, 41.5 ], "enabled": false },
								"east": { "texture": "#hair", "uv": [ 5.0, 0.5, 5.5, 3.5 ], "enabled": false },
								"south": { "texture": "#hair", "uv": [ 19.0, 11.5, 25.0, 13.5 ] },
								"west": { "texture": "#hair", "uv": [ 10.5, 0.5, 11.0, 3.5 ], "enabled": false },
								"up": { "texture": "#hair", "uv": [ 0.0, 0.0, 5.0, 0.5 ], "enabled": false },
								"down": { "texture": "#hair", "uv": [ 5.0, 0.0, 10.0, 0.5 ], "enabled": false }
							}
						},
						{
							"name": "Cube10",
							"from": [ 0.6, 4.1, 3.9 ], 
							"to": [ 0.6, 8.1, 5.9 ], 
							"uv": [ 30.5, 39.5 ],
							"rotationOrigin": [ 0.6, 8.1, 4.9 ],
							"rotationX": -4.999999294578678,
							"rotationY": 36.0000016565325,
							"rotationZ": -8.000000363885684,
							"faces": {
								"north": { "texture": "#hair", "uv": [ 0.0, 2.0, 0.5, 6.0 ], "enabled": false },
								"east": { "texture": "#hair", "uv": [ 0.5, 2.0, 2.5, 6.0 ], "enabled": false },
								"south": { "texture": "#hair", "uv": [ 2.5, 2.0, 3.0, 6.0 ], "enabled": false },
								"west": { "texture": "#hair", "uv": [ 30.5, 39.5, 32.5, 43.5 ] },
								"up": { "texture": "#hair", "uv": [ 0.0, 0.0, 0.5, 2.0 ], "enabled": false },
								"down": { "texture": "#hair", "uv": [ 0.5, 0.0, 1.0, 2.0 ], "enabled": false }
							}
						},
						{
							"name": "Cube9",
							"from": [ 0.6, 4.1, -0.5 ], 
							"to": [ 0.6, 8.1, 1.5 ], 
							"uv": [ 30.5, 39.5 ],
							"rotationOrigin": [ 0.6, 8.1, 0.5 ],
							"rotationX": 4.999999294578678,
							"rotationY": -36.0000016565325,
							"rotationZ": -8.000000363885684,
							"faces": {
								"north": { "texture": "#hair", "uv": [ 0.0, 2.0, 0.5, 6.0 ], "enabled": false },
								"east": { "texture": "#hair", "uv": [ 0.5, 2.0, 2.5, 6.0 ], "enabled": false },
								"south": { "texture": "#hair", "uv": [ 2.5, 2.0, 3.0, 6.0 ], "enabled": false },
								"west": { "texture": "#hair", "uv": [ 30.5, 39.5, 32.5, 43.5 ] },
								"up": { "texture": "#hair", "uv": [ 0.0, 0.0, 0.5, 2.0 ], "enabled": false },
								"down": { "texture": "#hair", "uv": [ 0.5, 0.0, 1.0, 2.0 ], "enabled": false }
							}
						}
					]
				}
			]
		},
		{
			"name": "Hair tile upper part",
			"stepParentName": "Head",
			"from": [ -0.4, -2.0, -0.5 ], 
			"to": [ 6.6, 5.5, 5.5 ], 
			"autoUnwrap": false,
			"uv": [ 3.0, 9.0 ],
			"rotationOrigin": [ 3.1, 5.5, 2.5 ],
			"faces": {
				"north": { "texture": "#hair", "uv": [ 0.0, 10.5, 7.0, 18.0 ] },
				"east": { "texture": "#hair", "uv": [ 19.5, 10.5, 25.5, 18.0 ] },
				"south": { "texture": "#hair", "uv": [ 12.0, 10.5, 19.0, 18.0 ] },
				"west": { "texture": "#hair", "uv": [ 7.0, 11.0, 13.0, 18.5 ] },
				"up": { "texture": "#hair", "uv": [ 26.5, 10.5, 32.5, 17.5 ], "rotation": 90 },
				"down": { "texture": "#hair", "uv": [ 39.0, 34.5, 45.0, 41.5 ], "rotation": 90, "enabled": false }
			}
		}
	]}