{
	"editor": {
		"backDropShape": "entity/humanoid/seraph-hairless",
		"allAngles": true,
		"entityTextureMode": true
	},
	"textureWidth": 48,
	"textureHeight": 48,
	"textureSizes": {
		"hair": [48,48]
	},
	"textures": {
		"hair": "entity/humanoid/seraphskinparts/hair/lightgray"
	},
	"elements": [
		{
			"name": "Hair",
			"stepParentName": "Head",
			"from": [ -0.19, -3.1, -0.3 ], 
			"to": [ 6.31, 5.4, 5.2 ], 
			"autoUnwrap": false,
			"uv": [ 2.0, 2.5 ],
			"rotationOrigin": [ 3.0, 2.0, 2.5 ],
			"faces": {
				"north": { "texture": "#hair", "uv": [ 33.0, 34.5, 39.5, 43.0 ] },
				"east": { "texture": "#hair", "uv": [ 33.5, 34.0, 39.0, 42.5 ] },
				"south": { "texture": "#hair", "uv": [ 33.0, 35.0, 39.5, 43.5 ] },
				"west": { "texture": "#hair", "uv": [ 39.5, 31.0, 45.0, 39.5 ] },
				"up": { "texture": "#hair", "uv": [ 33.0, 32.0, 38.5, 38.5 ], "rotation": 90 },
				"down": { "texture": "#hair", "uv": [ 14.0, 27.0, 25.5, 12.0 ], "rotation": 90, "enabled": false, "autoUv": false }
			},
			"children": [
				{
					"name": "Dreadlock20",
					"from": [ 0.0, 3.0, 0.0 ], 
					"to": [ 1.0, 8.0, 1.0 ], 
					"uv": [ 34.0, 36.5 ],
					"rotationOrigin": [ 0.5, 8.0, 0.5 ],
					"rotationX": 8.0,
					"rotationZ": -28.0,
					"faces": {
						"north": { "texture": "#hair", "uv": [ 34.0, 36.5, 35.0, 41.5 ] },
						"east": { "texture": "#hair", "uv": [ 35.0, 36.5, 36.0, 41.5 ], "enabled": false },
						"south": { "texture": "#hair", "uv": [ 35.0, 36.5, 36.0, 41.5 ] },
						"west": { "texture": "#hair", "uv": [ 36.0, 36.5, 37.0, 41.5 ] },
						"up": { "texture": "#hair", "uv": [ 34.0, 22.0, 35.0, 23.0 ], "enabled": false },
						"down": { "texture": "#hair", "uv": [ 37.5, 24.0, 38.5, 25.0 ], "enabled": false }
					}
				},
				{
					"name": "Dreadlock21",
					"from": [ 0.0, 5.0, 4.0 ], 
					"to": [ 1.0, 8.0, 5.0 ], 
					"uv": [ 33.0, 38.5 ],
					"rotationOrigin": [ 0.5, 8.0, 4.5 ],
					"rotationX": -17.0,
					"rotationZ": -28.0,
					"faces": {
						"north": { "texture": "#hair", "uv": [ 33.0, 38.5, 34.0, 41.5 ] },
						"east": { "texture": "#hair", "uv": [ 35.0, 36.5, 36.0, 41.5 ], "enabled": false },
						"south": { "texture": "#hair", "uv": [ 34.0, 38.5, 35.0, 41.5 ] },
						"west": { "texture": "#hair", "uv": [ 35.0, 38.5, 36.0, 41.5 ] },
						"up": { "texture": "#hair", "uv": [ 34.0, 22.0, 35.0, 23.0 ], "enabled": false },
						"down": { "texture": "#hair", "uv": [ 37.5, 24.0, 38.5, 25.0 ], "enabled": false }
					}
				},
				{
					"name": "hideme",
					"from": [ 0.0, 0.0, 0.0 ], 
					"to": [ 1.0, 1.0, 1.0 ], 
					"uv": [ 0.0, 0.0 ],
					"faces": {
						"north": { "texture": "#hair", "uv": [ 0.0, 1.0, 1.0, 2.0 ], "enabled": false },
						"east": { "texture": "#hair", "uv": [ 1.0, 1.0, 2.0, 2.0 ], "enabled": false },
						"south": { "texture": "#hair", "uv": [ 2.0, 1.0, 3.0, 2.0 ], "enabled": false },
						"west": { "texture": "#hair", "uv": [ 3.0, 1.0, 4.0, 2.0 ], "enabled": false },
						"up": { "texture": "#hair", "uv": [ 0.0, 0.0, 1.0, 1.0 ], "enabled": false },
						"down": { "texture": "#hair", "uv": [ 1.0, 0.0, 2.0, 1.0 ], "enabled": false }
					},
					"children": [
						{
							"name": "Dreadlock19",
							"from": [ 5.3, 2.5, 1.9 ], 
							"to": [ 6.3, 6.5, 2.9 ], 
							"uv": [ 34.0, 38.5 ],
							"rotationOrigin": [ 5.8, 7.5, 2.4 ],
							"rotationX": -6.0,
							"rotationZ": 33.0,
							"faces": {
								"north": { "texture": "#hair", "uv": [ 34.0, 38.5, 35.0, 42.5 ] },
								"east": { "texture": "#hair", "uv": [ 35.0, 38.5, 36.0, 42.5 ] },
								"south": { "texture": "#hair", "uv": [ 36.0, 38.5, 37.0, 42.5 ] },
								"west": { "texture": "#hair", "uv": [ 37.0, 36.5, 38.0, 41.5 ], "enabled": false },
								"up": { "texture": "#hair", "uv": [ 34.0, 22.0, 35.0, 23.0 ], "enabled": false },
								"down": { "texture": "#hair", "uv": [ 37.5, 24.0, 38.5, 25.0 ], "enabled": false }
							}
						},
						{
							"name": "Dreadlock18",
							"from": [ 5.6, 3.5, 3.9 ], 
							"to": [ 6.6, 6.5, 4.9 ], 
							"uv": [ 34.0, 38.5 ],
							"rotationOrigin": [ 6.1, 6.5, 4.4 ],
							"rotationX": -33.0,
							"rotationZ": 39.0,
							"faces": {
								"north": { "texture": "#hair", "uv": [ 34.0, 38.5, 35.0, 41.5 ] },
								"east": { "texture": "#hair", "uv": [ 35.0, 38.5, 36.0, 41.5 ] },
								"south": { "texture": "#hair", "uv": [ 36.0, 38.5, 37.0, 41.5 ] },
								"west": { "texture": "#hair", "uv": [ 37.0, 36.5, 38.0, 41.5 ], "enabled": false },
								"up": { "texture": "#hair", "uv": [ 34.0, 22.0, 35.0, 23.0 ], "enabled": false },
								"down": { "texture": "#hair", "uv": [ 37.5, 24.0, 38.5, 25.0 ], "enabled": false }
							}
						},
						{
							"name": "Dreadlock17",
							"from": [ 5.6, 0.5, 0.9 ], 
							"to": [ 6.6, 3.5, 1.9 ], 
							"uv": [ 34.0, 38.5 ],
							"rotationOrigin": [ 6.1, 3.5, 1.4 ],
							"rotationX": 14.0,
							"rotationZ": 25.0,
							"faces": {
								"north": { "texture": "#hair", "uv": [ 34.0, 38.5, 35.0, 41.5 ] },
								"east": { "texture": "#hair", "uv": [ 35.0, 38.5, 36.0, 41.5 ] },
								"south": { "texture": "#hair", "uv": [ 36.0, 38.5, 37.0, 41.5 ] },
								"west": { "texture": "#hair", "uv": [ 37.0, 36.5, 38.0, 41.5 ], "enabled": false },
								"up": { "texture": "#hair", "uv": [ 34.0, 22.0, 35.0, 23.0 ], "enabled": false },
								"down": { "texture": "#hair", "uv": [ 37.5, 24.0, 38.5, 25.0 ], "enabled": false }
							}
						},
						{
							"name": "Dreadlock16",
							"from": [ 5.8, 3.0, 0.2 ], 
							"to": [ 6.8, 7.0, 1.2 ], 
							"uv": [ 34.0, 37.5 ],
							"rotationOrigin": [ 6.3, 7.0, 0.7 ],
							"rotationX": 14.0,
							"rotationZ": 25.0,
							"faces": {
								"north": { "texture": "#hair", "uv": [ 34.0, 37.5, 35.0, 41.5 ] },
								"east": { "texture": "#hair", "uv": [ 35.0, 37.5, 36.0, 41.5 ] },
								"south": { "texture": "#hair", "uv": [ 36.0, 37.5, 37.0, 41.5 ] },
								"west": { "texture": "#hair", "uv": [ 37.0, 36.5, 38.0, 41.5 ], "enabled": false },
								"up": { "texture": "#hair", "uv": [ 34.0, 22.0, 35.0, 23.0 ], "enabled": false },
								"down": { "texture": "#hair", "uv": [ 37.5, 24.0, 38.5, 25.0 ], "enabled": false }
							}
						},
						{
							"name": "Dreadlock15",
							"from": [ 5.8, 1.0, 3.2 ], 
							"to": [ 6.8, 5.0, 4.2 ], 
							"uv": [ 34.0, 36.5 ],
							"rotationOrigin": [ 6.3, 5.0, 3.7 ],
							"rotationX": -14.0,
							"rotationZ": 19.0,
							"faces": {
								"north": { "texture": "#hair", "uv": [ 34.0, 36.5, 35.0, 40.5 ] },
								"east": { "texture": "#hair", "uv": [ 35.0, 36.5, 36.0, 40.5 ] },
								"south": { "texture": "#hair", "uv": [ 36.0, 36.5, 37.0, 40.5 ] },
								"west": { "texture": "#hair", "uv": [ 37.0, 36.5, 38.0, 41.5 ], "enabled": false },
								"up": { "texture": "#hair", "uv": [ 34.0, 22.0, 35.0, 23.0 ], "enabled": false },
								"down": { "texture": "#hair", "uv": [ 37.5, 24.0, 38.5, 25.0 ], "enabled": false }
							}
						},
						{
							"name": "Dreadlock14",
							"from": [ 2.5, 5.0, 0.0 ], 
							"to": [ 3.5, 8.0, 1.0 ], 
							"uv": [ 36.0, 36.5 ],
							"rotationOrigin": [ 3.0, 8.0, 0.5 ],
							"rotationX": 42.0,
							"rotationZ": 25.0,
							"faces": {
								"north": { "texture": "#hair", "uv": [ 36.0, 36.5, 37.0, 39.5 ] },
								"east": { "texture": "#hair", "uv": [ 37.0, 36.5, 38.0, 39.5 ] },
								"south": { "texture": "#hair", "uv": [ 36.0, 36.5, 37.0, 41.5 ], "enabled": false },
								"west": { "texture": "#hair", "uv": [ 38.0, 36.5, 39.0, 39.5 ] },
								"up": { "texture": "#hair", "uv": [ 34.0, 22.0, 35.0, 23.0 ], "enabled": false },
								"down": { "texture": "#hair", "uv": [ 37.5, 24.0, 38.5, 25.0 ], "enabled": false }
							}
						},
						{
							"name": "Dreadlock13",
							"from": [ 5.0, 1.0, 0.0 ], 
							"to": [ 6.0, 5.0, 1.0 ], 
							"uv": [ 33.0, 37.5 ],
							"rotationOrigin": [ 5.5, 5.0, 0.5 ],
							"rotationX": 30.0,
							"rotationZ": 19.0,
							"faces": {
								"north": { "texture": "#hair", "uv": [ 33.0, 37.5, 34.0, 41.5 ] },
								"east": { "texture": "#hair", "uv": [ 34.0, 37.5, 35.0, 41.5 ] },
								"south": { "texture": "#hair", "uv": [ 36.0, 36.5, 37.0, 41.5 ], "enabled": false },
								"west": { "texture": "#hair", "uv": [ 35.0, 37.5, 36.0, 41.5 ] },
								"up": { "texture": "#hair", "uv": [ 34.0, 22.0, 35.0, 23.0 ], "enabled": false },
								"down": { "texture": "#hair", "uv": [ 37.5, 24.0, 38.5, 25.0 ], "enabled": false }
							}
						},
						{
							"name": "Dreadlock12",
							"from": [ 5.0, 4.0, 0.0 ], 
							"to": [ 6.0, 8.0, 1.0 ], 
							"uv": [ 34.0, 37.5 ],
							"rotationOrigin": [ 5.5, 8.0, 0.5 ],
							"rotationX": 30.0,
							"rotationZ": 10.0,
							"faces": {
								"north": { "texture": "#hair", "uv": [ 34.0, 37.5, 35.0, 41.5 ] },
								"east": { "texture": "#hair", "uv": [ 35.0, 37.5, 36.0, 41.5 ] },
								"south": { "texture": "#hair", "uv": [ 36.0, 36.5, 37.0, 41.5 ], "enabled": false },
								"west": { "texture": "#hair", "uv": [ 36.0, 37.5, 37.0, 41.5 ] },
								"up": { "texture": "#hair", "uv": [ 34.0, 22.0, 35.0, 23.0 ], "enabled": false },
								"down": { "texture": "#hair", "uv": [ 37.5, 24.0, 38.5, 25.0 ], "enabled": false }
							}
						},
						{
							"name": "Dreadlock11",
							"from": [ 1.0, 4.0, 0.0 ], 
							"to": [ 2.0, 7.0, 1.0 ], 
							"uv": [ 34.0, 37.5 ],
							"rotationOrigin": [ 1.5, 7.0, 0.5 ],
							"rotationX": 28.0,
							"rotationZ": -17.0,
							"faces": {
								"north": { "texture": "#hair", "uv": [ 34.0, 37.5, 35.0, 40.5 ] },
								"east": { "texture": "#hair", "uv": [ 35.0, 37.5, 36.0, 40.5 ] },
								"south": { "texture": "#hair", "uv": [ 36.0, 36.5, 37.0, 41.5 ], "enabled": false },
								"west": { "texture": "#hair", "uv": [ 36.0, 37.5, 37.0, 40.5 ] },
								"up": { "texture": "#hair", "uv": [ 34.0, 22.0, 35.0, 23.0 ], "enabled": false },
								"down": { "texture": "#hair", "uv": [ 37.5, 24.0, 38.5, 25.0 ], "enabled": false }
							}
						},
						{
							"name": "Dreadlock10",
							"from": [ 1.0, 1.0, 0.0 ], 
							"to": [ 2.0, 4.0, 1.0 ], 
							"uv": [ 34.0, 38.5 ],
							"rotationOrigin": [ 1.5, 4.0, 0.5 ],
							"rotationX": 14.0,
							"rotationZ": -19.0,
							"faces": {
								"north": { "texture": "#hair", "uv": [ 34.0, 38.5, 35.0, 41.5 ] },
								"east": { "texture": "#hair", "uv": [ 35.0, 38.5, 36.0, 41.5 ] },
								"south": { "texture": "#hair", "uv": [ 36.0, 36.5, 37.0, 41.5 ], "enabled": false },
								"west": { "texture": "#hair", "uv": [ 36.0, 38.5, 37.0, 41.5 ] },
								"up": { "texture": "#hair", "uv": [ 34.0, 22.0, 35.0, 23.0 ], "enabled": false },
								"down": { "texture": "#hair", "uv": [ 37.5, 24.0, 38.5, 25.0 ], "enabled": false }
							}
						},
						{
							"name": "Dreadlock9",
							"from": [ 3.0, 1.0, 0.0 ], 
							"to": [ 4.0, 5.0, 1.0 ], 
							"uv": [ 34.0, 36.5 ],
							"rotationOrigin": [ 3.5, 5.0, 0.5 ],
							"rotationX": 42.0,
							"rotationZ": -11.0,
							"faces": {
								"north": { "texture": "#hair", "uv": [ 34.0, 36.5, 35.0, 40.5 ] },
								"east": { "texture": "#hair", "uv": [ 35.0, 36.5, 36.0, 40.5 ] },
								"south": { "texture": "#hair", "uv": [ 36.0, 36.5, 37.0, 41.5 ], "enabled": false },
								"west": { "texture": "#hair", "uv": [ 36.0, 36.5, 37.0, 40.5 ] },
								"up": { "texture": "#hair", "uv": [ 34.0, 22.0, 35.0, 23.0 ], "enabled": false },
								"down": { "texture": "#hair", "uv": [ 37.5, 24.0, 38.5, 25.0 ], "enabled": false }
							}
						},
						{
							"name": "Dreadlock8",
							"from": [ 5.0, 5.0, 4.6 ], 
							"to": [ 6.0, 8.0, 5.6 ], 
							"uv": [ 33.5, 38.5 ],
							"rotationOrigin": [ 5.5, 8.0, 5.1 ],
							"rotationX": -30.0,
							"rotationZ": -8.0,
							"faces": {
								"north": { "texture": "#hair", "uv": [ 34.5, 37.5, 35.5, 41.5 ], "enabled": false },
								"east": { "texture": "#hair", "uv": [ 33.5, 38.5, 34.5, 41.5 ] },
								"south": { "texture": "#hair", "uv": [ 34.5, 38.5, 35.5, 41.5 ] },
								"west": { "texture": "#hair", "uv": [ 35.5, 38.5, 36.5, 41.5 ] },
								"up": { "texture": "#hair", "uv": [ 34.5, 36.5, 35.5, 37.5 ], "enabled": false },
								"down": { "texture": "#hair", "uv": [ 37.5, 24.0, 38.5, 25.0 ], "enabled": false }
							}
						},
						{
							"name": "Dreadlock7",
							"from": [ 5.0, 1.0, 4.3 ], 
							"to": [ 6.0, 4.0, 5.3 ], 
							"uv": [ 33.5, 38.5 ],
							"rotationOrigin": [ 5.5, 4.0, 4.8 ],
							"rotationX": -36.0,
							"rotationZ": 22.0,
							"faces": {
								"north": { "texture": "#hair", "uv": [ 34.5, 37.5, 35.5, 41.5 ], "enabled": false },
								"east": { "texture": "#hair", "uv": [ 33.5, 38.5, 34.5, 41.5 ] },
								"south": { "texture": "#hair", "uv": [ 34.5, 38.5, 35.5, 41.5 ] },
								"west": { "texture": "#hair", "uv": [ 35.5, 38.5, 36.5, 41.5 ] },
								"up": { "texture": "#hair", "uv": [ 34.5, 36.5, 35.5, 37.5 ], "enabled": false },
								"down": { "texture": "#hair", "uv": [ 37.5, 24.0, 38.5, 25.0 ], "enabled": false }
							}
						},
						{
							"name": "Dreadlock6",
							"from": [ 2.0, 1.0, 4.3 ], 
							"to": [ 3.0, 5.0, 5.3 ], 
							"uv": [ 34.5, 37.5 ],
							"rotationOrigin": [ 2.5, 5.0, 4.8 ],
							"rotationX": -39.0,
							"rotationZ": -19.0,
							"faces": {
								"north": { "texture": "#hair", "uv": [ 34.5, 37.5, 35.5, 41.5 ], "enabled": false },
								"east": { "texture": "#hair", "uv": [ 34.5, 37.5, 35.5, 41.5 ] },
								"south": { "texture": "#hair", "uv": [ 35.5, 37.5, 36.5, 41.5 ] },
								"west": { "texture": "#hair", "uv": [ 36.5, 37.5, 37.5, 41.5 ] },
								"up": { "texture": "#hair", "uv": [ 34.5, 36.5, 35.5, 37.5 ], "enabled": false },
								"down": { "texture": "#hair", "uv": [ 37.5, 24.0, 38.5, 25.0 ], "enabled": false }
							}
						},
						{
							"name": "Dreadlock5",
							"from": [ 3.0, 3.0, 4.6 ], 
							"to": [ 4.0, 6.0, 5.6 ], 
							"uv": [ 33.5, 38.5 ],
							"rotationOrigin": [ 3.5, 6.0, 5.1 ],
							"rotationX": -30.0,
							"rotationZ": 11.0,
							"faces": {
								"north": { "texture": "#hair", "uv": [ 34.5, 37.5, 35.5, 41.5 ], "enabled": false },
								"east": { "texture": "#hair", "uv": [ 33.5, 38.5, 34.5, 41.5 ] },
								"south": { "texture": "#hair", "uv": [ 34.5, 38.5, 35.5, 41.5 ] },
								"west": { "texture": "#hair", "uv": [ 35.5, 38.5, 36.5, 41.5 ] },
								"up": { "texture": "#hair", "uv": [ 34.5, 36.5, 35.5, 37.5 ], "enabled": false },
								"down": { "texture": "#hair", "uv": [ 37.5, 24.0, 38.5, 25.0 ], "enabled": false }
							}
						},
						{
							"name": "Dreadlock4",
							"from": [ 1.0, 4.0, 4.6 ], 
							"to": [ 2.0, 8.0, 5.6 ], 
							"uv": [ 34.5, 36.5 ],
							"rotationOrigin": [ 1.5, 8.0, 5.1 ],
							"rotationX": -19.0,
							"rotationZ": -8.0,
							"faces": {
								"north": { "texture": "#hair", "uv": [ 34.5, 37.5, 35.5, 41.5 ], "enabled": false },
								"east": { "texture": "#hair", "uv": [ 34.5, 37.5, 35.5, 41.5 ] },
								"south": { "texture": "#hair", "uv": [ 35.5, 37.5, 36.5, 41.5 ] },
								"west": { "texture": "#hair", "uv": [ 36.5, 37.5, 37.5, 41.5 ] },
								"up": { "texture": "#hair", "uv": [ 34.5, 36.5, 35.5, 37.5 ], "enabled": false },
								"down": { "texture": "#hair", "uv": [ 37.5, 24.0, 38.5, 25.0 ], "enabled": false }
							}
						}
					]
				},
				{
					"name": "Dreadlock22",
					"from": [ 0.0, 6.5, 2.0 ], 
					"to": [ 1.0, 8.0, 3.0 ], 
					"uv": [ 34.0, 39.5 ],
					"rotationOrigin": [ 0.5, 8.0, 2.5 ],
					"rotationX": 11.0,
					"rotationZ": -44.0,
					"faces": {
						"north": { "texture": "#hair", "uv": [ 34.0, 39.5, 35.0, 41.0 ] },
						"east": { "texture": "#hair", "uv": [ 35.0, 36.5, 36.0, 41.5 ], "enabled": false },
						"south": { "texture": "#hair", "uv": [ 35.0, 39.5, 36.0, 41.0 ] },
						"west": { "texture": "#hair", "uv": [ 36.0, 39.5, 37.0, 41.0 ] },
						"up": { "texture": "#hair", "uv": [ 34.0, 22.0, 35.0, 23.0 ], "enabled": false },
						"down": { "texture": "#hair", "uv": [ 37.5, 24.0, 38.5, 25.0 ], "enabled": false }
					}
				}
			]
		},
		{
			"name": "Hair tile upper part",
			"stepParentName": "Head",
			"from": [ -0.4, -2.0, -0.5 ], 
			"to": [ 6.6, 5.5, 5.5 ], 
			"autoUnwrap": false,
			"uv": [ 3.0, 9.0 ],
			"rotationOrigin": [ 3.1, 5.5, 2.5 ],
			"faces": {
				"north": { "texture": "#hair", "uv": [ 0.0, 10.5, 7.0, 18.0 ] },
				"east": { "texture": "#hair", "uv": [ 33.5, 36.5, 39.5, 44.0 ] },
				"south": { "texture": "#hair", "uv": [ 0.0, 10.5, 7.0, 18.0 ] },
				"west": { "texture": "#hair", "uv": [ 13.5, 11.5, 19.5, 19.0 ] },
				"up": { "texture": "#hair", "uv": [ 26.0, 11.0, 32.0, 18.0 ], "rotation": 90 },
				"down": { "texture": "#hair", "uv": [ 39.0, 34.5, 45.0, 41.5 ], "rotation": 90, "enabled": false }
			}
		}
	]}