{
	"editor": {
		"backDropShape": "entity/humanoid/seraph-hairless",
		"allAngles": true,
		"entityTextureMode": true
	},
	"textureWidth": 48,
	"textureHeight": 48,
	"textureSizes": {
		"hair": [48,48]
	},
	"textures": {
		"hair": "entity/humanoid/seraphskinparts/hair/lightgray"
	},
	"elements": [
		{
			"name": "Hair",
			"stepParentName": "Head",
			"from": [ -0.17, -3.1, -0.3 ], 
			"to": [ 6.33, 5.4, 5.2 ], 
			"autoUnwrap": false,
			"uv": [ 2.0, 2.5 ],
			"rotationOrigin": [ 3.75, 2.066, 1.8 ],
			"rotationZ": 2.0,
			"faces": {
				"north": { "texture": "#hair", "uv": [ 0.0, 1.0, 6.5, 9.5 ] },
				"east": { "texture": "#hair", "uv": [ 18.0, 1.0, 23.5, 9.5 ] },
				"south": { "texture": "#hair", "uv": [ 11.0, 1.0, 17.5, 9.5 ] },
				"west": { "texture": "#hair", "uv": [ 19.5, 11.5, 25.0, 20.0 ] },
				"up": { "texture": "#hair", "uv": [ 24.0, 0.0, 29.5, 6.5 ], "rotation": 90 },
				"down": { "texture": "#hair", "uv": [ 14.0, 27.0, 25.5, 12.0 ], "rotation": 90, "enabled": false, "autoUv": false }
			},
			"children": [
				{
					"name": "PartLeftTop",
					"from": [ 0.0, 8.5, 4.8 ], 
					"to": [ 6.5, 8.5, 6.8 ], 
					"uv": [ 19.5, 11.5 ],
					"rotationOrigin": [ 3.0, 8.5, 4.8 ],
					"rotationX": 44.0,
					"faces": {
						"north": { "texture": "#hair", "uv": [ 0.0, 3.0, 6.0, 3.5 ], "enabled": false },
						"east": { "texture": "#hair", "uv": [ 6.0, 3.0, 9.0, 3.5 ], "enabled": false },
						"south": { "texture": "#hair", "uv": [ 9.0, 3.0, 15.0, 3.5 ], "enabled": false },
						"west": { "texture": "#hair", "uv": [ 15.0, 3.0, 18.0, 3.5 ], "enabled": false },
						"up": { "texture": "#hair", "uv": [ 19.5, 11.5, 26.0, 13.5 ] },
						"down": { "texture": "#hair", "uv": [ 6.0, 0.0, 12.0, 3.0 ], "enabled": false }
					}
				},
				{
					"name": "hideme",
					"from": [ 0.0, 0.0, 0.0 ], 
					"to": [ 1.0, 1.0, 1.0 ], 
					"uv": [ 0.0, 0.0 ],
					"faces": {
						"north": { "texture": "#hair", "uv": [ 0.0, 1.0, 1.0, 2.0 ], "enabled": false },
						"east": { "texture": "#hair", "uv": [ 1.0, 1.0, 2.0, 2.0 ], "enabled": false },
						"south": { "texture": "#hair", "uv": [ 2.0, 1.0, 3.0, 2.0 ], "enabled": false },
						"west": { "texture": "#hair", "uv": [ 3.0, 1.0, 4.0, 2.0 ], "enabled": false },
						"up": { "texture": "#hair", "uv": [ 0.0, 0.0, 1.0, 1.0 ], "enabled": false },
						"down": { "texture": "#hair", "uv": [ 1.0, 0.0, 2.0, 1.0 ], "enabled": false }
					},
					"children": [
						{
							"name": "Cube12",
							"from": [ 0.0, 8.5, 5.5 ], 
							"to": [ 6.5, 10.5, 5.5 ], 
							"autoUnwrap": false,
							"uv": [ 3.0, 0.0 ],
							"rotationOrigin": [ 3.4, 8.5, 5.5 ],
							"rotationX": -36.0,
							"faces": {
								"north": { "texture": "#hair", "uv": [ 6.5, 11.0, 13.0, 13.0 ], "rotation": 180, "enabled": false },
								"east": { "texture": "#hair", "uv": [ 6.5, 0.5, 7.0, 2.5 ], "enabled": false },
								"south": { "texture": "#hair", "uv": [ 5.5, 0.0, 12.0, 2.0 ], "rotation": 180 },
								"west": { "texture": "#hair", "uv": [ 13.5, 0.5, 14.0, 2.5 ], "enabled": false },
								"up": { "texture": "#hair", "uv": [ 0.0, 0.0, 6.5, 0.5 ], "enabled": false },
								"down": { "texture": "#hair", "uv": [ 6.5, 0.0, 13.0, 0.5 ], "enabled": false }
							}
						},
						{
							"name": "Cube11",
							"from": [ 0.0, 8.5, 0.0 ], 
							"to": [ 6.5, 10.5, 0.0 ], 
							"autoUnwrap": false,
							"uv": [ 3.0, 0.0 ],
							"rotationOrigin": [ 3.4, 8.5, 0.0 ],
							"rotationX": 36.0,
							"faces": {
								"north": { "texture": "#hair", "uv": [ 6.5, 11.0, 13.0, 13.0 ], "rotation": 180 },
								"east": { "texture": "#hair", "uv": [ 6.5, 0.5, 7.0, 2.5 ], "enabled": false },
								"south": { "texture": "#hair", "uv": [ 7.0, 0.5, 13.5, 2.5 ], "enabled": false },
								"west": { "texture": "#hair", "uv": [ 13.5, 0.5, 14.0, 2.5 ], "enabled": false },
								"up": { "texture": "#hair", "uv": [ 0.0, 0.0, 6.5, 0.5 ], "enabled": false },
								"down": { "texture": "#hair", "uv": [ 6.5, 0.0, 13.0, 0.5 ], "enabled": false }
							}
						},
						{
							"name": "Cube10",
							"from": [ 6.5, 8.5, 0.0 ], 
							"to": [ 6.5, 10.5, 5.5 ], 
							"autoUnwrap": false,
							"uv": [ 11.0, 16.0 ],
							"rotationOrigin": [ 6.5, 8.5, 2.7 ],
							"rotationZ": 28.0,
							"faces": {
								"north": { "texture": "#hair", "uv": [ 0.0, 5.5, 0.5, 7.5 ], "enabled": false },
								"east": { "texture": "#hair", "uv": [ 12.5, 12.5, 18.0, 14.5 ], "rotation": 180 },
								"south": { "texture": "#hair", "uv": [ 6.0, 5.5, 6.5, 7.5 ], "enabled": false },
								"west": { "texture": "#hair", "uv": [ 7.0, 11.0, 12.5, 13.0 ], "rotation": 180, "enabled": false },
								"up": { "texture": "#hair", "uv": [ 0.0, 0.0, 0.5, 5.5 ], "enabled": false },
								"down": { "texture": "#hair", "uv": [ 0.5, 0.0, 1.0, 5.5 ], "enabled": false }
							}
						},
						{
							"name": "Cube9",
							"from": [ 0.0, 8.5, 0.0 ], 
							"to": [ 0.0, 10.5, 5.5 ], 
							"autoUnwrap": false,
							"uv": [ 11.0, 16.0 ],
							"rotationOrigin": [ 0.0, 8.5, 2.7 ],
							"rotationZ": -39.0,
							"faces": {
								"north": { "texture": "#hair", "uv": [ 0.0, 5.5, 0.5, 7.5 ], "enabled": false },
								"east": { "texture": "#hair", "uv": [ 0.5, 5.5, 6.0, 7.5 ], "enabled": false },
								"south": { "texture": "#hair", "uv": [ 6.0, 5.5, 6.5, 7.5 ], "enabled": false },
								"west": { "texture": "#hair", "uv": [ 20.0, 27.0, 25.5, 29.0 ], "rotation": 180 },
								"up": { "texture": "#hair", "uv": [ 0.0, 0.0, 0.5, 5.5 ], "enabled": false },
								"down": { "texture": "#hair", "uv": [ 0.5, 0.0, 1.0, 5.5 ], "enabled": false }
							}
						},
						{
							"name": "PartLeft8",
							"from": [ 0.0, 6.5, 0.0 ], 
							"to": [ 6.5, 8.5, 0.0 ], 
							"autoUnwrap": false,
							"uv": [ 6.0, 11.0 ],
							"rotationOrigin": [ 3.4, 8.5, 0.0 ],
							"rotationX": 19.0,
							"faces": {
								"north": { "texture": "#hair", "uv": [ 6.0, 11.0, 12.5, 13.0 ] },
								"east": { "texture": "#hair", "uv": [ 6.5, 0.5, 7.0, 2.5 ], "enabled": false },
								"south": { "texture": "#hair", "uv": [ 7.0, 0.5, 13.5, 2.5 ], "enabled": false },
								"west": { "texture": "#hair", "uv": [ 13.5, 0.5, 14.0, 2.5 ], "enabled": false },
								"up": { "texture": "#hair", "uv": [ 0.0, 0.0, 6.5, 0.5 ], "enabled": false },
								"down": { "texture": "#hair", "uv": [ 6.5, 0.0, 13.0, 0.5 ], "enabled": false }
							}
						},
						{
							"name": "PartRight",
							"from": [ 0.0, 5.5, 5.5 ], 
							"to": [ 6.5, 8.5, 5.5 ], 
							"uv": [ 12.5, 11.0 ],
							"rotationOrigin": [ 3.4, 8.5, 5.5 ],
							"rotationX": -5.0,
							"faces": {
								"north": { "texture": "#hair", "uv": [ 0.0, 12.0, 6.5, 15.0 ], "enabled": false },
								"east": { "texture": "#hair", "uv": [ 6.5, 0.5, 7.0, 3.5 ], "enabled": false },
								"south": { "texture": "#hair", "uv": [ 12.5, 11.0, 19.0, 14.0 ] },
								"west": { "texture": "#hair", "uv": [ 13.5, 0.5, 14.0, 3.5 ], "enabled": false },
								"up": { "texture": "#hair", "uv": [ 0.0, 0.0, 6.5, 0.5 ], "enabled": false },
								"down": { "texture": "#hair", "uv": [ 6.5, 0.0, 13.0, 0.5 ], "enabled": false }
							}
						},
						{
							"name": "PartLeft",
							"from": [ 0.0, 5.5, 0.0 ], 
							"to": [ 6.5, 8.5, 0.0 ], 
							"uv": [ 0.0, 12.0 ],
							"rotationOrigin": [ 3.4, 8.5, 0.0 ],
							"rotationX": 5.0,
							"faces": {
								"north": { "texture": "#hair", "uv": [ 0.0, 12.0, 6.5, 15.0 ] },
								"east": { "texture": "#hair", "uv": [ 6.5, 0.5, 7.0, 3.5 ], "enabled": false },
								"south": { "texture": "#hair", "uv": [ 7.0, 0.5, 13.5, 3.5 ], "enabled": false },
								"west": { "texture": "#hair", "uv": [ 13.5, 0.5, 14.0, 3.5 ], "enabled": false },
								"up": { "texture": "#hair", "uv": [ 0.0, 0.0, 6.5, 0.5 ], "enabled": false },
								"down": { "texture": "#hair", "uv": [ 6.5, 0.0, 13.0, 0.5 ], "enabled": false }
							}
						},
						{
							"name": "PartRightTop",
							"from": [ 0.5, 8.5, -0.2 ], 
							"to": [ 6.0, 8.5, 4.8 ], 
							"autoUnwrap": false,
							"uv": [ 20.0, 10.5 ],
							"rotationOrigin": [ 3.7, 8.5, 4.8 ],
							"rotationX": 5.0,
							"faces": {
								"north": { "texture": "#hair", "uv": [ 0.0, 3.0, 5.5, 3.5 ], "enabled": false },
								"east": { "texture": "#hair", "uv": [ 6.0, 3.0, 11.0, 3.5 ], "enabled": false },
								"south": { "texture": "#hair", "uv": [ 9.0, 3.0, 14.5, 3.5 ], "enabled": false },
								"west": { "texture": "#hair", "uv": [ 15.0, 3.0, 20.0, 3.5 ], "enabled": false },
								"up": { "texture": "#hair", "uv": [ 16.0, 1.5, 21.5, 6.5 ], "rotation": 180 },
								"down": { "texture": "#hair", "uv": [ 6.0, 0.0, 11.5, 5.0 ], "enabled": false }
							},
							"children": [
								{
									"name": "Cube1",
									"from": [ 0.2, 0.0, -1.0 ], 
									"to": [ 6.2, 0.0, 2.0 ], 
									"autoUnwrap": false,
									"uv": [ 13.0, 12.0 ],
									"rotationOrigin": [ 3.2, 0.0, 2.0 ],
									"rotationX": -22.0,
									"faces": {
										"north": { "texture": "#hair", "uv": [ 0.0, 1.0, 6.0, 1.5 ], "enabled": false },
										"east": { "texture": "#hair", "uv": [ 6.0, 1.0, 9.0, 1.5 ], "enabled": false },
										"south": { "texture": "#hair", "uv": [ 7.0, 1.0, 13.0, 1.5 ], "enabled": false },
										"west": { "texture": "#hair", "uv": [ 13.0, 1.0, 16.0, 1.5 ], "enabled": false },
										"up": { "texture": "#hair", "uv": [ 13.0, 12.0, 19.0, 15.0 ], "rotation": 180 },
										"down": { "texture": "#hair", "uv": [ 6.0, 0.0, 12.0, 3.0 ], "enabled": false }
									}
								}
							]
						}
					]
				}
			]
		},
		{
			"name": "Hair tile upper part",
			"stepParentName": "Head",
			"from": [ -0.41, -2.1, -0.6 ], 
			"to": [ 6.59, 5.4, 5.4 ], 
			"autoUnwrap": false,
			"uv": [ 3.0, 9.0 ],
			"rotationOrigin": [ 2.9252, 5.6058, 2.1 ],
			"rotationZ": 2.0,
			"faces": {
				"north": { "texture": "#hair", "uv": [ 0.0, 10.5, 7.0, 18.0 ], "enabled": false },
				"east": { "texture": "#hair", "uv": [ 19.0, 10.5, 25.0, 18.0 ], "enabled": false },
				"south": { "texture": "#hair", "uv": [ 12.5, 10.5, 19.5, 18.0 ], "enabled": false },
				"west": { "texture": "#hair", "uv": [ 6.5, 10.5, 12.5, 18.0 ], "enabled": false },
				"up": { "texture": "#hair", "uv": [ 26.0, 11.0, 32.0, 18.0 ], "rotation": 90, "enabled": false },
				"down": { "texture": "#hair", "uv": [ 39.0, 34.5, 45.0, 41.5 ], "rotation": 90, "enabled": false }
			}
		}
	]}