{
	"editor": {
		"backDropShape": "entity/humanoid/seraph-hairless",
		"allAngles": true,
		"entityTextureMode": true
	},
	"textureWidth": 48,
	"textureHeight": 48,
	"textureSizes": {
		"hair": [48,48]
	},
	"textures": {
		"hair": "entity/humanoid/seraphskinparts/hair/lightgray"
	},
	"elements": [
		{
			"name": "Hair",
			"stepParentName": "Head",
			"from": [ -0.2, -3.1, -0.3 ], 
			"to": [ 6.3, 5.4, 5.2 ], 
			"autoUnwrap": false,
			"uv": [ 2.0, 2.5 ],
			"rotationOrigin": [ 3.0, 2.0, 2.5 ],
			"faces": {
				"north": { "texture": "#hair", "uv": [ 0.0, 1.0, 6.5, 9.5 ] },
				"east": { "texture": "#hair", "uv": [ 18.0, 1.0, 23.5, 9.5 ] },
				"south": { "texture": "#hair", "uv": [ 11.0, 1.0, 17.5, 9.5 ] },
				"west": { "texture": "#hair", "uv": [ 27.5, 21.5, 33.0, 30.0 ] },
				"up": { "texture": "#hair", "uv": [ 24.0, 0.0, 29.5, 6.5 ], "rotation": 90 },
				"down": { "texture": "#hair", "uv": [ 14.0, 27.0, 25.5, 12.0 ], "rotation": 90, "enabled": false, "autoUv": false }
			},
			"children": [
				{
					"name": "hideme",
					"from": [ 0.0, 0.0, 0.0 ], 
					"to": [ 0.0, 0.0, 0.0 ], 
					"uv": [ 0.0, 0.0 ],
					"faces": {
						"north": { "texture": "#null", "uv": [ 0.0, 1.0, 1.0, 2.0 ], "enabled": false },
						"east": { "texture": "#null", "uv": [ 1.0, 1.0, 2.0, 2.0 ], "enabled": false },
						"south": { "texture": "#null", "uv": [ 2.0, 1.0, 3.0, 2.0 ], "enabled": false },
						"west": { "texture": "#null", "uv": [ 3.0, 1.0, 4.0, 2.0 ], "enabled": false },
						"up": { "texture": "#null", "uv": [ 0.0, 0.0, 1.0, 1.0 ], "enabled": false },
						"down": { "texture": "#null", "uv": [ 1.0, 0.0, 2.0, 1.0 ], "enabled": false }
					},
					"children": [
						{
							"name": "PartRightTop",
							"from": [ 0.0, 8.5, -0.2 ], 
							"to": [ 6.5, 8.5, 2.8 ], 
							"autoUnwrap": false,
							"uv": [ 20.0, 10.5 ],
							"rotationOrigin": [ 3.2, 8.5, 2.8 ],
							"rotationX": 4.999999821399809,
							"faces": {
								"north": { "texture": "#hair", "uv": [ 0.0, 3.0, 6.5, 3.5 ], "enabled": false },
								"east": { "texture": "#hair", "uv": [ 6.0, 3.0, 9.0, 3.5 ], "enabled": false },
								"south": { "texture": "#hair", "uv": [ 9.0, 3.0, 15.5, 3.5 ], "enabled": false },
								"west": { "texture": "#hair", "uv": [ 15.0, 3.0, 18.0, 3.5 ], "enabled": false },
								"up": { "texture": "#hair", "uv": [ 19.0, 10.5, 25.5, 13.5 ], "rotation": 180 },
								"down": { "texture": "#hair", "uv": [ 6.0, 0.0, 12.5, 3.0 ], "enabled": false }
							}
						},
						{
							"name": "PartLeftTop",
							"from": [ 0.0, 8.5, 2.8 ], 
							"to": [ 6.5, 8.5, 5.8 ], 
							"uv": [ 20.0, 10.5 ],
							"rotationOrigin": [ 3.0, 8.5, 2.8 ],
							"rotationX": -4.999999821399809,
							"faces": {
								"north": { "texture": "#hair", "uv": [ 0.0, 3.0, 6.0, 3.5 ], "enabled": false },
								"east": { "texture": "#hair", "uv": [ 6.0, 3.0, 9.0, 3.5 ], "enabled": false },
								"south": { "texture": "#hair", "uv": [ 9.0, 3.0, 15.0, 3.5 ], "enabled": false },
								"west": { "texture": "#hair", "uv": [ 15.0, 3.0, 18.0, 3.5 ], "enabled": false },
								"up": { "texture": "#hair", "uv": [ 20.0, 10.5, 26.5, 13.5 ] },
								"down": { "texture": "#hair", "uv": [ 6.0, 0.0, 12.0, 3.0 ], "enabled": false }
							}
						},
						{
							"name": "PartRight",
							"from": [ 0.0, 5.5, 5.5 ], 
							"to": [ 6.5, 8.5, 5.5 ], 
							"uv": [ 12.5, 11.0 ],
							"rotationOrigin": [ 3.4, 8.5, 5.5 ],
							"rotationX": -4.999999821399809,
							"faces": {
								"north": { "texture": "#hair", "uv": [ 0.0, 12.0, 6.5, 15.0 ], "enabled": false },
								"east": { "texture": "#hair", "uv": [ 6.5, 0.5, 7.0, 3.5 ], "enabled": false },
								"south": { "texture": "#hair", "uv": [ 12.5, 11.0, 19.0, 14.0 ] },
								"west": { "texture": "#hair", "uv": [ 13.5, 0.5, 14.0, 3.5 ], "enabled": false },
								"up": { "texture": "#hair", "uv": [ 0.0, 0.0, 6.5, 0.5 ], "enabled": false },
								"down": { "texture": "#hair", "uv": [ 6.5, 0.0, 13.0, 0.5 ], "enabled": false }
							}
						},
						{
							"name": "PartLeft",
							"from": [ 0.0, 5.5, 0.0 ], 
							"to": [ 6.5, 8.5, 0.0 ], 
							"uv": [ 0.0, 12.0 ],
							"rotationOrigin": [ 3.4, 8.5, 0.0 ],
							"rotationX": 4.999999821399809,
							"faces": {
								"north": { "texture": "#hair", "uv": [ 0.0, 12.0, 6.5, 15.0 ] },
								"east": { "texture": "#hair", "uv": [ 6.5, 0.5, 7.0, 3.5 ], "enabled": false },
								"south": { "texture": "#hair", "uv": [ 7.0, 0.5, 13.5, 3.5 ], "enabled": false },
								"west": { "texture": "#hair", "uv": [ 13.5, 0.5, 14.0, 3.5 ], "enabled": false },
								"up": { "texture": "#hair", "uv": [ 0.0, 0.0, 6.5, 0.5 ], "enabled": false },
								"down": { "texture": "#hair", "uv": [ 6.5, 0.0, 13.0, 0.5 ], "enabled": false }
							}
						}
					]
				}
			]
		},
		{
			"name": "Hair tile upper part",
			"stepParentName": "Head",
			"from": [ -0.4, -2.0, -0.5 ], 
			"to": [ 6.6, 5.5, 5.5 ], 
			"autoUnwrap": false,
			"uv": [ 3.0, 9.0 ],
			"rotationOrigin": [ 3.1, 5.5, 2.5 ],
			"faces": {
				"north": { "texture": "#hair", "uv": [ 0.0, 10.5, 7.0, 18.0 ], "enabled": false },
				"east": { "texture": "#hair", "uv": [ 19.0, 10.5, 25.0, 18.0 ], "enabled": false },
				"south": { "texture": "#hair", "uv": [ 12.5, 10.5, 19.5, 18.0 ], "enabled": false },
				"west": { "texture": "#hair", "uv": [ 6.5, 10.5, 12.5, 18.0 ], "enabled": false },
				"up": { "texture": "#hair", "uv": [ 26.0, 11.0, 32.0, 18.0 ], "rotation": 90, "enabled": false },
				"down": { "texture": "#hair", "uv": [ 39.0, 34.5, 45.0, 41.5 ], "rotation": 90, "enabled": false }
			}
		}
	]}