{
	"editor": {
		"allAngles": false,
		"entityTextureMode": false
	},
	"textureWidth": 16,
	"textureHeight": 16,
	"textureSizes": {
	},
	"textures": {
		"fuze": "game:block/metal/anvil/tinbronze"
	},
	"elements": [
		{
			"name": "Origin",
			"from": [ 0.0, 0.0, 0.0 ],
			"to": [ 0.0, 0.0, 0.0 ],
			"rotationOrigin": [ 8.0, 0.0, 8.0 ],
			"faces": {
			},
			"children": [
				{
					"name": "Fuze1",
					"from": [ 7.455, 0.0, 7.455 ],
					"to": [ 8.455, 2.0, 8.455 ],
					"rotationOrigin": [ 6.955, 0.0, 7.455 ],
					"faces": {
						"north": { "texture": "#fuze", "uv": [ 10.5, 3.5, 11.5, 5.5 ], "snapUv": false },
						"east": { "texture": "#fuze", "uv": [ 8.0, 1.5, 9.0, 3.5 ], "snapUv": false },
						"south": { "texture": "#fuze", "uv": [ 3.5, 1.5, 4.5, 3.5 ], "snapUv": false },
						"west": { "texture": "#fuze", "uv": [ 1.0, 1.5, 2.0, 3.5 ], "snapUv": false },
						"up": { "texture": "#fuze", "uv": [ 5.0, 7.5, 6.0, 8.5 ], "snapUv": false },
						"down": { "texture": "#fuze", "uv": [ 5.0, 9.5, 6.0, 10.5 ], "windMode": [-1,-1,-1,-1] }
					},
					"children": [
						{
							"name": "Fuze2",
							"from": [ 0.25, 2.0, 0.25 ],
							"to": [ 0.75, 2.3, 0.75 ],
							"rotationOrigin": [ 0.25, 2.0, 0.25 ],
							"faces": {
								"north": { "texture": "#fuze", "uv": [ 13.0, 1.5, 13.5, 2.0 ] },
								"east": { "texture": "#fuze", "uv": [ 8.0, 1.5, 8.5, 2.0 ] },
								"south": { "texture": "#fuze", "uv": [ 3.5, 1.5, 4.0, 2.0 ] },
								"west": { "texture": "#fuze", "uv": [ 0.0, 1.0, 0.5, 1.5 ] }
							},
							"children": [
								{
									"name": "Fuze3",
									"from": [ -0.15, 0.3, -0.15 ],
									"to": [ 0.65, 0.55, 0.65 ],
									"rotationOrigin": [ -0.15, 0.3, -0.15 ],
									"faces": {
										"north": { "texture": "#fuze", "uv": [ 11.5, 2.5, 12.0, 3.0 ] },
										"east": { "texture": "#fuze", "uv": [ 6.0, 4.5, 6.5, 5.0 ] },
										"south": { "texture": "#fuze", "uv": [ 7.5, 3.5, 8.0, 4.0 ] },
										"west": { "texture": "#fuze", "uv": [ 5.5, 3.0, 6.0, 3.5 ] },
										"up": { "texture": "#fuze", "uv": [ 5.0, 7.5, 5.8, 8.3 ], "snapUv": false },
										"down": { "texture": "#fuze", "uv": [ 2.0, 2.5, 2.5, 3.0 ], "windMode": [-1,-1,-1,-1] }
									}
								}
							]
						},
						{
							"name": "Detail1",
							"from": [ 0.4, 2.0, -0.4 ],
							"to": [ 0.6, 2.2, 1.4 ],
							"rotationOrigin": [ 0.5, 2.1, -0.4 ],
							"rotationZ": 45.0,
							"faces": {
								"north": { "texture": "#fuze", "uv": [ 11.5, 2.5, 12.0, 3.0 ] },
								"east": { "texture": "#fuze", "uv": [ 6.0, 4.5, 7.5, 5.0 ] },
								"south": { "texture": "#fuze", "uv": [ 7.5, 3.5, 8.0, 4.0 ] },
								"west": { "texture": "#fuze", "uv": [ 5.5, 3.0, 7.0, 3.5 ] },
								"up": { "texture": "#fuze", "uv": [ 5.0, 7.5, 5.5, 9.0 ] },
								"down": { "texture": "#fuze", "uv": [ 2.0, 2.5, 2.5, 4.0 ] }
							},
							"children": [
								{
									"name": "Detail2",
									"from": [ -0.4, 0.05, 0.05 ],
									"to": [ 0.0, 0.15, 0.15 ],
									"rotationOrigin": [ 0.1, 0.1, 0.0 ],
									"rotationZ": 45.0,
									"faces": {
										"north": { "texture": "#fuze", "uv": [ 11.5, 2.5, 12.0, 3.0 ] },
										"east": { "texture": "#fuze", "uv": [ 6.0, 4.5, 6.5, 5.0 ] },
										"south": { "texture": "#fuze", "uv": [ 7.5, 3.5, 8.0, 4.0 ] },
										"west": { "texture": "#fuze", "uv": [ 5.5, 3.0, 6.0, 3.5 ] },
										"up": { "texture": "#fuze", "uv": [ 5.0, 7.5, 5.5, 8.0 ] },
										"down": { "texture": "#fuze", "uv": [ 2.0, 2.5, 2.5, 3.0 ] }
									}
								}
							]
						}
					]
				}
			]
		}
	]}