{
	"editor": {
		"collapsedPaths": "Root/origin/N,Root/origin/S,Root/origin/W,Root/origin/E",
		"allAngles": false,
		"entityTextureMode": false
	},
	"textureWidth": 16,
	"textureHeight": 16,
	"textureSizes": {
	},
	"textures": {
	},
	"elements": [
		{
			"name": "origin",
			"from": [ 8.0, 0.0, 8.0 ],
			"to": [ 8.0, 0.0, 8.0 ],
			"rotationOrigin": [ 8.0, 0.0, 8.0 ],
			"faces": {
			},
			"children": [
				{
					"name": "N",
					"from": [ -2.0, 0.0, -4.0 ],
					"to": [ 4.0, 2.0, -2.0 ],
					"rotationOrigin": [ -2.0, 0.0, -4.0 ],
					"faces": {
						"north": { "texture": "#rope", "uv": [ 1.5, 5.0, 7.5, 7.0 ] },
						"east": { "texture": "#rope", "uv": [ 1.0, 11.0, 3.0, 13.0 ] },
						"south": { "texture": "#rope", "uv": [ 5.0, 2.0, 11.0, 4.0 ] },
						"up": { "texture": "#rope", "uv": [ 4.5, 11.5, 10.5, 13.5 ] },
						"down": { "texture": "#rope", "uv": [ 9.0, 10.0, 15.0, 12.0 ] }
					},
					"children": [
						{
							"name": "N-top",
							"from": [ -0.5, 2.0, 0.5 ],
							"to": [ 5.5, 2.5, 1.5 ],
							"rotationOrigin": [ -0.5, 2.0, 0.5 ],
							"faces": {
								"north": { "texture": "#rope", "uv": [ 1.5, 8.0, 7.5, 8.5 ] },
								"east": { "texture": "#rope", "uv": [ 11.5, 6.0, 12.5, 6.5 ] },
								"south": { "texture": "#rope", "uv": [ 2.0, 2.5, 8.0, 3.0 ] },
								"up": { "texture": "#rope", "uv": [ 9.0, 14.5, 15.0, 15.5 ] }
							}
						},
						{
							"name": "N-side",
							"from": [ -1.5, 0.5, -0.5 ],
							"to": [ 5.5, 1.5, 0.0 ],
							"rotationOrigin": [ -1.5, 0.5, -0.5 ],
							"faces": {
								"north": { "texture": "#rope", "uv": [ 8.0, 9.0, 15.0, 10.0 ] },
								"east": { "texture": "#rope", "uv": [ 11.5, 5.5, 12.0, 6.5 ] },
								"west": { "texture": "#rope", "uv": [ 4.5, 12.5, 5.0, 13.5 ] },
								"up": { "texture": "#rope", "uv": [ 2.5, 3.0, 9.5, 3.5 ] },
								"down": { "texture": "#rope", "uv": [ 4.0, 6.0, 11.0, 6.5 ] }
							}
						},
						{
							"name": "N-in",
							"from": [ 0.0, 0.5, 2.0 ],
							"to": [ 3.5, 1.5, 2.5 ],
							"rotationOrigin": [ 0.0, 0.5, 2.0 ],
							"faces": {
								"south": { "texture": "#rope", "uv": [ 11.0, 11.0, 14.5, 12.0 ] },
								"up": { "texture": "#rope", "uv": [ 1.0, 14.0, 4.5, 14.5 ] },
								"down": { "texture": "#rope", "uv": [ 4.5, 2.0, 8.0, 2.5 ] }
							}
						}
					]
				},
				{
					"name": "S",
					"from": [ -4.0, 0.0, 2.0 ],
					"to": [ 2.0, 2.0, 4.0 ],
					"rotationOrigin": [ -4.0, 0.0, 2.0 ],
					"faces": {
						"north": { "texture": "#rope", "uv": [ 1.0, 12.0, 7.0, 14.0 ] },
						"south": { "texture": "#rope", "uv": [ 0.5, 12.5, 6.5, 14.5 ] },
						"west": { "texture": "#rope", "uv": [ 11.0, 9.0, 13.0, 11.0 ] },
						"up": { "texture": "#rope", "uv": [ 9.5, 12.5, 15.5, 14.5 ] },
						"down": { "texture": "#rope", "uv": [ 1.5, 1.5, 7.5, 3.5 ] }
					},
					"children": [
						{
							"name": "end",
							"from": [ 6.0, 0.0, 2.0 ],
							"to": [ 7.0, 1.0, 5.0 ],
							"rotationOrigin": [ 6.0, 0.0, 2.0 ],
							"faces": {
								"east": { "texture": "#rope", "uv": [ 6.0, 0.5, 9.0, 1.5 ] },
								"south": { "texture": "#rope", "uv": [ 0.5, 2.0, 1.5, 3.0 ] },
								"west": { "texture": "#rope", "uv": [ 3.0, 3.0, 6.0, 4.0 ] },
								"up": { "texture": "#rope", "uv": [ 10.0, 11.5, 11.0, 14.5 ] },
								"down": { "texture": "#rope", "uv": [ 6.5, 1.0, 7.5, 4.0 ] }
							}
						},
						{
							"name": "S-top",
							"from": [ 0.5, 2.0, 0.5 ],
							"to": [ 6.5, 2.5, 1.5 ],
							"rotationOrigin": [ 0.5, 2.0, 0.5 ],
							"faces": {
								"north": { "texture": "#rope", "uv": [ 8.5, 9.0, 14.5, 9.5 ] },
								"south": { "texture": "#rope", "uv": [ 5.0, 10.5, 11.0, 11.0 ] },
								"west": { "texture": "#rope", "uv": [ 14.5, 2.5, 15.5, 3.0 ] },
								"up": { "texture": "#rope", "uv": [ 5.0, 14.5, 11.0, 15.5 ] }
							}
						},
						{
							"name": "S-side",
							"from": [ 0.5, 0.5, 2.0 ],
							"to": [ 7.5, 1.5, 2.5 ],
							"rotationOrigin": [ 0.5, 0.5, 2.0 ],
							"faces": {
								"east": { "texture": "#rope", "uv": [ 10.5, 9.0, 11.0, 10.0 ] },
								"south": { "texture": "#rope", "uv": [ 2.0, 11.5, 9.0, 12.5 ] },
								"west": { "texture": "#rope", "uv": [ 6.0, 8.5, 6.5, 9.5 ] },
								"up": { "texture": "#rope", "uv": [ 3.0, 12.0, 10.0, 12.5 ] },
								"down": { "texture": "#rope", "uv": [ 6.0, 1.0, 13.0, 1.5 ] }
							}
						},
						{
							"name": "S-in",
							"from": [ 2.5, 0.5, -0.5 ],
							"to": [ 6.0, 1.5, 0.0 ],
							"rotationOrigin": [ 2.5, 0.5, -0.5 ],
							"faces": {
								"north": { "texture": "#rope", "uv": [ 10.0, 6.0, 13.5, 7.0 ] },
								"up": { "texture": "#rope", "uv": [ 4.5, 4.5, 8.0, 5.0 ] },
								"down": { "texture": "#rope", "uv": [ 0.5, 13.0, 4.0, 13.5 ] }
							}
						}
					]
				},
				{
					"name": "W",
					"from": [ -4.0, 0.0, -4.0 ],
					"to": [ -2.0, 2.0, 2.0 ],
					"rotationOrigin": [ -4.0, 0.0, -4.0 ],
					"faces": {
						"north": { "texture": "#rope", "uv": [ 6.5, 3.5, 8.5, 5.5 ] },
						"east": { "texture": "#rope", "uv": [ 7.0, 2.5, 13.0, 4.5 ] },
						"west": { "texture": "#rope", "uv": [ 5.0, 12.0, 11.0, 14.0 ] },
						"up": { "texture": "#rope", "uv": [ 3.0, 2.5, 5.0, 8.5 ] },
						"down": { "texture": "#rope", "uv": [ 3.0, 3.0, 5.0, 9.0 ] }
					},
					"children": [
						{
							"name": "W-top",
							"from": [ 0.5, 2.0, 0.5 ],
							"to": [ 1.5, 2.5, 6.5 ],
							"rotationOrigin": [ 0.5, 2.0, 0.5 ],
							"faces": {
								"north": { "texture": "#rope", "uv": [ 6.0, 0.5, 7.0, 1.0 ] },
								"east": { "texture": "#rope", "uv": [ 2.5, 2.0, 8.5, 2.5 ] },
								"west": { "texture": "#rope", "uv": [ 5.5, 7.0, 11.5, 7.5 ] },
								"up": { "texture": "#rope", "uv": [ 1.5, 7.5, 2.5, 13.5 ] }
							}
						},
						{
							"name": "W-side",
							"from": [ -0.5, 0.5, 0.5 ],
							"to": [ 0.0, 1.5, 7.5 ],
							"rotationOrigin": [ -0.5, 0.5, 0.5 ],
							"faces": {
								"north": { "texture": "#rope", "uv": [ 8.0, 4.0, 8.5, 5.0 ] },
								"south": { "texture": "#rope", "uv": [ 6.5, 13.0, 7.0, 14.0 ] },
								"west": { "texture": "#rope", "uv": [ 8.0, 7.5, 15.0, 8.5 ] },
								"up": { "texture": "#rope", "uv": [ 12.5, 8.0, 13.0, 15.0 ] },
								"down": { "texture": "#rope", "uv": [ 12.5, 2.5, 13.0, 9.5 ] }
							}
						},
						{
							"name": "W-in",
							"from": [ 2.0, 0.5, 2.5 ],
							"to": [ 2.5, 1.5, 6.0 ],
							"rotationOrigin": [ 2.0, 0.5, 2.5 ],
							"faces": {
								"east": { "texture": "#rope", "uv": [ 2.0, 2.0, 5.5, 3.0 ] },
								"up": { "texture": "#rope", "uv": [ 14.0, 2.5, 14.5, 6.0 ] },
								"down": { "texture": "#rope", "uv": [ 10.0, 0.5, 10.5, 4.0 ] }
							}
						}
					]
				},
				{
					"name": "E",
					"from": [ 2.0, 0.0, -2.0 ],
					"to": [ 4.0, 2.0, 4.0 ],
					"rotationOrigin": [ 2.0, 0.0, -2.0 ],
					"faces": {
						"east": { "texture": "#rope", "uv": [ 6.0, 6.0, 12.0, 8.0 ] },
						"south": { "texture": "#rope", "uv": [ 10.5, 6.5, 12.5, 8.5 ] },
						"west": { "texture": "#rope", "uv": [ 8.5, 1.5, 14.5, 3.5 ] },
						"up": { "texture": "#rope", "uv": [ 4.5, 6.5, 6.5, 12.5 ] },
						"down": { "texture": "#rope", "uv": [ 7.0, 9.5, 9.0, 15.5 ] }
					},
					"children": [
						{
							"name": "E-top",
							"from": [ 0.5, 2.0, -0.5 ],
							"to": [ 1.5, 2.5, 5.5 ],
							"rotationOrigin": [ 0.5, 2.0, -0.5 ],
							"faces": {
								"east": { "texture": "#rope", "uv": [ 8.0, 10.0, 14.0, 10.5 ] },
								"south": { "texture": "#rope", "uv": [ 12.5, 5.0, 13.5, 5.5 ] },
								"west": { "texture": "#rope", "uv": [ 0.0, 0.0, 6.0, 0.5 ] },
								"up": { "texture": "#rope", "uv": [ 9.5, 7.0, 10.5, 13.0 ] }
							}
						},
						{
							"name": "E-side",
							"from": [ 2.0, 0.5, -1.5 ],
							"to": [ 2.5, 1.5, 5.5 ],
							"rotationOrigin": [ 2.0, 0.5, -1.5 ],
							"faces": {
								"north": { "texture": "#rope", "uv": [ 2.5, 3.0, 3.0, 4.0 ] },
								"east": { "texture": "#rope", "uv": [ 2.0, 11.0, 9.0, 12.0 ] },
								"south": { "texture": "#rope", "uv": [ 5.0, 8.0, 5.5, 9.0 ] },
								"up": { "texture": "#rope", "uv": [ 15.0, 2.0, 15.5, 9.0 ] },
								"down": { "texture": "#rope", "uv": [ 7.5, 0.5, 8.0, 7.5 ] }
							}
						},
						{
							"name": "E-in",
							"from": [ -0.5, 0.5, 0.0 ],
							"to": [ 0.0, 1.5, 3.5 ],
							"rotationOrigin": [ -0.5, 0.5, 0.0 ],
							"faces": {
								"west": { "texture": "#rope", "uv": [ 5.0, 14.0, 8.5, 15.0 ] },
								"up": { "texture": "#rope", "uv": [ 1.0, 5.0, 1.5, 8.5 ] },
								"down": { "texture": "#rope", "uv": [ 5.5, 11.0, 6.0, 14.5 ] }
							}
						}
					]
				},
				{
					"name": "triggerhandle",
					"from": [ 0.0, 0.2, 6.5 ],
					"to": [ 4.0, 0.8, 7.1 ],
					"rotationOrigin": [ 2.0, 0.225, 6.5 ],
					"faces": {
						"north": { "texture": "#metal", "uv": [ 0.0, 5.5, 4.0, 6.0 ] },
						"east": { "texture": "#metal", "uv": [ 0.5, 0.5, 1.0, 1.0 ] },
						"south": { "texture": "#metal", "uv": [ 0.0, 10.5, 4.0, 11.0 ] },
						"west": { "texture": "#metal", "uv": [ 14.0, 10.0, 14.5, 10.5 ] },
						"up": { "texture": "#metal", "uv": [ 0.0, 2.5, 4.0, 3.0 ] },
						"down": { "texture": "#metal", "uv": [ 0.0, 5.0, 4.0, 5.5 ] }
					},
					"children": [
						{
							"name": "blade",
							"from": [ 4.0, 0.2, -0.15 ],
							"to": [ 5.0, 0.4, 0.75 ],
							"rotationOrigin": [ 4.0, 0.2, -0.15 ],
							"rotationY": -2.0,
							"faces": {
								"north": { "texture": "#metal", "uv": [ 12.0, 1.0, 13.0, 1.25 ] },
								"east": { "texture": "#metal", "uv": [ 11.0, 12.0, 11.75, 12.25 ] },
								"south": { "texture": "#metal", "uv": [ 8.0, 12.0, 9.0, 12.25 ] },
								"west": { "texture": "#metal", "uv": [ 10.0, 11.0, 10.75, 11.25 ] },
								"up": { "texture": "#metal", "uv": [ 7.0, 11.0, 8.0, 11.75 ] },
								"down": { "texture": "#metal", "uv": [ 4.0, 5.0, 5.0, 5.75 ] }
							}
						},
						{
							"name": "RampU",
							"from": [ 4.0, 0.4, 0.0 ],
							"to": [ 5.0, 0.6, 0.6 ],
							"rotationOrigin": [ 4.0, 0.6, 0.0 ],
							"rotationY": -2.0,
							"rotationZ": -11.5,
							"faces": {
								"north": { "texture": "#metal", "uv": [ 12.0, 1.0, 13.0, 1.25 ] },
								"east": { "texture": "#metal", "uv": [ 11.0, 12.0, 11.5, 12.25 ] },
								"south": { "texture": "#metal", "uv": [ 8.0, 12.0, 9.0, 12.25 ] },
								"west": { "texture": "#metal", "uv": [ 10.0, 11.0, 10.5, 11.25 ] },
								"up": { "texture": "#metal", "uv": [ 6.0, 14.0, 7.0, 14.5 ] },
								"down": { "texture": "#metal", "uv": [ 4.0, 5.0, 5.0, 5.5 ] }
							}
						},
						{
							"name": "RampD",
							"from": [ 4.0, 0.0, 0.0 ],
							"to": [ 5.0, 0.2, 0.6 ],
							"rotationOrigin": [ 4.0, 0.0, 0.0 ],
							"rotationY": -2.0,
							"rotationZ": 11.5,
							"faces": {
								"north": { "texture": "#metal", "uv": [ 12.0, 1.0, 13.0, 1.25 ] },
								"east": { "texture": "#metal", "uv": [ 11.0, 12.0, 11.5, 12.25 ] },
								"south": { "texture": "#metal", "uv": [ 8.0, 12.0, 9.0, 12.25 ] },
								"west": { "texture": "#metal", "uv": [ 10.0, 11.0, 10.5, 11.25 ] },
								"up": { "texture": "#metal", "uv": [ 6.0, 14.0, 7.0, 14.5 ] },
								"down": { "texture": "#metal", "uv": [ 4.0, 5.0, 5.0, 5.5 ] }
							}
						}
					]
				}
			]
		}
	]}