{
	"code": "palette",
	"class": "ItemPalette",
		storageFlags: 257,
	"drawtype": "json",
	"shape": { "base": "item/tool/palette" },
	"variantgroups": [
		{
			"code": "material",
			"states": [ "standard","glow","light" ]
		}
	],
	"texturesByType": {
		"*-standard":
			 {
				"metal": { "base": "game:block/wood/oak" },
				"wood": { "base": "game:item/tool/material/handle" },
				"linen": { "base": "game:item/tool/material/linen" }
			 },
		"*-glow":
			 {
				"metal": { "base": "game:block/metal/ingot/gold" },
				"wood": { "base": "game:item/tool/material/handle" },
				"linen": { "base": "game:item/tool/material/linen" }
			 },
		"*-jonas":
			 {
				"metal": { "base": "game:block/creative/col37" },
				"wood": { "base": "game:item/tool/material/handle" },
				"linen": { "base": "game:item/tool/material/linen" }
			 }
		
	},

	"attributes": {
		"toolrackTransform": {
			"translation": {
				"x": 0,
				"y": 0.61,
				"z": 0
			},
			"rotation": {
				"x": 0,
				"y": 0,
				"z": 2
			},
			"scale": 1.5
			
		},
		"rackable": true
	},
	"damagedby": [ "blockbreaking", "attacking" ],
	"enabled": true,
	"heldTpHitAnimation": "idle",
	"creativeinventory": {
		"general": ["*"],"chiseltools": [ "*" ]
	},
		guiTransform: {
		translation: { x: 10, y: -2, z: 0 },
		rotation: { x: 47, y: -90, z: -55 },
		origin: { x: 0.5299, y: 0, z: 0.4 },
		scale: 2.65
	},
	"fpHandTransform": {
		"translation": {
			"x": 0.1,
			"y": 0.3,
			"z": 0
		},
		"rotation": {
			"x": 90,
			"y": 99,
			"z": -42
		},
		"origin": {
			"x": 0.5,
			"y": 0,
			"z": 0.5
		},
		"scale": 2.15
	},
	"groundTransform": {
		"translation": {
			"x": 0,
			"y": 0,
			"z": 0
		},
		"rotation": {
			"x": 0,
			"y": 0,
			"z": 0
		},
		"origin": {
			"x": 0.5,
			"y": 0,
			"z": 0.5
		},
		"scale": 4.31
	},
	"tpHandTransform": {
		"translation": {
			"x": -0.78,
			"y": -0.09,
			"z": -0.67
		},
		"rotation": {
			"x": 9,
			"y": -1,
			"z": -16
		},
		"origin": {
			"x": 0.5,
			"y": 0,
			"z": 0.5
		},
		"scale": 0.76
	},
	"attributesByType": {
		"*-standard": {
			"inks": [
				"game:creativeblock-0",
					"game:creativeblock-1",
					"game:creativeblock-2",
					"game:creativeblock-3",
					"game:creativeblock-4",
					"game:creativeblock-5",
					"game:creativeblock-6",
					"game:creativeblock-7",
					"game:creativeblock-8",
					"game:creativeblock-9",
					"game:creativeblock-10",
					"game:creativeblock-11",
					"game:creativeblock-12",
					"game:creativeblock-13",
					"game:creativeblock-14",
					"game:creativeblock-15",
					"game:creativeblock-16",
					"game:creativeblock-17",
					"game:creativeblock-18",
					"game:creativeblock-19",
					"game:creativeblock-20",
					"game:creativeblock-21",
					"game:creativeblock-22",
					"game:creativeblock-23",
					"game:creativeblock-24",
					"game:creativeblock-25",
					"game:creativeblock-26",
					"game:creativeblock-27",
					"game:creativeblock-28",
					"game:creativeblock-29",
					"game:creativeblock-30",
					"game:creativeblock-31",
					"game:creativeblock-32",
					"game:creativeblock-33",
					"game:creativeblock-34",
					"game:creativeblock-35",
					"game:creativeblock-36",
					"game:creativeblock-37",
					"game:creativeblock-38",
					"game:creativeblock-39",
					"game:creativeblock-40",
					"game:creativeblock-41",
					"game:creativeblock-42",
					"game:creativeblock-43",
					"game:creativeblock-44",
					"game:creativeblock-45",
					"game:creativeblock-46",
					"game:creativeblock-47",
					"game:creativeblock-48",
					"game:creativeblock-49",
					"game:creativeblock-50",
					"game:creativeblock-51",
					"game:creativeblock-52",
					"game:creativeblock-53",
					"game:creativeblock-54",
					"game:creativeblock-55",
					"game:creativeblock-56",
					"game:creativeblock-57",
					"game:creativeblock-58",
					"game:creativeblock-59",
					"game:creativeblock-60",
					"game:creativeblock-61",
					"game:creativeblock-62",
					"game:creativeblock-63",
					"game:creativeblock-64",
					"game:creativeblock-65",
					"game:creativeblock-66",
					"game:creativeblock-67",
					"game:creativeblock-68",
					"game:creativeblock-69",
					"game:creativeblock-70",
					"game:creativeblock-71",
					"game:creativeblock-72",
					"game:creativeblock-73",
					"game:creativeblock-74",
					"game:creativeblock-75",
					"game:creativeblock-76",
					"game:creativeblock-77",
					"game:creativeblock-78",
					"game:creativeblock-79",
				  "chiseltools:deeps-000088",
          "chiseltools:deeps-008800",
          "chiseltools:deeps-008888",
          "chiseltools:deeps-880000",
          "chiseltools:deeps-880088",
          "chiseltools:deeps-888800",
          "chiseltools:pastel-ff0000",
          "chiseltools:pastel-ffff00",
          "chiseltools:pastel-00ff00",
          "chiseltools:pastel-00ffff",
          "chiseltools:pastel-0000ff",
          "chiseltools:pastel-0088ff",
          "chiseltools:pastel-00ff88",
          "chiseltools:pastel-8800ff",
          "chiseltools:pastel-88ff00",
          "chiseltools:pastel-ff0088",
          "chiseltools:pastel-ff8800",
          "chiseltools:specials-mars",
          "chiseltools:specials-burntsandstone",
          "chiseltools:specials-bluemortar",
          "chiseltools:specials-fadedbluemortar",
          "chiseltools:specials-fadedgreenmortar",
          "chiseltools:specials-fadedmortar",
          "chiseltools:specials-mud"
			]
		},
		"*-glow": {
			"inks": ["game:creativeglow-32",
"game:creativeglow-33",
"game:creativeglow-34",
"game:creativeglow-35",
"game:creativeglow-36",
"game:creativeglow-37",
"game:creativeglow-38",
"game:creativeglow-39",
"game:creativeglow-40",
"game:creativeglow-41",
"game:creativeglow-42",
"game:creativeglow-43",
"game:creativeglow-44",
"game:creativeglow-45",
"game:creativeglow-46",
"game:creativeglow-47",
"game:creativeglow-48",
"game:creativeglow-49",
"game:creativeglow-50",
"game:creativeglow-51",
"game:creativeglow-52",
"game:creativeglow-53",
"game:creativeglow-54",
"game:creativeglow-55",
"game:creativeglow-56",
"game:creativeglow-57",
"game:creativeglow-58",
"game:creativeglow-59",
"game:creativeglow-60",
"game:creativeglow-61",
"game:creativeglow-62",
"game:creativeglow-63",
"game:creativeglow-64",
"game:creativeglow-65",
"game:creativeglow-66",
"game:creativeglow-67",
"game:creativeglow-68",
"game:creativeglow-69",
"game:creativeglow-70",
"game:creativeglow-71",
"game:creativeglow-72",
"game:creativeglow-73",
"game:creativeglow-74",
"game:creativeglow-75",
"game:creativeglow-76",
"game:creativeglow-77",
"game:creativeglow-78",
"game:creativeglow-79"]
		},
		"*-light": {
			"inks": ["chiseltools:halfcreativelight-32",
"chiseltools:halfcreativelight-33",
"chiseltools:halfcreativelight-34",
"chiseltools:halfcreativelight-35",
"chiseltools:halfcreativelight-36",
"chiseltools:halfcreativelight-37",
"chiseltools:halfcreativelight-38",
"chiseltools:halfcreativelight-39",
"chiseltools:halfcreativelight-40",
"chiseltools:halfcreativelight-41",
"chiseltools:halfcreativelight-42",
"chiseltools:halfcreativelight-43",
"chiseltools:halfcreativelight-44",
"chiseltools:halfcreativelight-45",
"chiseltools:halfcreativelight-46",
"chiseltools:halfcreativelight-47",
"chiseltools:halfcreativelight-48",
"chiseltools:halfcreativelight-49",
"chiseltools:halfcreativelight-50",
"chiseltools:halfcreativelight-51",
"chiseltools:halfcreativelight-52",
"chiseltools:halfcreativelight-53",
"chiseltools:halfcreativelight-54",
"chiseltools:halfcreativelight-55",
"chiseltools:halfcreativelight-56",
"chiseltools:halfcreativelight-57",
"chiseltools:halfcreativelight-58",
"chiseltools:halfcreativelight-59",
"chiseltools:halfcreativelight-60",
"chiseltools:halfcreativelight-61",
"chiseltools:halfcreativelight-62",
"chiseltools:halfcreativelight-63",
"chiseltools:halfcreativelight-64",
"chiseltools:halfcreativelight-65",
"chiseltools:halfcreativelight-66",
"chiseltools:halfcreativelight-67",
"chiseltools:halfcreativelight-68",
"chiseltools:halfcreativelight-69",
"chiseltools:halfcreativelight-70",
"chiseltools:halfcreativelight-71",
"chiseltools:halfcreativelight-72",
"chiseltools:halfcreativelight-73",
"chiseltools:halfcreativelight-74",
"chiseltools:halfcreativelight-75",
"chiseltools:halfcreativelight-76",
"chiseltools:halfcreativelight-77",
"chiseltools:halfcreativelight-78",
"chiseltools:halfcreativelight-79","game:ember"]
		}
	},
	"durabilitybytype": {
		
		"palette-standard": 150,
		"palette-glow": 75,
		"palette-light": 25
	}
}