{
	"editor": {
		"allAngles": true,
		"entityTextureMode": true
	},
	"textureWidth": 64,
	"textureHeight": 64,
	"textureSizes": {
	},
	"textures": {
		"linen": "entity/humanoid/serapharmor/padded/linen"
	},
	"elements": [
		{
			"name": "ArmorUpperLegR",
			"stepParentName": "UpperFootR",
			"from": [ -0.21, -0.5, -0.1 ],
			"to": [ 4.39, 10.0, 3.7 ],
			"uv": [ 16.0, 35.0 ],
			"rotationOrigin": [ -0.2, -0.5, -0.1 ],
			"faces": {
				"north": { "texture": "#linen", "uv": [ 16.0, 38.5, 20.5, 49.0 ] },
				"east": { "texture": "#linen", "uv": [ 20.5, 38.5, 24.0, 49.0 ] },
				"south": { "texture": "#linen", "uv": [ 24.0, 38.5, 28.5, 49.0 ] },
				"west": { "texture": "#linen", "uv": [ 28.5, 38.5, 32.0, 49.0 ] },
				"up": { "texture": "#linen", "uv": [ 16.0, 35.0, 20.5, 38.5 ] },
				"down": { "texture": "#linen", "uv": [ 20.5, 35.0, 25.0, 38.5 ] }
			}
		},
		{
			"name": "ArmorUpperLegL",
			"stepParentName": "UpperFootL",
			"from": [ -0.21, -0.5, -0.5 ],
			"to": [ 4.39, 10.0, 3.3 ],
			"uv": [ 0.0, 35.0 ],
			"rotationOrigin": [ -0.2, -0.5, -0.5 ],
			"faces": {
				"north": { "texture": "#linen", "uv": [ 0.0, 38.5, 4.5, 49.0 ] },
				"east": { "texture": "#linen", "uv": [ 4.5, 38.5, 8.0, 49.0 ] },
				"south": { "texture": "#linen", "uv": [ 8.0, 38.5, 12.5, 49.0 ] },
				"west": { "texture": "#linen", "uv": [ 12.5, 38.5, 16.0, 49.0 ] },
				"up": { "texture": "#linen", "uv": [ 0.0, 35.0, 4.5, 38.5 ] },
				"down": { "texture": "#linen", "uv": [ 4.5, 35.0, 9.0, 38.5 ] }
			}
		},
		{
			"name": "ArmorLowerLegR",
			"stepParentName": "LowerFootR",
			"from": [ -0.3, -0.2, -0.25 ],
			"to": [ 3.2, 5.1, 3.25 ],
			"autoUnwrap": false,
			"uv": [ 16.0, 49.0 ],
			"rotationOrigin": [ -0.3, -0.2, -0.4 ],
			"faces": {
				"north": { "texture": "#linen", "uv": [ 16.0, 52.5, 19.5, 57.5 ] },
				"east": { "texture": "#linen", "uv": [ 20.5, 52.5, 24.0, 57.5 ] },
				"south": { "texture": "#linen", "uv": [ 24.0, 52.5, 27.5, 57.5 ] },
				"west": { "texture": "#linen", "uv": [ 28.5, 52.5, 32.0, 57.5 ] },
				"up": { "texture": "#linen", "uv": [ 16.0, 49.0, 19.5, 52.5 ] },
				"down": { "texture": "#linen", "uv": [ 20.5, 49.0, 24.0, 52.5 ] }
			}
		},
		{
			"name": "ArmorLowerLegL",
			"stepParentName": "LowerFootL",
			"from": [ -0.3, -0.2, -0.25 ],
			"to": [ 3.2, 5.1, 3.25 ],
			"autoUnwrap": false,
			"uv": [ 0.0, 49.0 ],
			"rotationOrigin": [ -0.3, -0.2, -0.4 ],
			"faces": {
				"north": { "texture": "#linen", "uv": [ 0.0, 52.5, 3.5, 57.5 ] },
				"east": { "texture": "#linen", "uv": [ 4.5, 52.5, 8.0, 57.5 ] },
				"south": { "texture": "#linen", "uv": [ 8.0, 52.5, 11.5, 57.5 ] },
				"west": { "texture": "#linen", "uv": [ 12.5, 52.5, 16.0, 57.5 ] },
				"up": { "texture": "#linen", "uv": [ 0.0, 49.0, 3.5, 52.5 ] },
				"down": { "texture": "#linen", "uv": [ 4.5, 49.0, 8.0, 52.5 ] }
			}
		},
		{
			"name": "ArmorLowerLegL2",
			"stepParentName": "PawL",
			"from": [ -0.3, 0.8, -0.25 ],
			"to": [ 3.2, 7.1, 3.25 ],
			"autoUnwrap": false,
			"uv": [ 0.0, 49.0 ],
			"rotationOrigin": [ -0.3, 0.8, -0.4 ],
			"faces": {
				"north": { "texture": "#linen", "uv": [ 0.0, 52.5, 3.5, 58.5 ] },
				"east": { "texture": "#linen", "uv": [ 4.5, 52.5, 8.0, 58.5 ] },
				"south": { "texture": "#linen", "uv": [ 8.0, 52.5, 11.5, 58.5 ] },
				"west": { "texture": "#linen", "uv": [ 12.5, 52.5, 16.0, 58.5 ] },
				"up": { "texture": "#linen", "uv": [ 0.0, 49.0, 3.5, 52.5 ] },
				"down": { "texture": "#linen", "uv": [ 4.5, 49.0, 8.0, 52.5 ] }
			}
		},
		{
			"name": "ArmorLowerLegR2",
			"stepParentName": "PawR",
			"from": [ -0.3, 0.8, -0.25 ],
			"to": [ 3.2, 7.1, 3.25 ],
			"autoUnwrap": false,
			"uv": [ 16.0, 49.0 ],
			"rotationOrigin": [ -0.3, 0.8, -0.4 ],
			"faces": {
				"north": { "texture": "#linen", "uv": [ 16.0, 52.5, 19.5, 59.5 ] },
				"east": { "texture": "#linen", "uv": [ 20.5, 52.5, 24.0, 59.5 ] },
				"south": { "texture": "#linen", "uv": [ 24.0, 52.5, 27.5, 59.5 ] },
				"west": { "texture": "#linen", "uv": [ 28.5, 52.5, 32.0, 59.5 ] },
				"up": { "texture": "#linen", "uv": [ 16.0, 49.0, 19.5, 52.5 ] },
				"down": { "texture": "#linen", "uv": [ 20.5, 49.0, 24.0, 52.5 ] }
			}
		}
	]}