{
	"editor": {
		"allAngles": false,
		"entityTextureMode": false
	},
	"textureWidth": 16,
	"textureHeight": 16,
	"textureSizes": {
	},
	"textures": {
	},
	"elements": [
		{
			"name": "Cube",
			"from": [ 0.0, 0.0, 0.0 ],
			"to": [ 16.0, 7.0, 16.0 ],
			"faces": {
				"north": { "texture": "#slab", "uv": [ 0.0, 9.0, 16.0, 16.0 ] },
				"east": { "texture": "#slab", "uv": [ 0.0, 9.0, 16.0, 16.0 ] },
				"south": { "texture": "#slab", "uv": [ 0.0, 9.0, 16.0, 16.0 ] },
				"west": { "texture": "#slab", "uv": [ 0.0, 9.0, 16.0, 16.0 ] },
				"up": { "texture": "#slab", "uv": [ 0.0, 0.0, 16.0, 16.0 ] },
				"down": { "texture": "#slab", "uv": [ 0.0, 0.0, 16.0, 16.0 ] }
			}
		}
	]}