{
	code: "outlawhead",
	class: "ItemOutlawHead",
	"storageFlags": 257,
	attributesByType: {

        "*-looter": {
            currency: {
                value: 0.20
            },
            displaycaseable: true, 
		    shelvable: true,
		    onDisplayTransform: {
			    rotation: { x: 0, y: 90, z: 0 },
			    origin: { x: 0.5, y: 0, z: 0.5 }
            }
        },
        "*-poacher": {
            currency: {
                value: 0.5
            },
            displaycaseable: true, 
		    shelvable: true,
		    onDisplayTransform: {
			    rotation: { x: 0, y: 90, z: 0 },
			    origin: { x: 0.5, y: 0, z: 0.5 }
            }
        },
        "*-brigand": {
            currency: {
                value: 1
            },
            displaycaseable: true, 
		    shelvable: true,
		    onDisplayTransform: {
			    rotation: { x: 0, y: 90, z: 0 },
			    origin: { x: 0.5, y: 0, z: 0.5 }
            }
        },
        "*-yeoman": {
            currency: {
                value: 1
            },
            displaycaseable: true, 
		    shelvable: true,
		    onDisplayTransform: {
			    rotation: { x: 0, y: 90, z: 0 },
			    origin: { x: 0.5, y: 0, z: 0.5 }
            }
        },
		"*-deserter-archer": {
            currency: {
                value: 1
            },
            displaycaseable: true, 
		    shelvable: true,
		    onDisplayTransform: {
			    rotation: { x: 0, y: 90, z: 0 },
			    origin: { x: 0.5, y: 0, z: 0.5 }
            }
        },
		"*-deserter-footman": {
            currency: {
                value: 1
            },
            displaycaseable: true, 
		    shelvable: true,
		    onDisplayTransform: {
			    rotation: { x: 0, y: 90, z: 0 },
			    origin: { x: 0.5, y: 0, z: 0.5 }
            }
        }
	},
	maxstacksize: 2,
	heldRightTpIdleAnimation: "holdinglanternrighthand",
	heldLeftTpIdleAnimation: "holdinglanternlefthand",
	variantgroups: [
		{ code: "type", states: ["looter", "poacher", "brigand", "yeoman", "deserter-archer", "deserter-footman" ] }
	],
	shape: { base: "item/justice/outlawhead" },
	//texture: { base: "item/justice/dead_outlaw/{type}" },
	creativeinventory: { "general": ["*"], "items": ["*"] },
	texturesByType: {
		"*-looter": {
			"head": { base: "item/justice/dead_outlaw/looter", alternates: [ { base: "item/justice/dead_outlaw/looter2" }, { base: "item/justice/dead_outlaw/looter3" }, { base: "item/justice/dead_outlaw/looter4" } ] },
		},
		"*-poacher": {
			"head": { base: "item/justice/dead_outlaw/poacher1", alternates: [ { base: "item/justice/dead_outlaw/poacher2" }, { base: "item/justice/dead_outlaw/poacher3" }, { base: "item/justice/dead_outlaw/poacher4" } ] },
		},
		"*-brigand": {
			"head": { base: "item/justice/dead_outlaw/bandit1", alternates: [ { base: "item/justice/dead_outlaw/bandit2" }, { base: "item/justice/dead_outlaw/bandit3" } ] },
		},
		"*-yeoman": {
			"head": { base: "item/justice/dead_outlaw/yeoman1", alternates: [ { base: "item/justice/dead_outlaw/yeoman2" }, { base: "item/justice/dead_outlaw/yeoman3" }, { base: "item/justice/dead_outlaw/yeoman4" } ] },
		},
		"*-deserter-archer": {
			"head": { base: "item/justice/dead_outlaw/deserter_archer4", alternates: [ { base: "item/justice/dead_outlaw/deserter_archer2" }, { base: "item/justice/dead_outlaw/deserter_archer3" }, { base: "item/justice/dead_outlaw/deserter_archer1" } ] },
		},
		"*-deserter-footman": {
			"head": { base: "item/justice/dead_outlaw/deserter_footman1", alternates: [ { base: "item/justice/dead_outlaw/deserter_footman2" }, { base: "item/justice/dead_outlaw/deserter_footman3" }, { base: "item/justice/dead_outlaw/deserter_footman4" } ] },
		}
	},
	guiTransform: {
		translation: { x: 0, y: 4, z: 0 },
		rotation: { x: 152, y: -45, z: -1 },
		origin: { x: 0.48, y: 0.09, z: 0.5 },
		scale: 2.69
	},
    fpHandTransform: {
		translation: { x: 0.0468, y: 0.2, z: 0 },
		rotation: { x: -15, y: 37, z: -24 },
		scale: 2.34
	},
    tpHandTransform: {
		translation: { x: -1, y: -0.55, z: -0.35 },
		rotation: { x: 25, y: 0, z: -90 },
		scale: 0.91
	},
	tpOffHandTransform: {
		translation: { x: -0.65, y: -0.55, z: -0.6 },
		rotation: { x: -180, y: 10, z: -92 },
		scale: 0.91
	},
	groundTransform: {
		translation: { x: 0, y: 0.17, z: 0 },
		rotation: { x: -1, y: 0, z: 0 },
		origin: { x: 0.5, y: 0.35, z: 0.5 },
		scale: 2.5
	}
}