﻿[
 {
   file: "expandedfoods:itemtypes/food/primitivesurvival/mixing/pemmicancrab.json",
    op: "addmerge", 
    path: "/enabled", 
    value: "false",
    "side": "server",
    dependsOn: [{ "modid": "primitivesurvival", "invert": true }]
 },
 {
   file: "expandedfoods:recipes/kneading/primitivesurvival/crabpemmican.json",
    op: "addmerge", 
    path: "/0/enabled", 
    value: "false",
    "side": "server",
    dependsOn: [{ "modid": "primitivesurvival", "invert": true }]
 },
 {
   file: "expandedfoods:recipes/kneading/primitivesurvival/crabpemmican.json",
    op: "addmerge", 
    path: "/1/enabled", 
    value: "false",
    "side": "server",
    dependsOn: [{ "modid": "primitivesurvival", "invert": true }]
 },
 {
   file: "expandedfoods:itemtypes/food/primitivesurvival/mixing/pemmicansnake.json",
    op: "addmerge", 
    path: "/enabled", 
    value: "false",
    "side": "server",
    dependsOn: [{ "modid": "primitivesurvival", "invert": true }]
 },
 {
   file: "expandedfoods:recipes/kneading/primitivesurvival/snakepemmican.json",
    op: "addmerge", 
    path: "/0/enabled", 
    value: "false",
    "side": "server",
    dependsOn: [{ "modid": "primitivesurvival", "invert": true }]
 },
 {
   file: "expandedfoods:recipes/kneading/primitivesurvival/snakepemmican.json",
    op: "addmerge", 
    path: "/1/enabled", 
    value: "false",
    "side": "server",
    dependsOn: [{ "modid": "primitivesurvival", "invert": true }]
 },
]