﻿[
 {
   file: "expandedfoods:itemtypes/food/primitivesurvival/mixing/sausagecrab.json",
    op: "addmerge", 
    path: "/enabled", 
    value: "false",
    "side": "server",
    dependsOn: [{ "modid": "primitivesurvival", "invert": true }]
 },
 {
   file: "expandedfoods:recipes/kneading/primitivesurvival/sausagecrab.json",
    op: "addmerge", 
    path: "/0/enabled", 
    value: "false",
    "side": "server",
    dependsOn: [{ "modid": "primitivesurvival", "invert": true }]
 },
 {
   file: "expandedfoods:recipes/kneading/primitivesurvival/sausagecrab.json",
    op: "addmerge", 
    path: "/1/enabled", 
    value: "false",
    "side": "server",
    dependsOn: [{ "modid": "primitivesurvival", "invert": true }]
 },
 {
   file: "expandedfoods:recipes/kneading/primitivesurvival/sausagecrab.json",
    op: "addmerge", 
    path: "/2/enabled", 
    value: "false",
    "side": "server",
    dependsOn: [{ "modid": "primitivesurvival", "invert": true }]
 },
 {
   file: "expandedfoods:recipes/kneading/primitivesurvival/sausagecrab.json",
    op: "addmerge", 
    path: "/3/enabled", 
    value: "false",
    "side": "server",
    dependsOn: [{ "modid": "primitivesurvival", "invert": true }]
 },
 {
   file: "expandedfoods:itemtypes/food/primitivesurvival/mixing/sausagesnake.json",
    op: "addmerge", 
    path: "/enabled", 
    value: "false",
    "side": "server",
    dependsOn: [{ "modid": "primitivesurvival", "invert": true }]
 },
 {
   file: "expandedfoods:recipes/kneading/primitivesurvival/sausagesnake.json",
    op: "addmerge", 
    path: "/0/enabled", 
    value: "false",
    "side": "server",
    dependsOn: [{ "modid": "primitivesurvival", "invert": true }]
 },
 {
   file: "expandedfoods:recipes/kneading/primitivesurvival/sausagesnake.json",
    op: "addmerge", 
    path: "/1/enabled", 
    value: "false",
    "side": "server",
    dependsOn: [{ "modid": "primitivesurvival", "invert": true }]
 },
 {
   file: "expandedfoods:recipes/kneading/primitivesurvival/sausagesnake.json",
    op: "addmerge", 
    path: "/2/enabled", 
    value: "false",
    "side": "server",
    dependsOn: [{ "modid": "primitivesurvival", "invert": true }]
 },
 {
   file: "expandedfoods:recipes/kneading/primitivesurvival/sausagesnake.json",
    op: "addmerge", 
    path: "/3/enabled", 
    value: "false",
    "side": "server",
    dependsOn: [{ "modid": "primitivesurvival", "invert": true }]
 },
]