{
	"editor": {
		"allAngles": true,
		"entityTextureMode": false
	},
	"textureWidth": 16,
	"textureHeight": 16,
	"textureSizes": {
	},
	"textures": {
		"botsides": "block/cloth/banner/cadet-grey",
		"botsymbol": "block/cloth/banner/hansa/ship-bottom",
		"topsymbol": "block/cloth/banner/hansa/ship-top",
		"topsides": "block/cloth/banner/mahogany"
	},
	"elements": [
		{
			"name": "origin flag",
			"from": [ 8.0, -17.9, 16.0 ],
			"to": [ 8.0, -17.9, 16.0 ],
			"rotationOrigin": [ 8.0, 4.1, 16.0 ],
			"rotationX": -90.0,
			"faces": {
			},
			"children": [
				{
					"name": "banner top",
					"from": [ -8.0, 22.0, 0.0 ],
					"to": [ 8.0, 38.0, 0.2 ],
					"rotationOrigin": [ 0.5, 38.0, 0.0 ],
					"faces": {
						"north": { "texture": "#topsymbol", "uv": [ 0.0, 0.0, 16.0, 16.0 ] },
						"east": { "texture": "#topsides", "uv": [ 0.0, 0.0, 0.5, 16.0 ]},
						"south": { "texture": "#topsymbol", "uv": [ 0.0, 0.0, 16.0, 16.0 ] },
						"west": { "texture": "#topsides", "uv": [ 0.0, 0.0, 0.5, 16.0 ] },
						"up": { "texture": "#topsides", "uv": [ 0.0, 0.0, 16.0, 0.5 ] }
					},
					"children": [
						{
							"name": "banner bottom",
							"from": [ 0.0, -16.0, 0.0 ],
							"to": [ 16.0, 0.0, 0.2 ],
							"rotationOrigin": [ 0.0, -16.0, 0.0 ],
							"faces": {
								"north": { "texture": "#botsymbol", "uv": [ 0.0, 0.0, 16.0, 16.0 ] },
								"east": { "texture": "#botsides", "uv": [ 0.0, 0.0, 0.5, 16.0 ] },
								"south": { "texture": "#botsymbol", "uv": [ 0.0, 0.0, 16.0, 16.0 ] },
								"west": { "texture": "#botsides", "uv": [ 0.0, 0.0, 0.5, 16.0 ] },
								"down": { "texture": "#botsides", "uv": [ 0.0, 0.0, 16.0, 0.5 ] }
							}
						}
					]
				}
			]
		}
	]}