{
	"editor": {
		"allAngles": true,
		"entityTextureMode": true
	},
	"textureWidth": 64,
	"textureHeight": 64,
	"textureSizes": {
	},
	"textures": {
		"blackguard-destroyed": "entity/humanoid/serapharmor/blackguard/blackguard-broken"
	},
	"elements": [
		{
			"name": "ArmorUpperArmL",
			"stepParentName": "UpperArmL",
			"from": [ -0.2, -0.2, -0.1 ],
			"to": [ 3.1, 7.2, 2.3 ],
			"autoUnwrap": false,
			"uv": [ 33.0, 37.5 ],
			"rotationOrigin": [ -0.2, -0.2, -0.1 ],
			"faces": {
				"north": { "texture": "#blackguard-destroyed", "uv": [ 39.0, 44.0, 42.0, 51.0 ] },
				"east": { "texture": "#blackguard-destroyed", "uv": [ 37.0, 44.0, 39.0, 51.0 ] },
				"south": { "texture": "#blackguard-destroyed", "uv": [ 34.0, 44.0, 37.0, 51.0 ] },
				"west": { "texture": "#blackguard-destroyed", "uv": [ 32.0, 44.0, 34.0, 51.0 ] },
				"up": { "texture": "#blackguard-destroyed", "uv": [ 34.0, 42.0, 37.0, 44.0 ] },
				"down": { "texture": "#blackguard-destroyed", "uv": [ 37.0, 51.0, 40.0, 53.0 ] }
			}
		},
		{
			"name": "ArmorUpperTorso",
			"stepParentName": "UpperTorso",
			"from": [ -0.5, -0.2, -0.4 ],
			"to": [ 5.5, 5.2, 6.6 ],
			"autoUnwrap": false,
			"uv": [ 35.0, 0.0 ],
			"rotationOrigin": [ -0.5, -0.2, -0.4 ],
			"faces": {
				"north": { "texture": "#blackguard-destroyed", "uv": [ 38.0, 6.0, 44.0, 11.0 ] },
				"east": { "texture": "#blackguard-destroyed", "uv": [ 57.0, 6.0, 64.0, 11.0 ] },
				"south": { "texture": "#blackguard-destroyed", "uv": [ 51.0, 6.0, 57.0, 11.0 ] },
				"west": { "texture": "#blackguard-destroyed", "uv": [ 44.0, 6.0, 51.0, 11.0 ] },
				"up": { "texture": "#blackguard-destroyed", "uv": [ 44.0, 0.0, 51.0, 6.0 ], "rotation": 90 },
				"down": { "texture": "#blackguard-destroyed", "uv": [ 51.0, 0.0, 58.0, 6.0 ], "rotation": 90 }
			},
			"children": [
				{
					"name": "ArmorCollarRear",
					"from": [ 5.2, 5.4, 0.2 ],
					"to": [ 6.0, 8.7, 6.8 ],
					"autoUnwrap": false,
					"uv": [ 22.0, 0.5 ],
					"rotationOrigin": [ 5.2, 5.4, 3.1 ],
					"rotationZ": -58.0,
					"faces": {
						"north": { "texture": "#blackguard-destroyed", "uv": [ 37.5, 7.5, 38.0, 10.5 ], "rotation": 180 },
						"east": { "texture": "#blackguard-destroyed", "uv": [ 31.0, 7.5, 37.5, 10.5 ] },
						"south": { "texture": "#blackguard-destroyed", "uv": [ 30.5, 7.5, 31.0, 10.5 ] },
						"west": { "texture": "#blackguard-destroyed", "uv": [ 24.0, 7.5, 30.5, 10.5 ] },
						"up": { "texture": "#blackguard-destroyed", "uv": [ 31.0, 7.0, 37.5, 7.5 ], "rotation": 90 }
					}
				}
			]
		},
		{
			"name": "ArmorLowerTorso",
			"stepParentName": "LowerTorso",
			"from": [ -0.3, -0.5, -0.3 ],
			"to": [ 5.3, 5.1, 6.3 ],
			"autoUnwrap": false,
			"uv": [ 39.5, 8.0 ],
			"rotationOrigin": [ -0.3, -0.5, -0.3 ],
			"faces": {
				"north": { "texture": "#blackguard-destroyed", "uv": [ 40.0, 11.0, 45.5, 16.5 ] },
				"east": { "texture": "#blackguard-destroyed", "uv": [ 57.5, 11.0, 64.0, 16.5 ] },
				"south": { "texture": "#blackguard-destroyed", "uv": [ 52.0, 11.0, 57.5, 16.5 ] },
				"west": { "texture": "#blackguard-destroyed", "uv": [ 45.5, 11.0, 52.0, 16.5 ] },
				"up": { "texture": "#blackguard-destroyed", "uv": [ 51.0, 16.5, 57.5, 22.0 ], "rotation": 90 },
				"down": { "texture": "#blackguard-destroyed", "uv": [ 57.5, 16.5, 64.0, 22.0 ], "rotation": 90 }
			}
		},
		{
			"name": "ArmorLowerArmR",
			"stepParentName": "LowerArmR",
			"from": [ -0.2, -0.3, -0.25 ],
			"to": [ 2.7, 8.1, 2.25 ],
			"autoUnwrap": false,
			"uv": [ 50.5, 40.0 ],
			"rotationOrigin": [ -0.2, -0.3, -0.4 ],
			"faces": {
				"north": { "texture": "#blackguard-destroyed", "uv": [ 45.5, 53.5, 48.0, 61.5 ] },
				"east": { "texture": "#blackguard-destroyed", "uv": [ 43.0, 53.5, 45.5, 61.5 ] },
				"south": { "texture": "#blackguard-destroyed", "uv": [ 50.5, 53.5, 53.0, 61.5 ] },
				"west": { "texture": "#blackguard-destroyed", "uv": [ 48.0, 53.5, 50.5, 61.5 ] },
				"up": { "texture": "#blackguard-destroyed", "uv": [ 45.5, 51.0, 48.0, 53.5 ] },
				"down": { "texture": "#blackguard-destroyed", "uv": [ 45.5, 61.5, 48.0, 64.0 ] }
			},
			"children": [
				{
					"name": "ArmorLowerArmBand",
					"from": [ -0.3, 6.0, -0.3 ],
					"to": [ 3.1, 7.0, 2.8 ],
					"autoUnwrap": false,
					"uv": [ 44.0, 33.5 ],
					"rotationOrigin": [ 1.4, 6.0, 1.0 ],
					"rotationX": -8.0,
					"rotationY": 11.0,
					"faces": {
						"north": { "texture": "#blackguard-destroyed", "uv": [ 51.0, 61.5, 54.0, 62.5 ] },
						"east": { "texture": "#blackguard-destroyed", "uv": [ 48.0, 61.5, 51.0, 62.5 ] },
						"south": { "texture": "#blackguard-destroyed", "uv": [ 57.0, 61.5, 60.0, 62.5 ] },
						"west": { "texture": "#blackguard-destroyed", "uv": [ 54.0, 61.5, 57.0, 62.5 ] },
						"up": { "texture": "#blackguard-destroyed", "uv": [ 53.0, 58.5, 56.0, 61.5 ] },
						"down": { "texture": "#blackguard-destroyed", "uv": [ 56.0, 58.5, 59.0, 61.5 ] }
					}
				}
			]
		},
		{
			"name": "ArmorCoatR",
			"stepParentName": "UpperFootR",
			"from": [ -0.7, 0.2, -0.35 ],
			"to": [ 4.9, 8.2, 3.15 ],
			"autoUnwrap": false,
			"uv": [ 26.0, 21.5 ],
			"rotationOrigin": [ -0.7, 0.2, -0.5 ],
			"faces": {
				"north": { "texture": "#blackguard-destroyed", "uv": [ 18.5, 25.0, 24.0, 33.0 ] },
				"east": { "texture": "#blackguard-destroyed", "uv": [ 33.0, 25.0, 36.5, 33.0 ] },
				"south": { "texture": "#blackguard-destroyed", "uv": [ 27.5, 25.0, 33.0, 33.0 ] },
				"west": { "texture": "#blackguard-destroyed", "uv": [ 24.0, 25.0, 27.5, 33.0 ] },
				"up": { "texture": "#blackguard-destroyed", "uv": [ 24.0, 19.5, 27.5, 25.0 ], "rotation": 90 },
				"down": { "texture": "#blackguard-destroyed", "uv": [ 27.5, 21.5, 33.0, 25.0 ] }
			}
		},
		{
			"name": "ArmorCoatL",
			"stepParentName": "UpperFootL",
			"from": [ -0.7, 0.2, 0.05 ],
			"to": [ 4.9, 8.2, 3.55 ],
			"autoUnwrap": false,
			"uv": [ 0.0, 23.0 ],
			"rotationOrigin": [ -0.7, 0.2, -0.1 ],
			"faces": {
				"north": { "texture": "#blackguard-destroyed", "uv": [ 0.0, 25.0, 5.5, 33.0 ] },
				"east": { "texture": "#blackguard-destroyed", "uv": [ 14.5, 25.0, 18.0, 33.0 ] },
				"south": { "texture": "#blackguard-destroyed", "uv": [ 9.0, 25.0, 14.5, 33.0 ] },
				"west": { "texture": "#blackguard-destroyed", "uv": [ 5.5, 25.0, 9.0, 33.0 ] },
				"up": { "texture": "#blackguard-destroyed", "uv": [ 5.5, 19.5, 9.0, 25.0 ], "rotation": 90 },
				"down": { "texture": "#blackguard-destroyed", "uv": [ 9.0, 21.5, 14.5, 25.0 ] }
			}
		}
	]}