{
	"code": "crushed-ore",
	"comment": "Native ores, compounds, alloys, converted mixtures, oxides and blends.",
	"classByType": {
		"@^crushed-ore-(cupronickel|electrum|galena|sphalerite)$": "ItemNugget"
	},
	"attributes": {
		"inContainerTexture": { "base": "em:item/resource/crushed/ore/incontainer/{type}" },
		"displaycaseable": true,
		"shelvable": true,
		"dissolveInWater": true,
		"onDisplayTransform": {
			"translation": { "x": 0.05, "y": 0, "z": 0 },
			"origin": { "x": 0.5, "y": 0, "z": 0.5 },
			"scale": 0.65
		}
	},
	"comment_smelting": "dimensions and storageFlags to make these smeltable in a crucible.",
	"dimensions": { "width": 0.0625, "height": 0.0625, "length": 0.0625 },
	"comment_storageflags": "Omitting the iron ores, as they need a bloomery, anyway",
	"storageFlagsByType": {
		"@^crushed-ore-(cupronickel|electrum|galena|malachite|pentlandite|sphalerite)$": 5
	},
	"variantgroups": [
		{ "code": "type", "states": [
			"coal", "corundum",
			"cupronickel",
			"electrum",
			"galena", "graphite",
			"hematite",
			"limonite",
			"magnetite", "malachite",
			"pentlandite", "phosphorite",
			"rhodochrosite", "sphalerite"
		] }
	],
	"attributesByType": {
		"crushed-ore-leadoxide": { "handbook": { "exclude": true } },
		"@^crushed-ore-(cupronickel|corundum|phosphorite)": {
			"handbook": { "extraSections": [ { "title": "handbook-item-usage", "text": "handbook-item-usage-crushed-ore-{type}" } ] }
		}
	},
	"textures": {
		"all": { "base": "em:item/resource/crushed/ore/incontainer/{type}" }
	},
        "shapeByType": {
		"crushed-ore-phosphorite": { "base": "em:item/resource/crushed_glow" },
		"*": { "base": "em:item/resource/crushed" }
	},
	"glowLevelByType": {
		"crushed-ore-phosphorite": 255
	},
	"vertexFlagsByType": {
		"crushed-ore-phosphorite": { "glow": 255 }
	},
	"lightHsvByType": {
		"crushed-ore-phosphorite": [ 47, 1, 3 ]
	},
	"creativeinventoryByType": {
		"crushed-ore-phosphorite": { "general": ["*"], "items": ["*"], "glass": ["*"], "luminous": ["*"] },
		"*": { "general": ["*"], "items": ["*"] }
	},
        "grindingPropsByType": {
		"crushed-ore-*": { "groundStack": { "type": "item", "code": "em:powdered-ore-{type}", "quantity": 2 } }
	},
	"combustiblePropsByType": {
		"crushed-ore-coal": {
			"burnTemperature": 1200,
			"burnDuration": 39
		},
		"crushed-ore-cupronickel": {
			"meltingPoint": 1100,
			"meltingDuration": 28,
			"smeltedRatio": 20,
			"smeltedStack": { "type": "item", "code": "game:ingot-cupronickel" }
		},
		"crushed-ore-electrum": {
			"meltingPoint": 1063,
			"meltingDuration": 30,
			"smeltedRatio": 20,
			"smeltedStack": { "type": "item", "code": "game:ingot-electrum" }
		},
		"crushed-ore-galena": {
			"meltingPoint": 327,
			"meltingDuration": 30,
			"smeltedRatio": 20,
			"smeltedStack": { "type": "item", "code": "game:ingot-lead" }
		},
		"crushed-ore-hematite": {
			"meltingPoint": 1482,
			"meltingDuration": 30,
			"smeltedRatio": 20,
			"smeltedStack": { "type": "item", "code": "game:ironbloom" }
		},
		"crushed-ore-limonite": {
			"meltingPoint": 1482,
			"meltingDuration": 30,
			"smeltedRatio": 20,
			"smeltedStack": { "type": "item", "code": "game:ironbloom" }
		},
		"crushed-ore-magnetite": {
			"meltingPoint": 1482,
			"meltingDuration": 30,
			"smeltedRatio": 20,
			"smeltedStack": { "type": "item", "code": "game:ironbloom" }
		},
		"crushed-ore-malachite": {
			"meltingPoint": 1084,
			"meltingDuration": 30,
			"smeltedRatio": 20,
			"smeltedStack": { "type": "item", "code": "game:ingot-copper" }
		},
		"crushed-ore-pentlandite": {
			"meltingPoint": 1325,
			"meltingDuration": 30,
			"smeltedRatio": 20,
			"smeltedStack": { "type": "item", "code": "game:ingot-nickel" }
		},
		"crushed-ore-sphalerite": {
			"meltingPoint": 419,
			"meltingDuration": 30,
			"smeltedRatio": 20,
			"smeltedStack": { "type": "item", "code": "game:ingot-zinc" }
		}
	},
	"maxstacksize": 64,
	"materialDensity": 900,
	"heldTpIdleAnimation": "holdbothhands",
	"guiTransform": {
		"translation": { "x": 3, "y": 1, "z": -25 },
		"rotation": { "x": 158, "y": 22, "z": 3 },
		"origin": { "x": 0.29, "y": -0.05, "z": 0.8 },
		"scale": 2.54
	},
	"tpHandTransform": {
		"translation": { "x": -1.67, "y": -1.25, "z": -0.8 },
		"rotation": { "x": 70, "y": 11, "z": -65 },
		"scale": 0.41
	},
	"groundTransform": {
		"translation": { "x": 0, "y": 0.2, "z": 0 },
		"rotation": { "x": -4, "y": 8, "z": 0 },
		"origin": { "x": 0.5, "y": 0.5, "z": 0.5299 },
		"scale": 1.92
	}
}
