{
        "code": "powdered-metal",
	"variantgroups": [
		{ "code": "type", "states": [
			"copper", "gold", "lead", "nickel", "rusty", "silver", "temporal", "tin", "uranium", "zinc"
		] }
	],
	"attributes": {
		"inContainerTexture": { "base": "em:item/resource/powdered/metal/incontainer/{type}" },
		"displaycaseable": true,
		"shelvable": true,
		"onDisplayTransform": {
			"translation": { "x": 0.05, "y": 0, "z": 0 },
			"origin": { "x": 0.5, "y": 0, "z": 0.5 },
			"scale": 0.65
		},
		"handbook": { "extraSections": [ { "title": "handbook-item-usage", "text": "handbook-item-usage-powdered-metal-{type}" } ] }
	},
	"attributesByType": {
		"powdered-metal-lead":		{ "pigment": { "name": "Lead grey", "color": { "red": 45, "green": 45, "blue": 46 } } },
		"powdered-metal-rusty":		{ "pigment": { "name": "Rusty brown", "color": { "red": 61, "green": 33, "blue": 18 } } },
		"powdered-metal-temporal":	{ "pigment": { "name": "Temporal glow", "color": { "red": 54, "green": 210, "blue": 237 } } }
	},
	"lightHsvByType": {
		"powdered-metal-temporal": [ 32, 5, 4 ],
		"powdered-metal-uranium": [ 17, 3, 3 ]
	},
	"vertexFlagsByType": {
		"powdered-metal-temporal": { "glowLevel": 250 },
		"powdered-metal-uranium": { "glowLevel": 100 }
	},
	"glowLevelByType": {
		"powdered-metal-temporal": 200,
		"powdered-metal-uranium": 100
	},
	"texturesByType": {
		"*": { "all": { "base": "em:item/resource/powdered/metal/incontainer/{type}" } }
	},
        "shapeByType": {
		"@^powdered-metal-(temporal|uranium)": { "base": "em:item/resource/powdered_glow" },
		"*": { "base": "em:item/resource/powdered" }
	},
        "creativeinventoryByType": {
		"@^powdered-metal-(temporal|uranium)": { "general": ["*"], "items": ["*"], "glass": ["*"], "luminous": ["*"] },
		"*": { "general": ["*"], "items": ["*"], "ceramics": ["*"] }
	},
	"combustiblePropsByType": {
		"powdered-metal-lead": {
			"meltingPoint": 1000,
			"meltingDuration": 12,
			"smeltingType": "convert",
			"smeltedStack": { "type": "item", "code": "em:powdered-ore-leadoxide" },
			"requiresContainer": false
		},
		"powdered-metal-tin": {
			"meltingPoint": 950,
			"meltingDuration": 14,
			"smeltingType": "convert",
			"smeltedStack": { "type": "item", "code": "em:powdered-ore-cassiterite" },
			"requiresContainer": false
		},
		"powdered-metal-zinc": {
			"meltingPoint": 950,
			"meltingDuration": 14,
			"smeltingType": "convert",
			"smeltedStack": { "type": "item", "code": "em:powdered-ore-zincoxide" },
			"requiresContainer": false
		}
	},
        "maxstacksize": 128,
        "materialDensity": 500,
	"heldTpIdleAnimation": "holdbothhands",
	"tpHandTransform": {
		"translation": { "x": -1.67, "y": -1.25, "z": -0.8 },
		"rotation": { "x": 70, "y": 11, "z": -65 },
		"scale": 0.41
        },
	"guiTransform": {
		"translation": { "x": -2, "y": 1, "z": -25 },
                "rotation": { "x": 158, "y": 28, "z": 3 },
		"origin": { "x": 0.29, "y": -0.05, "z": 0.8 },
		"scale": 2.5
        }
}
