[
	{
	"ingredientPattern": "SXC",
	"ingredients": {
		"S": { "type": "item", "code": "game:saltpeter", "quantity": 4 },
		"X": { "type": "item", "code": "game:powderedsulfur", "quantity": 2 },
		"C": { "type": "item", "code": "em:powdered-ore-coal", "quantity": 2 }
	},
	"name": "blastingpowder",
	"width": 3,
	"height": 1,
	"output": { "type": "item", "code": "game:blastingpowder", "quantity": 6  }
	},

	{
	"ingredientPattern": "SXC",
	"ingredients": {
		"S": { "type": "item", "code": "game:saltpeter", "quantity": 4 },
		"X": { "type": "item", "code": "game:powderedsulfur", "quantity": 2 },
		"C": { "type": "item", "code": "game:powder-charcoal-raw", "quantity": 2 }
	},
	"name": "blastingpowder",
	"width": 3,
	"height": 1,
	"output": { "type": "item", "code": "game:blastingpowder", "quantity": 6  }
	}
]
