[
	{
		"ingredientPattern": "CBC,BSB,CBC",
		"ingredients": {
			"C": { "type": "item", "code": "game:compost", "quantity": 2 },
			"S": { "type": "item", "code": "em:crushed-ore-coal", "quantity": 4 },
			"B": { "type": "item", "code": "game:bonemeal" }
		},
		"recipeGroup": 1,
		"width": 3,
		"height": 3,
		"output": { "type": "block", "code": "game:soil-high-none", "quantity": 1 }
	},
	{
		"ingredientPattern": "CBC,KSK,CBC",
		"ingredients": {
			"C": { "type": "item", "code": "game:compost", "quantity": 2 },
			"S": { "type": "block", "code": "game:soil-compost-none" },
			"K": { "type": "item", "code": "em:crushed-ore-coal", "quantity": 2 },
			"B": { "type": "item", "code": "game:bonemeal", "quantity": 2 }
		},
		"recipeGroup": 2,
		"width": 3,
		"height": 3,
		"output": { "type": "block", "code": "game:soil-high-none", "quantity": 2 }
	}
]
