{
	"editor": {
		"allAngles": false,
		"entityTextureMode": false
	},
	"textureWidth": 16,
	"textureHeight": 16,
	"textureSizes": {
	},
	"textures": {
		"blastpowdersack": "game:item/resource/blastpowdersack"
	},
	"elements": [
		{
			"name": "Origin",
			"from": [ 8.0, 0.0, 8.0 ],
			"to": [ 8.0, 0.0, 8.0 ],
			"rotationOrigin": [ 8.0, 0.0, 8.0 ],
			"faces": {
			},
			"children": [
				{
					"name": "BaggedCharge",
					"from": [ -2.0, 0.0, -2.0 ],
					"to": [ 1.0, 5.0, 1.0 ],
					"rotationOrigin": [ -9.0, 0.0, -8.0 ],
					"faces": {
						"north": { "texture": "#blastpowdersack", "uv": [ 10.0, 2.5, 13.0, 7.5 ] },
						"east": { "texture": "#blastpowdersack", "uv": [ 7.0, 2.5, 10.0, 7.5 ] },
						"south": { "texture": "#blastpowdersack", "uv": [ 3.5, 2.5, 6.5, 7.5 ] },
						"west": { "texture": "#blastpowdersack", "uv": [ 0.5, 2.5, 3.5, 7.5 ] },
						"up": { "texture": "#blastpowdersack", "uv": [ 6.0, 6.0, 9.0, 9.0 ] },
						"down": { "texture": "#blastpowdersack", "uv": [ 1.0, 10.5, 4.0, 13.5 ] }
					}
				},
				{
					"name": "Rope1",
					"from": [ -1.5, -0.25, -1.5 ],
					"to": [ 0.5, 0.0, 0.5 ],
					"rotationOrigin": [ -0.5, 0.0, -0.5 ],
					"faces": {
						"north": { "texture": "#blastpowdersack", "uv": [ 0.0, 0.0, 2.0, 0.5 ] },
						"east": { "texture": "#blastpowdersack", "uv": [ 5.0, 0.0, 7.0, 0.5 ] },
						"south": { "texture": "#blastpowdersack", "uv": [ 2.5, 0.0, 4.5, 0.5 ] },
						"west": { "texture": "#blastpowdersack", "uv": [ 2.0, 0.0, 4.0, 0.5 ] },
						"down": { "texture": "#blastpowdersack", "uv": [ 13.5, 0.5, 15.5, 2.5 ] }
					}
				},
				{
					"name": "Rope2",
					"from": [ -1.5, 5.0, -1.5 ],
					"to": [ 0.5, 5.25, 0.5 ],
					"rotationOrigin": [ -0.5, 5.0, -0.5 ],
					"faces": {
						"north": { "texture": "#blastpowdersack", "uv": [ 0.0, 0.0, 2.0, 0.5 ] },
						"east": { "texture": "#blastpowdersack", "uv": [ 5.0, 0.0, 7.0, 0.5 ] },
						"south": { "texture": "#blastpowdersack", "uv": [ 2.5, 0.0, 4.5, 0.5 ] },
						"west": { "texture": "#blastpowdersack", "uv": [ 2.0, 0.0, 4.0, 0.5 ] },
						"up": { "texture": "#blastpowdersack", "uv": [ 13.5, 0.5, 15.5, 2.5 ], "windMode": [-1,-1,-1,-1] }
					}
				}
			]
		}
	]}