{
	"editor": {
		"allAngles": false,
		"entityTextureMode": false
	},
	"textureWidth": 16,
	"textureHeight": 16,
	"textureSizes": {
	},
	"textures": {
		"black": "game:block/black"
	},
	"elements": [
		{
			"name": "Origin",
			"from": [ 8.0, 0.0, 8.0 ],
			"to": [ 8.0, 0.0, 8.0 ],
			"rotationOrigin": [ 8.0, 0.0, 8.0 ],
			"faces": {
			},
			"children": [
				{
					"name": "Casing",
					"from": [ -0.5, 0.0, -0.5 ],
					"to": [ 0.5, 3.0, 0.5 ],
					"faces": {
						"north": { "texture": "#casing", "uv": [ 0.0, 0.0, 1.0, 3.0 ] },
						"east": { "texture": "#casing", "uv": [ 1.0, 0.0, 2.0, 3.0 ] },
						"south": { "texture": "#casing", "uv": [ 2.0, 0.0, 3.0, 3.0 ] },
						"west": { "texture": "#casing", "uv": [ 3.0, 0.0, 4.0, 3.0 ] },
						"up": { "texture": "#black", "uv": [ 7.0, 6.5, 8.0, 7.5 ], "windMode": [-1,-1,-1,-1] }
					},
					"children": [
						{
							"name": "CasingBottom",
							"from": [ -0.1, 0.0, -0.1 ],
							"to": [ 1.1, 0.2, 1.1 ],
							"rotationOrigin": [ 0.5, 0.0, 0.5 ],
							"faces": {
								"north": { "texture": "#casing", "uv": [ 2.0, 4.5, 3.0, 5.0 ] },
								"east": { "texture": "#casing", "uv": [ 5.0, 3.5, 6.0, 4.0 ] },
								"south": { "texture": "#casing", "uv": [ 8.5, 5.0, 9.5, 5.5 ] },
								"west": { "texture": "#casing", "uv": [ 2.5, 2.5, 3.5, 3.0 ] },
								"up": { "texture": "#casing", "uv": [ 7.5, 5.0, 8.5, 6.0 ] },
								"down": { "texture": "#casing", "uv": [ 9.5, 8.0, 10.5, 9.0 ] }
							}
						}
					]
				}
			]
		}
	]}