{
	"editor": {
		"allAngles": false,
		"entityTextureMode": false
	},
	"textureWidth": 16,
	"textureHeight": 16,
	"textureSizes": {
	},
	"textures": {
		"drivingband": "game:block/metal/anvil/copper"
	},
	"elements": [
		{
			"name": "Origin",
			"from": [ 8.0, 0.0, 8.0 ],
			"to": [ 8.0, 0.0, 8.0 ],
			"rotationOrigin": [ 8.0, 0.0, 8.0 ],
			"faces": {
			},
			"children": [
				{
					"name": "Casing",
					"from": [ -0.5, 0.0, -0.5 ],
					"to": [ 0.5, 3.0, 0.5 ],
					"faces": {
						"north": { "texture": "#casing", "uv": [ 0.0, 0.0, 1.0, 3.0 ] },
						"east": { "texture": "#casing", "uv": [ 1.0, 0.0, 2.0, 3.0 ] },
						"south": { "texture": "#casing", "uv": [ 2.0, 0.0, 3.0, 3.0 ] },
						"west": { "texture": "#casing", "uv": [ 3.0, 0.0, 4.0, 3.0 ] }
					},
					"children": [
						{
							"name": "CasingBottom",
							"from": [ -0.1, 0.0, -0.1 ],
							"to": [ 1.1, 0.2, 1.1 ],
							"rotationOrigin": [ 0.5, 0.0, 0.5 ],
							"faces": {
								"north": { "texture": "#casing", "uv": [ 2.0, 4.5, 3.0, 5.0 ] },
								"east": { "texture": "#casing", "uv": [ 5.0, 3.5, 6.0, 4.0 ] },
								"south": { "texture": "#casing", "uv": [ 8.5, 5.0, 9.5, 5.5 ] },
								"west": { "texture": "#casing", "uv": [ 2.5, 2.5, 3.5, 3.0 ] },
								"up": { "texture": "#casing", "uv": [ 7.5, 5.0, 8.5, 6.0 ] },
								"down": { "texture": "#casing", "uv": [ 9.5, 8.0, 10.5, 9.0 ] }
							}
						}
					]
				},
				{
					"name": "Bullet1",
					"from": [ -0.5, 3.1, -0.5 ],
					"to": [ 0.5, 4.2, 0.5 ],
					"rotationOrigin": [ 0.0, 3.1, 0.0 ],
					"faces": {
						"north": { "texture": "#bullet", "uv": [ 2.0, 3.0, 3.0, 4.0 ] },
						"east": { "texture": "#bullet", "uv": [ 6.5, 8.5, 7.5, 9.5 ] },
						"south": { "texture": "#bullet", "uv": [ 9.5, 3.5, 10.5, 4.5 ] },
						"west": { "texture": "#bullet", "uv": [ 3.0, 11.5, 4.0, 12.5 ] },
						"up": { "texture": "#bullet", "uv": [ 7.0, 7.0, 8.0, 8.0 ] }
					},
					"children": [
						{
							"name": "Bullet2",
							"from": [ 0.3, 1.1, 0.3 ],
							"to": [ 0.7, 1.2, 0.7 ],
							"rotationOrigin": [ 0.5, 1.1, 0.5 ],
							"rotationY": 45.0,
							"faces": {
								"north": { "texture": "#bullet", "uv": [ 6.0, 8.5, 6.5, 9.0 ] },
								"east": { "texture": "#bullet", "uv": [ 11.0, 9.5, 11.5, 10.0 ] },
								"south": { "texture": "#bullet", "uv": [ 5.0, 5.5, 5.5, 6.0 ] },
								"west": { "texture": "#bullet", "uv": [ 4.5, 9.0, 5.0, 9.5 ] },
								"up": { "texture": "#bullet", "uv": [ 6.5, 13.0, 7.0, 13.5 ] }
							}
						},
						{
							"name": "DrivingBand",
							"from": [ 0.0, -0.1, 0.0 ],
							"to": [ 1.0, 0.0, 1.0 ],
							"rotationOrigin": [ 0.0, -0.1, 0.0 ],
							"faces": {
								"north": { "texture": "#drivingband", "uv": [ 13.0, 2.0, 14.0, 2.5 ] },
								"east": { "texture": "#drivingband", "uv": [ 4.0, 3.5, 5.0, 4.0 ] },
								"south": { "texture": "#drivingband", "uv": [ 13.0, 14.0, 14.0, 14.5 ] },
								"west": { "texture": "#drivingband", "uv": [ 2.5, 6.0, 3.5, 6.5 ] }
							}
						}
					]
				}
			]
		}
	]}