{
	"editor": {
		"allAngles": false,
		"entityTextureMode": false
	},
	"textureWidth": 16,
	"textureHeight": 16,
	"textureSizes": {
	},
	"textures": {
	},
	"elements": [
		{
			"name": "Origin",
			"from": [ 0.0, 0.0, 0.0 ],
			"to": [ 0.0, 0.0, 0.0 ],
			"rotationOrigin": [ 8.0, 0.0, 8.0 ],
			"faces": {
			},
			"children": [
				{
					"name": "CasingBase",
					"from": [ 5.35, 0.0, 5.375 ],
					"to": [ 10.6, 0.25, 10.625 ],
					"rotationOrigin": [ 8.1, -0.5, 8.125 ],
					"faces": {
						"north": { "texture": "#casing", "uv": [ 3.0, 0.0, 8.0, 0.5 ] },
						"east": { "texture": "#casing", "uv": [ 7.0, 0.0, 12.0, 0.5 ] },
						"south": { "texture": "#casing", "uv": [ 2.0, 0.0, 7.0, 0.5 ] },
						"west": { "texture": "#casing", "uv": [ 3.5, 0.0, 8.5, 0.5 ] },
						"up": { "texture": "#casing", "uv": [ 6.0, 6.5, 11.0, 11.5 ], "rotation": 90 },
						"down": { "texture": "#casing", "uv": [ 4.0, 3.0, 9.0, 8.0 ], "rotation": 270 }
					},
					"children": [
						{
							"name": "Primer",
							"from": [ 2.25, -0.25, 2.25 ],
							"to": [ 3.25, 0.0, 3.25 ],
							"rotationOrigin": [ 2.75, -1.5, 2.75 ],
							"faces": {
								"north": { "texture": "#casing", "uv": [ 5.5, 3.0, 6.5, 3.5 ] },
								"east": { "texture": "#casing", "uv": [ 7.5, 4.5, 8.5, 5.0 ] },
								"south": { "texture": "#casing", "uv": [ 3.5, 5.0, 4.5, 5.5 ] },
								"west": { "texture": "#casing", "uv": [ 6.5, 4.0, 7.5, 4.5 ] },
								"down": { "texture": "#casing", "uv": [ 6.0, 4.0, 7.0, 5.0 ], "rotation": 270 }
							}
						},
						{
							"name": "CasingSide1",
							"from": [ 0.2, 0.25, 0.25 ],
							"to": [ 0.4, 8.0, 5.0 ],
							"rotationOrigin": [ 2.65, 0.25, 2.625 ],
							"faces": {
								"north": { "texture": "#casing", "uv": [ 0.0, 7.0, 0.5, 14.5 ], "windMode": [-1,-1,-1,-1] },
								"east": { "texture": "#casing", "uv": [ 0.0, 7.0, 4.5, 14.5 ], "windMode": [-1,-1,-1,-1] },
								"south": { "texture": "#casing", "uv": [ 3.5, 8.5, 4.0, 16.0 ], "windMode": [-1,-1,-1,-1] },
								"west": { "texture": "#casing", "uv": [ 0.0, 8.5, 4.5, 16.0 ], "windMode": [-1,-1,-1,-1] },
								"up": { "texture": "#casing", "uv": [ 6.0, 6.5, 10.5, 7.0 ], "rotation": 90, "windMode": [-1,-1,-1,-1] }
							}
						},
						{
							"name": "CasingSide2",
							"from": [ 4.9, 0.25, 0.25 ],
							"to": [ 5.1, 8.0, 5.0 ],
							"rotationOrigin": [ 7.65, 0.25, 2.625 ],
							"faces": {
								"north": { "texture": "#casing", "uv": [ 11.5, 7.5, 12.0, 15.0 ] },
								"east": { "texture": "#casing", "uv": [ 8.0, 8.0, 12.5, 15.5 ] },
								"south": { "texture": "#casing", "uv": [ 7.5, 8.0, 8.0, 15.5 ] },
								"west": { "texture": "#casing", "uv": [ 8.0, 7.5, 12.5, 15.0 ] },
								"up": { "texture": "#casing", "uv": [ 6.0, 6.5, 10.5, 7.0 ], "rotation": 90 }
							}
						},
						{
							"name": "CasingSide3",
							"from": [ 0.4, 0.25, 0.25 ],
							"to": [ 4.9, 8.0, 0.45 ],
							"rotationOrigin": [ 2.65, 0.25, 2.625 ],
							"faces": {
								"north": { "texture": "#casing", "uv": [ 11.5, 7.5, 16.0, 15.0 ] },
								"south": { "texture": "#casing", "uv": [ 11.5, 8.0, 16.0, 15.5 ] },
								"up": { "texture": "#casing", "uv": [ 6.0, 6.5, 6.5, 11.0 ], "rotation": 90 }
							}
						},
						{
							"name": "CasingSide4",
							"from": [ 0.4, 0.25, 4.8 ],
							"to": [ 4.9, 8.0, 5.0 ],
							"rotationOrigin": [ 2.65, 0.25, 7.625 ],
							"faces": {
								"north": { "texture": "#casing", "uv": [ 2.5, 7.5, 7.0, 15.0 ] },
								"south": { "texture": "#casing", "uv": [ 3.0, 7.0, 7.5, 14.5 ] },
								"up": { "texture": "#casing", "uv": [ 6.0, 6.5, 6.5, 11.0 ], "rotation": 90 }
							}
						},
						{
							"name": "CasingSideTop1",
							"from": [ 0.3, 8.0, 0.3 ],
							"to": [ 0.4, 10.0, 4.9 ],
							"rotationOrigin": [ 2.65, 8.0, 2.625 ],
							"faces": {
								"north": { "texture": "#casing", "uv": [ 0.0, 3.0, 0.5, 5.0 ] },
								"east": { "texture": "#casing", "uv": [ 0.0, 4.0, 4.5, 6.0 ] },
								"south": { "texture": "#casing", "uv": [ 3.5, 3.5, 4.0, 5.5 ] },
								"west": { "texture": "#casing", "uv": [ 0.0, 4.5, 4.5, 6.5 ] },
								"up": { "texture": "#casing", "uv": [ 6.0, 6.5, 10.5, 7.0 ], "rotation": 90 }
							}
						},
						{
							"name": "CasingSideTop2",
							"from": [ 4.9, 8.0, 0.3 ],
							"to": [ 5.0, 10.0, 4.9 ],
							"rotationOrigin": [ 7.65, 8.0, 2.625 ],
							"faces": {
								"north": { "texture": "#casing", "uv": [ 11.5, 3.5, 12.0, 5.5 ] },
								"east": { "texture": "#casing", "uv": [ 7.5, 4.0, 12.0, 6.0 ] },
								"south": { "texture": "#casing", "uv": [ 7.5, 4.0, 8.0, 6.0 ] },
								"west": { "texture": "#casing", "uv": [ 8.0, 4.5, 12.5, 6.5 ] },
								"up": { "texture": "#casing", "uv": [ 6.0, 6.5, 10.5, 7.0 ], "rotation": 90 }
							}
						},
						{
							"name": "CasingSideTop3",
							"from": [ 0.4, 8.0, 0.3 ],
							"to": [ 4.9, 10.0, 0.4 ],
							"rotationOrigin": [ 2.65, 0.258, 2.625 ],
							"faces": {
								"north": { "texture": "#casing", "uv": [ 11.5, 4.0, 16.0, 6.0 ] },
								"south": { "texture": "#casing", "uv": [ 11.5, 3.5, 16.0, 5.5 ] },
								"up": { "texture": "#casing", "uv": [ 6.0, 6.5, 6.5, 11.0 ], "rotation": 90 }
							}
						},
						{
							"name": "CasingSideTop4",
							"from": [ 0.4, 8.0, 4.8 ],
							"to": [ 4.9, 10.0, 4.9 ],
							"rotationOrigin": [ 2.65, 8.0, 7.625 ],
							"faces": {
								"north": { "texture": "#casing", "uv": [ 2.5, 4.0, 7.0, 6.0 ] },
								"south": { "texture": "#casing", "uv": [ 3.5, 3.5, 8.0, 5.5 ] },
								"up": { "texture": "#casing", "uv": [ 6.0, 6.5, 6.5, 11.0 ], "rotation": 90 }
							}
						}
					]
				}
			]
		}
	]}