{
	"editor": {
		"allAngles": false,
		"entityTextureMode": false
	},
	"textureWidth": 16,
	"textureHeight": 16,
	"textureSizes": {
	},
	"textures": {
		"black": "game:block/black",
		"charred": "game:block/wood/charred"
	},
	"elements": [
		{
			"name": "Origin",
			"from": [ 0.0, 0.0, 0.0 ],
			"to": [ 0.0, 0.0, 0.0 ],
			"rotationOrigin": [ 8.0, 0.0, 8.0 ],
			"faces": {
			},
			"children": [
				{
					"name": "RoundShot1",
					"from": [ 6.0, 0.5, 6.0 ],
					"to": [ 10.0, 4.5, 10.0 ],
					"rotationOrigin": [ 8.0, 2.5, 8.0 ],
					"faces": {
						"north": { "texture": "#material", "uv": [ 4.5, 2.5, 8.5, 6.5 ], "windMode": [-1,-1,-1,-1] },
						"east": { "texture": "#material", "uv": [ 5.5, 2.5, 9.5, 6.5 ], "windMode": [-1,-1,-1,-1] },
						"south": { "texture": "#material", "uv": [ 5.0, 2.5, 9.0, 6.5 ], "windMode": [-1,-1,-1,-1] },
						"west": { "texture": "#material", "uv": [ 2.5, 2.5, 6.5, 6.5 ], "windMode": [-1,-1,-1,-1] },
						"up": { "texture": "#material", "uv": [ 6.0, 6.5, 10.0, 10.5 ], "rotation": 90, "windMode": [-1,-1,-1,-1] },
						"down": { "texture": "#material", "uv": [ 4.0, 3.0, 8.0, 7.0 ], "rotation": 270, "windMode": [-1,-1,-1,-1] }
					},
					"children": [
						{
							"name": "RoundShot2",
							"from": [ 0.5, -0.5, 0.5 ],
							"to": [ 3.5, 4.5, 1.5 ],
							"rotationOrigin": [ 2.0, -1.5, 2.0 ],
							"faces": {
								"north": { "texture": "#material", "uv": [ 4.5, 2.5, 7.5, 7.5 ] },
								"east": { "texture": "#material", "uv": [ 5.5, 2.5, 6.5, 7.5 ] },
								"south": { "texture": "#charred", "uv": [ 6.0, 3.0, 9.0, 8.0 ], "windMode": [-1,-1,-1,-1] },
								"west": { "texture": "#material", "uv": [ 2.5, 2.5, 3.5, 7.5 ] },
								"up": { "texture": "#material", "uv": [ 6.0, 6.5, 7.0, 9.5 ], "rotation": 90 },
								"down": { "texture": "#material", "uv": [ 1.0, 0.5, 4.0, 1.5 ], "windMode": [-1,-1,-1,-1] }
							}
						},
						{
							"name": "RoundShot3",
							"from": [ -0.5, 0.5, 0.5 ],
							"to": [ 4.5, 3.5, 3.5 ],
							"rotationOrigin": [ 2.0, 0.0, 2.0 ],
							"faces": {
								"north": { "texture": "#material", "uv": [ 4.5, 2.5, 9.5, 5.5 ] },
								"east": { "texture": "#material", "uv": [ 5.5, 2.5, 8.5, 5.5 ] },
								"south": { "texture": "#material", "uv": [ 5.0, 2.5, 10.0, 5.5 ] },
								"west": { "texture": "#material", "uv": [ 2.5, 2.5, 5.5, 5.5 ] },
								"up": { "texture": "#material", "uv": [ 6.0, 6.5, 9.0, 11.5 ], "rotation": 90 },
								"down": { "texture": "#material", "uv": [ 0.5, 1.0, 5.5, 4.0 ], "windMode": [-1,-1,-1,-1] }
							}
						},
						{
							"name": "RoundShot4",
							"from": [ 0.5, 0.5, -0.5 ],
							"to": [ 3.5, 3.5, 4.5 ],
							"rotationOrigin": [ 2.0, 0.0, 2.0 ],
							"faces": {
								"north": { "texture": "#material", "uv": [ 4.5, 2.5, 7.5, 5.5 ] },
								"east": { "texture": "#material", "uv": [ 5.5, 2.5, 10.5, 5.5 ] },
								"south": { "texture": "#material", "uv": [ 5.0, 2.5, 8.0, 5.5 ], "windMode": [-1,-1,-1,-1] },
								"west": { "texture": "#material", "uv": [ 2.5, 2.5, 7.5, 5.5 ] },
								"up": { "texture": "#material", "uv": [ 6.0, 6.5, 11.0, 9.5 ], "rotation": 90 },
								"down": { "texture": "#material", "uv": [ 1.0, 1.0, 4.0, 6.0 ], "windMode": [-1,-1,-1,-1] }
							}
						},
						{
							"name": "RoundShot5",
							"from": [ 0.5, -0.5, 2.5 ],
							"to": [ 3.5, 4.5, 3.5 ],
							"rotationOrigin": [ 2.0, -1.5, 4.0 ],
							"faces": {
								"north": { "texture": "#charred", "uv": [ 4.5, 2.5, 7.5, 7.5 ], "windMode": [-1,-1,-1,-1] },
								"east": { "texture": "#material", "uv": [ 5.5, 2.5, 6.5, 7.5 ] },
								"south": { "texture": "#material", "uv": [ 5.0, 2.5, 8.0, 7.5 ] },
								"west": { "texture": "#material", "uv": [ 2.5, 2.5, 3.5, 7.5 ] },
								"up": { "texture": "#material", "uv": [ 10.5, 4.5, 11.5, 7.5 ], "rotation": 90 },
								"down": { "texture": "#material", "uv": [ 4.0, 5.0, 7.0, 6.0 ] }
							}
						},
						{
							"name": "RoundShot6",
							"from": [ 0.5, -0.5, 1.5 ],
							"to": [ 1.5, 4.5, 2.5 ],
							"rotationOrigin": [ 2.0, -1.5, 3.0 ],
							"faces": {
								"east": { "texture": "#charred", "uv": [ 5.5, 2.5, 6.5, 7.5 ], "windMode": [-1,-1,-1,-1] },
								"west": { "texture": "#material", "uv": [ 2.5, 2.5, 3.5, 7.5 ] },
								"up": { "texture": "#material", "uv": [ 10.5, 4.5, 11.5, 5.5 ], "rotation": 90 },
								"down": { "texture": "#material", "uv": [ 4.0, 5.0, 5.0, 6.0 ] }
							}
						},
						{
							"name": "RoundShot7",
							"from": [ 2.5, -0.5, 1.5 ],
							"to": [ 3.5, 4.5, 2.5 ],
							"rotationOrigin": [ 4.0, -1.5, 3.0 ],
							"faces": {
								"east": { "texture": "#material", "uv": [ 5.5, 2.5, 6.5, 7.5 ] },
								"west": { "texture": "#charred", "uv": [ 2.5, 2.5, 3.5, 7.5 ], "windMode": [-1,-1,-1,-1] },
								"up": { "texture": "#material", "uv": [ 10.5, 4.5, 11.5, 5.5 ], "rotation": 90 },
								"down": { "texture": "#material", "uv": [ 4.0, 5.0, 5.0, 6.0 ] }
							}
						},
						{
							"name": "RoundShotHole",
							"from": [ 1.5, -0.5, 1.5 ],
							"to": [ 2.5, 4.01, 2.5 ],
							"rotationOrigin": [ 3.0, -1.5, 3.0 ],
							"faces": {
								"up": { "texture": "#black", "uv": [ 10.5, 4.5, 11.5, 5.5 ], "rotation": 90, "windMode": [-1,-1,-1,-1] },
								"down": { "texture": "#material", "uv": [ 4.0, 5.0, 5.0, 6.0 ] }
							}
						}
					]
				}
			]
		}
	]}