{
	"editor": {
		"allAngles": false,
		"entityTextureMode": false
	},
	"textureWidth": 16,
	"textureHeight": 16,
	"textureSizes": {
	},
	"textures": {
		"fuze": "game:block/metal/anvil/tinbronze"
	},
	"elements": [
		{
			"name": "Origin",
			"from": [ 0.0, 0.0, 0.0 ],
			"to": [ 0.0, 0.0, 0.0 ],
			"rotationOrigin": [ 8.0, 0.0, 8.0 ],
			"faces": {
			},
			"children": [
				{
					"name": "RoundShot1",
					"from": [ 6.0, 0.5, 6.0 ],
					"to": [ 10.0, 4.5, 10.0 ],
					"rotationOrigin": [ 8.0, 2.5, 8.0 ],
					"faces": {
						"north": { "texture": "#material", "uv": [ 4.5, 2.5, 8.5, 6.5 ], "windMode": [-1,-1,-1,-1] },
						"east": { "texture": "#material", "uv": [ 5.5, 2.5, 9.5, 6.5 ], "windMode": [-1,-1,-1,-1] },
						"south": { "texture": "#material", "uv": [ 5.0, 2.5, 9.0, 6.5 ], "windMode": [-1,-1,-1,-1] },
						"west": { "texture": "#material", "uv": [ 2.5, 2.5, 6.5, 6.5 ], "windMode": [-1,-1,-1,-1] },
						"up": { "texture": "#material", "uv": [ 6.0, 6.5, 10.0, 10.5 ], "rotation": 90, "windMode": [-1,-1,-1,-1] },
						"down": { "texture": "#material", "uv": [ 4.0, 3.0, 8.0, 7.0 ], "rotation": 270, "windMode": [-1,-1,-1,-1] }
					},
					"children": [
						{
							"name": "RoundShot2",
							"from": [ 0.5, -0.5, 0.5 ],
							"to": [ 3.5, 4.5, 3.5 ],
							"rotationOrigin": [ 2.0, -1.5, 2.0 ],
							"faces": {
								"north": { "texture": "#material", "uv": [ 4.5, 2.5, 7.5, 7.5 ] },
								"east": { "texture": "#material", "uv": [ 5.5, 2.5, 8.5, 7.5 ] },
								"south": { "texture": "#material", "uv": [ 6.0, 3.0, 9.0, 8.0 ], "windMode": [-1,-1,-1,-1] },
								"west": { "texture": "#material", "uv": [ 2.5, 2.5, 5.5, 7.5 ] },
								"up": { "texture": "#material", "uv": [ 6.0, 6.5, 9.0, 9.5 ], "rotation": 90 },
								"down": { "texture": "#material", "uv": [ 1.0, 0.5, 4.0, 3.5 ], "windMode": [-1,-1,-1,-1] }
							}
						},
						{
							"name": "RoundShot3",
							"from": [ -0.5, 0.5, 0.5 ],
							"to": [ 4.5, 3.5, 3.5 ],
							"rotationOrigin": [ 2.0, 0.0, 2.0 ],
							"faces": {
								"north": { "texture": "#material", "uv": [ 4.5, 2.5, 9.5, 5.5 ] },
								"east": { "texture": "#material", "uv": [ 5.5, 2.5, 8.5, 5.5 ] },
								"south": { "texture": "#material", "uv": [ 5.0, 2.5, 10.0, 5.5 ] },
								"west": { "texture": "#material", "uv": [ 2.5, 2.5, 5.5, 5.5 ] },
								"up": { "texture": "#material", "uv": [ 6.0, 6.5, 9.0, 11.5 ], "rotation": 90 },
								"down": { "texture": "#material", "uv": [ 0.5, 1.0, 5.5, 4.0 ], "windMode": [-1,-1,-1,-1] }
							}
						},
						{
							"name": "RoundShot4",
							"from": [ 0.5, 0.5, -0.5 ],
							"to": [ 3.5, 3.5, 4.5 ],
							"rotationOrigin": [ 2.0, 0.0, 2.0 ],
							"faces": {
								"north": { "texture": "#material", "uv": [ 4.5, 2.5, 7.5, 5.5 ] },
								"east": { "texture": "#material", "uv": [ 5.5, 2.5, 10.5, 5.5 ] },
								"south": { "texture": "#material", "uv": [ 5.0, 2.5, 8.0, 5.5 ], "windMode": [-1,-1,-1,-1] },
								"west": { "texture": "#material", "uv": [ 2.5, 2.5, 7.5, 5.5 ] },
								"up": { "texture": "#material", "uv": [ 6.0, 6.5, 11.0, 9.5 ], "rotation": 90 },
								"down": { "texture": "#material", "uv": [ 1.0, 1.0, 4.0, 6.0 ], "windMode": [-1,-1,-1,-1] }
							}
						},
						{
							"name": "Fuze1",
							"from": [ 1.455, 4.0, 1.455 ],
							"to": [ 2.455, 5.0, 2.455 ],
							"rotationOrigin": [ 1.45, 4.0, 1.455 ],
							"faces": {
								"north": { "texture": "#fuze", "uv": [ 10.5, 3.5, 11.5, 4.5 ], "snapUv": false },
								"east": { "texture": "#fuze", "uv": [ 8.0, 1.5, 9.0, 2.5 ], "snapUv": false },
								"south": { "texture": "#fuze", "uv": [ 3.5, 1.5, 4.5, 2.5 ], "snapUv": false },
								"west": { "texture": "#fuze", "uv": [ 1.0, 1.5, 2.0, 2.5 ], "snapUv": false },
								"up": { "texture": "#fuze", "uv": [ 5.0, 7.5, 6.0, 8.5 ], "snapUv": false },
								"down": { "texture": "#fuze", "uv": [ 2.5, 2.5, 3.5, 3.5 ], "windMode": [-1,-1,-1,-1] }
							},
							"children": [
								{
									"name": "Fuze2",
									"from": [ 0.25, 1.0, 0.25 ],
									"to": [ 0.75, 1.1, 0.75 ],
									"rotationOrigin": [ 0.25, 1.0, 0.25 ],
									"faces": {
										"north": { "texture": "#fuze", "uv": [ 13.0, 1.5, 13.5, 2.0 ] },
										"east": { "texture": "#fuze", "uv": [ 8.0, 1.5, 8.5, 2.0 ] },
										"south": { "texture": "#fuze", "uv": [ 3.5, 1.5, 4.0, 2.0 ] },
										"west": { "texture": "#fuze", "uv": [ 0.0, 1.0, 0.5, 1.5 ] },
										"up": { "texture": "#fuze", "uv": [ 5.0, 7.5, 5.5, 8.0 ] }
									}
								}
							]
						}
					]
				}
			]
		}
	]}