{
	"editor": {
		"allAngles": false,
		"entityTextureMode": false
	},
	"textureWidth": 16,
	"textureHeight": 16,
	"textureSizes": {
	},
	"textures": {
		"wood":            "game:block/wood/planks/aged/generic1",
		"blastpowdersack": "game:item/resource/blastpowdersack"
	},
	"elements": [
		{
			"name": "Origin",
			"from": [ 0.0, 0.0, 0.0 ],
			"to": [ 0.0, 0.0, 0.0 ],
			"rotationOrigin": [ 8.0, 0.0, 8.0 ],
			"faces": {
			}
		},
		{
			"name": "GrapeShot",
			"from": [ 6.1, 1.0, 6.1 ],
			"to": [ 9.9, 9.0, 9.9 ],
			"rotationOrigin": [ 8.0, 0.0, 8.0 ],
			"faces": {
				"north": { "texture": "#blastpowdersack", "uv": [ 4.5, 1.5, 8.0, 9.5 ], "windMode": [-1,-1,-1,-1] },
				"east": { "texture": "#blastpowdersack", "uv": [ 5.5, 1.5, 9.0, 9.5 ], "windMode": [-1,-1,-1,-1] },
				"south": { "texture": "#blastpowdersack", "uv": [ 5.0, 1.5, 8.5, 9.5 ], "windMode": [-1,-1,-1,-1] },
				"west": { "texture": "#blastpowdersack", "uv": [ 2.5, 1.5, 6.0, 9.5 ], "windMode": [-1,-1,-1,-1] },
				"up": { "texture": "#blastpowdersack", "uv": [ 6.0, 6.5, 9.5, 10.0 ], "rotation": 90, "windMode": [-1,-1,-1,-1] }
			},
			"children": [
				{
					"name": "GrapeShotTop",
					"from": [ 0.9, 8.0, 0.9 ],
					"to": [ 2.9, 9.0, 2.9 ],
					"rotationOrigin": [ 1.9, 8.0, 1.9 ],
					"rotationY": 45.0,
					"faces": {
						"north": { "texture": "#blastpowdersack", "uv": [ 1.5, 1.0, 3.5, 2.0 ] },
						"east": { "texture": "#blastpowdersack", "uv": [ 5.5, 1.5, 7.5, 2.5 ] },
						"south": { "texture": "#blastpowdersack", "uv": [ 5.0, 1.5, 7.0, 2.5 ] },
						"west": { "texture": "#blastpowdersack", "uv": [ 4.5, 1.0, 6.5, 2.0 ] },
						"up": { "texture": "#blastpowdersack", "uv": [ 6.0, 6.5, 8.0, 8.5 ], "rotation": 90 }
					},
					"children": [
						{
							"name": "GrapeShotTopWood",
							"from": [ 0.2, 1.0, 0.2 ],
							"to": [ 1.8, 2.0, 1.8 ],
							"rotationOrigin": [ 1.0, 1.0, 1.0 ],
							"faces": {
								"north": { "texture": "#wood", "uv": [ 1.5, 1.0, 3.0, 2.0 ], "windMode": [-1,-1,-1,-1] },
								"east": { "texture": "#wood", "uv": [ 5.5, 1.5, 7.0, 2.5 ], "windMode": [-1,-1,-1,-1] },
								"south": { "texture": "#wood", "uv": [ 5.0, 1.5, 6.5, 2.5 ], "windMode": [-1,-1,-1,-1] },
								"west": { "texture": "#wood", "uv": [ 4.5, 1.0, 6.0, 2.0 ], "windMode": [-1,-1,-1,-1] },
								"up": { "texture": "#wood", "uv": [ 6.0, 6.5, 7.5, 8.0 ], "rotation": 90, "windMode": [-1,-1,-1,-1] }
							}
						}
					]
				}
			]
		},
		{
			"name": "GrapeShotWood",
			"from": [ 6.0, 0.0, 6.0 ],
			"to": [ 10.0, 1.0, 10.0 ],
			"rotationOrigin": [ 8.0, 0.0, 8.0 ],
			"faces": {
				"north": { "texture": "#wood", "uv": [ 7.0, 6.0, 11.0, 7.0 ], "windMode": [-1,-1,-1,-1] },
				"east": { "texture": "#wood", "uv": [ 1.5, 1.5, 5.5, 2.5 ], "windMode": [-1,-1,-1,-1] },
				"south": { "texture": "#wood", "uv": [ 9.0, 6.5, 13.0, 7.5 ], "windMode": [-1,-1,-1,-1] },
				"west": { "texture": "#wood", "uv": [ 6.5, 6.0, 10.5, 7.0 ], "windMode": [-1,-1,-1,-1] },
				"up": { "texture": "#wood", "uv": [ 10.0, 6.5, 14.0, 10.5 ], "rotation": 90, "windMode": [-1,-1,-1,-1] },
				"down": { "texture": "#wood", "uv": [ 3.5, 6.5, 7.5, 10.5 ], "rotation": 90, "windMode": [-1,-1,-1,-1] }
			}
		}
	]}