{
	"editor": {
		"allAngles": false,
		"entityTextureMode": false
	},
	"textureWidth": 16,
	"textureHeight": 16,
	"textureSizes": {
	},
	"textures": {
		"drivingband": "game:block/metal/anvil/copper",
		"fuze": "game:block/metal/anvil/tinbronze"
	},
	"elements": [
		{
			"name": "Origin",
			"from": [ 0.0, -7.5, 0.0 ],
			"to": [ 0.0, -7.5, 0.0 ],
			"rotationOrigin": [ 8.0, 0.5, 8.0 ],
			"faces": {
			},
			"children": [
				{
					"name": "DrivingBand",
					"from": [ 5.7, 11.0, 5.7 ],
					"to": [ 10.3, 11.5, 10.3 ],
					"rotationOrigin": [ 8.0, 11.0, 8.0 ],
					"faces": {
						"north": { "texture": "#drivingband", "uv": [ 0.0, 0.0, 4.5, 0.5 ] },
						"east": { "texture": "#drivingband", "uv": [ 11.5, 0.0, 16.0, 0.5 ] },
						"south": { "texture": "#drivingband", "uv": [ 8.5, 0.0, 13.0, 0.5 ] },
						"west": { "texture": "#drivingband", "uv": [ 4.0, 0.0, 8.5, 0.5 ] },
						"up": { "texture": "#drivingband", "uv": [ 0.0, 0.0, 4.5, 4.5 ], "windMode": [-1,-1,-1,-1] },
						"down": { "texture": "#drivingband", "uv": [ 0.0, 0.0, 4.5, 4.5 ], "windMode": [-1,-1,-1,-1] }
					}
				},
				{
					"name": "WarHead1",
					"from": [ 5.75, 8.0, 5.75 ],
					"to": [ 10.25, 17.0, 10.25 ],
					"rotationOrigin": [ 8.0, 8.0, 8.0 ],
					"faces": {
						"north": { "texture": "#warhead", "uv": [ 11.5, 7.0, 16.0, 16.0 ] },
						"east": { "texture": "#warhead", "uv": [ 7.0, 7.0, 11.5, 16.0 ] },
						"south": { "texture": "#warhead", "uv": [ 3.5, 7.0, 8.0, 16.0 ] },
						"west": { "texture": "#warhead", "uv": [ 0.0, 7.0, 4.5, 16.0 ] },
						"up": { "texture": "#warhead", "uv": [ 7.0, 5.0, 11.5, 9.5 ], "rotation": 90 }
					},
					"children": [
						{
							"name": "WarHead2",
							"from": [ 0.125, 9.0, 0.125 ],
							"to": [ 4.375, 10.5, 4.375 ],
							"rotationOrigin": [ 0.12, 9.0, 0.12 ],
							"faces": {
								"north": { "texture": "#warhead", "uv": [ 12.0, 5.5, 16.0, 7.0 ] },
								"east": { "texture": "#warhead", "uv": [ 7.0, 6.0, 11.0, 7.5 ], "windMode": [-1,-1,-1,-1] },
								"south": { "texture": "#warhead", "uv": [ 4.0, 5.5, 8.0, 7.0 ], "windMode": [-1,-1,-1,-1] },
								"west": { "texture": "#warhead", "uv": [ 0.0, 6.0, 4.0, 7.5 ], "windMode": [-1,-1,-1,-1] },
								"up": { "texture": "#warhead", "uv": [ 5.0, 3.0, 9.0, 7.0 ], "rotation": 90, "windMode": [-1,-1,-1,-1] }
							},
							"children": [
								{
									"name": "Fuze1",
									"from": [ 1.62, 1.5, 1.62 ],
									"to": [ 2.62, 1.75, 2.62 ],
									"rotationOrigin": [ 2.0, 1.5, 2.0 ],
									"faces": {
										"north": { "texture": "#fuze", "uv": [ 13.0, 1.5, 14.0, 2.0 ] },
										"east": { "texture": "#fuze", "uv": [ 8.0, 1.5, 9.0, 2.0 ] },
										"south": { "texture": "#fuze", "uv": [ 3.5, 1.5, 4.5, 2.0 ] },
										"west": { "texture": "#fuze", "uv": [ 0.0, 1.0, 1.0, 1.5 ] },
										"up": { "texture": "#fuze", "uv": [ 5.0, 7.5, 6.0, 8.5 ] }
									},
									"children": [
										{
											"name": "Fuze2",
											"from": [ 0.25, 0.25, 0.25 ],
											"to": [ 0.75, 0.35, 0.75 ],
											"rotationOrigin": [ 0.25, 0.25, 0.25 ],
											"faces": {
												"north": { "texture": "#fuze", "uv": [ 13.0, 1.5, 13.5, 2.0 ] },
												"east": { "texture": "#fuze", "uv": [ 8.0, 1.5, 8.5, 2.0 ] },
												"south": { "texture": "#fuze", "uv": [ 3.5, 1.5, 4.0, 2.0 ] },
												"west": { "texture": "#fuze", "uv": [ 0.0, 1.0, 0.5, 1.5 ] },
												"up": { "texture": "#fuze", "uv": [ 5.0, 7.5, 5.5, 8.0 ] }
											}
										}
									]
								}
							]
						},
						{
							"name": "Icon",
							"from": [ 0.25, 5.5, 4.51 ],
							"to": [ 4.25, 8.5, 4.51 ],
							"rotationOrigin": [ -0.1, 5.5, 1.0 ],
							"faces": {
								"south": { "texture": "#icon", "uv": [ 1.0, 3.0, 15.0, 13.0 ], "autoUv": false, "windMode": [-1,-1,-1,-1] }
							}
						},
						{
							"name": "WarHeadBottom",
							"from": [ 0.705, -0.5, 0.705 ],
							"to": [ 3.705, 0.0, 3.705 ],
							"rotationOrigin": [ 0.705, -0.5, 0.705 ],
							"faces": {
								"north": { "texture": "#warhead", "uv": [ 13.0, 3.0, 16.0, 3.5 ] },
								"east": { "texture": "#warhead", "uv": [ 9.5, 3.0, 12.5, 3.5 ] },
								"south": { "texture": "#warhead", "uv": [ 6.5, 4.0, 9.5, 4.5 ] },
								"west": { "texture": "#warhead", "uv": [ 3.5, 5.0, 6.5, 5.5 ] },
								"down": { "texture": "#warhead", "uv": [ 5.0, 4.5, 8.0, 7.5 ], "windMode": [-1,-1,-1,-1] }
							}
						}
					]
				}
			]
		}
	]}