﻿[
 {
    "file": "expandedfoods:recipes/grid/ancienttools/acorns/acornbreadcrumbs.json",
    op: "replace", 
    path: "/0/enabled",
    value: true,
    side: "server",
    dependsOn: [{ "modid": "ancienttools" }, { "modid": "acorns" }]
 },
 {
    "file": "expandedfoods:recipes/grid/ancienttools/acorns/acornbreadcrumbs.json",
    op: "replace", 
    path: "/1/enabled",
    value: true,
    side: "server",
    dependsOn: [{ "modid": "ancienttools" }, { "modid": "acorns" }]
 },
 {
    "file": "expandedfoods:recipes/grid/ancienttools/acorns/acornbreadcrumbs.json",
    op: "replace", 
    path: "/2/enabled",
    value: true,
    side: "server",
    dependsOn: [{ "modid": "ancienttools" }, { "modid": "acorns" }]
 },
 {
    "file": "expandedfoods:itemtypes/food/acorns/acornbreadcrumbs.json",
    op: "addmerge", 
    path: "/skipVariants",
    value: [ "acornbreadcrumbs-acornbirch", "acornbreadcrumbs-acornpine", "acornbreadcrumbs-acornmaple"],
    side: "server",
    dependsOn: [{ "modid": "ancienttools", "invert": true }]
 },
]