{
	"editor": {
		"collapsedPaths": "Root/RimMover",
		"allAngles": true,
		"entityTextureMode": false
	},
	"textureWidth": 16,
	"textureHeight": 16,
	"textureSizes": {
	},
	"textures": {
		"iron1": "game:block/metal/sheet/iron1",
		"generic": "game:block/wood/planks/generic"
	},
	"elements": [
		{
			"name": "RimMover",
			"from": [ 3.4, 13.0, 7.0 ],
			"to": [ 5.0, 14.6, 8.6 ],
			"rotationOrigin": [ 3.4, 14.0, 8.0 ],
			"faces": {
			},
			"children": [
				{
					"name": "Quadrant4-6",
					"from": [ 0.0, 0.0, 0.0 ],
					"to": [ 1.6, 1.6, 1.6 ],
					"rotationOrigin": [ 0.0, 0.8, 0.8 ],
					"faces": {
						"north": { "texture": "#generic", "uv": [ 0.0, 0.0, 1.6, 1.6 ] },
						"east": { "texture": "#generic", "uv": [ 0.0, 0.0, 1.6, 1.6 ] },
						"south": { "texture": "#generic", "uv": [ 0.0, 0.0, 1.6, 1.6 ] },
						"west": { "texture": "#generic", "uv": [ 0.0, 0.0, 1.6, 1.6 ] },
						"up": { "texture": "#generic", "uv": [ 0.0, 0.0, 1.6, 1.6 ] },
						"down": { "texture": "#generic", "uv": [ 0.0, 0.0, 1.6, 1.6 ] }
					},
					"children": [
						{
							"name": "Spoke6",
							"from": [ 0.4, -9.6, 0.16 ],
							"to": [ 1.68, 0.0, 1.44 ],
							"rotationOrigin": [ 1.2, 0.8, 0.8 ],
							"rotationX": -15.0,
							"faces": {
								"north": { "texture": "#generic", "uv": [ 1.0, 11.0, 10.5, 12.0 ], "rotation": 90 },
								"east": { "texture": "#generic", "uv": [ 1.5, 7.0, 11.0, 8.0 ], "rotation": 90 },
								"south": { "texture": "#generic", "uv": [ 3.0, 0.5, 12.5, 1.5 ], "rotation": 90 },
								"west": { "texture": "#generic", "uv": [ 2.0, 3.0, 11.5, 4.0 ], "rotation": 90 }
							},
							"children": [
								{
									"name": "Rim6oclock",
									"from": [ -0.392, -0.8052, -2.3607 ],
									"to": [ 1.608, 0.7948, 3.6393 ],
									"rotationOrigin": [ -0.4, 10.3948, 0.6593 ],
									"rotationX": 15.0,
									"faces": {
										"east": { "texture": "#generic", "uv": [ 7.0, 4.0, 13.0, 5.6 ] },
										"west": { "texture": "#generic", "uv": [ 4.5, 13.5, 10.5, 15.1 ] },
										"up": { "texture": "#generic", "uv": [ 1.5, 12.0, 7.5, 14.0 ], "rotation": 90 }
									},
									"children": [
										{
											"name": "Iron6",
											"from": [ -0.08, -0.08, -0.04 ],
											"to": [ 2.08, 0.4, 6.04 ],
											"rotationOrigin": [ -0.08, 11.12, 2.94 ],
											"faces": {
												"north": { "texture": "#iron1", "uv": [ 12.0, 10.0, 14.0, 10.4 ] },
												"east": { "texture": "#iron1", "uv": [ 6.5, 15.0, 12.5, 15.4 ] },
												"south": { "texture": "#iron1", "uv": [ 10.5, 8.0, 12.5, 8.4 ] },
												"west": { "texture": "#iron1", "uv": [ 1.0, 12.0, 7.0, 12.4 ] },
												"up": { "texture": "#iron1", "uv": [ 7.5, 9.5, 13.5, 11.5 ], "rotation": 90 },
												"down": { "texture": "#iron1", "uv": [ 4.5, 13.0, 10.5, 15.0 ], "rotation": 90 }
											}
										}
									]
								}
							]
						},
						{
							"name": "Spoke5",
							"from": [ 0.4, -9.6, 0.16 ],
							"to": [ 1.68, 0.0, 1.44 ],
							"rotationOrigin": [ 1.2, 0.8, 0.8 ],
							"rotationX": 15.0,
							"faces": {
								"north": { "texture": "#generic", "uv": [ 0.5, 2.5, 10.0, 3.5 ], "rotation": 90 },
								"east": { "texture": "#generic", "uv": [ 1.0, 12.5, 10.5, 13.5 ], "rotation": 90 },
								"south": { "texture": "#generic", "uv": [ 3.5, 13.5, 13.0, 14.5 ], "rotation": 90 },
								"west": { "texture": "#generic", "uv": [ 2.5, 10.0, 12.0, 11.0 ], "rotation": 90 }
							},
							"children": [
								{
									"name": "Rim5oclock",
									"from": [ -0.4, -0.8052, -2.3607 ],
									"to": [ 1.6, 0.7948, 3.6393 ],
									"rotationOrigin": [ -0.4, 10.3948, 0.6593 ],
									"rotationX": 15.0,
									"faces": {
										"east": { "texture": "#generic", "uv": [ 7.0, 8.0, 13.0, 9.6 ] },
										"west": { "texture": "#generic", "uv": [ 7.0, 8.0, 13.0, 9.6 ] },
										"up": { "texture": "#generic", "uv": [ 2.0, 8.0, 8.0, 10.0 ], "rotation": 90 }
									},
									"children": [
										{
											"name": "Iron5",
											"from": [ -0.08, -0.08, -0.04 ],
											"to": [ 2.08, 0.4, 6.04 ],
											"rotationOrigin": [ -0.08, 11.12, 2.94 ],
											"faces": {
												"north": { "texture": "#iron1", "uv": [ 12.5, 14.0, 14.5, 14.4 ] },
												"east": { "texture": "#iron1", "uv": [ 3.5, 5.5, 9.5, 5.9 ] },
												"south": { "texture": "#iron1", "uv": [ 10.5, 13.5, 12.5, 13.9 ] },
												"west": { "texture": "#iron1", "uv": [ 5.0, 4.5, 11.0, 4.9 ] },
												"up": { "texture": "#iron1", "uv": [ 4.0, 0.0, 10.0, 2.0 ], "rotation": 90 },
												"down": { "texture": "#iron1", "uv": [ 13.5, 4.0, 15.5, 10.0 ] }
											}
										}
									]
								}
							]
						},
						{
							"name": "Spoke4",
							"from": [ 0.4, -9.6, 0.16 ],
							"to": [ 1.68, 0.0, 1.44 ],
							"rotationOrigin": [ 1.2, 0.8, 0.8 ],
							"rotationX": 45.0,
							"faces": {
								"north": { "texture": "#generic", "uv": [ 3.0, 8.5, 12.5, 9.5 ], "rotation": 90 },
								"east": { "texture": "#generic", "uv": [ 1.5, 14.0, 11.0, 15.0 ], "rotation": 90 },
								"south": { "texture": "#generic", "uv": [ 1.5, 3.0, 11.0, 4.0 ], "rotation": 90 },
								"west": { "texture": "#generic", "uv": [ 3.5, 6.0, 13.0, 7.0 ], "rotation": 90 }
							},
							"children": [
								{
									"name": "Rim4oclock",
									"from": [ -0.408, -0.8052, -2.3607 ],
									"to": [ 1.592, 0.7948, 3.6393 ],
									"rotationOrigin": [ -0.4, 10.3948, 0.6593 ],
									"rotationX": 15.0,
									"faces": {
										"east": { "texture": "#generic", "uv": [ 6.5, 5.5, 12.5, 7.1 ] },
										"west": { "texture": "#generic", "uv": [ 8.0, 7.5, 14.0, 9.1 ] },
										"up": { "texture": "#generic", "uv": [ 2.5, 9.5, 8.5, 11.5 ], "rotation": 90 }
									},
									"children": [
										{
											"name": "Iron4",
											"from": [ -0.08, -0.08, -0.04 ],
											"to": [ 2.08, 0.4, 6.04 ],
											"rotationOrigin": [ -0.08, 11.12, 2.94 ],
											"faces": {
												"north": { "texture": "#iron1", "uv": [ 8.5, 8.0, 10.5, 8.4 ] },
												"east": { "texture": "#iron1", "uv": [ 7.5, 11.5, 13.5, 11.9 ] },
												"south": { "texture": "#iron1", "uv": [ 7.5, 12.0, 9.5, 12.4 ] },
												"west": { "texture": "#iron1", "uv": [ 7.5, 9.5, 13.5, 9.9 ] },
												"up": { "texture": "#iron1", "uv": [ 4.5, 13.0, 10.5, 15.0 ], "rotation": 90 },
												"down": { "texture": "#iron1", "uv": [ 0.0, 8.0, 2.0, 14.0 ] }
											}
										}
									]
								}
							]
						}
					]
				},
				{
					"name": "Quadrant1-3",
					"from": [ 0.0, 0.0, 0.0 ],
					"to": [ 1.6, 1.6, 1.6 ],
					"rotationOrigin": [ 0.0, 0.8, 0.8 ],
					"rotationX": 90.0,
					"faces": {
						"north": { "texture": "#generic", "uv": [ 0.0, 0.0, 1.6, 1.6 ] },
						"east": { "texture": "#generic", "uv": [ 0.0, 0.0, 1.6, 1.6 ] },
						"south": { "texture": "#generic", "uv": [ 0.0, 0.0, 1.6, 1.6 ] },
						"west": { "texture": "#generic", "uv": [ 0.0, 0.0, 1.6, 1.6 ] },
						"up": { "texture": "#generic", "uv": [ 0.0, 0.0, 1.6, 1.6 ] },
						"down": { "texture": "#generic", "uv": [ 0.0, 0.0, 1.6, 1.6 ] }
					},
					"children": [
						{
							"name": "Spoke3",
							"from": [ 0.4, -9.6, 0.16 ],
							"to": [ 1.68, 0.0, 1.44 ],
							"rotationOrigin": [ 1.2, 0.8, 0.8 ],
							"rotationX": -15.0,
							"faces": {
								"north": { "texture": "#generic", "uv": [ 1.0, 4.5, 10.5, 5.5 ], "rotation": 90 },
								"east": { "texture": "#generic", "uv": [ 0.0, 2.0, 9.5, 3.0 ], "rotation": 90 },
								"south": { "texture": "#generic", "uv": [ 0.5, 6.0, 10.0, 7.0 ], "rotation": 90 },
								"west": { "texture": "#generic", "uv": [ 2.0, 8.0, 11.5, 9.0 ], "rotation": 90 }
							},
							"children": [
								{
									"name": "Rim3oclock",
									"from": [ -0.392, -0.8052, -2.3607 ],
									"to": [ 1.608, 0.7948, 3.6393 ],
									"rotationOrigin": [ -0.4, 10.3948, 0.6593 ],
									"rotationX": 15.0,
									"faces": {
										"east": { "texture": "#generic", "uv": [ 6.5, 5.0, 12.5, 6.6 ] },
										"west": { "texture": "#generic", "uv": [ 4.5, 13.0, 10.5, 14.6 ] },
										"up": { "texture": "#generic", "uv": [ 2.5, 5.5, 8.5, 7.5 ], "rotation": 90 }
									},
									"children": [
										{
											"name": "Iron3",
											"from": [ -0.08, -0.08, -0.04 ],
											"to": [ 2.08, 0.4, 6.04 ],
											"rotationOrigin": [ -0.08, 11.12, 2.94 ],
											"faces": {
												"north": { "texture": "#iron1", "uv": [ 13.0, 15.0, 15.0, 15.4 ] },
												"east": { "texture": "#iron1", "uv": [ 7.5, 7.5, 13.5, 7.9 ] },
												"south": { "texture": "#iron1", "uv": [ 2.5, 11.0, 4.5, 11.4 ] },
												"west": { "texture": "#iron1", "uv": [ 5.0, 13.0, 11.0, 13.4 ] },
												"up": { "texture": "#iron1", "uv": [ 5.5, 10.0, 11.5, 12.0 ], "rotation": 90 },
												"down": { "texture": "#iron1", "uv": [ 13.5, 4.0, 15.5, 10.0 ] }
											}
										}
									]
								}
							]
						},
						{
							"name": "Spoke2",
							"from": [ 0.4, -9.6, 0.16 ],
							"to": [ 1.68, 0.0, 1.44 ],
							"rotationOrigin": [ 1.2, 0.8, 0.8 ],
							"rotationX": 15.0,
							"faces": {
								"north": { "texture": "#generic", "uv": [ 0.5, 2.5, 10.0, 3.5 ], "rotation": 90 },
								"east": { "texture": "#generic", "uv": [ 1.0, 12.5, 10.5, 13.5 ], "rotation": 90 },
								"south": { "texture": "#generic", "uv": [ 3.5, 13.5, 13.0, 14.5 ], "rotation": 90 },
								"west": { "texture": "#generic", "uv": [ 2.5, 10.0, 12.0, 11.0 ], "rotation": 90 }
							},
							"children": [
								{
									"name": "Rim2oclock",
									"from": [ -0.4, -0.8052, -2.3607 ],
									"to": [ 1.6, 0.7948, 3.6393 ],
									"rotationOrigin": [ -0.4, 10.3948, 0.6593 ],
									"rotationX": 15.0,
									"faces": {
										"east": { "texture": "#generic", "uv": [ 7.0, 8.0, 13.0, 9.6 ] },
										"west": { "texture": "#generic", "uv": [ 7.0, 8.0, 13.0, 9.6 ] },
										"up": { "texture": "#generic", "uv": [ 2.0, 8.0, 8.0, 10.0 ], "rotation": 90 }
									},
									"children": [
										{
											"name": "Iron2",
											"from": [ -0.08, -0.08, -0.04 ],
											"to": [ 2.08, 0.4, 6.04 ],
											"rotationOrigin": [ -0.08, 11.12, 2.94 ],
											"faces": {
												"north": { "texture": "#iron1", "uv": [ 12.5, 14.0, 14.5, 14.4 ] },
												"east": { "texture": "#iron1", "uv": [ 3.5, 5.5, 9.5, 5.9 ] },
												"south": { "texture": "#iron1", "uv": [ 10.5, 13.5, 12.5, 13.9 ] },
												"west": { "texture": "#iron1", "uv": [ 5.0, 4.5, 11.0, 4.9 ] },
												"up": { "texture": "#iron1", "uv": [ 4.0, 0.0, 10.0, 2.0 ], "rotation": 90 },
												"down": { "texture": "#iron1", "uv": [ 13.5, 4.0, 15.5, 10.0 ] }
											}
										}
									]
								}
							]
						},
						{
							"name": "Spoke1",
							"from": [ 0.4, -9.6, 0.16 ],
							"to": [ 1.68, 0.0, 1.44 ],
							"rotationOrigin": [ 1.2, 0.8, 0.8 ],
							"rotationX": 45.0,
							"faces": {
								"north": { "texture": "#generic", "uv": [ 3.5, 0.0, 13.0, 1.0 ], "rotation": 90 },
								"east": { "texture": "#generic", "uv": [ 1.0, 10.5, 10.5, 11.5 ], "rotation": 90 },
								"south": { "texture": "#generic", "uv": [ 0.5, 13.5, 10.0, 14.5 ], "rotation": 90 },
								"west": { "texture": "#generic", "uv": [ 1.5, 12.5, 11.0, 13.5 ], "rotation": 90 }
							},
							"children": [
								{
									"name": "Rim1oclock",
									"from": [ -0.408, -0.8052, -2.3607 ],
									"to": [ 1.592, 0.7948, 3.6393 ],
									"rotationOrigin": [ -0.4, 10.3948, 0.6593 ],
									"rotationX": 15.0,
									"faces": {
										"east": { "texture": "#generic", "uv": [ 1.0, 12.5, 7.0, 14.1 ] },
										"west": { "texture": "#generic", "uv": [ 4.0, 0.5, 10.0, 2.1 ] },
										"up": { "texture": "#generic", "uv": [ 4.0, 5.0, 10.0, 7.0 ], "rotation": 90 }
									},
									"children": [
										{
											"name": "Iron1",
											"from": [ -0.08, -0.08, -0.04 ],
											"to": [ 2.08, 0.4, 6.04 ],
											"rotationOrigin": [ -0.08, 11.12, 2.94 ],
											"faces": {
												"north": { "texture": "#iron1", "uv": [ 2.0, 8.0, 4.0, 8.4 ] },
												"east": { "texture": "#iron1", "uv": [ 5.5, 2.5, 11.5, 2.9 ] },
												"south": { "texture": "#iron1", "uv": [ 7.0, 15.0, 9.0, 15.4 ] },
												"west": { "texture": "#iron1", "uv": [ 6.5, 11.0, 12.5, 11.4 ] },
												"up": { "texture": "#iron1", "uv": [ 7.5, 11.5, 13.5, 13.5 ], "rotation": 90 },
												"down": { "texture": "#iron1", "uv": [ 13.5, 4.0, 15.5, 10.0 ] }
											}
										}
									]
								}
							]
						}
					]
				},
				{
					"name": "Quadrant10-12",
					"from": [ 0.0, 0.0, 0.0 ],
					"to": [ 1.6, 1.6, 1.6 ],
					"rotationOrigin": [ 0.0, 0.8, 0.8 ],
					"rotationX": 180.0,
					"faces": {
						"north": { "texture": "#generic", "uv": [ 0.0, 0.0, 1.6, 1.6 ] },
						"east": { "texture": "#generic", "uv": [ 0.0, 0.0, 1.6, 1.6 ] },
						"south": { "texture": "#generic", "uv": [ 0.0, 0.0, 1.6, 1.6 ] },
						"west": { "texture": "#generic", "uv": [ 0.0, 0.0, 1.6, 1.6 ] },
						"up": { "texture": "#generic", "uv": [ 0.0, 0.0, 1.6, 1.6 ] },
						"down": { "texture": "#generic", "uv": [ 0.0, 0.0, 1.6, 1.6 ] }
					},
					"children": [
						{
							"name": "Spoke12",
							"from": [ 0.4, -9.6, 0.16 ],
							"to": [ 1.68, 0.0, 1.44 ],
							"rotationOrigin": [ 1.2, 0.8, 0.8 ],
							"rotationX": -15.0,
							"faces": {
								"north": { "texture": "#generic", "uv": [ 1.5, 5.5, 11.0, 6.5 ], "rotation": 90 },
								"east": { "texture": "#generic", "uv": [ 1.0, 5.0, 10.5, 6.0 ], "rotation": 90 },
								"south": { "texture": "#generic", "uv": [ 1.0, 1.0, 10.5, 2.0 ], "rotation": 90 },
								"west": { "texture": "#generic", "uv": [ 0.5, 0.5, 10.0, 1.5 ], "rotation": 90 }
							},
							"children": [
								{
									"name": "Rim12oclock",
									"from": [ -0.392, -0.8052, -2.3607 ],
									"to": [ 1.608, 0.7948, 3.6393 ],
									"rotationOrigin": [ -0.4, 10.3948, 0.6593 ],
									"rotationX": 15.0,
									"faces": {
										"east": { "texture": "#generic", "uv": [ 7.0, 2.5, 13.0, 4.1 ] },
										"west": { "texture": "#generic", "uv": [ 7.5, 12.0, 13.5, 13.6 ] },
										"up": { "texture": "#generic", "uv": [ 6.0, 3.0, 12.0, 5.0 ], "rotation": 90 }
									},
									"children": [
										{
											"name": "Iron12",
											"from": [ -0.08, -0.08, -0.04 ],
											"to": [ 2.08, 0.4, 6.04 ],
											"rotationOrigin": [ -0.08, 11.12, 2.94 ],
											"faces": {
												"north": { "texture": "#iron1", "uv": [ 1.0, 15.0, 3.0, 15.4 ] },
												"east": { "texture": "#iron1", "uv": [ 5.0, 4.5, 11.0, 4.9 ] },
												"south": { "texture": "#iron1", "uv": [ 6.5, 14.5, 8.5, 14.9 ] },
												"west": { "texture": "#iron1", "uv": [ 6.5, 6.0, 12.5, 6.4 ] },
												"up": { "texture": "#iron1", "uv": [ 4.5, 13.0, 10.5, 15.0 ], "rotation": 90 },
												"down": { "texture": "#iron1", "uv": [ 13.5, 8.0, 15.5, 14.0 ] }
											}
										}
									]
								}
							]
						},
						{
							"name": "Spoke11",
							"from": [ 0.4, -9.6, 0.16 ],
							"to": [ 1.68, 0.0, 1.44 ],
							"rotationOrigin": [ 1.2, 0.8, 0.8 ],
							"rotationX": 15.0,
							"faces": {
								"north": { "texture": "#generic", "uv": [ 3.0, 13.5, 12.5, 14.5 ], "rotation": 90 },
								"east": { "texture": "#generic", "uv": [ 2.0, 2.5, 11.5, 3.5 ], "rotation": 90 },
								"south": { "texture": "#generic", "uv": [ 2.5, 8.5, 12.0, 9.5 ], "rotation": 90 },
								"west": { "texture": "#generic", "uv": [ 0.0, 0.0, 9.5, 1.0 ], "rotation": 90 }
							},
							"children": [
								{
									"name": "Rim11oclock",
									"from": [ -0.4, -0.8052, -2.3607 ],
									"to": [ 1.6, 0.7948, 3.6393 ],
									"rotationOrigin": [ -0.4, 10.3948, 0.6593 ],
									"rotationX": 15.0,
									"faces": {
										"east": { "texture": "#generic", "uv": [ 6.0, 6.5, 12.0, 8.1 ] },
										"west": { "texture": "#generic", "uv": [ 5.5, 4.5, 11.5, 6.1 ] },
										"up": { "texture": "#generic", "uv": [ 1.5, 9.0, 7.5, 11.0 ], "rotation": 90 }
									},
									"children": [
										{
											"name": "Iron11",
											"from": [ -0.08, -0.08, -0.04 ],
											"to": [ 2.08, 0.4, 6.04 ],
											"rotationOrigin": [ -0.08, 11.12, 2.94 ],
											"faces": {
												"north": { "texture": "#iron1", "uv": [ 4.0, 0.0, 6.0, 0.4 ] },
												"east": { "texture": "#iron1", "uv": [ 1.5, 8.5, 7.5, 8.9 ] },
												"south": { "texture": "#iron1", "uv": [ 11.0, 5.5, 13.0, 5.9 ] },
												"west": { "texture": "#iron1", "uv": [ 4.5, 10.0, 10.5, 10.4 ] },
												"up": { "texture": "#iron1", "uv": [ 1.5, 3.5, 7.5, 5.5 ], "rotation": 90 },
												"down": { "texture": "#iron1", "uv": [ 13.5, 4.0, 15.5, 10.0 ] }
											}
										}
									]
								}
							]
						},
						{
							"name": "Spoke10",
							"from": [ 0.4, -9.6, 0.16 ],
							"to": [ 1.68, 0.0, 1.44 ],
							"rotationOrigin": [ 1.2, 0.8, 0.8 ],
							"rotationX": 45.0,
							"faces": {
								"north": { "texture": "#generic", "uv": [ 1.0, 2.0, 10.5, 3.0 ], "rotation": 90 },
								"east": { "texture": "#generic", "uv": [ 1.0, 0.0, 10.5, 1.0 ], "rotation": 90 },
								"south": { "texture": "#generic", "uv": [ 0.5, 11.5, 10.0, 12.5 ], "rotation": 90 },
								"west": { "texture": "#generic", "uv": [ 1.5, 11.5, 11.0, 12.5 ], "rotation": 90 }
							},
							"children": [
								{
									"name": "Rim10oclock",
									"from": [ -0.408, -0.8052, -2.3607 ],
									"to": [ 1.592, 0.7948, 3.6393 ],
									"rotationOrigin": [ -0.4, 10.3948, 0.6593 ],
									"rotationX": 15.0,
									"faces": {
										"east": { "texture": "#generic", "uv": [ 2.5, 6.5, 8.5, 8.1 ] },
										"west": { "texture": "#generic", "uv": [ 2.0, 4.5, 8.0, 6.1 ] },
										"up": { "texture": "#generic", "uv": [ 6.5, 10.0, 12.5, 12.0 ], "rotation": 90 }
									},
									"children": [
										{
											"name": "Iron10",
											"from": [ -0.08, -0.08, -0.04 ],
											"to": [ 2.08, 0.4, 6.04 ],
											"rotationOrigin": [ -0.08, 11.12, 2.94 ],
											"faces": {
												"north": { "texture": "#iron1", "uv": [ 13.0, 8.5, 15.0, 8.9 ] },
												"east": { "texture": "#iron1", "uv": [ 6.0, 3.5, 12.0, 3.9 ] },
												"south": { "texture": "#iron1", "uv": [ 12.0, 0.5, 14.0, 0.9 ] },
												"west": { "texture": "#iron1", "uv": [ 8.0, 2.0, 14.0, 2.4 ] },
												"up": { "texture": "#iron1", "uv": [ 0.5, 3.0, 6.5, 5.0 ], "rotation": 90 },
												"down": { "texture": "#iron1", "uv": [ 13.5, 4.0, 15.5, 10.0 ] }
											}
										}
									]
								}
							]
						}
					]
				},
				{
					"name": "Quadrant7-9",
					"from": [ 0.0, 0.0, 0.0 ],
					"to": [ 1.6, 1.6, 1.6 ],
					"rotationOrigin": [ 0.0, 0.8, 0.8 ],
					"rotationX": 270.0,
					"faces": {
						"north": { "texture": "#generic", "uv": [ 0.0, 0.0, 1.6, 1.6 ] },
						"east": { "texture": "#generic", "uv": [ 0.0, 0.0, 1.6, 1.6 ] },
						"south": { "texture": "#generic", "uv": [ 0.0, 0.0, 1.6, 1.6 ] },
						"west": { "texture": "#generic", "uv": [ 0.0, 0.0, 1.6, 1.6 ] },
						"up": { "texture": "#generic", "uv": [ 0.0, 0.0, 1.6, 1.6 ] },
						"down": { "texture": "#generic", "uv": [ 0.0, 0.0, 1.6, 1.6 ] }
					},
					"children": [
						{
							"name": "Spoke9",
							"from": [ 0.4, -9.6, 0.16 ],
							"to": [ 1.68, 0.0, 1.44 ],
							"rotationOrigin": [ 1.2, 0.8, 0.8 ],
							"rotationX": -15.0,
							"faces": {
								"north": { "texture": "#generic", "uv": [ 2.0, 6.5, 11.5, 7.5 ], "rotation": 90 },
								"east": { "texture": "#generic", "uv": [ 3.5, 8.5, 13.0, 9.5 ], "rotation": 90 },
								"south": { "texture": "#generic", "uv": [ 0.0, 2.5, 9.5, 3.5 ], "rotation": 90 },
								"west": { "texture": "#generic", "uv": [ 0.0, 7.0, 9.5, 8.0 ], "rotation": 90 }
							},
							"children": [
								{
									"name": "Rim9oclock",
									"from": [ -0.392, -0.8052, -2.3607 ],
									"to": [ 1.608, 0.7948, 3.6393 ],
									"rotationOrigin": [ -0.4, 10.3948, 0.6593 ],
									"rotationX": 15.0,
									"faces": {
										"east": { "texture": "#generic", "uv": [ 7.0, 5.5, 13.0, 7.1 ] },
										"west": { "texture": "#generic", "uv": [ 0.5, 13.0, 6.5, 14.6 ] },
										"up": { "texture": "#generic", "uv": [ 7.0, 9.5, 13.0, 11.5 ], "rotation": 90 }
									},
									"children": [
										{
											"name": "Iron9",
											"from": [ -0.08, -0.08, -0.04 ],
											"to": [ 2.08, 0.4, 6.04 ],
											"rotationOrigin": [ -0.08, 11.12, 2.94 ],
											"faces": {
												"north": { "texture": "#iron1", "uv": [ 0.5, 15.0, 2.5, 15.4 ] },
												"east": { "texture": "#iron1", "uv": [ 7.0, 0.0, 13.0, 0.4 ] },
												"south": { "texture": "#iron1", "uv": [ 6.0, 8.0, 8.0, 8.4 ] },
												"west": { "texture": "#iron1", "uv": [ 3.0, 0.0, 9.0, 0.4 ] },
												"up": { "texture": "#iron1", "uv": [ 1.0, 9.5, 7.0, 11.5 ], "rotation": 90 },
												"down": { "texture": "#iron1", "uv": [ 13.5, 4.0, 15.5, 10.0 ] }
											}
										}
									]
								}
							]
						},
						{
							"name": "Spoke8",
							"from": [ 0.4, -9.6, 0.16 ],
							"to": [ 1.68, 0.0, 1.44 ],
							"rotationOrigin": [ 1.2, 0.8, 0.8 ],
							"rotationX": 15.0,
							"faces": {
								"north": { "texture": "#generic", "uv": [ 3.5, 9.0, 13.0, 10.0 ], "rotation": 90 },
								"east": { "texture": "#generic", "uv": [ 3.0, 11.0, 12.5, 12.0 ], "rotation": 90 },
								"south": { "texture": "#generic", "uv": [ 0.0, 1.5, 9.5, 2.5 ], "rotation": 90 },
								"west": { "texture": "#generic", "uv": [ 3.0, 14.0, 12.5, 15.0 ], "rotation": 90 }
							},
							"children": [
								{
									"name": "Rim8oclock",
									"from": [ -0.4, -0.8052, -2.3607 ],
									"to": [ 1.6, 0.7948, 3.6393 ],
									"rotationOrigin": [ -0.4, 10.3948, 0.6593 ],
									"rotationX": 15.0,
									"faces": {
										"east": { "texture": "#generic", "uv": [ 6.0, 10.0, 12.0, 11.6 ] },
										"west": { "texture": "#generic", "uv": [ 8.0, 6.0, 14.0, 7.6 ] },
										"up": { "texture": "#generic", "uv": [ 1.0, 12.0, 7.0, 14.0 ], "rotation": 90 }
									},
									"children": [
										{
											"name": "Iron8",
											"from": [ -0.08, -0.08, -0.04 ],
											"to": [ 2.08, 0.4, 6.04 ],
											"rotationOrigin": [ -0.08, 11.12, 2.94 ],
											"faces": {
												"north": { "texture": "#iron1", "uv": [ 2.0, 6.5, 4.0, 6.9 ] },
												"east": { "texture": "#iron1", "uv": [ 3.0, 2.5, 9.0, 2.9 ] },
												"south": { "texture": "#iron1", "uv": [ 4.0, 1.0, 6.0, 1.4 ] },
												"west": { "texture": "#iron1", "uv": [ 3.0, 10.5, 9.0, 10.9 ] },
												"up": { "texture": "#iron1", "uv": [ 7.5, 2.0, 13.5, 4.0 ], "rotation": 90 },
												"down": { "texture": "#iron1", "uv": [ 13.5, 8.5, 15.5, 14.5 ], "rotation": 180 }
											}
										}
									]
								}
							]
						},
						{
							"name": "Spoke7",
							"from": [ 0.4, -9.6, 0.16 ],
							"to": [ 1.68, 0.0, 1.44 ],
							"rotationOrigin": [ 1.2, 0.8, 0.8 ],
							"rotationX": 45.0,
							"faces": {
								"north": { "texture": "#generic", "uv": [ 2.5, 10.0, 12.0, 11.0 ], "rotation": 90 },
								"east": { "texture": "#generic", "uv": [ 3.0, 3.5, 12.5, 4.5 ], "rotation": 90 },
								"south": { "texture": "#generic", "uv": [ 3.5, 2.0, 13.0, 3.0 ], "rotation": 90 },
								"west": { "texture": "#generic", "uv": [ 3.0, 14.0, 12.5, 15.0 ], "rotation": 90 }
							},
							"children": [
								{
									"name": "Rim7oclock",
									"from": [ -0.408, -0.8052, -2.3607 ],
									"to": [ 1.592, 0.7948, 3.6393 ],
									"rotationOrigin": [ -0.4, 10.3948, 0.6593 ],
									"rotationX": 15.0,
									"faces": {
										"east": { "texture": "#generic", "uv": [ 1.0, 11.5, 7.0, 13.1 ] },
										"west": { "texture": "#generic", "uv": [ 0.0, 7.5, 6.0, 9.1 ] },
										"up": { "texture": "#generic", "uv": [ 3.0, 11.0, 9.0, 13.0 ], "rotation": 90 }
									},
									"children": [
										{
											"name": "Iron7",
											"from": [ -0.08, -0.08, -0.04 ],
											"to": [ 2.08, 0.4, 6.04 ],
											"rotationOrigin": [ -0.08, 11.12, 2.94 ],
											"faces": {
												"north": { "texture": "#iron1", "uv": [ 10.0, 1.5, 12.0, 1.9 ] },
												"east": { "texture": "#iron1", "uv": [ 4.5, 11.0, 10.5, 11.4 ] },
												"south": { "texture": "#iron1", "uv": [ 1.5, 7.0, 3.5, 7.4 ] },
												"west": { "texture": "#iron1", "uv": [ 1.0, 7.0, 7.0, 7.4 ] },
												"up": { "texture": "#iron1", "uv": [ 6.5, 4.5, 12.5, 6.5 ], "rotation": 90 },
												"down": { "texture": "#iron1", "uv": [ 13.5, 4.0, 15.5, 10.0 ] }
											}
										}
									]
								}
							]
						}
					]
				}
			]
		}
	]}