{
	"editor": {
		"allAngles": false,
		"entityTextureMode": false
	},
	"textureWidth": 16,
	"textureHeight": 16,
	"textureSizes": {
	},
	"textures": {
		"scrolls-rotten": "block/cloth/linen/white"
	},
	"elements": [
		{
			"name": "origin",
			"from": [ 8.0, 0.0, 8.0 ],
			"to": [ 8.0, 0.0, 8.0 ],
			"rotationOrigin": [ 8.0, 0.0, 8.0 ],
			"faces": {
			},
			"children": [
				{
					"name": "mid",
					"from": [ -5.5, 0.5, -0.5 ],
					"to": [ 5.5, 1.5, 0.5 ],
					"rotationOrigin": [ 0.0, 1.0, 0.0 ],
					"faces": {
						"east": { "texture": "#scrolls-rotten", "uv": [ 5.0, 7.0, 6.0, 8.0 ], "windMode": [-1,-1,-1,-1] },
						"west": { "texture": "#scrolls-rotten", "uv": [ 5.5, 10.0, 6.5, 11.0 ] }
					},
					"children": [
						{
							"name": "d",
							"from": [ -0.5, -0.5, 0.0 ],
							"to": [ 11.5, 0.0, 1.5 ],
							"rotationOrigin": [ 5.5, -0.5, 0.5 ],
							"faces": {
								"east": { "texture": "#scrolls-rotten", "uv": [ 9.5, 14.5, 11.0, 15.0 ] },
								"south": { "texture": "#scrolls-rotten", "uv": [ 0.0, 8.0, 12.0, 8.5 ] },
								"west": { "texture": "#scrolls-rotten", "uv": [ 0.0, 7.0, 0.5, 8.5 ], "rotation": 90 },
								"up": { "texture": "#scrolls-rotten", "uv": [ 0.0, 11.0, 12.0, 12.5 ] },
								"down": { "texture": "#scrolls-rotten", "uv": [ 0.0, 13.0, 12.0, 14.5 ] }
							}
						},
						{
							"name": "n",
							"from": [ -0.5, -0.5, -0.5 ],
							"to": [ 11.5, 1.0, 0.0 ],
							"rotationOrigin": [ 5.5, 0.5, 0.6 ],
							"faces": {
								"north": { "texture": "#scrolls-rotten", "uv": [ 0.0, 13.0, 12.0, 14.5 ] },
								"east": { "texture": "#scrolls-rotten", "uv": [ 0.0, 0.0, 0.5, 1.5 ] },
								"south": { "texture": "#scrolls-rotten", "uv": [ 0.0, 14.0, 12.0, 15.5 ] },
								"west": { "texture": "#scrolls-rotten", "uv": [ 1.5, 9.0, 2.0, 10.5 ] },
								"down": { "texture": "#scrolls-rotten", "uv": [ 0.0, 11.0, 12.0, 11.5 ] }
							}
						},
						{
							"name": "u",
							"from": [ -0.5, 1.0, -0.5 ],
							"to": [ 11.5, 1.5, 1.0 ],
							"rotationOrigin": [ 5.5, 1.0, 0.5 ],
							"faces": {
								"north": { "texture": "#scrolls-rotten", "uv": [ 0.0, 7.0, 12.0, 7.5 ], "windMode": [-1,-1,-1,-1] },
								"east": { "texture": "#scrolls-rotten", "uv": [ 10.0, 3.5, 11.5, 4.0 ], "windMode": [-1,-1,-1,-1] },
								"south": { "texture": "#scrolls-rotten", "uv": [ 0.0, 1.0, 12.0, 1.5 ] },
								"west": { "texture": "#scrolls-rotten", "uv": [ 0.0, 14.0, 1.5, 14.5 ], "windMode": [-1,-1,-1,-1] },
								"up": { "texture": "#scrolls-rotten", "uv": [ 0.0, 7.0, 12.0, 8.5 ], "windMode": [-1,-1,-1,-1] },
								"down": { "texture": "#scrolls-rotten", "uv": [ 0.0, 10.0, 12.0, 11.5 ], "windMode": [-1,-1,-1,-1] }
							}
						},
						{
							"name": "s",
							"from": [ -0.5, 0.0, 1.0 ],
							"to": [ 11.5, 1.5, 1.5 ],
							"rotationOrigin": [ 5.5, 0.0, 0.5 ],
							"faces": {
								"north": { "texture": "#scrolls-rotten", "uv": [ 0.0, 11.0, 12.0, 12.5 ] },
								"east": { "texture": "#scrolls-rotten", "uv": [ 11.0, 9.0, 11.5, 10.5 ] },
								"south": { "texture": "#scrolls-rotten", "uv": [ 0.0, 5.0, 12.0, 6.5 ] },
								"west": { "texture": "#scrolls-rotten", "uv": [ 0.0, 0.0, 0.5, 1.5 ] },
								"up": { "texture": "#scrolls-rotten", "uv": [ 0.0, 5.0, 12.0, 5.5 ] }
							}
						},
						{
							"name": "u2",
							"from": [ -0.51, 1.0, -0.4 ],
							"to": [ 11.49, 1.5, 1.6 ],
							"rotationOrigin": [ 5.5, 1.0, -0.4 ],
							"rotationX": -27.0,
							"faces": {
								"north": { "texture": "#scrolls-rotten", "uv": [ 0.0, 7.0, 12.0, 7.5 ] },
								"east": { "texture": "#scrolls-rotten", "uv": [ 10.0, 3.5, 12.0, 4.0 ] },
								"south": { "texture": "#scrolls-rotten", "uv": [ 0.0, 0.0, 12.0, 0.5 ] },
								"west": { "texture": "#scrolls-rotten", "uv": [ 0.0, 14.0, 2.0, 14.5 ] },
								"up": { "texture": "#scrolls-rotten", "uv": [ 0.0, 7.0, 12.0, 9.0 ] },
								"down": { "texture": "#scrolls-rotten", "uv": [ 0.0, 10.0, 12.0, 12.0 ] }
							}
						}
					]
				}
			]
		}
	]}