[
  {
    "op": "remove",
    "path": "/shapeByType",
    "file": "moreroads:blocktypes/stone/roads/stone/ancientroad-slab.json",
    "dependsOn": [{ "modid": "fixedpaths"}]
  },
  {
    "op": "add",
    "path": "/shapebytype",
    "value": {
      "*-snow": { base: "fixedpaths:block/basic/slab/snow-slab-lowered" },
    "*": { base: "fixedpaths:block/basic/slab/slab-lowered" }
    },
    "file": "moreroads:blocktypes/stone/roads/stone/ancientroad-slab.json",
    "dependsOn": [{ "modid": "fixedpaths"}]
  },
  {
    "op": "remove",
    "path": "/textures/slab",
    "file": "moreroads:blocktypes/stone/roads/stone/ancientroad-slab.json",
    "dependsOn": [{ "modid": "fixedpaths"}]
  },
  {
    "op": "remove",
    "path": "/textures/snowcover",
    "file": "moreroads:blocktypes/stone/roads/stone/ancientroad-slab.json",
    "dependsOn": [{ "modid": "fixedpaths"}]
  },
  {
    "op": "add",
    "path": "/textures/sides",
    "value": {
      base: "block/road/ancientroad{type}*" 
    },
    "file": "moreroads:blocktypes/stone/roads/stone/ancientroad-slab.json",
    "dependsOn": [{ "modid": "fixedpaths"}]
  }
]