[
  {
    "op": "remove",
    "path": "/shapeByType",
    "file": "moreroads:blocktypes/stone/roads/stone/ancientroad-brick.json",
    "dependsOn": [{ "modid": "fixedpaths"}]
  },
  {
    "op": "add",
    "path": "/shape",
    "value": {
      "base": "fixedpaths:block/basic/cube-lowered-{cover}"
    },
    "file": "moreroads:blocktypes/stone/roads/stone/ancientroad-brick.json",
    "dependsOn": [{ "modid": "fixedpaths"}]
  },
  {
    "op": "remove",
    "path": "/textures/road",
    "file": "moreroads:blocktypes/stone/roads/stone/ancientroad-brick.json",
    "dependsOn": [{ "modid": "fixedpaths"}]
  },
  {
    "op": "remove",
    "path": "/textures/snowcover",
    "file": "moreroads:blocktypes/stone/roads/stone/ancientroad-brick.json",
    "dependsOn": [{ "modid": "fixedpaths"}]
  },
  {
    "op": "add",
    "path": "/textures/sides",
    "value": {
       base: "block/road/brickb-{type}"  
    },
    "file": "moreroads:blocktypes/stone/roads/stone/ancientroad-brick.json",
    "dependsOn": [{ "modid": "fixedpaths"}]
  }
]