﻿[
  {
    "op": "addmerge",
    "path": "/grindingPropsByType",
    "value": {
        "*-acorn-*": {
            "groundStack": {
                "type": "item",
                "code": "expandedfoods:breadcrumbs-acorn",
                "quantity": 4
            }
        }
    },
    "side": "server",
    "file": "wildcraftfruit:itemtypes/food/bread.json"
  },
  {
    "op": "add",
    "path": "/class",
    "value": "ExpandedFood",
    "side": "server",
    "file": "wildcraftfruit:itemtypes/food/bread.json"
  },
  {
    "op": "remove",
    "path": "/attributesByType/*-charred",
    "side": "server",
    "file": "wildcraftfruit:itemtypes/food/bread.json"
  },
  {
    "op": "remove",
    "path": "/attributesByType/*-partbaked",
    "side": "server",
    "file": "wildcraftfruit:itemtypes/food/bread.json"
  },
  {
    "op": "remove",
    "path": "/attributesByType/*-perfect",
    "side": "server",
    "file": "wildcraftfruit:itemtypes/food/bread.json"
  },
  {
    "op": "addmerge",
    "path": "/attributesByType/*-charred",
    "value": {
      "displaycaseable": true,
      "shelvable": true,
      "bakingProperties": {
        "temp": 160,
        "levelFrom": 0.75,
        "levelTo": 1,
        "startScaleY": 1.13,
        "endScaleY": 1.1,
        "initialCode": "wildcraftfruit:bread-{type}-perfect"
      },
      "renderIngredients": {
        "wildcraft:flour-acorn": "wildcraftfruit:shapes/item/bread/acorn-bread.json"
      }
    },
    "side": "server",
    "file": "wildcraftfruit:itemtypes/food/bread.json"
  },
  {
    "op": "addmerge",
    "path": "/attributesByType/*-partbaked",
    "value": {
      "displaycaseable": true,
      "shelvable": true,
      "bakingProperties": {
        "temp": 160,
        "levelFrom": 0.25,
        "levelTo": 0.5,
        "startScaleY": 0.95,
        "endScaleY": 1.1,
        "resultCode": "wildcraftfruit:bread-{type}-perfect",
        "initialCode": "wildcraftfruit:dough-{type}"
      },
      "renderIngredients": {
        "wildcraft:flour-acorn": "wildcraftfruit:shapes/item/bread/acorn-bread.json"
      }
    },
    "side": "server",
    "file": "wildcraftfruit:itemtypes/food/bread.json"
  },
  {
    "op": "addmerge",
    "path": "/attributesByType/*-perfect",
    "value": {
      "displaycaseable": true,
      "shelvable": true,
      "bakingProperties": {
        "temp": 160,
        "levelFrom": 0.5,
        "levelTo": 0.75,
        "startScaleY": 1.1,
        "endScaleY": 1.13,
        "resultCode": "wildcraftfruit:bread-{type}-charred",
        "initialCode": "wildcraftfruit:bread-{type}-partbaked"
      },
      "renderIngredients": {
        "wildcraft:flour-acorn": "wildcraftfruit:shapes/item/bread/acorn-bread.json"
      }
    },
    "side": "server",
    "file": "wildcraftfruit:itemtypes/food/bread.json"
  },
]