﻿[
  {
    "op": "remove",
    "path": "/transitionableProps",
    "side": "server",
    "file": "wildcraftfruit:itemtypes/liquid/alcohol/cider.json"
  },
  {
    "op": "add",
    "path": "/transitionableProps",
    "value": [
      {
        "type": "Perish",
        "freshHours": {
          "avg": 336
        },
        "transitionHours": {
          "avg": 144
        },
        "transitionedStack": {
          "type": "item",
          "code": "game:vinegarportion"
        },
        "transitionRatio": 1
      },
      {
        "type": "Cure",
        "freshHours": {
          "avg": 336
        },
        "transitionHours": {
          "avg": 1008
        },
        "transitionedStack": {
          "type": "item",
          "code": "expandedfoods:wildstrongwineportion-{fruit}"
        },
        "transitionRatio": 1
      }
    ],
    "side": "server",
    "file": "wildcraftfruit:itemtypes/liquid/alcohol/cider.json"
  },
  {
    "op": "addmerge",
    "path": "/attributes/nutritionPropsWhenInMealByType",
    "value": {
		"*-cloudberry": { satiety: 160, health: 2, foodcategory: "Fruit" },
		"*-husktomato": { satiety: 160, health: 1, foodcategory: "Fruit" },
		"*-juniper": { satiety: 160, health: 1, foodcategory: "Fruit" },
		"*-wolfberry": { satiety: 160, health: -30, foodcategory: "Fruit" },
		"*-bitternightshade": { satiety: 160, health: -20, foodcategory: "Fruit" },
		"*-spindle": { satiety: 160, health: -10, foodcategory: "Fruit" },
		"*-blacknightshadeunripe": { satiety: 160, health: -5, foodcategory: "Fruit" },
		"*-crowseye": { satiety: 160, health: -50, foodcategory: "Fruit" },
		"*-seamango": { satiety: 160, health: -40, foodcategory: "Fruit" },
		"*": { satiety: 160, health: 0, foodcategory: "Fruit" },
    },
    "side": "server",
    "file": "wildcraftfruit:itemtypes/liquid/alcohol/cider.json"
  },
]