﻿[
 {
    "file": "expandedfoods:itemtypes/liquid/wildcraftfruit/wildfruitsyrup.json",
    op: "addmerge", 
    path: "/enabled", 
    value: "false",
    "side": "server",
    dependsOn: [{ "modid": "wildcraftfruit", "invert": true }]
 },
 {
    "file": "expandedfoods:itemtypes/liquid/wildcraftfruit/wildpotentwine.json",
    op: "addmerge", 
    path: "/enabled", 
    value: "false",
    "side": "server",
    dependsOn: [{ "modid": "wildcraftfruit", "invert": true }]
 },
 {
    "file": "expandedfoods:itemtypes/liquid/wildcraftfruit/wildstrongwine.json",
    op: "addmerge", 
    path: "/enabled", 
    value: "false",
    "side": "server",
    dependsOn: [{ "modid": "wildcraftfruit", "invert": true }]
 },
 {
    "file": "expandedfoods:itemtypes/liquid/wildcraftfruit/wildpotentspirit.json",
    op: "addmerge", 
    path: "/enabled", 
    value: "false",
    "side": "server",
    dependsOn: [{ "modid": "wildcraftfruit", "invert": true }]
 },
 {
    "file": "expandedfoods:itemtypes/liquid/wildcraftfruit/wildstrongspirit.json",
    op: "addmerge", 
    path: "/enabled", 
    value: "false",
    "side": "server",
    dependsOn: [{ "modid": "wildcraftfruit", "invert": true }]
 },
]