{
	"editor": {
		"backDropShape": "shapes/entity/humanoid/seraph",
		"allAngles": true,
		"entityTextureMode": true
	},
	"textureWidth": 64,
	"textureHeight": 64,
	"textureSizes": {
	},
	"textures": {
		"gold": "entity/humanoid/serapharmor/plate/gold"
	},
	"elements": [
		{
			"name": "ArmorHelmet",
			"stepParentName": "Head",
			"from": [ -0.2, -0.5, -0.6 ],
			"to": [ 6.4, 5.5, 5.7 ],
			"unwrapMode": 4,
			"uv": [ 26.5, 14.0 ],
			"rotationOrigin": [ -0.2, -0.5, -0.6 ],
			"faces": {
				"north": { "texture": "#gold", "uv": [ 26.5, 20.5, 33.0, 26.5 ] },
				"east": { "texture": "#gold", "uv": [ 45.5, 20.5, 51.5, 26.5 ] },
				"south": { "texture": "#gold", "uv": [ 39.0, 20.5, 45.5, 26.5 ] },
				"west": { "texture": "#gold", "uv": [ 33.0, 20.5, 39.0, 26.5 ] },
				"up": { "texture": "#gold", "uv": [ 33.0, 14.0, 39.0, 20.5 ], "rotation": 90 },
				"down": { "texture": "#gold", "uv": [ 33.0, 26.5, 39.0, 33.0 ], "rotation": 90 }
			},
			"children": [
				{
					"name": "ArmorHelmetFront",
					"from": [ -1.9, 2.71, 1.3 ],
					"to": [ 2.6, 4.71, 5.6 ],
					"autoUnwrap": false,
					"uv": [ 48.5, 26.0 ],
					"rotationOrigin": [ 0.0, 3.3, 3.3 ],
					"rotationY": 45.0,
					"faces": {
						"north": { "texture": "#gold", "uv": [ 33.5, 24.5, 38.0, 26.5 ] },
						"south": { "texture": "#gold", "uv": [ 38.0, 20.5, 42.5, 22.5 ] },
						"west": { "texture": "#gold", "uv": [ 34.0, 24.5, 38.0, 26.5 ] },
						"up": { "texture": "#gold", "uv": [ 33.0, 14.0, 37.5, 18.0 ] },
						"down": { "texture": "#gold", "uv": [ 34.5, 14.0, 39.0, 18.0 ] }
					}
				},
				{
					"name": "FaceplateR",
					"from": [ 3.0, 2.0, -0.5 ],
					"to": [ 5.0, 4.0, 0.0 ],
					"autoUnwrap": false,
					"uv": [ 27.0, 8.0 ],
					"rotationOrigin": [ 3.0, 2.0, -0.6 ],
					"rotationZ": 45.0,
					"faces": {
						"north": { "texture": "#gold", "uv": [ 41.5, 8.0, 43.5, 10.0 ] },
						"east": { "texture": "#gold", "uv": [ 42.0, 3.0, 42.5, 5.0 ] },
						"west": { "texture": "#gold", "uv": [ 42.5, 3.0, 43.0, 5.0 ] },
						"up": { "texture": "#gold", "uv": [ 41.5, 1.0, 43.5, 1.5 ] },
						"down": { "texture": "#gold", "uv": [ 41.5, 1.5, 43.5, 2.0 ] }
					}
				},
				{
					"name": "FaceplateL",
					"from": [ 3.0, 2.0, 6.3 ],
					"to": [ 5.0, 4.0, 6.8 ],
					"autoUnwrap": false,
					"uv": [ 33.0, 8.0 ],
					"rotationOrigin": [ 3.0, 2.0, 6.4 ],
					"rotationZ": 45.0,
					"faces": {
						"east": { "texture": "#gold", "uv": [ 41.5, 3.0, 42.0, 5.0 ] },
						"south": { "texture": "#gold", "uv": [ 41.5, 6.0, 43.5, 8.0 ] },
						"west": { "texture": "#gold", "uv": [ 43.0, 3.0, 43.5, 5.0 ] },
						"up": { "texture": "#gold", "uv": [ 41.5, 2.5, 43.5, 3.0 ] },
						"down": { "texture": "#gold", "uv": [ 41.5, 2.0, 43.5, 2.5 ] }
					}
				}
			]
		},
		{
			"name": "ArmorNeck",
			"stepParentName": "Neck",
			"from": [ -0.3, 0.6, -0.3 ],
			"to": [ 3.3, 2.4, 3.3 ],
			"unwrapMode": 4,
			"uv": [ 12.0, 5.5 ],
			"rotationOrigin": [ -0.3, 2.6, -0.3 ],
			"faces": {
				"north": { "texture": "#gold", "uv": [ 12.0, 5.5, 15.5, 7.0 ] },
				"east": { "texture": "#gold", "uv": [ 22.5, 5.5, 26.0, 7.0 ] },
				"south": { "texture": "#gold", "uv": [ 19.0, 5.5, 22.5, 7.0 ] },
				"west": { "texture": "#gold", "uv": [ 15.5, 5.5, 19.0, 7.0 ] }
			}
		}
	]}