{
	"editor": {
		"backDropShape": "shapes/entity/humanoid/seraph",
		"allAngles": true,
		"entityTextureMode": true
	},
	"textureWidth": 64,
	"textureHeight": 64,
	"textureSizes": {
	},
	"textures": {
		"silver": "entity/humanoid/serapharmor/plate/silver"
	},
	"elements": [
		{
			"name": "ArmorHelmet",
			"stepParentName": "Head",
			"from": [ -0.2, -0.5, -0.6 ],
			"to": [ 6.4, 5.5, 5.7 ],
			"unwrapMode": 4,
			"uv": [ 26.5, 14.0 ],
			"rotationOrigin": [ -0.2, -0.5, -0.6 ],
			"faces": {
				"north": { "texture": "#silver", "uv": [ 26.5, 20.5, 33.0, 26.5 ] },
				"east": { "texture": "#silver", "uv": [ 45.5, 20.5, 51.5, 26.5 ] },
				"south": { "texture": "#silver", "uv": [ 39.0, 20.5, 45.5, 26.5 ] },
				"west": { "texture": "#silver", "uv": [ 33.0, 20.5, 39.0, 26.5 ] },
				"up": { "texture": "#silver", "uv": [ 33.0, 14.0, 39.0, 20.5 ], "rotation": 90 },
				"down": { "texture": "#silver", "uv": [ 33.0, 26.5, 39.0, 33.0 ], "rotation": 90 }
			},
			"children": [
				{
					"name": "ArmorHelmetFront",
					"from": [ -1.7, 2.71, 1.4 ],
					"to": [ 2.8, 4.71, 5.7 ],
					"autoUnwrap": false,
					"uv": [ 48.5, 26.0 ],
					"rotationOrigin": [ 0.0, 3.3, 3.2 ],
					"rotationY": 45.0,
					"faces": {
						"north": { "texture": "#silver", "uv": [ 33.5, 24.5, 38.0, 26.5 ] },
						"south": { "texture": "#silver", "uv": [ 38.0, 20.5, 42.5, 22.5 ] },
						"west": { "texture": "#silver", "uv": [ 34.0, 24.5, 38.0, 26.5 ] },
						"up": { "texture": "#silver", "uv": [ 33.0, 14.0, 37.5, 18.0 ] },
						"down": { "texture": "#silver", "uv": [ 34.5, 14.0, 39.0, 18.0 ] }
					}
				},
				{
					"name": "FaceplateR",
					"from": [ 4.0, 4.0, -0.5 ],
					"to": [ 6.0, 6.0, 0.0 ],
					"autoUnwrap": false,
					"uv": [ 27.0, 8.0 ],
					"rotationOrigin": [ 4.0, 4.0, -0.6 ],
					"rotationZ": 60.0,
					"faces": {
						"north": { "texture": "#silver", "uv": [ 41.5, 8.0, 43.5, 10.0 ] },
						"east": { "texture": "#silver", "uv": [ 42.0, 3.0, 42.5, 5.0 ] },
						"west": { "texture": "#silver", "uv": [ 42.5, 3.0, 43.0, 5.0 ] },
						"up": { "texture": "#silver", "uv": [ 41.5, 1.0, 43.5, 1.5 ] },
						"down": { "texture": "#silver", "uv": [ 41.5, 1.5, 43.5, 2.0 ] }
					},
					"children": [
						{
							"name": "Plume1R",
							"from": [ 2.1, 0.1, 0.1 ],
							"to": [ 8.1, 1.1, 0.6 ],
							"autoUnwrap": false,
							"uv": [ 50.5, 47.5 ],
							"rotationOrigin": [ 2.0, 0.0, 0.0 ],
							"rotationY": 5.0,
							"faces": {
								"north": { "texture": "#silver", "uv": [ 54.0, 50.0, 60.0, 51.0 ] },
								"east": { "texture": "#silver", "uv": [ 56.5, 48.0, 57.0, 49.0 ] },
								"south": { "texture": "#silver", "uv": [ 57.0, 48.0, 63.0, 49.0 ] },
								"up": { "texture": "#silver", "uv": [ 56.0, 53.5, 62.0, 54.0 ] },
								"down": { "texture": "#silver", "uv": [ 56.5, 47.5, 62.5, 48.0 ] }
							}
						},
						{
							"name": "Plume2R",
							"from": [ 1.4, 0.1, 0.3 ],
							"to": [ 6.4, 1.1, 0.8 ],
							"autoUnwrap": false,
							"uv": [ 0.0, 0.0 ],
							"rotationOrigin": [ 2.0, 0.0, 0.0 ],
							"rotationY": 7.0,
							"rotationZ": -17.0,
							"faces": {
								"north": { "texture": "#silver", "uv": [ 54.0, 50.0, 59.0, 51.0 ] },
								"east": { "texture": "#silver", "uv": [ 56.5, 48.0, 57.0, 49.0 ] },
								"south": { "texture": "#silver", "uv": [ 57.0, 48.0, 62.0, 49.0 ] },
								"up": { "texture": "#silver", "uv": [ 56.0, 53.5, 61.0, 54.0 ] }
							}
						},
						{
							"name": "Plume3R",
							"from": [ 1.4, 0.1, 0.3 ],
							"to": [ 6.4, 1.1, 0.8 ],
							"autoUnwrap": false,
							"uv": [ 0.0, 0.0 ],
							"rotationOrigin": [ 1.5, 0.0, 1.2 ],
							"rotationY": 8.0,
							"rotationZ": -30.0,
							"faces": {
								"north": { "texture": "#silver", "uv": [ 54.0, 50.0, 59.0, 51.0 ] },
								"east": { "texture": "#silver", "uv": [ 56.5, 48.0, 57.0, 49.0 ] },
								"south": { "texture": "#silver", "uv": [ 57.0, 48.0, 62.0, 49.0 ] },
								"up": { "texture": "#silver", "uv": [ 56.0, 53.5, 61.0, 54.0 ] }
							}
						}
					]
				},
				{
					"name": "FaceplateL",
					"from": [ 4.0, 4.0, 6.3 ],
					"to": [ 6.0, 6.0, 6.8 ],
					"autoUnwrap": false,
					"uv": [ 33.0, 8.0 ],
					"rotationOrigin": [ 4.0, 4.0, 6.4 ],
					"rotationZ": 60.0,
					"faces": {
						"east": { "texture": "#silver", "uv": [ 41.5, 3.0, 42.0, 5.0 ] },
						"south": { "texture": "#silver", "uv": [ 41.5, 6.0, 43.5, 8.0 ] },
						"west": { "texture": "#silver", "uv": [ 43.0, 3.0, 43.5, 5.0 ] },
						"up": { "texture": "#silver", "uv": [ 41.5, 2.5, 43.5, 3.0 ] },
						"down": { "texture": "#silver", "uv": [ 41.5, 2.0, 43.5, 2.5 ] }
					},
					"children": [
						{
							"name": "Plume1L",
							"from": [ 1.9, 0.1, 0.0 ],
							"to": [ 7.9, 1.1, 0.5 ],
							"autoUnwrap": false,
							"uv": [ 0.0, 0.0 ],
							"rotationOrigin": [ 2.0, 0.0, 0.2 ],
							"rotationY": -5.0,
							"faces": {
								"north": { "texture": "#silver", "uv": [ 54.0, 50.0, 60.0, 51.0 ] },
								"east": { "texture": "#silver", "uv": [ 56.5, 48.0, 57.0, 49.0 ] },
								"south": { "texture": "#silver", "uv": [ 57.0, 48.0, 63.0, 49.0 ] },
								"up": { "texture": "#silver", "uv": [ 56.0, 53.5, 62.0, 54.0 ] },
								"down": { "texture": "#silver", "uv": [ 56.5, 47.5, 62.5, 48.0 ] }
							}
						},
						{
							"name": "Plume2L",
							"from": [ 1.4, 0.1, 0.0 ],
							"to": [ 6.4, 1.1, 0.5 ],
							"autoUnwrap": false,
							"uv": [ 0.0, 0.0 ],
							"rotationOrigin": [ 2.0, 0.0, 0.2 ],
							"rotationY": -7.0,
							"rotationZ": -17.0,
							"faces": {
								"north": { "texture": "#silver", "uv": [ 54.0, 50.0, 59.0, 51.0 ] },
								"east": { "texture": "#silver", "uv": [ 56.5, 48.0, 57.0, 49.0 ] },
								"south": { "texture": "#silver", "uv": [ 57.0, 48.0, 62.0, 49.0 ] },
								"up": { "texture": "#silver", "uv": [ 56.0, 53.5, 61.0, 54.0 ] },
								"down": { "texture": "#silver", "uv": [ 56.5, 47.5, 61.5, 48.0 ] }
							}
						},
						{
							"name": "Plume3L",
							"from": [ 1.4, 0.1, 0.0 ],
							"to": [ 6.4, 1.1, 0.5 ],
							"autoUnwrap": false,
							"uv": [ 0.0, 0.0 ],
							"rotationOrigin": [ 1.4, 0.0, 0.0 ],
							"rotationY": -8.0,
							"rotationZ": -30.0,
							"faces": {
								"north": { "texture": "#silver", "uv": [ 54.0, 50.0, 59.0, 51.0 ] },
								"east": { "texture": "#silver", "uv": [ 56.5, 48.0, 57.0, 49.0 ] },
								"south": { "texture": "#silver", "uv": [ 57.0, 48.0, 62.0, 49.0 ] },
								"up": { "texture": "#silver", "uv": [ 56.0, 53.5, 61.0, 54.0 ] },
								"down": { "texture": "#silver", "uv": [ 56.5, 47.5, 61.5, 48.0 ] }
							}
						}
					]
				}
			]
		},
		{
			"name": "ArmorNeck",
			"stepParentName": "Neck",
			"from": [ -0.3, 0.6, -0.3 ],
			"to": [ 3.3, 2.4, 3.3 ],
			"unwrapMode": 4,
			"uv": [ 12.0, 5.5 ],
			"rotationOrigin": [ -0.3, 2.6, -0.3 ],
			"faces": {
				"north": { "texture": "#silver", "uv": [ 12.0, 5.5, 15.5, 7.0 ] },
				"east": { "texture": "#silver", "uv": [ 22.5, 5.5, 26.0, 7.0 ] },
				"south": { "texture": "#silver", "uv": [ 19.0, 5.5, 22.5, 7.0 ] },
				"west": { "texture": "#silver", "uv": [ 15.5, 5.5, 19.0, 7.0 ] }
			}
		}
	]}