{
	"editor": {
		"backDropShape": "shapes/entity/humanoid/seraph",
		"allAngles": true,
		"entityTextureMode": true
	},
	"textureWidth": 64,
	"textureHeight": 64,
	"textureSizes": {
	},
	"textures": {
		"material": "entity/humanoid/serapharmor/plate/copper"
	},
	"elements": [
		{
			"name": "ArmorHelmet",
			"stepParentName": "Head",
			"from": [ -0.2, -0.5, -0.6 ],
			"to": [ 6.4, 5.5, 5.7 ],
			"unwrapMode": 4,
			"uv": [ 26.5, 14.0 ],
			"rotationOrigin": [ -0.2, -0.5, -0.6 ],
			"faces": {
				"north": { "texture": "#material", "uv": [ 26.5, 20.5, 33.0, 26.5 ] },
				"east": { "texture": "#material", "uv": [ 45.5, 20.5, 51.5, 26.5 ] },
				"south": { "texture": "#material", "uv": [ 39.0, 20.5, 45.5, 26.5 ] },
				"west": { "texture": "#material", "uv": [ 33.0, 20.5, 39.0, 26.5 ] },
				"up": { "texture": "#material", "uv": [ 33.0, 14.0, 39.0, 20.5 ], "rotation": 90 },
				"down": { "texture": "#material", "uv": [ 33.0, 26.5, 39.0, 33.0 ], "rotation": 90 }
			},
			"children": [
				{
					"name": "ArmorFace",
					"from": [ -0.5, 0.0, 2.0 ],
					"to": [ 0.0, 6.0, 4.2 ],
					"autoUnwrap": false,
					"uv": [ 44.0, 27.0 ],
					"rotationOrigin": [ -0.5, 0.0, 2.0 ],
					"faces": {
						"north": { "texture": "#material", "uv": [ 34.5, 20.5, 35.0, 26.5 ] },
						"south": { "texture": "#material", "uv": [ 37.0, 20.5, 37.5, 26.5 ] },
						"west": { "texture": "#material", "uv": [ 35.0, 20.5, 37.0, 26.5 ] },
						"up": { "texture": "#material", "uv": [ 39.0, 22.0, 39.5, 24.0 ] },
						"down": { "texture": "#material", "uv": [ 32.5, 24.5, 33.0, 26.5 ] }
					}
				},
				{
					"name": "ArmorHelmetop",
					"from": [ 0.5, 6.0, 0.5 ],
					"to": [ 6.1, 6.5, 5.8 ],
					"autoUnwrap": false,
					"uv": [ 39.5, 27.5 ],
					"rotationOrigin": [ 0.5, 6.0, 0.5 ],
					"faces": {
						"north": { "texture": "#material", "uv": [ 39.5, 20.5, 45.0, 21.0 ] },
						"east": { "texture": "#material", "uv": [ 33.5, 18.5, 38.5, 19.0 ] },
						"south": { "texture": "#material", "uv": [ 39.5, 24.5, 45.0, 25.0 ] },
						"west": { "texture": "#material", "uv": [ 33.5, 14.5, 38.5, 15.0 ] },
						"up": { "texture": "#material", "uv": [ 46.0, 21.0, 51.5, 26.0 ] }
					}
				},
				{
					"name": "ArmorFace2",
					"from": [ -3.0, 3.0, 2.0 ],
					"to": [ -2.5, 6.0, 4.2 ],
					"autoUnwrap": false,
					"uv": [ 44.0, 27.0 ],
					"rotationOrigin": [ -3.0, 3.0, 2.0 ],
					"rotationZ": -90.0,
					"faces": {
						"north": { "texture": "#material", "uv": [ 34.5, 20.5, 35.0, 23.5 ] },
						"south": { "texture": "#material", "uv": [ 37.0, 20.5, 37.5, 23.5 ] },
						"west": { "texture": "#material", "uv": [ 35.0, 20.5, 37.0, 23.5 ] },
						"up": { "texture": "#material", "uv": [ 39.0, 22.0, 39.5, 24.0 ] },
						"down": { "texture": "#material", "uv": [ 32.5, 24.5, 33.0, 26.5 ] }
					}
				}
			]
		},
		{
			"name": "ArmorNeck",
			"stepParentName": "Neck",
			"from": [ -0.3, 0.6, -0.3 ],
			"to": [ 3.3, 2.4, 3.3 ],
			"unwrapMode": 4,
			"uv": [ 12.0, 5.5 ],
			"rotationOrigin": [ -0.3, 2.6, -0.3 ],
			"faces": {
				"north": { "texture": "#material", "uv": [ 12.0, 5.5, 15.5, 7.0 ] },
				"east": { "texture": "#material", "uv": [ 22.5, 5.5, 26.0, 7.0 ] },
				"south": { "texture": "#material", "uv": [ 19.0, 5.5, 22.5, 7.0 ] },
				"west": { "texture": "#material", "uv": [ 15.5, 5.5, 19.0, 7.0 ] }
			}
		}
	]}