{
	"editor": {
		"allAngles": true,
		"entityTextureMode": true
	},
	"textureWidth": 64,
	"textureHeight": 64,
	"textureSizes": {
	},
	"textures": {
		"material": "entity/humanoid/serapharmor/plate/iron"
	},
	"elements": [
		{
			"name": "ArmorUpperLegR",
			"stepParentName": "UpperFootR",
			"from": [ -0.19, -0.5, -0.1 ],
			"to": [ 4.41, 9.5, 3.7 ],
			"autoUnwrap": false,
			"uv": [ 17.5, 40.5 ],
			"rotationOrigin": [ -0.2, -0.5, -0.1 ],
			"faces": {
				"north": { "texture": "#material", "uv": [ 16.0, 40.0, 20.5, 50.0 ] },
				"east": { "texture": "#material", "uv": [ 20.5, 40.0, 24.0, 50.0 ] },
				"south": { "texture": "#material", "uv": [ 24.0, 40.0, 28.5, 50.0 ] },
				"west": { "texture": "#material", "uv": [ 28.5, 40.0, 32.0, 50.0 ] },
				"up": { "texture": "#material", "uv": [ 32.0, 4.0, 36.5, 7.5 ] },
				"down": { "texture": "#material", "uv": [ 36.5, 4.0, 41.0, 7.5 ] }
			},
			"children": [
				{
					"name": "ArmorKneeR",
					"from": [ -0.41, -1.2, -0.05 ],
					"to": [ 1.59, 2.1, 3.95 ],
					"unwrapMode": 4,
					"uv": [ 44.0, 57.0 ],
					"rotationOrigin": [ -0.41, -1.2, -0.05 ],
					"rotationZ": 15.0,
					"faces": {
						"north": { "texture": "#material", "uv": [ 44.0, 59.0, 46.0, 62.0 ] },
						"east": { "texture": "#material", "uv": [ 52.0, 59.0, 56.0, 62.0 ] },
						"south": { "texture": "#material", "uv": [ 50.0, 59.0, 52.0, 62.0 ] },
						"west": { "texture": "#material", "uv": [ 46.0, 59.0, 50.0, 62.0 ] },
						"up": { "texture": "#material", "uv": [ 46.0, 57.0, 50.0, 59.0 ], "rotation": 90 },
						"down": { "texture": "#material", "uv": [ 46.0, 62.0, 50.0, 64.0 ], "rotation": 90 }
					}
				}
			]
		},
		{
			"name": "ArmorUpperLegL",
			"stepParentName": "UpperFootL",
			"from": [ -0.19, -0.5, -0.5 ],
			"to": [ 4.41, 9.5, 3.3 ],
			"autoUnwrap": false,
			"uv": [ 0.0, 40.0 ],
			"rotationOrigin": [ -0.2, -0.5, -0.5 ],
			"faces": {
				"north": { "texture": "#material", "uv": [ 0.0, 40.0, 4.5, 50.0 ] },
				"east": { "texture": "#material", "uv": [ 4.5, 40.0, 8.0, 50.0 ] },
				"south": { "texture": "#material", "uv": [ 8.0, 40.0, 12.5, 50.0 ] },
				"west": { "texture": "#material", "uv": [ 12.5, 40.0, 16.0, 50.0 ] },
				"up": { "texture": "#material", "uv": [ 32.0, 0.5, 36.5, 4.0 ] },
				"down": { "texture": "#material", "uv": [ 36.5, 0.5, 41.0, 4.0 ] }
			},
			"children": [
				{
					"name": "ArmorKneeL",
					"from": [ -0.41, -1.2, -0.15 ],
					"to": [ 1.59, 2.1, 3.85 ],
					"unwrapMode": 4,
					"uv": [ 32.0, 57.0 ],
					"rotationOrigin": [ -0.41, -1.2, -0.15 ],
					"rotationZ": 15.0,
					"faces": {
						"north": { "texture": "#material", "uv": [ 32.0, 59.0, 34.0, 62.0 ] },
						"east": { "texture": "#material", "uv": [ 40.0, 59.0, 44.0, 62.0 ] },
						"south": { "texture": "#material", "uv": [ 38.0, 59.0, 40.0, 62.0 ] },
						"west": { "texture": "#material", "uv": [ 34.0, 59.0, 38.0, 62.0 ] },
						"up": { "texture": "#material", "uv": [ 34.0, 57.0, 38.0, 59.0 ], "rotation": 90 },
						"down": { "texture": "#material", "uv": [ 34.0, 62.0, 38.0, 64.0 ], "rotation": 90 }
					}
				}
			]
		},
		{
			"name": "ArmorLowerLegR",
			"stepParentName": "LowerFootR",
			"from": [ -0.3, 0.8, -0.35 ],
			"to": [ 3.2, 7.3, 3.15 ],
			"autoUnwrap": false,
			"uv": [ 16.0, 51.0 ],
			"rotationOrigin": [ -0.3, 0.8, -0.5 ],
			"faces": {
				"north": { "texture": "#material", "uv": [ 16.0, 55.5, 19.5, 62.0 ] },
				"east": { "texture": "#material", "uv": [ 20.5, 55.5, 24.0, 62.0 ] },
				"south": { "texture": "#material", "uv": [ 24.0, 56.5, 27.5, 63.0 ] },
				"west": { "texture": "#material", "uv": [ 28.5, 55.5, 32.0, 62.0 ] },
				"up": { "texture": "#material", "uv": [ 16.0, 51.0, 19.5, 54.5 ] },
				"down": { "texture": "#material", "uv": [ 20.5, 51.0, 24.0, 54.5 ] }
			}
		},
		{
			"name": "ArmorLowerLegL",
			"stepParentName": "LowerFootL",
			"from": [ -0.3, 0.8, -0.15 ],
			"to": [ 3.2, 6.3, 3.35 ],
			"autoUnwrap": false,
			"uv": [ 0.0, 51.0 ],
			"rotationOrigin": [ -0.3, 0.8, -0.3 ],
			"faces": {
				"north": { "texture": "#material", "uv": [ 1.0, 57.5, 4.5, 63.0 ] },
				"east": { "texture": "#material", "uv": [ 4.5, 55.5, 8.0, 61.0 ] },
				"south": { "texture": "#material", "uv": [ 8.0, 55.5, 11.5, 61.0 ] },
				"west": { "texture": "#material", "uv": [ 12.5, 55.5, 16.0, 61.0 ] },
				"up": { "texture": "#material", "uv": [ 0.0, 51.0, 3.5, 54.5 ] },
				"down": { "texture": "#material", "uv": [ 4.5, 51.0, 8.0, 54.5 ] }
			}
		},
		{
			"name": "ArmorLowerLegL2",
			"stepParentName": "PawL",
			"from": [ -0.3, -0.2, -0.15 ],
			"to": [ 3.2, 7.3, 3.35 ],
			"autoUnwrap": false,
			"uv": [ 0.0, 51.0 ],
			"rotationOrigin": [ -0.3, -0.2, -0.3 ],
			"faces": {
				"north": { "texture": "#material", "uv": [ 1.0, 56.5, 4.5, 64.0 ] },
				"east": { "texture": "#material", "uv": [ 4.5, 56.5, 8.0, 64.0 ] },
				"south": { "texture": "#material", "uv": [ 8.0, 56.5, 11.5, 64.0 ] },
				"west": { "texture": "#material", "uv": [ 12.5, 56.5, 16.0, 64.0 ] },
				"up": { "texture": "#material", "uv": [ 0.0, 51.0, 3.5, 54.5 ] },
				"down": { "texture": "#material", "uv": [ 4.5, 51.0, 8.0, 54.5 ] }
			},
			"children": [
				{
					"name": "ArmorKneeSideL2",
					"from": [ -0.5, 5.0, 3.5 ],
					"to": [ 3.5, 9.0, 4.0 ],
					"unwrapMode": 3,
					"uv": [ 12.5, 0.0 ],
					"rotationOrigin": [ -0.5, 5.0, 3.5 ],
					"faces": {
						"north": { "texture": "#material", "uv": [ 17.5, 0.5, 21.5, 4.5 ] },
						"east": { "texture": "#material", "uv": [ 17.0, 0.5, 17.5, 4.5 ] },
						"south": { "texture": "#material", "uv": [ 13.0, 0.5, 17.0, 4.5 ] },
						"west": { "texture": "#material", "uv": [ 12.5, 0.5, 13.0, 4.5 ] },
						"up": { "texture": "#material", "uv": [ 13.0, 0.0, 17.0, 0.5 ] },
						"down": { "texture": "#material", "uv": [ 13.0, 4.5, 17.0, 5.0 ], "rotation": 180 }
					}
				}
			]
		},
		{
			"name": "ArmorLowerLegR2",
			"stepParentName": "PawR",
			"from": [ -0.3, -0.2, -0.35 ],
			"to": [ 3.2, 7.3, 3.15 ],
			"autoUnwrap": false,
			"uv": [ 16.0, 51.0 ],
			"rotationOrigin": [ -0.3, -0.2, -0.5 ],
			"faces": {
				"north": { "texture": "#material", "uv": [ 16.0, 56.5, 19.5, 64.0 ] },
				"east": { "texture": "#material", "uv": [ 20.5, 56.5, 24.0, 64.0 ] },
				"south": { "texture": "#material", "uv": [ 24.5, 56.5, 28.0, 64.0 ] },
				"west": { "texture": "#material", "uv": [ 28.5, 56.5, 32.0, 64.0 ] },
				"up": { "texture": "#material", "uv": [ 16.0, 51.0, 19.5, 54.5 ] },
				"down": { "texture": "#material", "uv": [ 20.5, 51.0, 24.0, 54.5 ] }
			},
			"children": [
				{
					"name": "ArmorKneeSideR2",
					"from": [ -0.5, 5.0, -0.5 ],
					"to": [ 3.5, 9.0, 0.0 ],
					"unwrapMode": 1,
					"uv": [ 22.0, 0.0 ],
					"rotationOrigin": [ -0.5, 5.0, -0.5 ],
					"faces": {
						"north": { "texture": "#material", "uv": [ 22.5, 0.5, 26.5, 4.5 ] },
						"east": { "texture": "#material", "uv": [ 22.0, 0.5, 22.5, 4.5 ] },
						"south": { "texture": "#material", "uv": [ 27.0, 0.5, 31.0, 4.5 ] },
						"west": { "texture": "#material", "uv": [ 26.5, 0.5, 27.0, 4.5 ] },
						"up": { "texture": "#material", "uv": [ 22.5, 0.0, 26.5, 0.5 ], "rotation": 180 },
						"down": { "texture": "#material", "uv": [ 22.5, 4.5, 26.5, 5.0 ] }
					}
				}
			]
		}
	]}