{
	"editor": {
		"backDropShape": "shapes/entity/humanoid/seraph",
		"allAngles": true,
		"entityTextureMode": false
	},
	"textureWidth": 16,
	"textureHeight": 16,
	"textureSizes": {
		"shoes-clockmaker": [16,16]
	},
	"textures": {
		"shoes-clockmaker": "entity/humanoid/seraphclothes/foot/clockmaker-shoes"
	},
	"elements": [
		{
			"name": "shoe R",
			"stepParentName": "PawR",
			"from": [ -0.1, -0.1, -0.1 ],
			"to": [ 3.1, 0.9, 3.1 ],
			"rotationOrigin": [ -0.1, -0.1, -0.1 ],
			"faces": {
				"north": { "texture": "#shoes-clockmaker", "uv": [ 3.0, 15.0, 6.0, 16.0 ] },
				"east": { "texture": "#shoes-clockmaker", "uv": [ 0.0, 15.0, 3.0, 16.0 ] },
				"south": { "texture": "#shoes-clockmaker", "uv": [ 10.0, 15.0, 13.0, 16.0 ] },
				"west": { "texture": "#shoes-clockmaker", "uv": [ 7.0, 15.0, 10.0, 16.0 ] },
				"up": { "texture": "#shoes-clockmaker", "uv": [ 8.5, 0.5, 11.5, 3.5 ] },
				"down": { "texture": "#shoes-clockmaker", "uv": [ 0.0, 4.0, 3.0, 7.0 ], "rotation": 90 }
			},
			"children": [
				{
					"name": "N fold 20",
					"from": [ 0.0, 1.0, 0.0 ],
					"to": [ 1.0, 2.5, 0.2 ],
					"rotationOrigin": [ 0.0, 1.0, 0.2 ],
					"rotationX": -8.0,
					"faces": {
						"north": { "texture": "#shoes-clockmaker", "uv": [ 6.0, 13.5, 7.0, 15.0 ] },
						"east": { "texture": "#shoes-clockmaker", "uv": [ 6.0, 13.5, 6.5, 15.0 ] },
						"south": { "texture": "#shoes-clockmaker", "uv": [ 0.0, 0.0, 1.0, 1.5 ] },
						"west": { "texture": "#shoes-clockmaker", "uv": [ 3.0, 13.5, 3.5, 15.0 ] },
						"up": { "texture": "#shoes-clockmaker", "uv": [ 2.5, 13.5, 3.5, 14.0 ] },
						"down": { "texture": "#shoes-clockmaker", "uv": [ 0.0, 0.0, 1.0, 0.5 ] }
					}
				},
				{
					"name": "S fold 21",
					"from": [ 0.0, 1.0, 3.0 ],
					"to": [ 1.0, 2.5, 3.2 ],
					"rotationOrigin": [ 0.0, 1.0, 3.0 ],
					"rotationX": 8.0,
					"faces": {
						"north": { "texture": "#shoes-clockmaker", "uv": [ 0.0, 0.0, 1.0, 1.5 ] },
						"east": { "texture": "#shoes-clockmaker", "uv": [ 10.5, 13.5, 11.0, 15.0 ] },
						"south": { "texture": "#shoes-clockmaker", "uv": [ 10.0, 13.5, 11.0, 15.0 ] },
						"west": { "texture": "#shoes-clockmaker", "uv": [ 9.5, 13.5, 10.0, 15.0 ] },
						"up": { "texture": "#shoes-clockmaker", "uv": [ 10.0, 13.5, 11.0, 14.0 ] },
						"down": { "texture": "#shoes-clockmaker", "uv": [ 0.0, 0.0, 1.0, 0.5 ] }
					}
				},
				{
					"name": "back fold 1",
					"from": [ 3.0, 1.0, 0.0 ],
					"to": [ 3.2, 2.5, 3.2 ],
					"rotationOrigin": [ 3.0, 1.0, 0.0 ],
					"rotationZ": -7.0,
					"faces": {
						"north": { "texture": "#shoes-clockmaker", "uv": [ 2.5, 13.5, 3.0, 15.0 ] },
						"east": { "texture": "#shoes-clockmaker", "uv": [ 0.0, 13.5, 3.0, 15.0 ] },
						"south": { "texture": "#shoes-clockmaker", "uv": [ 0.0, 13.5, 0.5, 15.0 ] },
						"west": { "texture": "#shoes-clockmaker", "uv": [ 0.0, 0.0, 3.0, 1.5 ] },
						"up": { "texture": "#shoes-clockmaker", "uv": [ 0.0, 13.5, 3.0, 14.0 ], "rotation": 270 },
						"down": { "texture": "#shoes-clockmaker", "uv": [ 0.0, 0.0, 0.5, 3.0 ] }
					}
				},
				{
					"name": "front 1",
					"from": [ 0.0, 1.0, 0.0 ],
					"to": [ 0.2, 2.5, 3.2 ],
					"rotationOrigin": [ 0.2, 1.0, 0.0 ],
					"rotationZ": 10.0,
					"faces": {
						"north": { "texture": "#shoes-clockmaker", "uv": [ 7.0, 13.5, 7.5, 15.0 ] },
						"east": { "texture": "#shoes-clockmaker", "uv": [ 7.5, 1.0, 10.5, 2.5 ] },
						"south": { "texture": "#shoes-clockmaker", "uv": [ 9.5, 13.5, 10.0, 15.0 ] },
						"west": { "texture": "#shoes-clockmaker", "uv": [ 7.0, 13.5, 10.0, 15.0 ] },
						"up": { "texture": "#shoes-clockmaker", "uv": [ 7.0, 13.5, 10.0, 14.0 ], "rotation": 90 },
						"down": { "texture": "#shoes-clockmaker", "uv": [ 0.0, 0.0, 0.5, 3.0 ] }
					}
				},
				{
					"name": "N fold 17",
					"from": [ 2.6, 1.0, 0.0 ],
					"to": [ 3.1, 2.5, 0.2 ],
					"rotationOrigin": [ 2.6, 1.0, 0.2 ],
					"rotationX": -8.0,
					"faces": {
						"north": { "texture": "#shoes-clockmaker", "uv": [ 3.0, 13.5, 3.5, 15.0 ] },
						"east": { "texture": "#shoes-clockmaker", "uv": [ 3.0, 13.5, 3.5, 15.0 ] },
						"south": { "texture": "#shoes-clockmaker", "uv": [ 0.0, 0.0, 0.5, 1.5 ] },
						"west": { "texture": "#shoes-clockmaker", "uv": [ 3.0, 13.5, 3.5, 15.0 ] },
						"up": { "texture": "#shoes-clockmaker", "uv": [ 3.0, 13.5, 3.5, 14.0 ] },
						"down": { "texture": "#shoes-clockmaker", "uv": [ 0.0, 0.0, 0.5, 0.5 ] }
					}
				},
				{
					"name": "N fold 18",
					"from": [ 2.1, 1.0, 0.0 ],
					"to": [ 2.6, 2.0, 0.2 ],
					"rotationOrigin": [ 2.1, 1.0, 0.2 ],
					"rotationX": -8.0,
					"faces": {
						"north": { "texture": "#shoes-clockmaker", "uv": [ 3.5, 14.0, 4.0, 15.0 ] },
						"east": { "texture": "#shoes-clockmaker", "uv": [ 3.5, 14.0, 4.0, 15.0 ] },
						"south": { "texture": "#shoes-clockmaker", "uv": [ 0.0, 0.0, 0.5, 1.0 ] },
						"west": { "texture": "#shoes-clockmaker", "uv": [ 3.5, 14.0, 4.0, 15.0 ] },
						"up": { "texture": "#shoes-clockmaker", "uv": [ 3.5, 14.0, 4.0, 14.5 ] },
						"down": { "texture": "#shoes-clockmaker", "uv": [ 0.0, 0.0, 0.5, 0.5 ] }
					}
				},
				{
					"name": "N fold 19",
					"from": [ 1.0, 1.0, 0.0 ],
					"to": [ 1.5, 2.0, 0.2 ],
					"rotationOrigin": [ 1.0, 1.0, 0.2 ],
					"rotationX": -8.0,
					"faces": {
						"north": { "texture": "#shoes-clockmaker", "uv": [ 5.5, 14.0, 6.0, 15.0 ] },
						"east": { "texture": "#shoes-clockmaker", "uv": [ 5.5, 14.0, 6.0, 15.0 ] },
						"south": { "texture": "#shoes-clockmaker", "uv": [ 0.0, 0.0, 0.5, 1.0 ] },
						"west": { "texture": "#shoes-clockmaker", "uv": [ 5.5, 14.0, 6.0, 15.0 ] },
						"up": { "texture": "#shoes-clockmaker", "uv": [ 5.5, 14.0, 6.0, 14.5 ] },
						"down": { "texture": "#shoes-clockmaker", "uv": [ 0.0, 0.0, 0.5, 0.5 ] }
					}
				},
				{
					"name": "N fold 21",
					"from": [ 1.5, 1.0, 0.0 ],
					"to": [ 2.1, 1.5, 0.2 ],
					"rotationOrigin": [ 1.5, 1.0, 0.2 ],
					"rotationX": -11.0,
					"faces": {
						"north": { "texture": "#shoes-clockmaker", "uv": [ 4.5, 14.5, 5.0, 15.0 ] },
						"east": { "texture": "#shoes-clockmaker", "uv": [ 6.5, 13.5, 7.0, 14.0 ] },
						"south": { "texture": "#shoes-clockmaker", "uv": [ 0.0, 0.0, 0.5, 0.5 ] },
						"west": { "texture": "#shoes-clockmaker", "uv": [ 3.0, 13.5, 3.5, 14.0 ] },
						"up": { "texture": "#shoes-clockmaker", "uv": [ 4.0, 14.5, 4.5, 15.0 ] },
						"down": { "texture": "#shoes-clockmaker", "uv": [ 0.0, 0.0, 0.5, 0.5 ] }
					}
				},
				{
					"name": "S fold 18",
					"from": [ 1.0, 1.0, 3.0 ],
					"to": [ 1.5, 2.0, 3.2 ],
					"rotationOrigin": [ 1.0, 1.0, 3.0 ],
					"rotationX": 8.0,
					"faces": {
						"north": { "texture": "#shoes-clockmaker", "uv": [ 0.0, 0.0, 0.5, 1.0 ] },
						"east": { "texture": "#shoes-clockmaker", "uv": [ 11.0, 14.0, 11.5, 15.0 ] },
						"south": { "texture": "#shoes-clockmaker", "uv": [ 11.0, 14.0, 11.5, 15.0 ] },
						"west": { "texture": "#shoes-clockmaker", "uv": [ 11.0, 14.0, 11.5, 15.0 ] },
						"up": { "texture": "#shoes-clockmaker", "uv": [ 11.0, 14.0, 11.5, 14.5 ] },
						"down": { "texture": "#shoes-clockmaker", "uv": [ 0.0, 0.0, 0.5, 0.5 ] }
					}
				},
				{
					"name": "S fold 19",
					"from": [ 1.5, 1.0, 3.0 ],
					"to": [ 3.2, 1.5, 3.2 ],
					"rotationOrigin": [ 1.5, 1.0, 3.0 ],
					"rotationX": 8.0,
					"faces": {
						"north": { "texture": "#shoes-clockmaker", "uv": [ 0.0, 0.0, 1.5, 0.5 ] },
						"east": { "texture": "#shoes-clockmaker", "uv": [ 12.5, 14.5, 13.0, 15.0 ] },
						"south": { "texture": "#shoes-clockmaker", "uv": [ 11.5, 14.5, 13.0, 15.0 ] },
						"west": { "texture": "#shoes-clockmaker", "uv": [ 11.5, 14.5, 12.0, 15.0 ] },
						"up": { "texture": "#shoes-clockmaker", "uv": [ 11.5, 14.5, 13.0, 15.0 ] },
						"down": { "texture": "#shoes-clockmaker", "uv": [ 0.0, 0.0, 1.5, 0.5 ] }
					}
				},
				{
					"name": "S fold 20",
					"from": [ 2.7, 1.0, 3.0 ],
					"to": [ 3.2, 2.5, 3.2 ],
					"rotationOrigin": [ 2.7, 1.0, 3.0 ],
					"rotationX": 8.0,
					"faces": {
						"north": { "texture": "#shoes-clockmaker", "uv": [ 0.0, 0.0, 0.5, 1.5 ] },
						"east": { "texture": "#shoes-clockmaker", "uv": [ 13.5, 13.5, 14.0, 15.0 ] },
						"south": { "texture": "#shoes-clockmaker", "uv": [ 13.5, 13.5, 14.0, 15.0 ] },
						"west": { "texture": "#shoes-clockmaker", "uv": [ 13.5, 13.5, 14.0, 15.0 ] },
						"up": { "texture": "#shoes-clockmaker", "uv": [ 13.5, 13.5, 14.0, 14.0 ] },
						"down": { "texture": "#shoes-clockmaker", "uv": [ 0.0, 0.0, 0.5, 0.5 ] }
					}
				},
				{
					"name": "S fold 22",
					"from": [ 2.2, 1.0, 3.0 ],
					"to": [ 2.7, 2.0, 3.2 ],
					"rotationOrigin": [ 2.2, 1.0, 3.0 ],
					"rotationX": 8.0,
					"faces": {
						"north": { "texture": "#shoes-clockmaker", "uv": [ 0.0, 0.0, 0.5, 1.0 ] },
						"east": { "texture": "#shoes-clockmaker", "uv": [ 13.0, 14.0, 13.5, 15.0 ] },
						"south": { "texture": "#shoes-clockmaker", "uv": [ 13.0, 14.0, 13.5, 15.0 ] },
						"west": { "texture": "#shoes-clockmaker", "uv": [ 13.0, 14.0, 13.5, 15.0 ] },
						"up": { "texture": "#shoes-clockmaker", "uv": [ 13.0, 14.0, 13.5, 14.5 ] },
						"down": { "texture": "#shoes-clockmaker", "uv": [ 0.0, 0.0, 0.5, 0.5 ] }
					}
				}
			]
		},
		{
			"name": "shoe L",
			"stepParentName": "PawL",
			"from": [ -0.1, -0.1, -0.1 ],
			"to": [ 3.1, 0.9, 3.1 ],
			"rotationOrigin": [ -0.1, -0.1, -0.1 ],
			"faces": {
				"north": { "texture": "#shoes-clockmaker", "uv": [ 0.0, 11.0, 3.0, 12.0 ] },
				"east": { "texture": "#shoes-clockmaker", "uv": [ 11.0, 11.0, 14.0, 12.0 ] },
				"south": { "texture": "#shoes-clockmaker", "uv": [ 7.0, 11.0, 10.0, 12.0 ] },
				"west": { "texture": "#shoes-clockmaker", "uv": [ 4.0, 11.0, 7.0, 12.0 ] },
				"up": { "texture": "#shoes-clockmaker", "uv": [ 2.5, 0.5, 5.5, 3.5 ] },
				"down": { "texture": "#shoes-clockmaker", "uv": [ 4.0, 4.0, 7.0, 7.0 ], "rotation": 90 }
			},
			"children": [
				{
					"name": "N fold 23",
					"from": [ 0.0, 1.0, 0.0 ],
					"to": [ 1.0, 2.5, 0.2 ],
					"rotationOrigin": [ 0.0, 1.0, 0.2 ],
					"rotationX": -8.0,
					"faces": {
						"north": { "texture": "#shoes-clockmaker", "uv": [ 3.0, 9.5, 4.0, 11.0 ] },
						"east": { "texture": "#shoes-clockmaker", "uv": [ 3.0, 9.5, 3.5, 11.0 ] },
						"south": { "texture": "#shoes-clockmaker", "uv": [ 0.0, 0.0, 1.0, 1.5 ] },
						"west": { "texture": "#shoes-clockmaker", "uv": [ 3.5, 9.5, 4.0, 11.0 ] },
						"up": { "texture": "#shoes-clockmaker", "uv": [ 3.0, 9.5, 4.0, 10.0 ] },
						"down": { "texture": "#shoes-clockmaker", "uv": [ 0.0, 0.0, 1.0, 0.5 ] }
					}
				},
				{
					"name": "S fold 24",
					"from": [ 0.0, 1.0, 3.0 ],
					"to": [ 1.0, 2.5, 3.2 ],
					"rotationOrigin": [ 0.0, 1.0, 3.0 ],
					"rotationX": 8.0,
					"faces": {
						"north": { "texture": "#shoes-clockmaker", "uv": [ 0.0, 0.0, 1.0, 1.5 ] },
						"east": { "texture": "#shoes-clockmaker", "uv": [ 7.5, 9.5, 8.0, 11.0 ] },
						"south": { "texture": "#shoes-clockmaker", "uv": [ 7.0, 9.5, 8.0, 11.0 ] },
						"west": { "texture": "#shoes-clockmaker", "uv": [ 7.0, 9.5, 7.5, 11.0 ] },
						"up": { "texture": "#shoes-clockmaker", "uv": [ 7.0, 9.5, 8.0, 10.0 ] },
						"down": { "texture": "#shoes-clockmaker", "uv": [ 0.0, 0.0, 1.0, 0.5 ] }
					}
				},
				{
					"name": "back fold 25",
					"from": [ 3.0, 1.0, 0.0 ],
					"to": [ 3.2, 2.5, 3.2 ],
					"rotationOrigin": [ 3.0, 1.0, 0.0 ],
					"rotationZ": -7.0,
					"faces": {
						"north": { "texture": "#shoes-clockmaker", "uv": [ 13.5, 9.5, 14.0, 11.0 ] },
						"east": { "texture": "#shoes-clockmaker", "uv": [ 11.0, 9.5, 14.0, 11.0 ] },
						"south": { "texture": "#shoes-clockmaker", "uv": [ 11.0, 9.5, 11.5, 11.0 ] },
						"west": { "texture": "#shoes-clockmaker", "uv": [ 0.0, 0.0, 3.0, 1.5 ] },
						"up": { "texture": "#shoes-clockmaker", "uv": [ 11.0, 9.5, 14.0, 10.0 ], "rotation": 270 },
						"down": { "texture": "#shoes-clockmaker", "uv": [ 0.0, 0.0, 0.5, 3.0 ] }
					}
				},
				{
					"name": "front 26",
					"from": [ 0.0, 1.0, 0.0 ],
					"to": [ 0.2, 2.5, 3.2 ],
					"rotationOrigin": [ 0.2, 1.0, 0.0 ],
					"rotationZ": 10.0,
					"faces": {
						"north": { "texture": "#shoes-clockmaker", "uv": [ 3.5, 9.5, 4.0, 11.0 ] },
						"east": { "texture": "#shoes-clockmaker", "uv": [ 7.5, 1.0, 10.5, 2.5 ] },
						"south": { "texture": "#shoes-clockmaker", "uv": [ 7.0, 9.5, 7.5, 11.0 ] },
						"west": { "texture": "#shoes-clockmaker", "uv": [ 4.0, 9.5, 7.0, 11.0 ] },
						"up": { "texture": "#shoes-clockmaker", "uv": [ 4.0, 9.5, 7.0, 10.0 ], "rotation": 90 },
						"down": { "texture": "#shoes-clockmaker", "uv": [ 0.0, 0.0, 0.5, 3.0 ] }
					}
				},
				{
					"name": "N fold 27",
					"from": [ 2.6, 1.0, 0.0 ],
					"to": [ 3.1, 2.5, 0.2 ],
					"rotationOrigin": [ 2.6, 1.0, 0.2 ],
					"rotationX": -8.0,
					"faces": {
						"north": { "texture": "#shoes-clockmaker", "uv": [ 0.0, 9.5, 0.5, 11.0 ] },
						"east": { "texture": "#shoes-clockmaker", "uv": [ 0.0, 9.5, 0.5, 11.0 ] },
						"south": { "texture": "#shoes-clockmaker", "uv": [ 0.0, 0.0, 0.5, 1.5 ] },
						"west": { "texture": "#shoes-clockmaker", "uv": [ 0.0, 9.5, 0.5, 11.0 ] },
						"up": { "texture": "#shoes-clockmaker", "uv": [ 0.0, 9.5, 0.5, 10.0 ] },
						"down": { "texture": "#shoes-clockmaker", "uv": [ 0.0, 0.0, 0.5, 0.5 ] }
					}
				},
				{
					"name": "N fold 28",
					"from": [ 2.1, 1.0, 0.0 ],
					"to": [ 2.6, 2.0, 0.2 ],
					"rotationOrigin": [ 2.1, 1.0, 0.2 ],
					"rotationX": -8.0,
					"faces": {
						"north": { "texture": "#shoes-clockmaker", "uv": [ 0.5, 10.0, 1.0, 11.0 ] },
						"east": { "texture": "#shoes-clockmaker", "uv": [ 0.5, 10.0, 1.0, 11.0 ] },
						"south": { "texture": "#shoes-clockmaker", "uv": [ 0.0, 0.0, 0.5, 1.0 ] },
						"west": { "texture": "#shoes-clockmaker", "uv": [ 0.5, 10.0, 1.0, 11.0 ] },
						"up": { "texture": "#shoes-clockmaker", "uv": [ 0.5, 10.0, 1.0, 10.5 ] },
						"down": { "texture": "#shoes-clockmaker", "uv": [ 0.0, 0.0, 0.5, 0.5 ] }
					}
				},
				{
					"name": "N fold 29",
					"from": [ 1.0, 1.0, 0.0 ],
					"to": [ 1.5, 2.0, 0.2 ],
					"rotationOrigin": [ 1.0, 1.0, 0.2 ],
					"rotationX": -8.0,
					"faces": {
						"north": { "texture": "#shoes-clockmaker", "uv": [ 2.5, 10.0, 3.0, 11.0 ] },
						"east": { "texture": "#shoes-clockmaker", "uv": [ 2.5, 10.0, 3.0, 11.0 ] },
						"south": { "texture": "#shoes-clockmaker", "uv": [ 0.0, 0.0, 0.5, 1.0 ] },
						"west": { "texture": "#shoes-clockmaker", "uv": [ 2.5, 10.0, 3.0, 11.0 ] },
						"up": { "texture": "#shoes-clockmaker", "uv": [ 2.5, 10.0, 3.0, 10.5 ] },
						"down": { "texture": "#shoes-clockmaker", "uv": [ 0.0, 0.0, 0.5, 0.5 ] }
					}
				},
				{
					"name": "N fold 30",
					"from": [ 1.5, 1.0, 0.0 ],
					"to": [ 3.1, 1.5, 0.2 ],
					"rotationOrigin": [ 1.5, 1.0, 0.2 ],
					"rotationX": -11.0,
					"faces": {
						"north": { "texture": "#shoes-clockmaker", "uv": [ 1.0, 10.5, 2.5, 11.0 ] },
						"east": { "texture": "#shoes-clockmaker", "uv": [ 1.0, 10.5, 1.5, 11.0 ] },
						"south": { "texture": "#shoes-clockmaker", "uv": [ 0.0, 0.0, 1.5, 0.5 ] },
						"west": { "texture": "#shoes-clockmaker", "uv": [ 2.0, 10.5, 2.5, 11.0 ] },
						"up": { "texture": "#shoes-clockmaker", "uv": [ 1.0, 10.5, 2.5, 11.0 ] },
						"down": { "texture": "#shoes-clockmaker", "uv": [ 0.0, 0.0, 1.5, 0.5 ] }
					}
				},
				{
					"name": "S fold 31",
					"from": [ 1.0, 1.0, 3.0 ],
					"to": [ 1.5, 2.0, 3.2 ],
					"rotationOrigin": [ 1.0, 1.0, 3.0 ],
					"rotationX": 8.0,
					"faces": {
						"north": { "texture": "#shoes-clockmaker", "uv": [ 0.0, 0.0, 0.5, 1.0 ] },
						"east": { "texture": "#shoes-clockmaker", "uv": [ 8.0, 10.0, 8.5, 11.0 ] },
						"south": { "texture": "#shoes-clockmaker", "uv": [ 8.0, 10.0, 8.5, 11.0 ] },
						"west": { "texture": "#shoes-clockmaker", "uv": [ 8.0, 10.0, 8.5, 11.0 ] },
						"up": { "texture": "#shoes-clockmaker", "uv": [ 8.0, 10.0, 8.5, 10.5 ] },
						"down": { "texture": "#shoes-clockmaker", "uv": [ 0.0, 0.0, 0.5, 0.5 ] }
					}
				},
				{
					"name": "S fold 32",
					"from": [ 1.5, 1.0, 3.0 ],
					"to": [ 2.2, 1.5, 3.2 ],
					"rotationOrigin": [ 1.5, 1.0, 3.0 ],
					"rotationX": 8.0,
					"faces": {
						"north": { "texture": "#shoes-clockmaker", "uv": [ 0.0, 0.0, 0.5, 0.5 ] },
						"east": { "texture": "#shoes-clockmaker", "uv": [ 9.5, 10.5, 10.0, 11.0 ] },
						"south": { "texture": "#shoes-clockmaker", "uv": [ 8.5, 10.5, 9.0, 11.0 ] },
						"west": { "texture": "#shoes-clockmaker", "uv": [ 8.5, 10.5, 9.0, 11.0 ] },
						"up": { "texture": "#shoes-clockmaker", "uv": [ 8.5, 10.5, 9.0, 11.0 ] },
						"down": { "texture": "#shoes-clockmaker", "uv": [ 0.0, 0.0, 0.5, 0.5 ] }
					}
				},
				{
					"name": "S fold 33",
					"from": [ 2.7, 1.0, 3.0 ],
					"to": [ 3.2, 2.5, 3.2 ],
					"rotationOrigin": [ 2.7, 1.0, 3.0 ],
					"rotationX": 8.0,
					"faces": {
						"north": { "texture": "#shoes-clockmaker", "uv": [ 0.0, 0.0, 0.5, 1.5 ] },
						"east": { "texture": "#shoes-clockmaker", "uv": [ 10.5, 9.5, 11.0, 11.0 ] },
						"south": { "texture": "#shoes-clockmaker", "uv": [ 10.5, 9.5, 11.0, 11.0 ] },
						"west": { "texture": "#shoes-clockmaker", "uv": [ 10.5, 9.5, 11.0, 11.0 ] },
						"up": { "texture": "#shoes-clockmaker", "uv": [ 10.5, 9.5, 11.0, 10.0 ] },
						"down": { "texture": "#shoes-clockmaker", "uv": [ 0.0, 0.0, 0.5, 0.5 ] }
					}
				},
				{
					"name": "S fold 34",
					"from": [ 2.2, 1.0, 3.0 ],
					"to": [ 2.7, 2.0, 3.2 ],
					"rotationOrigin": [ 2.2, 1.0, 3.0 ],
					"rotationX": 8.0,
					"faces": {
						"north": { "texture": "#shoes-clockmaker", "uv": [ 0.0, 0.0, 0.5, 1.0 ] },
						"east": { "texture": "#shoes-clockmaker", "uv": [ 10.0, 10.0, 10.5, 11.0 ] },
						"south": { "texture": "#shoes-clockmaker", "uv": [ 10.0, 10.0, 10.5, 11.0 ] },
						"west": { "texture": "#shoes-clockmaker", "uv": [ 10.0, 10.0, 10.5, 11.0 ] },
						"up": { "texture": "#shoes-clockmaker", "uv": [ 10.0, 10.0, 10.5, 10.5 ] },
						"down": { "texture": "#shoes-clockmaker", "uv": [ 0.0, 0.0, 0.5, 0.5 ] }
					}
				}
			]
		}
	]}