{
	"editor": {
		"backDropShape": "shapes/entity/humanoid/seraph",
		"allAngles": true,
		"entityTextureMode": false
	},
	"textureWidth": 16,
	"textureHeight": 16,
	"textureSizes": {
	},
	"textures": {
		"fur-lined-reindeer-herder-shoes": "entity/humanoid/seraphclothes/foot/fur-lined-reindeer-herder-shoes"
	},
	"elements": [
		{
			"name": "shoe R",
			"stepParentName": "PawR",
			"from": [ -0.1, -0.1, -0.1 ],
			"to": [ 3.1, 0.9, 3.1 ],
			"rotationOrigin": [ -0.1, -0.1, -0.1 ],
			"faces": {
				"north": { "texture": "#fur-lined-reindeer-herder-shoes", "uv": [ 3.0, 15.0, 6.0, 16.0 ] },
				"east": { "texture": "#fur-lined-reindeer-herder-shoes", "uv": [ 0.0, 15.0, 3.0, 16.0 ] },
				"south": { "texture": "#fur-lined-reindeer-herder-shoes", "uv": [ 10.0, 15.0, 13.0, 16.0 ] },
				"west": { "texture": "#fur-lined-reindeer-herder-shoes", "uv": [ 7.0, 15.0, 10.0, 16.0 ] },
				"up": { "texture": "#fur-lined-reindeer-herder-shoes", "uv": [ 0.0, 0.0, 3.0, 3.0 ], "rotation": 90 },
				"down": { "texture": "#fur-lined-reindeer-herder-shoes", "uv": [ 0.0, 0.0, 3.0, 3.0 ], "rotation": 90 }
			},
			"children": [
				{
					"name": "back fold 1",
					"from": [ 3.0, 1.0, 0.0 ],
					"to": [ 3.2, 3.0, 3.2 ],
					"rotationOrigin": [ 3.0, 1.0, 0.0 ],
					"rotationZ": -4.0,
					"faces": {
						"north": { "texture": "#fur-lined-reindeer-herder-shoes", "uv": [ 2.5, 13.0, 3.0, 15.0 ] },
						"east": { "texture": "#fur-lined-reindeer-herder-shoes", "uv": [ 0.0, 2.0, 3.0, 4.0 ] },
						"south": { "texture": "#fur-lined-reindeer-herder-shoes", "uv": [ 0.0, 13.0, 0.5, 15.0 ] },
						"west": { "texture": "#fur-lined-reindeer-herder-shoes", "uv": [ 0.0, 0.0, 3.0, 2.0 ] },
						"up": { "texture": "#fur-lined-reindeer-herder-shoes", "uv": [ 0.0, 13.0, 3.0, 13.5 ], "rotation": 270 },
						"down": { "texture": "#fur-lined-reindeer-herder-shoes", "uv": [ 0.0, 0.0, 0.5, 3.0 ] }
					},
					"children": [
						{
							"name": "back border",
							"from": [ -0.2, 1.6, 0.1 ],
							"to": [ 0.3, 2.1, 3.1 ],
							"rotationOrigin": [ -0.2, 1.6, 0.1 ],
							"rotationZ": -4.0,
							"faces": {
								"north": { "texture": "#fur-lined-reindeer-herder-shoes", "uv": [ 2.5, 13.0, 3.0, 13.5 ] },
								"east": { "texture": "#fur-lined-reindeer-herder-shoes", "uv": [ 0.0, 13.0, 3.0, 13.5 ] },
								"south": { "texture": "#fur-lined-reindeer-herder-shoes", "uv": [ 0.0, 13.0, 0.5, 13.5 ] },
								"west": { "texture": "#fur-lined-reindeer-herder-shoes", "uv": [ 0.0, 13.0, 3.0, 13.5 ] },
								"up": { "texture": "#fur-lined-reindeer-herder-shoes", "uv": [ 0.5, 13.0, 3.5, 13.5 ], "rotation": 90 },
								"down": { "texture": "#fur-lined-reindeer-herder-shoes", "uv": [ 0.0, 13.0, 3.0, 13.5 ], "rotation": 90 }
							},
							"children": [
								{
									"name": "back string 1",
									"from": [ 0.3, -1.6, 1.5 ],
									"to": [ 0.5, 0.4, 2.0 ],
									"rotationOrigin": [ 0.3, 0.4, 1.5 ],
									"rotationX": -6.0,
									"rotationZ": 12.0,
									"faces": {
										"north": { "texture": "#fur-lined-reindeer-herder-shoes", "uv": [ 0.0, 13.0, 2.0, 13.5 ], "rotation": 90 },
										"east": { "texture": "#fur-lined-reindeer-herder-shoes", "uv": [ 0.0, 13.0, 2.0, 13.5 ], "rotation": 90 },
										"south": { "texture": "#fur-lined-reindeer-herder-shoes", "uv": [ 0.0, 13.0, 2.0, 13.5 ], "rotation": 90 },
										"west": { "texture": "#fur-lined-reindeer-herder-shoes", "uv": [ 0.0, 13.0, 2.0, 13.5 ], "rotation": 90 },
										"up": { "texture": "#fur-lined-reindeer-herder-shoes", "uv": [ 0.0, 13.0, 0.5, 13.5 ] },
										"down": { "texture": "#fur-lined-reindeer-herder-shoes", "uv": [ 2.5, 13.0, 3.0, 13.5 ] }
									}
								},
								{
									"name": "back string 2",
									"from": [ 0.3, -1.0, 1.0 ],
									"to": [ 0.5, 0.5, 1.5 ],
									"rotationOrigin": [ 0.3, 0.5, 1.0 ],
									"rotationX": 8.0,
									"rotationZ": 15.0,
									"faces": {
										"north": { "texture": "#fur-lined-reindeer-herder-shoes", "uv": [ 3.0, 12.0, 4.5, 12.5 ], "rotation": 90 },
										"east": { "texture": "#fur-lined-reindeer-herder-shoes", "uv": [ 2.5, 12.0, 4.0, 12.5 ], "rotation": 90 },
										"south": { "texture": "#fur-lined-reindeer-herder-shoes", "uv": [ 3.0, 12.0, 4.5, 12.5 ], "rotation": 90 },
										"west": { "texture": "#fur-lined-reindeer-herder-shoes", "uv": [ 3.0, 12.0, 4.5, 12.5 ], "rotation": 90 },
										"up": { "texture": "#fur-lined-reindeer-herder-shoes", "uv": [ 2.0, 11.5, 2.5, 12.0 ] },
										"down": { "texture": "#fur-lined-reindeer-herder-shoes", "uv": [ 2.5, 12.0, 3.0, 12.5 ] }
									}
								}
							]
						}
					]
				},
				{
					"name": "front 1",
					"from": [ 0.0, 1.0, 0.0 ],
					"to": [ 0.2, 3.0, 3.2 ],
					"rotationOrigin": [ 0.2, 1.0, 0.0 ],
					"rotationZ": 4.0,
					"faces": {
						"north": { "texture": "#fur-lined-reindeer-herder-shoes", "uv": [ 7.0, 13.0, 7.5, 15.0 ], "windMode": [-1,-1,-1,-1] },
						"east": { "texture": "#fur-lined-reindeer-herder-shoes", "uv": [ 0.0, 0.0, 3.0, 2.0 ], "windMode": [-1,-1,-1,-1] },
						"south": { "texture": "#fur-lined-reindeer-herder-shoes", "uv": [ 9.5, 13.0, 10.0, 15.0 ], "windMode": [-1,-1,-1,-1] },
						"west": { "texture": "#fur-lined-reindeer-herder-shoes", "uv": [ 0.0, 0.0, 3.0, 2.0 ], "windMode": [-1,-1,-1,-1] },
						"up": { "texture": "#fur-lined-reindeer-herder-shoes", "uv": [ 7.0, 13.0, 10.0, 13.5 ], "rotation": 90, "windMode": [-1,-1,-1,-1] },
						"down": { "texture": "#fur-lined-reindeer-herder-shoes", "uv": [ 0.0, 0.0, 0.5, 3.0 ], "windMode": [-1,-1,-1,-1] }
					},
					"children": [
						{
							"name": "front border",
							"from": [ -0.2, 1.6, -0.2 ],
							"to": [ 0.3, 2.2, 3.4 ],
							"rotationOrigin": [ 0.3, 1.6, -0.2 ],
							"rotationZ": 4.0,
							"faces": {
								"north": { "texture": "#fur-lined-reindeer-herder-shoes", "uv": [ 7.0, 13.0, 7.5, 13.5 ] },
								"east": { "texture": "#fur-lined-reindeer-herder-shoes", "uv": [ 7.0, 13.0, 10.5, 13.5 ] },
								"south": { "texture": "#fur-lined-reindeer-herder-shoes", "uv": [ 10.0, 13.0, 10.5, 13.5 ] },
								"west": { "texture": "#fur-lined-reindeer-herder-shoes", "uv": [ 7.0, 13.0, 10.5, 13.5 ] },
								"up": { "texture": "#fur-lined-reindeer-herder-shoes", "uv": [ 7.0, 13.0, 10.5, 13.5 ], "rotation": 90 },
								"down": { "texture": "#fur-lined-reindeer-herder-shoes", "uv": [ 7.0, 13.0, 10.5, 13.5 ], "rotation": 90 }
							},
							"children": [
								{
									"name": "front string 1",
									"from": [ 0.0, -2.8, 2.6 ],
									"to": [ 0.2, 0.2, 3.1 ],
									"rotationOrigin": [ 0.2, 0.2, 3.1 ],
									"rotationX": 45.0,
									"rotationZ": -2.0,
									"faces": {
										"north": { "texture": "#fur-lined-reindeer-herder-shoes", "uv": [ 8.5, 6.0, 11.5, 6.5 ], "rotation": 90 },
										"east": { "texture": "#fur-lined-reindeer-herder-shoes", "uv": [ 7.5, 6.0, 10.5, 6.5 ], "rotation": 90 },
										"south": { "texture": "#fur-lined-reindeer-herder-shoes", "uv": [ 7.5, 6.0, 10.5, 6.5 ], "rotation": 90 },
										"west": { "texture": "#fur-lined-reindeer-herder-shoes", "uv": [ 8.5, 6.0, 11.5, 6.5 ], "rotation": 90 },
										"up": { "texture": "#fur-lined-reindeer-herder-shoes", "uv": [ 2.0, 6.0, 2.5, 6.5 ] },
										"down": { "texture": "#fur-lined-reindeer-herder-shoes", "uv": [ 1.0, 6.0, 1.5, 6.5 ] }
									}
								},
								{
									"name": "front string 2",
									"from": [ 0.0, -2.8, 0.5 ],
									"to": [ 0.2, 0.2, 1.0 ],
									"rotationOrigin": [ 0.2, 0.2, 0.5 ],
									"rotationX": -45.0,
									"rotationZ": -2.0,
									"faces": {
										"north": { "texture": "#fur-lined-reindeer-herder-shoes", "uv": [ 5.0, 5.5, 8.0, 6.0 ], "rotation": 90 },
										"east": { "texture": "#fur-lined-reindeer-herder-shoes", "uv": [ 5.0, 5.5, 8.0, 6.0 ], "rotation": 90 },
										"south": { "texture": "#fur-lined-reindeer-herder-shoes", "uv": [ 5.0, 5.5, 8.0, 6.0 ], "rotation": 90 },
										"west": { "texture": "#fur-lined-reindeer-herder-shoes", "uv": [ 5.0, 5.5, 8.0, 6.0 ], "rotation": 90 },
										"up": { "texture": "#fur-lined-reindeer-herder-shoes", "uv": [ 1.0, 5.5, 1.5, 6.0 ] },
										"down": { "texture": "#fur-lined-reindeer-herder-shoes", "uv": [ 1.0, 5.5, 1.5, 6.0 ] }
									}
								},
								{
									"name": "cross string",
									"from": [ -0.1, -1.0, 0.8 ],
									"to": [ 0.1, -0.5, 2.8 ],
									"rotationOrigin": [ 0.1, -0.5, 1.8 ],
									"faces": {
										"north": { "texture": "#fur-lined-reindeer-herder-shoes", "uv": [ 7.5, 13.5, 8.0, 14.0 ], "rotation": 90 },
										"east": { "texture": "#fur-lined-reindeer-herder-shoes", "uv": [ 7.5, 13.5, 9.5, 14.0 ] },
										"south": { "texture": "#fur-lined-reindeer-herder-shoes", "uv": [ 9.0, 13.5, 9.5, 14.0 ], "rotation": 90 },
										"west": { "texture": "#fur-lined-reindeer-herder-shoes", "uv": [ 7.5, 13.5, 9.5, 14.0 ] },
										"up": { "texture": "#fur-lined-reindeer-herder-shoes", "uv": [ 7.5, 13.5, 9.5, 14.0 ], "rotation": 90 },
										"down": { "texture": "#fur-lined-reindeer-herder-shoes", "uv": [ 7.5, 13.5, 9.5, 14.0 ], "rotation": 90 }
									}
								}
							]
						}
					]
				},
				{
					"name": "N fold 19",
					"from": [ 0.0, 1.0, 0.0 ],
					"to": [ 3.2, 3.0, 0.2 ],
					"rotationOrigin": [ 0.0, 1.0, 0.2 ],
					"rotationX": -4.0,
					"faces": {
						"north": { "texture": "#fur-lined-reindeer-herder-shoes", "uv": [ 3.0, 13.0, 6.0, 15.0 ] },
						"east": { "texture": "#fur-lined-reindeer-herder-shoes", "uv": [ 3.0, 13.0, 3.5, 15.0 ] },
						"south": { "texture": "#fur-lined-reindeer-herder-shoes", "uv": [ 0.0, 0.0, 3.0, 2.0 ] },
						"west": { "texture": "#fur-lined-reindeer-herder-shoes", "uv": [ 6.5, 13.0, 7.0, 15.0 ] },
						"up": { "texture": "#fur-lined-reindeer-herder-shoes", "uv": [ 2.5, 13.0, 5.5, 13.5 ] },
						"down": { "texture": "#fur-lined-reindeer-herder-shoes", "uv": [ 0.0, 0.0, 3.0, 0.5 ] }
					},
					"children": [
						{
							"name": "N border",
							"from": [ -0.1, 1.5, -0.1 ],
							"to": [ 3.4, 2.1, 0.4 ],
							"rotationOrigin": [ -0.1, 1.5, 0.4 ],
							"rotationX": -4.0,
							"rotationZ": 1.0,
							"faces": {
								"north": { "texture": "#fur-lined-reindeer-herder-shoes", "uv": [ 3.0, 13.0, 6.5, 13.5 ] },
								"east": { "texture": "#fur-lined-reindeer-herder-shoes", "uv": [ 3.0, 13.0, 3.5, 13.5 ] },
								"south": { "texture": "#fur-lined-reindeer-herder-shoes", "uv": [ 2.5, 13.0, 6.0, 13.5 ] },
								"west": { "texture": "#fur-lined-reindeer-herder-shoes", "uv": [ 6.0, 13.0, 6.5, 13.5 ] },
								"up": { "texture": "#fur-lined-reindeer-herder-shoes", "uv": [ 3.0, 13.0, 6.5, 13.5 ] },
								"down": { "texture": "#fur-lined-reindeer-herder-shoes", "uv": [ 3.0, 13.0, 6.5, 13.5 ] }
							}
						}
					]
				},
				{
					"name": "S fold 18",
					"from": [ 0.0, 1.0, 3.0 ],
					"to": [ 3.2, 3.0, 3.2 ],
					"rotationOrigin": [ 0.0, 1.0, 3.0 ],
					"rotationX": 4.0,
					"faces": {
						"north": { "texture": "#fur-lined-reindeer-herder-shoes", "uv": [ 0.0, 0.0, 3.0, 2.0 ] },
						"east": { "texture": "#fur-lined-reindeer-herder-shoes", "uv": [ 13.5, 13.0, 14.0, 15.0 ] },
						"south": { "texture": "#fur-lined-reindeer-herder-shoes", "uv": [ 10.0, 13.0, 13.0, 15.0 ] },
						"west": { "texture": "#fur-lined-reindeer-herder-shoes", "uv": [ 10.0, 13.0, 10.5, 15.0 ] },
						"up": { "texture": "#fur-lined-reindeer-herder-shoes", "uv": [ 10.0, 13.0, 13.0, 13.5 ] },
						"down": { "texture": "#fur-lined-reindeer-herder-shoes", "uv": [ 0.0, 0.0, 3.0, 0.5 ] }
					},
					"children": [
						{
							"name": "S border",
							"from": [ -0.1, 1.5, -0.2 ],
							"to": [ 3.4, 2.1, 0.3 ],
							"rotationOrigin": [ -0.1, 1.5, -0.2 ],
							"rotationX": 4.0,
							"rotationZ": 1.0,
							"faces": {
								"north": { "texture": "#fur-lined-reindeer-herder-shoes", "uv": [ 9.5, 13.0, 13.0, 13.5 ] },
								"east": { "texture": "#fur-lined-reindeer-herder-shoes", "uv": [ 13.5, 13.0, 14.0, 13.5 ] },
								"south": { "texture": "#fur-lined-reindeer-herder-shoes", "uv": [ 9.5, 13.0, 13.0, 13.5 ] },
								"west": { "texture": "#fur-lined-reindeer-herder-shoes", "uv": [ 9.5, 13.0, 10.0, 13.5 ] },
								"up": { "texture": "#fur-lined-reindeer-herder-shoes", "uv": [ 9.5, 13.0, 13.0, 13.5 ] },
								"down": { "texture": "#fur-lined-reindeer-herder-shoes", "uv": [ 9.5, 13.0, 13.0, 13.5 ] }
							}
						}
					]
				},
				{
					"name": "Band W",
					"from": [ -0.1, 3.6, 0.0 ],
					"to": [ 0.1, 5.1, 3.2 ],
					"rotationOrigin": [ 0.1, 3.6, 0.0 ],
					"rotationZ": 1.0,
					"faces": {
						"north": { "texture": "#fur-lined-reindeer-herder-shoes", "uv": [ 7.0, 11.0, 7.5, 12.5 ] },
						"east": { "texture": "#fur-lined-reindeer-herder-shoes", "uv": [ 7.0, 11.0, 10.0, 12.5 ] },
						"south": { "texture": "#fur-lined-reindeer-herder-shoes", "uv": [ 9.5, 11.0, 10.0, 12.5 ] },
						"west": { "texture": "#fur-lined-reindeer-herder-shoes", "uv": [ 7.0, 11.0, 10.0, 12.5 ] },
						"up": { "texture": "#fur-lined-reindeer-herder-shoes", "uv": [ 7.0, 11.0, 10.0, 11.5 ], "rotation": 90 },
						"down": { "texture": "#fur-lined-reindeer-herder-shoes", "uv": [ 7.0, 12.0, 10.0, 12.5 ], "rotation": 90 }
					}
				},
				{
					"name": "Band N",
					"from": [ 0.0, 3.6, -0.1 ],
					"to": [ 3.2, 5.1, 0.1 ],
					"rotationOrigin": [ 0.0, 3.6, 0.1 ],
					"rotationX": -1.0,
					"faces": {
						"north": { "texture": "#fur-lined-reindeer-herder-shoes", "uv": [ 3.0, 11.0, 6.0, 12.5 ] },
						"east": { "texture": "#fur-lined-reindeer-herder-shoes", "uv": [ 3.0, 11.0, 3.5, 12.5 ] },
						"south": { "texture": "#fur-lined-reindeer-herder-shoes", "uv": [ 0.0, 11.0, 3.0, 12.5 ] },
						"west": { "texture": "#fur-lined-reindeer-herder-shoes", "uv": [ 6.5, 11.0, 7.0, 12.5 ] },
						"up": { "texture": "#fur-lined-reindeer-herder-shoes", "uv": [ 3.0, 11.0, 6.0, 11.5 ] },
						"down": { "texture": "#fur-lined-reindeer-herder-shoes", "uv": [ 3.0, 12.0, 6.0, 12.5 ] }
					}
				},
				{
					"name": "Band S",
					"from": [ 0.0, 3.6, 3.1 ],
					"to": [ 3.2, 5.1, 3.3 ],
					"rotationOrigin": [ 0.0, 3.6, 3.1 ],
					"rotationX": 1.0,
					"faces": {
						"north": { "texture": "#fur-lined-reindeer-herder-shoes", "uv": [ 10.0, 11.0, 13.0, 12.5 ] },
						"east": { "texture": "#fur-lined-reindeer-herder-shoes", "uv": [ 10.0, 11.0, 10.5, 12.5 ] },
						"south": { "texture": "#fur-lined-reindeer-herder-shoes", "uv": [ 10.0, 11.0, 13.0, 12.5 ] },
						"west": { "texture": "#fur-lined-reindeer-herder-shoes", "uv": [ 6.5, 11.0, 7.0, 12.5 ] },
						"up": { "texture": "#fur-lined-reindeer-herder-shoes", "uv": [ 10.0, 11.0, 13.0, 11.5 ] },
						"down": { "texture": "#fur-lined-reindeer-herder-shoes", "uv": [ 10.0, 12.0, 13.0, 12.5 ] }
					}
				},
				{
					"name": "Band E",
					"from": [ 3.0, 3.6, 0.0 ],
					"to": [ 3.3, 5.1, 3.2 ],
					"rotationOrigin": [ 3.0, 3.6, 0.0 ],
					"rotationZ": -1.0,
					"faces": {
						"north": { "texture": "#fur-lined-reindeer-herder-shoes", "uv": [ 2.5, 11.0, 3.0, 12.5 ] },
						"east": { "texture": "#fur-lined-reindeer-herder-shoes", "uv": [ 0.0, 11.0, 3.0, 12.5 ] },
						"south": { "texture": "#fur-lined-reindeer-herder-shoes", "uv": [ 0.0, 11.0, 0.5, 12.5 ] },
						"west": { "texture": "#fur-lined-reindeer-herder-shoes", "uv": [ 0.0, 11.0, 3.0, 12.5 ] },
						"up": { "texture": "#fur-lined-reindeer-herder-shoes", "uv": [ 0.5, 11.0, 3.5, 11.5 ], "rotation": 90 },
						"down": { "texture": "#fur-lined-reindeer-herder-shoes", "uv": [ 0.0, 12.0, 3.0, 12.5 ], "rotation": 90 }
					}
				}
			]
		},
		{
			"name": "shoe L",
			"stepParentName": "PawL",
			"from": [ -0.1, -0.1, -0.1 ],
			"to": [ 3.1, 0.9, 3.1 ],
			"rotationOrigin": [ -0.1, -0.1, -0.1 ],
			"faces": {
				"north": { "texture": "#fur-lined-reindeer-herder-shoes", "uv": [ 0.0, 9.5, 3.0, 10.5 ] },
				"east": { "texture": "#fur-lined-reindeer-herder-shoes", "uv": [ 1.0, 9.5, 4.0, 10.5 ] },
				"south": { "texture": "#fur-lined-reindeer-herder-shoes", "uv": [ 7.0, 9.5, 10.0, 10.5 ] },
				"west": { "texture": "#fur-lined-reindeer-herder-shoes", "uv": [ 4.0, 9.5, 7.0, 10.5 ] },
				"up": { "texture": "#fur-lined-reindeer-herder-shoes", "uv": [ 3.0, 0.0, 6.0, 3.0 ], "rotation": 90 },
				"down": { "texture": "#fur-lined-reindeer-herder-shoes", "uv": [ 3.0, 0.0, 6.0, 3.0 ], "rotation": 90 }
			},
			"children": [
				{
					"name": "back fold 20",
					"from": [ 3.0, 1.0, 0.0 ],
					"to": [ 3.2, 3.0, 3.2 ],
					"rotationOrigin": [ 3.0, 1.0, 0.0 ],
					"rotationZ": -4.0,
					"faces": {
						"north": { "texture": "#fur-lined-reindeer-herder-shoes", "uv": [ 2.5, 13.0, 3.0, 15.0 ] },
						"east": { "texture": "#fur-lined-reindeer-herder-shoes", "uv": [ 3.0, 2.0, 6.0, 4.0 ] },
						"south": { "texture": "#fur-lined-reindeer-herder-shoes", "uv": [ 0.0, 13.0, 0.5, 15.0 ] },
						"west": { "texture": "#fur-lined-reindeer-herder-shoes", "uv": [ 3.0, 0.0, 6.0, 2.0 ] },
						"up": { "texture": "#fur-lined-reindeer-herder-shoes", "uv": [ 0.0, 13.0, 3.0, 13.5 ], "rotation": 270 },
						"down": { "texture": "#fur-lined-reindeer-herder-shoes", "uv": [ 5.5, 0.0, 6.0, 3.0 ] }
					},
					"children": [
						{
							"name": "back border21",
							"from": [ -0.2, 1.6, 0.1 ],
							"to": [ 0.3, 2.1, 3.1 ],
							"rotationOrigin": [ -0.2, 1.6, 0.1 ],
							"rotationZ": -4.0,
							"faces": {
								"north": { "texture": "#fur-lined-reindeer-herder-shoes", "uv": [ 2.5, 13.0, 3.0, 13.5 ] },
								"east": { "texture": "#fur-lined-reindeer-herder-shoes", "uv": [ 11.0, 7.5, 14.0, 8.0 ] },
								"south": { "texture": "#fur-lined-reindeer-herder-shoes", "uv": [ 0.0, 13.0, 0.5, 13.5 ] },
								"west": { "texture": "#fur-lined-reindeer-herder-shoes", "uv": [ 11.0, 7.5, 14.0, 8.0 ] },
								"up": { "texture": "#fur-lined-reindeer-herder-shoes", "uv": [ 10.5, 7.5, 13.5, 8.0 ], "rotation": 90 },
								"down": { "texture": "#fur-lined-reindeer-herder-shoes", "uv": [ 11.0, 7.5, 14.0, 8.0 ], "rotation": 90 }
							},
							"children": [
								{
									"name": "back string 22",
									"from": [ 0.3, -1.6, 1.0 ],
									"to": [ 0.5, 0.4, 1.5 ],
									"rotationOrigin": [ 0.3, 0.4, 1.0 ],
									"rotationX": 6.0,
									"rotationZ": 12.0,
									"faces": {
										"north": { "texture": "#fur-lined-reindeer-herder-shoes", "uv": [ 1.0, 11.5, 3.0, 12.0 ], "rotation": 90 },
										"east": { "texture": "#fur-lined-reindeer-herder-shoes", "uv": [ 1.0, 11.5, 3.0, 12.0 ], "rotation": 90 },
										"south": { "texture": "#fur-lined-reindeer-herder-shoes", "uv": [ 1.0, 11.5, 3.0, 12.0 ], "rotation": 90 },
										"west": { "texture": "#fur-lined-reindeer-herder-shoes", "uv": [ 1.0, 11.5, 3.0, 12.0 ], "rotation": 90 },
										"up": { "texture": "#fur-lined-reindeer-herder-shoes", "uv": [ 2.5, 11.5, 3.0, 12.0 ] },
										"down": { "texture": "#fur-lined-reindeer-herder-shoes", "uv": [ 2.5, 11.5, 3.0, 12.0 ] }
									}
								},
								{
									"name": "back string 23",
									"from": [ 0.3, -1.1, 1.5 ],
									"to": [ 0.5, 0.4, 2.0 ],
									"rotationOrigin": [ 0.3, 0.4, 1.5 ],
									"rotationX": -8.0,
									"rotationZ": 15.0,
									"faces": {
										"north": { "texture": "#fur-lined-reindeer-herder-shoes", "uv": [ 0.0, 11.0, 1.5, 11.5 ], "rotation": 90 },
										"east": { "texture": "#fur-lined-reindeer-herder-shoes", "uv": [ 0.0, 11.0, 1.5, 11.5 ], "rotation": 90 },
										"south": { "texture": "#fur-lined-reindeer-herder-shoes", "uv": [ 0.0, 11.0, 1.5, 11.5 ], "rotation": 90 },
										"west": { "texture": "#fur-lined-reindeer-herder-shoes", "uv": [ 0.0, 11.0, 1.5, 11.5 ], "rotation": 90 },
										"up": { "texture": "#fur-lined-reindeer-herder-shoes", "uv": [ 1.0, 11.0, 1.5, 11.5 ] },
										"down": { "texture": "#fur-lined-reindeer-herder-shoes", "uv": [ 1.0, 11.0, 1.5, 11.5 ] }
									}
								}
							]
						}
					]
				},
				{
					"name": "front 24",
					"from": [ 0.0, 1.0, 0.0 ],
					"to": [ 0.2, 3.0, 3.2 ],
					"rotationOrigin": [ 0.2, 1.0, 0.0 ],
					"rotationZ": 4.0,
					"faces": {
						"north": { "texture": "#fur-lined-reindeer-herder-shoes", "uv": [ 7.0, 13.0, 7.5, 15.0 ] },
						"east": { "texture": "#fur-lined-reindeer-herder-shoes", "uv": [ 3.0, 0.0, 6.0, 2.0 ] },
						"south": { "texture": "#fur-lined-reindeer-herder-shoes", "uv": [ 9.5, 13.0, 10.0, 15.0 ] },
						"west": { "texture": "#fur-lined-reindeer-herder-shoes", "uv": [ 3.0, 0.0, 6.0, 2.0 ] },
						"up": { "texture": "#fur-lined-reindeer-herder-shoes", "uv": [ 7.0, 13.0, 10.0, 13.5 ], "rotation": 90 },
						"down": { "texture": "#fur-lined-reindeer-herder-shoes", "uv": [ 0.0, 0.0, 0.5, 3.0 ] }
					},
					"children": [
						{
							"name": "front border25",
							"from": [ -0.2, 1.6, -0.2 ],
							"to": [ 0.3, 2.2, 3.4 ],
							"rotationOrigin": [ 0.3, 1.6, -0.2 ],
							"rotationZ": 4.0,
							"faces": {
								"north": { "texture": "#fur-lined-reindeer-herder-shoes", "uv": [ 3.5, 7.5, 4.0, 8.0 ] },
								"east": { "texture": "#fur-lined-reindeer-herder-shoes", "uv": [ 3.5, 7.5, 7.0, 8.0 ] },
								"south": { "texture": "#fur-lined-reindeer-herder-shoes", "uv": [ 6.5, 7.5, 7.0, 8.0 ] },
								"west": { "texture": "#fur-lined-reindeer-herder-shoes", "uv": [ 3.5, 7.5, 7.0, 8.0 ] },
								"up": { "texture": "#fur-lined-reindeer-herder-shoes", "uv": [ 3.5, 7.5, 7.0, 8.0 ], "rotation": 90 },
								"down": { "texture": "#fur-lined-reindeer-herder-shoes", "uv": [ 3.5, 7.5, 7.0, 8.0 ], "rotation": 90 }
							},
							"children": [
								{
									"name": "front string 26",
									"from": [ 0.0, -2.8, 2.6 ],
									"to": [ 0.2, 0.2, 3.1 ],
									"rotationOrigin": [ 0.2, 0.2, 3.1 ],
									"rotationX": 45.0,
									"rotationZ": -2.0,
									"faces": {
										"north": { "texture": "#fur-lined-reindeer-herder-shoes", "uv": [ 9.0, 5.5, 12.0, 6.0 ], "rotation": 90 },
										"east": { "texture": "#fur-lined-reindeer-herder-shoes", "uv": [ 9.0, 5.5, 12.0, 6.0 ], "rotation": 90 },
										"south": { "texture": "#fur-lined-reindeer-herder-shoes", "uv": [ 9.0, 5.5, 12.0, 6.0 ], "rotation": 90 },
										"west": { "texture": "#fur-lined-reindeer-herder-shoes", "uv": [ 9.0, 5.5, 12.0, 6.0 ], "rotation": 90 },
										"up": { "texture": "#fur-lined-reindeer-herder-shoes", "uv": [ 9.0, 5.5, 9.5, 6.0 ] },
										"down": { "texture": "#fur-lined-reindeer-herder-shoes", "uv": [ 11.5, 5.5, 12.0, 6.0 ] }
									}
								},
								{
									"name": "front string 27",
									"from": [ 0.0, -2.8, 0.5 ],
									"to": [ 0.2, 0.2, 1.0 ],
									"rotationOrigin": [ 0.2, 0.2, 0.5 ],
									"rotationX": -45.0,
									"rotationZ": -2.0,
									"faces": {
										"north": { "texture": "#fur-lined-reindeer-herder-shoes", "uv": [ 4.5, 6.5, 7.5, 7.0 ], "rotation": 90 },
										"east": { "texture": "#fur-lined-reindeer-herder-shoes", "uv": [ 4.5, 6.5, 7.5, 7.0 ], "rotation": 90 },
										"south": { "texture": "#fur-lined-reindeer-herder-shoes", "uv": [ 4.5, 6.5, 7.5, 7.0 ], "rotation": 90 },
										"west": { "texture": "#fur-lined-reindeer-herder-shoes", "uv": [ 4.5, 6.5, 7.5, 7.0 ], "rotation": 90 },
										"up": { "texture": "#fur-lined-reindeer-herder-shoes", "uv": [ 1.0, 6.5, 1.5, 7.0 ] },
										"down": { "texture": "#fur-lined-reindeer-herder-shoes", "uv": [ 1.0, 6.5, 1.5, 7.0 ] }
									}
								},
								{
									"name": "cross string28",
									"from": [ -0.1, -1.0, 0.8 ],
									"to": [ 0.1, -0.5, 2.8 ],
									"rotationOrigin": [ 0.1, -0.5, 1.8 ],
									"faces": {
										"north": { "texture": "#fur-lined-reindeer-herder-shoes", "uv": [ 5.5, 5.5, 6.0, 6.0 ], "rotation": 90 },
										"east": { "texture": "#fur-lined-reindeer-herder-shoes", "uv": [ 6.0, 5.5, 8.0, 6.0 ] },
										"south": { "texture": "#fur-lined-reindeer-herder-shoes", "uv": [ 7.0, 5.5, 7.5, 6.0 ], "rotation": 90 },
										"west": { "texture": "#fur-lined-reindeer-herder-shoes", "uv": [ 5.5, 5.5, 7.5, 6.0 ] },
										"up": { "texture": "#fur-lined-reindeer-herder-shoes", "uv": [ 5.5, 5.5, 7.5, 6.0 ], "rotation": 90 },
										"down": { "texture": "#fur-lined-reindeer-herder-shoes", "uv": [ 5.5, 5.5, 7.5, 6.0 ], "rotation": 90 }
									}
								}
							]
						}
					]
				},
				{
					"name": "N fold 29",
					"from": [ 0.0, 1.0, 0.0 ],
					"to": [ 3.2, 3.0, 0.2 ],
					"rotationOrigin": [ 0.0, 1.0, 0.2 ],
					"rotationX": -4.0,
					"faces": {
						"north": { "texture": "#fur-lined-reindeer-herder-shoes", "uv": [ 3.0, 13.0, 6.0, 15.0 ] },
						"east": { "texture": "#fur-lined-reindeer-herder-shoes", "uv": [ 3.0, 13.0, 3.5, 15.0 ] },
						"south": { "texture": "#fur-lined-reindeer-herder-shoes", "uv": [ 0.0, 0.0, 3.0, 2.0 ] },
						"west": { "texture": "#fur-lined-reindeer-herder-shoes", "uv": [ 6.5, 13.0, 7.0, 15.0 ] },
						"up": { "texture": "#fur-lined-reindeer-herder-shoes", "uv": [ 2.5, 13.0, 5.5, 13.5 ] },
						"down": { "texture": "#fur-lined-reindeer-herder-shoes", "uv": [ 0.0, 0.0, 3.0, 0.5 ] }
					},
					"children": [
						{
							"name": "N border30",
							"from": [ -0.1, 1.5, -0.1 ],
							"to": [ 3.4, 2.1, 0.4 ],
							"rotationOrigin": [ -0.1, 1.5, 0.4 ],
							"rotationX": -4.0,
							"rotationZ": 1.0,
							"faces": {
								"north": { "texture": "#fur-lined-reindeer-herder-shoes", "uv": [ 3.0, 13.0, 6.5, 13.5 ] },
								"east": { "texture": "#fur-lined-reindeer-herder-shoes", "uv": [ 3.0, 13.0, 3.5, 13.5 ] },
								"south": { "texture": "#fur-lined-reindeer-herder-shoes", "uv": [ 3.0, 13.0, 6.5, 13.5 ] },
								"west": { "texture": "#fur-lined-reindeer-herder-shoes", "uv": [ 6.0, 13.0, 6.5, 13.5 ] },
								"up": { "texture": "#fur-lined-reindeer-herder-shoes", "uv": [ 3.0, 13.0, 6.5, 13.5 ] },
								"down": { "texture": "#fur-lined-reindeer-herder-shoes", "uv": [ 3.0, 13.0, 6.5, 13.5 ] }
							}
						}
					]
				},
				{
					"name": "S fold 31",
					"from": [ 0.0, 1.0, 3.0 ],
					"to": [ 3.2, 3.0, 3.2 ],
					"rotationOrigin": [ 0.0, 1.0, 3.0 ],
					"rotationX": 4.0,
					"faces": {
						"north": { "texture": "#fur-lined-reindeer-herder-shoes", "uv": [ 0.0, 0.0, 3.0, 2.0 ] },
						"east": { "texture": "#fur-lined-reindeer-herder-shoes", "uv": [ 13.5, 13.0, 14.0, 15.0 ] },
						"south": { "texture": "#fur-lined-reindeer-herder-shoes", "uv": [ 10.0, 13.0, 13.0, 15.0 ] },
						"west": { "texture": "#fur-lined-reindeer-herder-shoes", "uv": [ 10.0, 13.0, 10.5, 15.0 ] },
						"up": { "texture": "#fur-lined-reindeer-herder-shoes", "uv": [ 10.0, 13.0, 13.0, 13.5 ] },
						"down": { "texture": "#fur-lined-reindeer-herder-shoes", "uv": [ 0.0, 0.0, 3.0, 0.5 ] }
					},
					"children": [
						{
							"name": "S border32",
							"from": [ -0.1, 1.5, -0.2 ],
							"to": [ 3.4, 2.1, 0.3 ],
							"rotationOrigin": [ -0.1, 1.5, -0.2 ],
							"rotationX": 4.0,
							"rotationZ": 1.0,
							"faces": {
								"north": { "texture": "#fur-lined-reindeer-herder-shoes", "uv": [ 9.5, 13.0, 13.0, 13.5 ] },
								"east": { "texture": "#fur-lined-reindeer-herder-shoes", "uv": [ 13.5, 13.0, 14.0, 13.5 ] },
								"south": { "texture": "#fur-lined-reindeer-herder-shoes", "uv": [ 9.5, 13.0, 13.0, 13.5 ] },
								"west": { "texture": "#fur-lined-reindeer-herder-shoes", "uv": [ 9.5, 13.0, 10.0, 13.5 ] },
								"up": { "texture": "#fur-lined-reindeer-herder-shoes", "uv": [ 9.5, 13.0, 13.0, 13.5 ] },
								"down": { "texture": "#fur-lined-reindeer-herder-shoes", "uv": [ 9.5, 13.0, 13.0, 13.5 ] }
							}
						}
					]
				},
				{
					"name": "Band W33",
					"from": [ -0.1, 3.6, 0.0 ],
					"to": [ 0.1, 5.1, 3.2 ],
					"rotationOrigin": [ 0.1, 3.6, 0.0 ],
					"rotationZ": 1.0,
					"faces": {
						"north": { "texture": "#fur-lined-reindeer-herder-shoes", "uv": [ 4.0, 5.5, 4.5, 7.0 ] },
						"east": { "texture": "#fur-lined-reindeer-herder-shoes", "uv": [ 4.0, 5.5, 7.0, 7.0 ] },
						"south": { "texture": "#fur-lined-reindeer-herder-shoes", "uv": [ 6.5, 5.5, 7.0, 7.0 ] },
						"west": { "texture": "#fur-lined-reindeer-herder-shoes", "uv": [ 4.0, 5.5, 7.0, 7.0 ] },
						"up": { "texture": "#fur-lined-reindeer-herder-shoes", "uv": [ 7.0, 11.0, 10.0, 11.5 ], "rotation": 90 },
						"down": { "texture": "#fur-lined-reindeer-herder-shoes", "uv": [ 7.0, 12.0, 10.0, 12.5 ], "rotation": 90 }
					}
				},
				{
					"name": "Band N34",
					"from": [ 0.0, 3.6, -0.1 ],
					"to": [ 3.2, 5.1, 0.1 ],
					"rotationOrigin": [ 0.0, 3.6, 0.1 ],
					"rotationX": -1.0,
					"faces": {
						"north": { "texture": "#fur-lined-reindeer-herder-shoes", "uv": [ 0.0, 5.5, 3.0, 7.0 ] },
						"east": { "texture": "#fur-lined-reindeer-herder-shoes", "uv": [ 0.0, 5.5, 0.5, 7.0 ] },
						"south": { "texture": "#fur-lined-reindeer-herder-shoes", "uv": [ 0.0, 5.5, 3.0, 7.0 ] },
						"west": { "texture": "#fur-lined-reindeer-herder-shoes", "uv": [ 3.5, 5.5, 4.0, 7.0 ] },
						"up": { "texture": "#fur-lined-reindeer-herder-shoes", "uv": [ 0.0, 5.5, 3.0, 6.0 ] },
						"down": { "texture": "#fur-lined-reindeer-herder-shoes", "uv": [ 0.0, 6.5, 3.0, 7.0 ] }
					}
				},
				{
					"name": "Band S35",
					"from": [ 0.0, 3.6, 3.1 ],
					"to": [ 3.2, 5.1, 3.3 ],
					"rotationOrigin": [ 0.0, 3.6, 3.1 ],
					"rotationX": 1.0,
					"faces": {
						"north": { "texture": "#fur-lined-reindeer-herder-shoes", "uv": [ 7.0, 5.5, 10.0, 7.0 ] },
						"east": { "texture": "#fur-lined-reindeer-herder-shoes", "uv": [ 10.5, 5.5, 11.0, 7.0 ] },
						"south": { "texture": "#fur-lined-reindeer-herder-shoes", "uv": [ 7.0, 5.5, 10.0, 7.0 ] },
						"west": { "texture": "#fur-lined-reindeer-herder-shoes", "uv": [ 7.0, 5.5, 7.5, 7.0 ] },
						"up": { "texture": "#fur-lined-reindeer-herder-shoes", "uv": [ 10.0, 11.0, 13.0, 11.5 ] },
						"down": { "texture": "#fur-lined-reindeer-herder-shoes", "uv": [ 7.0, 6.5, 10.0, 7.0 ] }
					}
				},
				{
					"name": "Band E36",
					"from": [ 3.0, 3.6, 0.0 ],
					"to": [ 3.3, 5.1, 3.2 ],
					"rotationOrigin": [ 3.0, 3.6, 0.0 ],
					"rotationZ": -1.0,
					"faces": {
						"north": { "texture": "#fur-lined-reindeer-herder-shoes", "uv": [ 13.5, 5.5, 14.0, 7.0 ] },
						"east": { "texture": "#fur-lined-reindeer-herder-shoes", "uv": [ 11.0, 5.5, 14.0, 7.0 ] },
						"south": { "texture": "#fur-lined-reindeer-herder-shoes", "uv": [ 11.0, 5.5, 11.5, 7.0 ] },
						"west": { "texture": "#fur-lined-reindeer-herder-shoes", "uv": [ 11.0, 5.5, 14.0, 7.0 ] },
						"up": { "texture": "#fur-lined-reindeer-herder-shoes", "uv": [ 11.0, 5.5, 14.0, 6.0 ], "rotation": 270 },
						"down": { "texture": "#fur-lined-reindeer-herder-shoes", "uv": [ 11.0, 6.5, 14.0, 7.0 ], "rotation": 90 }
					}
				}
			]
		}
	]}