{
	"editor": {
		"backDropShape": "shapes/entity/humanoid/seraph",
		"allAngles": true,
		"entityTextureMode": false
	},
	"textureWidth": 16,
	"textureHeight": 16,
	"textureSizes": {
	},
	"textures": {
		"great-steppe-boots-L": "entity/humanoid/seraphclothes/foot/great-steppe-boots-L",
		"great-steppe-boots-R": "entity/humanoid/seraphclothes/foot/great-steppe-boots-R"
	},
	"elements": [
		{
			"name": "shoe R",
			"stepParentName": "PawR",
			"from": [ -0.1, -0.1, -0.1 ],
			"to": [ 3.1, 3.4, 3.1 ],
			"rotationOrigin": [ -0.1, -0.1, -0.1 ],
			"faces": {
				"north": { "texture": "#great-steppe-boots-R", "uv": [ 3.0, 10.5, 6.0, 14.0 ] },
				"east": { "texture": "#great-steppe-boots-R", "uv": [ 0.0, 10.5, 3.0, 14.0 ] },
				"south": { "texture": "#great-steppe-boots-R", "uv": [ 10.0, 10.5, 13.0, 14.0 ] },
				"west": { "texture": "#great-steppe-boots-R", "uv": [ 7.0, 10.5, 10.0, 14.0 ] },
				"up": { "texture": "#great-steppe-boots-R", "uv": [ 1.0, 0.0, 4.0, 3.0 ], "rotation": 90 },
				"down": { "texture": "#great-steppe-boots-R", "uv": [ 0.0, 4.0, 3.0, 7.0 ], "rotation": 90 }
			},
			"children": [
				{
					"name": "N fold 1",
					"from": [ 0.0, 3.5, 0.0 ],
					"to": [ 3.2, 5.0, 0.2 ],
					"rotationOrigin": [ 0.0, 3.5, 0.2 ],
					"rotationX": -8.0,
					"faces": {
						"north": { "texture": "#great-steppe-boots-R", "uv": [ 3.0, 9.0, 6.0, 10.5 ] },
						"east": { "texture": "#great-steppe-boots-R", "uv": [ 3.0, 9.0, 3.5, 10.5 ] },
						"south": { "texture": "#great-steppe-boots-R", "uv": [ 9.5, 1.0, 12.5, 2.5 ] },
						"west": { "texture": "#great-steppe-boots-R", "uv": [ 6.5, 9.0, 7.0, 10.5 ] },
						"up": { "texture": "#great-steppe-boots-R", "uv": [ 3.0, 9.0, 6.0, 9.5 ], "rotation": 180 },
						"down": { "texture": "#great-steppe-boots-R", "uv": [ 4.5, 0.0, 7.5, 0.5 ] }
					}
				},
				{
					"name": "S fold 1",
					"from": [ 0.0, 3.5, 3.0 ],
					"to": [ 3.2, 5.0, 3.2 ],
					"rotationOrigin": [ 0.0, 3.5, 3.0 ],
					"rotationX": 4.0,
					"faces": {
						"north": { "texture": "#great-steppe-boots-R", "uv": [ 9.5, 1.5, 12.5, 3.0 ] },
						"east": { "texture": "#great-steppe-boots-R", "uv": [ 13.5, 9.0, 14.0, 10.5 ] },
						"south": { "texture": "#great-steppe-boots-R", "uv": [ 10.0, 9.0, 13.0, 10.5 ] },
						"west": { "texture": "#great-steppe-boots-R", "uv": [ 10.0, 9.0, 10.5, 10.5 ] },
						"up": { "texture": "#great-steppe-boots-R", "uv": [ 10.0, 9.0, 13.0, 9.5 ] },
						"down": { "texture": "#great-steppe-boots-R", "uv": [ 4.0, 2.5, 7.0, 3.0 ] }
					}
				},
				{
					"name": "back fold 1",
					"from": [ 3.0, 3.5, 0.0 ],
					"to": [ 3.2, 5.0, 3.2 ],
					"rotationOrigin": [ 3.0, 3.5, 0.0 ],
					"rotationZ": -8.0,
					"faces": {
						"north": { "texture": "#great-steppe-boots-R", "uv": [ 2.5, 9.0, 3.0, 10.5 ] },
						"east": { "texture": "#great-steppe-boots-R", "uv": [ 0.0, 9.0, 3.0, 10.5 ] },
						"south": { "texture": "#great-steppe-boots-R", "uv": [ 0.0, 9.0, 0.5, 10.5 ] },
						"west": { "texture": "#great-steppe-boots-R", "uv": [ 7.5, 0.0, 10.5, 1.5 ] },
						"up": { "texture": "#great-steppe-boots-R", "uv": [ 0.0, 9.0, 3.0, 9.5 ], "rotation": 270 },
						"down": { "texture": "#great-steppe-boots-R", "uv": [ 0.0, 0.0, 0.5, 3.0 ] }
					},
					"children": [
						{
							"name": "Cube18",
							"from": [ 0.0, 0.0, 2.1 ],
							"to": [ 0.2, 1.5, 2.6 ],
							"rotationOrigin": [ 0.0, 1.5, 2.1 ],
							"rotationZ": 10.0,
							"faces": {
								"north": { "texture": "#great-steppe-boots-R", "uv": [ 0.5, 9.0, 1.0, 10.5 ] },
								"east": { "texture": "#great-steppe-boots-R", "uv": [ 0.5, 9.0, 1.0, 10.5 ] },
								"south": { "texture": "#great-steppe-boots-R", "uv": [ 0.5, 9.0, 1.0, 10.5 ] },
								"west": { "texture": "#great-steppe-boots-R", "uv": [ 0.5, 9.0, 1.0, 10.5 ] },
								"up": { "texture": "#great-steppe-boots-R", "uv": [ 0.5, 9.0, 1.0, 9.5 ] },
								"down": { "texture": "#great-steppe-boots-R", "uv": [ 0.5, 10.0, 1.0, 10.5 ] }
							}
						},
						{
							"name": "Cube19",
							"from": [ 0.0, 0.0, 0.0 ],
							"to": [ 0.2, 1.5, 0.5 ],
							"rotationOrigin": [ 0.0, 1.5, 0.0 ],
							"rotationZ": 10.0,
							"faces": {
								"north": { "texture": "#great-steppe-boots-R", "uv": [ 2.5, 9.0, 3.0, 10.5 ] },
								"east": { "texture": "#great-steppe-boots-R", "uv": [ 2.5, 9.0, 3.0, 10.5 ] },
								"south": { "texture": "#great-steppe-boots-R", "uv": [ 2.5, 9.0, 3.0, 10.5 ] },
								"west": { "texture": "#great-steppe-boots-R", "uv": [ 2.5, 9.0, 3.0, 10.5 ] },
								"up": { "texture": "#great-steppe-boots-R", "uv": [ 2.5, 9.0, 3.0, 9.5 ] },
								"down": { "texture": "#great-steppe-boots-R", "uv": [ 2.5, 10.0, 3.0, 10.5 ] }
							}
						},
						{
							"name": "Cube20",
							"from": [ 0.0, -0.5, 1.1 ],
							"to": [ 0.2, 1.5, 1.6 ],
							"rotationOrigin": [ 0.0, 1.5, 1.1 ],
							"rotationZ": 10.0,
							"faces": {
								"north": { "texture": "#great-steppe-boots-R", "uv": [ 1.5, 9.0, 2.0, 11.0 ] },
								"east": { "texture": "#great-steppe-boots-R", "uv": [ 1.5, 9.0, 2.0, 11.0 ] },
								"south": { "texture": "#great-steppe-boots-R", "uv": [ 1.5, 9.0, 2.0, 11.0 ] },
								"west": { "texture": "#great-steppe-boots-R", "uv": [ 1.5, 9.0, 2.0, 11.0 ] },
								"up": { "texture": "#great-steppe-boots-R", "uv": [ 1.5, 9.0, 2.0, 9.5 ] },
								"down": { "texture": "#great-steppe-boots-R", "uv": [ 1.5, 11.0, 2.0, 11.5 ] }
							}
						}
					]
				},
				{
					"name": "front fold 1",
					"from": [ 0.0, 3.5, 0.0 ],
					"to": [ 0.2, 5.0, 3.2 ],
					"rotationOrigin": [ 0.2, 3.5, 0.0 ],
					"rotationZ": 8.0,
					"faces": {
						"north": { "texture": "#great-steppe-boots-R", "uv": [ 6.5, 9.0, 7.0, 10.5 ] },
						"east": { "texture": "#great-steppe-boots-R", "uv": [ 7.5, 1.0, 10.5, 2.5 ] },
						"south": { "texture": "#great-steppe-boots-R", "uv": [ 9.5, 9.0, 10.0, 10.5 ] },
						"west": { "texture": "#great-steppe-boots-R", "uv": [ 7.0, 9.0, 10.0, 10.5 ] },
						"up": { "texture": "#great-steppe-boots-R", "uv": [ 7.0, 9.0, 10.0, 9.5 ], "rotation": 90 },
						"down": { "texture": "#great-steppe-boots-R", "uv": [ 0.0, 0.0, 0.5, 3.0 ] }
					}
				},
				{
					"name": "Cube1",
					"from": [ -0.2, 2.99, -0.2 ],
					"to": [ 2.0, 3.49, 1.5 ],
					"rotationOrigin": [ -0.1995, 3.0, -0.2 ],
					"faces": {
						"north": { "texture": "#great-steppe-boots-R", "uv": [ 5.0, 10.5, 7.0, 11.0 ] },
						"east": { "texture": "#great-steppe-boots-R", "uv": [ 4.0, 6.0, 5.5, 6.5 ] },
						"south": { "texture": "#great-steppe-boots-R", "uv": [ 7.5, 9.0, 9.5, 9.5 ] },
						"west": { "texture": "#great-steppe-boots-R", "uv": [ 7.0, 10.5, 8.5, 11.0 ] },
						"up": { "texture": "#great-steppe-boots-R", "uv": [ 4.0, 6.0, 5.5, 8.0 ], "rotation": 90 },
						"down": { "texture": "#great-steppe-boots-R", "uv": [ 6.5, 6.0, 8.5, 7.5 ] }
					}
				},
				{
					"name": "Cube16",
					"from": [ -0.2, 2.0, -0.2 ],
					"to": [ 2.0, 2.5, 1.5 ],
					"rotationOrigin": [ -0.1995, 2.0, -0.2 ],
					"faces": {
						"north": { "texture": "#great-steppe-boots-R", "uv": [ 5.0, 10.5, 7.0, 11.0 ] },
						"east": { "texture": "#great-steppe-boots-R", "uv": [ 4.0, 6.0, 5.5, 6.5 ] },
						"south": { "texture": "#great-steppe-boots-R", "uv": [ 7.5, 9.0, 9.5, 9.5 ] },
						"west": { "texture": "#great-steppe-boots-R", "uv": [ 7.0, 10.5, 8.5, 11.0 ] },
						"up": { "texture": "#great-steppe-boots-R", "uv": [ 4.0, 6.0, 5.5, 8.0 ], "rotation": 90 },
						"down": { "texture": "#great-steppe-boots-R", "uv": [ 6.5, 6.0, 8.5, 7.5 ] }
					}
				},
				{
					"name": "Cube17",
					"from": [ -0.2, 1.0, -0.2 ],
					"to": [ 2.0, 1.5, 1.5 ],
					"rotationOrigin": [ -0.1995, 1.0, -0.2 ],
					"faces": {
						"north": { "texture": "#great-steppe-boots-R", "uv": [ 5.0, 10.5, 7.0, 11.0 ] },
						"east": { "texture": "#great-steppe-boots-R", "uv": [ 4.0, 6.0, 5.5, 6.5 ] },
						"south": { "texture": "#great-steppe-boots-R", "uv": [ 7.5, 9.0, 9.5, 9.5 ] },
						"west": { "texture": "#great-steppe-boots-R", "uv": [ 7.0, 10.5, 8.5, 11.0 ] },
						"up": { "texture": "#great-steppe-boots-R", "uv": [ 4.0, 6.0, 5.5, 8.0 ], "rotation": 90 },
						"down": { "texture": "#great-steppe-boots-R", "uv": [ 6.5, 6.0, 8.5, 7.5 ] }
					}
				}
			]
		},
		{
			"name": "shoe L",
			"stepParentName": "PawL",
			"from": [ -0.1, -0.1, -0.1 ],
			"to": [ 3.1, 3.4, 3.1 ],
			"rotationOrigin": [ -0.1, -0.1, -0.1 ],
			"faces": {
				"north": { "texture": "#great-steppe-boots-L", "uv": [ 0.0, 10.5, 3.0, 14.0 ] },
				"east": { "texture": "#great-steppe-boots-L", "uv": [ 11.0, 10.5, 14.0, 14.0 ] },
				"south": { "texture": "#great-steppe-boots-L", "uv": [ 7.0, 10.5, 10.0, 14.0 ] },
				"west": { "texture": "#great-steppe-boots-L", "uv": [ 4.0, 10.5, 7.0, 14.0 ] },
				"up": { "texture": "#great-steppe-boots-L", "uv": [ 0.5, 0.0, 3.5, 3.0 ], "rotation": 90 },
				"down": { "texture": "#great-steppe-boots-L", "uv": [ 0.0, 4.0, 3.0, 7.0 ], "rotation": 90 }
			},
			"children": [
				{
					"name": "N fold 20",
					"from": [ 0.0, 3.5, 0.0 ],
					"to": [ 3.2, 5.0, 0.2 ],
					"rotationOrigin": [ 0.0, 3.5, 0.2 ],
					"rotationX": -4.0,
					"faces": {
						"north": { "texture": "#great-steppe-boots-L", "uv": [ 0.0, 9.0, 3.0, 10.5 ] },
						"east": { "texture": "#great-steppe-boots-L", "uv": [ 0.0, 9.0, 0.5, 10.5 ] },
						"south": { "texture": "#great-steppe-boots-L", "uv": [ 9.5, 1.0, 12.5, 2.5 ] },
						"west": { "texture": "#great-steppe-boots-L", "uv": [ 3.5, 9.0, 4.0, 10.5 ] },
						"up": { "texture": "#great-steppe-boots-L", "uv": [ 0.0, 9.0, 3.0, 9.5 ], "rotation": 180 },
						"down": { "texture": "#great-steppe-boots-L", "uv": [ 4.5, 0.0, 7.5, 0.5 ] }
					}
				},
				{
					"name": "S fold 21",
					"from": [ 0.0, 3.5, 3.0 ],
					"to": [ 3.2, 5.0, 3.2 ],
					"rotationOrigin": [ 0.0, 3.5, 3.0 ],
					"rotationX": 8.0,
					"faces": {
						"north": { "texture": "#great-steppe-boots-L", "uv": [ 9.5, 1.5, 12.5, 3.0 ] },
						"east": { "texture": "#great-steppe-boots-L", "uv": [ 10.5, 9.0, 11.0, 10.5 ] },
						"south": { "texture": "#great-steppe-boots-L", "uv": [ 7.0, 9.0, 10.0, 10.5 ] },
						"west": { "texture": "#great-steppe-boots-L", "uv": [ 7.0, 9.0, 7.5, 10.5 ] },
						"up": { "texture": "#great-steppe-boots-L", "uv": [ 7.0, 9.0, 10.0, 9.5 ] },
						"down": { "texture": "#great-steppe-boots-L", "uv": [ 4.0, 2.5, 7.0, 3.0 ] }
					}
				},
				{
					"name": "back fold 22",
					"from": [ 3.0, 3.5, 0.0 ],
					"to": [ 3.2, 5.0, 3.2 ],
					"rotationOrigin": [ 3.0, 3.5, 0.0 ],
					"rotationZ": -8.0,
					"faces": {
						"north": { "texture": "#great-steppe-boots-L", "uv": [ 13.5, 9.0, 14.0, 10.5 ] },
						"east": { "texture": "#great-steppe-boots-L", "uv": [ 11.0, 9.0, 14.0, 10.5 ] },
						"south": { "texture": "#great-steppe-boots-L", "uv": [ 11.0, 9.0, 11.5, 10.5 ] },
						"west": { "texture": "#great-steppe-boots-L", "uv": [ 7.5, 0.0, 10.5, 1.5 ] },
						"up": { "texture": "#great-steppe-boots-L", "uv": [ 11.0, 9.0, 14.0, 9.5 ], "rotation": 270 },
						"down": { "texture": "#great-steppe-boots-L", "uv": [ 0.0, 0.0, 0.5, 3.0 ] }
					},
					"children": [
						{
							"name": "Cube23",
							"from": [ -1.0, -2.0, 2.7 ],
							"to": [ -0.8, -0.5, 3.2 ],
							"rotationOrigin": [ -1.0, -0.5, 2.7 ],
							"rotationZ": 10.0,
							"faces": {
								"north": { "texture": "#great-steppe-boots-L", "uv": [ 11.0, 9.0, 11.5, 10.5 ] },
								"east": { "texture": "#great-steppe-boots-L", "uv": [ 11.0, 9.0, 11.5, 10.5 ] },
								"south": { "texture": "#great-steppe-boots-L", "uv": [ 11.0, 9.0, 11.5, 10.5 ] },
								"west": { "texture": "#great-steppe-boots-L", "uv": [ 11.0, 9.0, 11.5, 10.5 ] },
								"up": { "texture": "#great-steppe-boots-L", "uv": [ 11.0, 9.0, 11.5, 9.5 ] },
								"down": { "texture": "#great-steppe-boots-L", "uv": [ 11.0, 10.0, 11.5, 10.5 ] }
							}
						},
						{
							"name": "Cube24",
							"from": [ 0.0, 0.0, 0.6 ],
							"to": [ 0.2, 1.5, 1.1 ],
							"rotationOrigin": [ 0.0, 1.5, 0.6 ],
							"rotationZ": 10.0,
							"faces": {
								"north": { "texture": "#great-steppe-boots-L", "uv": [ 13.0, 9.0, 13.5, 10.5 ] },
								"east": { "texture": "#great-steppe-boots-L", "uv": [ 13.0, 9.0, 13.5, 10.5 ] },
								"south": { "texture": "#great-steppe-boots-L", "uv": [ 13.0, 9.0, 13.5, 10.5 ] },
								"west": { "texture": "#great-steppe-boots-L", "uv": [ 13.0, 9.0, 13.5, 10.5 ] },
								"up": { "texture": "#great-steppe-boots-L", "uv": [ 13.0, 9.0, 13.5, 9.5 ] },
								"down": { "texture": "#great-steppe-boots-L", "uv": [ 13.0, 10.0, 13.5, 10.5 ] }
							}
						},
						{
							"name": "Cube25",
							"from": [ 0.0, -0.5, 1.6 ],
							"to": [ 0.2, 1.5, 2.1 ],
							"rotationOrigin": [ 0.0, 1.5, 1.6 ],
							"rotationZ": 10.0,
							"faces": {
								"north": { "texture": "#great-steppe-boots-L", "uv": [ 12.0, 9.0, 12.5, 11.0 ] },
								"east": { "texture": "#great-steppe-boots-L", "uv": [ 12.0, 9.0, 12.5, 11.0 ] },
								"south": { "texture": "#great-steppe-boots-L", "uv": [ 12.0, 9.0, 12.5, 11.0 ] },
								"west": { "texture": "#great-steppe-boots-L", "uv": [ 12.0, 9.0, 12.5, 11.0 ] },
								"up": { "texture": "#great-steppe-boots-L", "uv": [ 12.0, 9.0, 12.5, 9.5 ] },
								"down": { "texture": "#great-steppe-boots-L", "uv": [ 12.0, 10.5, 12.5, 11.0 ] }
							}
						}
					]
				},
				{
					"name": "front fold 26",
					"from": [ 0.0, 3.5, 0.0 ],
					"to": [ 0.2, 5.0, 3.2 ],
					"rotationOrigin": [ 0.2, 3.5, 0.0 ],
					"rotationZ": 8.0,
					"faces": {
						"north": { "texture": "#great-steppe-boots-L", "uv": [ 4.0, 9.0, 4.5, 10.5 ] },
						"east": { "texture": "#great-steppe-boots-L", "uv": [ 7.5, 1.0, 10.5, 2.5 ] },
						"south": { "texture": "#great-steppe-boots-L", "uv": [ 7.0, 9.0, 7.5, 10.5 ] },
						"west": { "texture": "#great-steppe-boots-L", "uv": [ 4.0, 9.0, 7.0, 10.5 ] },
						"up": { "texture": "#great-steppe-boots-L", "uv": [ 4.0, 9.0, 7.0, 9.5 ], "rotation": 90 },
						"down": { "texture": "#great-steppe-boots-L", "uv": [ 0.0, 0.0, 0.5, 3.0 ] }
					}
				},
				{
					"name": "Cube27",
					"from": [ -0.2, 2.99, 1.7 ],
					"to": [ 2.0, 3.49, 3.4 ],
					"rotationOrigin": [ -0.1995, 3.0, 1.7 ],
					"faces": {
						"north": { "texture": "#great-steppe-boots-L", "uv": [ 4.0, 10.5, 6.0, 11.0 ] },
						"east": { "texture": "#great-steppe-boots-L", "uv": [ 4.0, 6.0, 5.5, 6.5 ] },
						"south": { "texture": "#great-steppe-boots-L", "uv": [ 7.0, 10.5, 9.0, 11.0 ] },
						"west": { "texture": "#great-steppe-boots-L", "uv": [ 5.5, 10.5, 7.0, 11.0 ] },
						"up": { "texture": "#great-steppe-boots-L", "uv": [ 4.0, 6.0, 5.5, 8.0 ], "rotation": 90 },
						"down": { "texture": "#great-steppe-boots-L", "uv": [ 6.5, 6.0, 8.5, 7.5 ], "rotation": 180 }
					}
				},
				{
					"name": "Cube28",
					"from": [ -0.2, 2.0, 1.7 ],
					"to": [ 2.0, 2.5, 3.4 ],
					"rotationOrigin": [ -0.1995, 2.0, 1.7 ],
					"faces": {
						"north": { "texture": "#great-steppe-boots-L", "uv": [ 4.0, 11.5, 6.0, 12.0 ] },
						"east": { "texture": "#great-steppe-boots-L", "uv": [ 4.0, 6.0, 5.5, 6.5 ] },
						"south": { "texture": "#great-steppe-boots-L", "uv": [ 7.0, 11.5, 9.0, 12.0 ] },
						"west": { "texture": "#great-steppe-boots-L", "uv": [ 5.5, 11.5, 7.0, 12.0 ] },
						"up": { "texture": "#great-steppe-boots-L", "uv": [ 4.0, 6.0, 5.5, 8.0 ], "rotation": 90 },
						"down": { "texture": "#great-steppe-boots-L", "uv": [ 6.5, 6.0, 8.5, 7.5 ], "rotation": 180 }
					}
				},
				{
					"name": "Cube29",
					"from": [ -0.2, 1.0, 1.7 ],
					"to": [ 2.0, 1.5, 3.4 ],
					"rotationOrigin": [ -0.1995, 1.0, 1.7 ],
					"faces": {
						"north": { "texture": "#great-steppe-boots-L", "uv": [ 4.0, 12.5, 6.0, 13.0 ] },
						"east": { "texture": "#great-steppe-boots-L", "uv": [ 4.0, 6.0, 5.5, 6.5 ] },
						"south": { "texture": "#great-steppe-boots-L", "uv": [ 7.0, 12.5, 9.0, 13.0 ] },
						"west": { "texture": "#great-steppe-boots-L", "uv": [ 5.5, 12.5, 7.0, 13.0 ] },
						"up": { "texture": "#great-steppe-boots-L", "uv": [ 4.0, 6.0, 5.5, 8.0 ], "rotation": 90 },
						"down": { "texture": "#great-steppe-boots-L", "uv": [ 6.5, 6.0, 8.5, 7.5 ], "rotation": 180 }
					}
				}
			]
		}
	]}