{
	"editor": {
		"allAngles": true,
		"entityTextureMode": true
	},
	"textureWidth": 64,
	"textureHeight": 64,
	"textureSizes": {
		"seraph": [64,64]
	},
	"textures": {
	},
	"elements": [
		{
			"name": "LowerTorso",
			"from": [ 5.0, 14.0, 5.2 ],
			"to": [ 10.0, 19.0, 11.2 ],
			"unwrapMode": 4,
			"autoUnwrap": false,
			"uv": [ 25.0, 7.0 ],
			"rotationOrigin": [ 5.0, 14.0, 8.2 ],
			"rotationZ": 3.0,
			"faces": {
				"north": { "texture": "#seraph", "uv": [ 41.0, 10.0, 46.0, 15.0 ], "autoUv": false, "windMode": [-1,-1,-1,-1], "windData": [0,1,1,0] },
				"east": { "texture": "#seraph", "uv": [ 57.0, 10.0, 63.0, 15.0 ], "autoUv": false },
				"south": { "texture": "#seraph", "uv": [ 52.0, 10.0, 57.0, 15.0 ], "autoUv": false },
				"west": { "texture": "#seraph", "uv": [ 46.0, 10.0, 52.0, 15.0 ], "autoUv": false, "windMode": [-1,-1,-1,-1], "windData": [0,0,1,1] },
				"up": { "texture": "#seraph", "uv": [ 46.0, 5.0, 41.0, 10.0 ], "rotation": 90, "autoUv": false, "windMode": [-1,-1,-1,-1], "windData": [1,1,1,1] },
				"down": { "texture": "#seraph", "uv": [ 40.0, 15.0, 34.0, 10.0 ], "rotation": 90, "autoUv": false, "windMode": [-1,-1,-1,-1] }
			},
			"children": [
				{
					"name": "UpperTorso",
					"from": [ 0.0, 4.3, -0.1 ],
					"to": [ 5.0, 9.3, 6.1 ],
					"uv": [ 45.0, 0.5 ],
					"rotationOrigin": [ 2.0, 4.0, 3.0 ],
					"rotationZ": 15.0,
					"faces": {
						"north": { "texture": "#seraph", "uv": [ 41.0, 5.0, 46.0, 10.0 ], "autoUv": false },
						"east": { "texture": "#seraph", "uv": [ 57.0, 5.0, 63.0, 10.0 ], "autoUv": false },
						"south": { "texture": "#seraph", "uv": [ 52.0, 5.0, 57.0, 10.0 ], "autoUv": false },
						"west": { "texture": "#seraph", "uv": [ 46.0, 5.0, 52.0, 10.0 ], "autoUv": false },
						"up": { "texture": "#seraph", "uv": [ 46.0, 0.0, 52.0, 5.0 ], "rotation": 90, "autoUv": false },
						"down": { "texture": "#seraph", "uv": [ 34.0, 5.0, 40.0, 10.0 ], "rotation": 90, "autoUv": false }
					},
					"children": [
						{
							"name": "UpperArmR",
							"from": [ 2.0, -2.1, -1.2 ],
							"to": [ 5.0, 4.9, 0.8 ],
							"unwrapMode": 4,
							"autoUnwrap": false,
							"uv": [ 31.0, 36.0 ],
							"rotationOrigin": [ 3.0, 3.7, 0.8 ],
							"rotationX": 10.0,
							"rotationZ": -15.0,
							"faces": {
								"north": { "texture": "#seraph", "uv": [ 33.0, 41.5, 36.0, 48.5 ] },
								"east": { "texture": "#seraph", "uv": [ 31.0, 41.5, 33.0, 48.5 ] },
								"south": { "texture": "#seraph", "uv": [ 38.0, 41.5, 41.0, 48.5 ] },
								"west": { "texture": "#seraph", "uv": [ 36.0, 41.5, 38.0, 48.5 ] },
								"up": { "texture": "#seraph", "uv": [ 36.0, 38.5, 38.0, 41.5 ], "rotation": 90 },
								"down": { "texture": "#seraph", "uv": [ 36.0, 48.5, 38.0, 51.5 ], "rotation": 90 }
							},
							"children": [
								{
									"name": "LowerArmR",
									"from": [ 0.1, -6.3, 0.1 ],
									"to": [ 2.6, 1.7, 2.1 ],
									"unwrapMode": 4,
									"autoUnwrap": false,
									"uv": [ 31.5, 49.0 ],
									"rotationOrigin": [ 1.3, 0.7, 1.1 ],
									"rotationX": -5.0,
									"rotationZ": -15.0,
									"faces": {
										"north": { "texture": "#seraph", "uv": [ 33.5, 51.5, 36.0, 59.5 ], "windMode": [-1,-1,-1,-1], "windData": [0,1,1,0] },
										"east": { "texture": "#seraph", "uv": [ 31.5, 51.5, 33.5, 59.5 ] },
										"south": { "texture": "#seraph", "uv": [ 38.0, 51.5, 40.5, 59.5 ], "windMode": [-1,-1,-1,-1] },
										"west": { "texture": "#seraph", "uv": [ 36.0, 51.5, 38.0, 59.5 ], "windMode": [-1,-1,-1,-1], "windData": [0,0,0,1] },
										"up": { "texture": "#seraph", "uv": [ 36.0, 49.0, 38.0, 51.5 ], "rotation": 90 },
										"down": { "texture": "#seraph", "uv": [ 36.0, 59.5, 38.0, 62.0 ], "rotation": 90 }
									},
									"children": [
										{
											"name": "ItemAnchor",
											"from": [ 1.5, 0.5, 1.0 ],
											"to": [ 1.5, 0.5, 1.0 ],
											"uv": [ 0.0, 0.0 ],
											"rotationOrigin": [ 1.0, 1.0, 1.0 ],
											"faces": {
												"north": { "texture": "#null", "uv": [ 0.0, 0.5, 0.5, 1.0 ], "windMode": [-1,-1,-1,-1] },
												"east": { "texture": "#null", "uv": [ 0.5, 0.5, 1.0, 1.0 ] },
												"south": { "texture": "#null", "uv": [ 1.0, 0.5, 1.5, 1.0 ] },
												"west": { "texture": "#null", "uv": [ 1.5, 0.5, 2.0, 1.0 ] },
												"up": { "texture": "#null", "uv": [ 0.0, 0.0, 0.5, 0.5 ] },
												"down": { "texture": "#null", "uv": [ 0.5, 0.0, 1.0, 0.5 ] }
											},
											"attachmentpoints": [
												{
													"code": "RightHand",
													"posX": "0.0","posY": "0.0","posZ": "0.0",
													"rotationX": "0.0","rotationY": "-180.0","rotationZ": "0.0"
												}
											]
										}
									]
								}
							]
						},
						{
							"name": "UpperArmL",
							"from": [ 2.0, -2.1, 5.4 ],
							"to": [ 5.0, 4.9, 7.4 ],
							"unwrapMode": 4,
							"uv": [ 42.0, 38.5 ],
							"rotationOrigin": [ 3.0, 3.7, 5.2 ],
							"rotationX": -10.0,
							"rotationZ": -15.0,
							"faces": {
								"north": { "texture": "#seraph", "uv": [ 42.0, 41.5, 45.0, 48.5 ] },
								"east": { "texture": "#seraph", "uv": [ 50.0, 41.5, 52.0, 48.5 ] },
								"south": { "texture": "#seraph", "uv": [ 47.0, 41.5, 50.0, 48.5 ] },
								"west": { "texture": "#seraph", "uv": [ 45.0, 41.5, 47.0, 48.5 ] },
								"up": { "texture": "#seraph", "uv": [ 45.0, 38.5, 47.0, 41.5 ], "rotation": 90 },
								"down": { "texture": "#seraph", "uv": [ 45.0, 48.5, 47.0, 51.5 ], "rotation": 90 }
							},
							"children": [
								{
									"name": "LowerArmL",
									"from": [ 0.2, -6.3, -0.1 ],
									"to": [ 2.7, 1.7, 1.9 ],
									"unwrapMode": 4,
									"uv": [ 42.5, 49.0 ],
									"rotationOrigin": [ 1.4, 0.7, 0.9 ],
									"rotationX": 5.0,
									"rotationZ": -15.0,
									"faces": {
										"north": { "texture": "#seraph", "uv": [ 42.5, 51.5, 45.0, 59.5 ] },
										"east": { "texture": "#seraph", "uv": [ 49.5, 51.5, 51.5, 59.5 ] },
										"south": { "texture": "#seraph", "uv": [ 47.0, 51.5, 49.5, 59.5 ] },
										"west": { "texture": "#seraph", "uv": [ 45.0, 51.5, 47.0, 59.5 ] },
										"up": { "texture": "#seraph", "uv": [ 45.0, 49.0, 47.0, 51.5 ], "rotation": 90 },
										"down": { "texture": "#seraph", "uv": [ 45.0, 59.5, 47.0, 62.0 ], "rotation": 90 }
									},
									"children": [
										{
											"name": "ItemAnchorL",
											"from": [ 1.5, 0.5, 1.0 ],
											"to": [ 1.5, 0.5, 1.0 ],
											"uv": [ 0.0, 0.0 ],
											"rotationOrigin": [ 1.0, 1.0, 1.0 ],
											"faces": {
												"north": { "texture": "#null", "uv": [ 0.0, 0.5, 0.5, 1.0 ], "windMode": [-1,-1,-1,-1] },
												"east": { "texture": "#null", "uv": [ 0.5, 0.5, 1.0, 1.0 ] },
												"south": { "texture": "#null", "uv": [ 1.0, 0.5, 1.5, 1.0 ] },
												"west": { "texture": "#null", "uv": [ 1.5, 0.5, 2.0, 1.0 ] },
												"up": { "texture": "#null", "uv": [ 0.0, 0.0, 0.5, 0.5 ] },
												"down": { "texture": "#null", "uv": [ 0.5, 0.0, 1.0, 0.5 ] }
											},
											"attachmentpoints": [
												{
													"code": "LeftHand",
													"posX": "0.0","posY": "0.0","posZ": "0.0",
													"rotationX": "0.0","rotationY": "-180.0","rotationZ": "0.0"
												}
											]
										}
									],
									"attachmentpoints": [
										{
											"code": "LeftHand",
											"posX": "1.0","posY": "1.0","posZ": "1.0",
											"rotationX": "0.0","rotationY": "-180.0","rotationZ": "0.0"
										}
									]
								},
								{
									"name": "ShoulderAttachment",
									"from": [ 3.0, 7.0, 2.0 ],
									"to": [ 3.0, 7.0, 2.0 ],
									"uv": [ 0.0, 0.0 ],
									"rotationOrigin": [ 3.0, 7.0, 2.0 ],
									"faces": {
										"north": { "texture": "#null", "uv": [ 0.0, 0.5, 0.5, 1.0 ] },
										"east": { "texture": "#null", "uv": [ 0.5, 0.5, 1.0, 1.0 ] },
										"south": { "texture": "#null", "uv": [ 1.0, 0.5, 1.5, 1.0 ] },
										"west": { "texture": "#null", "uv": [ 1.5, 0.5, 2.0, 1.0 ] },
										"up": { "texture": "#null", "uv": [ 0.0, 0.0, 0.5, 0.5 ] },
										"down": { "texture": "#null", "uv": [ 0.5, 0.0, 1.0, 0.5 ] }
									}
								}
							]
						},
						{
							"name": "Neck",
							"from": [ 0.5, 4.0, 1.6 ],
							"to": [ 3.5, 8.0, 4.6 ],
							"unwrapMode": 4,
							"autoUnwrap": false,
							"uv": [ 12.0, -2.0 ],
							"rotationOrigin": [ 2.2, 3.6, 3.1 ],
							"rotationZ": -10.0,
							"faces": {
								"north": { "texture": "#seraph", "uv": [ 12.0, 1.0, 15.0, 5.0 ] },
								"east": { "texture": "#seraph", "uv": [ 21.0, 1.0, 24.0, 5.0 ] },
								"south": { "texture": "#seraph", "uv": [ 18.0, 1.0, 21.0, 5.0 ] },
								"west": { "texture": "#seraph", "uv": [ 15.0, 1.0, 18.0, 5.0 ] },
								"up": { "texture": "#seraph", "uv": [ 15.0, 1.0, 18.0, 4.0 ], "rotation": 90, "windMode": [-1,-1,-1,-1], "windData": [1,1,1,1] }
							},
							"children": [
								{
									"name": "Head",
									"from": [ -1.7, 2.1, -1.0 ],
									"to": [ 4.3, 7.1, 4.0 ],
									"unwrapMode": 4,
									"uv": [ 0.0, 0.0 ],
									"rotationOrigin": [ 1.7, 2.1, 1.5 ],
									"rotationZ": -7.0,
									"faces": {
										"north": { "texture": "#seraph", "uv": [ 0.0, 6.0, 6.0, 11.0 ] },
										"east": { "texture": "#seraph", "uv": [ 17.0, 6.0, 22.0, 11.0 ] },
										"south": { "texture": "#seraph", "uv": [ 11.0, 6.0, 17.0, 11.0 ] },
										"west": { "texture": "#seraph", "uv": [ 6.0, 6.0, 11.0, 11.0 ] },
										"up": { "texture": "#seraph", "uv": [ 6.0, 0.0, 11.0, 6.0 ], "rotation": 90 },
										"down": { "texture": "#seraph", "uv": [ 6.0, 11.0, 11.0, 17.0 ], "rotation": 90 }
									},
									"children": [
										{
											"name": "Snout",
											"from": [ -3.0, 0.0, 1.0 ],
											"to": [ 0.0, 2.0, 4.0 ],
											"unwrapMode": 5,
											"unwrapRotation": 1,
											"uv": [ 22.5, 6.0 ],
											"rotationOrigin": [ 1.0, 2.0, 2.5 ],
											"rotationZ": -2.0,
											"faces": {
												"north": { "texture": "#seraph", "uv": [ 22.5, 6.0, 24.5, 9.0 ], "rotation": 270, "windMode": [-1,-1,-1,-1], "windData": [1,1,1,1] },
												"south": { "texture": "#seraph", "uv": [ 27.5, 6.0, 29.5, 9.0 ], "rotation": 90 },
												"west": { "texture": "#seraph", "uv": [ 24.5, 9.0, 27.5, 11.0 ] },
												"up": { "texture": "#seraph", "uv": [ 24.5, 6.0, 27.5, 9.0 ], "rotation": 90 },
												"down": { "texture": "#seraph", "uv": [ 29.5, 6.0, 32.5, 9.0 ], "rotation": 270 }
											},
											"children": [
												{
													"name": "Maw",
													"from": [ 0.5, -0.5, 0.25 ],
													"to": [ 4.5, 0.5, 2.75 ],
													"unwrapMode": 6,
													"unwrapRotation": 1,
													"uv": [ 28.0, 9.5 ],
													"rotationOrigin": [ 5.0, 2.0, 1.5 ],
													"rotationZ": 7.0,
													"faces": {
														"north": { "texture": "#seraph", "uv": [ 28.0, 10.5, 29.0, 14.5 ], "rotation": 90, "windMode": [-1,-1,-1,-1], "windData": [1,1,1,1] },
														"south": { "texture": "#seraph", "uv": [ 31.5, 10.5, 32.5, 14.5 ], "rotation": 270 },
														"west": { "texture": "#seraph", "uv": [ 29.0, 9.5, 31.5, 10.5 ] },
														"down": { "texture": "#seraph", "uv": [ 29.0, 10.5, 31.5, 14.5 ], "rotation": 90 }
													}
												}
											]
										},
										{
											"name": "Ear1L",
											"from": [ 3.0, 2.5, 5.5 ],
											"to": [ 4.0, 5.5, 8.5 ],
											"unwrapMode": 2,
											"uv": [ 45.5, 21.5 ],
											"rotationOrigin": [ 3.4, 5.5, 5.5 ],
											"rotationX": -15.0,
											"rotationY": 75.0,
											"rotationZ": 25.0,
											"faces": {
												"north": { "texture": "#seraph", "uv": [ 49.5, 22.5, 50.5, 25.5 ], "windMode": [-1,-1,-1,-1], "windData": [1,1,1,1] },
												"east": { "texture": "#seraph", "uv": [ 46.5, 22.5, 49.5, 25.5 ] },
												"south": { "texture": "#seraph", "uv": [ 45.5, 22.5, 46.5, 25.5 ] },
												"west": { "texture": "#seraph", "uv": [ 50.5, 22.5, 53.5, 25.5 ] },
												"up": { "texture": "#seraph", "uv": [ 46.5, 21.5, 49.5, 22.5 ], "rotation": 270 },
												"down": { "texture": "#seraph", "uv": [ 46.5, 25.5, 49.5, 26.5 ], "rotation": 270 }
											},
											"children": [
												{
													"name": "Ear2L",
													"from": [ 0.0, 0.4, 2.9 ],
													"to": [ 1.0, 2.9, 4.9 ],
													"unwrapMode": 2,
													"uv": [ 53.5, 21.5 ],
													"rotationOrigin": [ 0.0, 2.4, 3.0 ],
													"rotationX": 3.0,
													"rotationY": -3.0,
													"faces": {
														"east": { "texture": "#seraph", "uv": [ 54.5, 22.5, 56.5, 25.0 ] },
														"south": { "texture": "#seraph", "uv": [ 53.5, 22.5, 54.5, 25.0 ] },
														"west": { "texture": "#seraph", "uv": [ 56.5, 22.5, 58.5, 25.0 ] },
														"up": { "texture": "#seraph", "uv": [ 54.5, 21.5, 56.5, 22.5 ], "rotation": 270 },
														"down": { "texture": "#seraph", "uv": [ 54.5, 25.0, 56.5, 26.0 ], "rotation": 270 }
													},
													"children": [
														{
															"name": "Ear3L",
															"from": [ 0.0, 0.9, 1.9 ],
															"to": [ 1.0, 2.4, 3.4 ],
															"unwrapMode": 2,
															"uv": [ 58.5, 21.5 ],
															"rotationOrigin": [ 0.0, 2.4, 2.0 ],
															"rotationX": 3.0,
															"rotationY": -3.0,
															"faces": {
																"east": { "texture": "#seraph", "uv": [ 59.5, 22.5, 61.0, 24.0 ] },
																"south": { "texture": "#seraph", "uv": [ 58.5, 22.5, 59.5, 24.0 ] },
																"west": { "texture": "#seraph", "uv": [ 61.0, 22.5, 62.5, 24.0 ] },
																"up": { "texture": "#seraph", "uv": [ 59.5, 21.5, 61.0, 22.5 ], "rotation": 270 },
																"down": { "texture": "#seraph", "uv": [ 59.5, 24.0, 61.0, 25.0 ], "rotation": 270 }
															}
														}
													]
												}
											]
										},
										{
											"name": "Ear1R",
											"from": [ 3.0, 2.5, -0.5 ],
											"to": [ 4.0, 5.5, 2.5 ],
											"unwrapMode": 4,
											"uv": [ 45.5, 21.5 ],
											"rotationOrigin": [ 3.6, 5.5, -0.5 ],
											"rotationX": 15.0,
											"rotationY": 105.0,
											"rotationZ": -25.0,
											"faces": {
												"north": { "texture": "#seraph", "uv": [ 45.5, 22.5, 46.5, 25.5 ], "windMode": [-1,-1,-1,-1], "windData": [1,1,1,1] },
												"east": { "texture": "#seraph", "uv": [ 50.5, 22.5, 53.5, 25.5 ] },
												"south": { "texture": "#seraph", "uv": [ 49.5, 22.5, 50.5, 25.5 ] },
												"west": { "texture": "#seraph", "uv": [ 46.5, 22.5, 49.5, 25.5 ] },
												"up": { "texture": "#seraph", "uv": [ 46.5, 21.5, 49.5, 22.5 ], "rotation": 90 },
												"down": { "texture": "#seraph", "uv": [ 46.5, 25.5, 49.5, 26.5 ], "rotation": 90 }
											},
											"children": [
												{
													"name": "Ear2R",
													"from": [ 0.0, 0.4, 2.9 ],
													"to": [ 1.0, 2.9, 4.9 ],
													"unwrapMode": 2,
													"uv": [ 53.5, 21.5 ],
													"rotationOrigin": [ 0.0, 2.4, 3.0 ],
													"rotationX": 3.0,
													"rotationY": 3.0,
													"faces": {
														"east": { "texture": "#seraph", "uv": [ 54.5, 22.5, 56.5, 25.0 ] },
														"south": { "texture": "#seraph", "uv": [ 53.5, 22.5, 54.5, 25.0 ] },
														"west": { "texture": "#seraph", "uv": [ 56.5, 22.5, 58.5, 25.0 ] },
														"up": { "texture": "#seraph", "uv": [ 54.5, 21.5, 56.5, 22.5 ], "rotation": 270 },
														"down": { "texture": "#seraph", "uv": [ 54.5, 25.0, 56.5, 26.0 ], "rotation": 270 }
													},
													"children": [
														{
															"name": "Ear3R",
															"from": [ 0.0, 0.9, 1.9 ],
															"to": [ 1.0, 2.4, 3.4 ],
															"unwrapMode": 2,
															"uv": [ 58.5, 21.5 ],
															"rotationOrigin": [ 0.0, 2.4, 2.0 ],
															"rotationX": 3.0,
															"rotationY": 3.0,
															"faces": {
																"east": { "texture": "#seraph", "uv": [ 59.5, 22.5, 61.0, 24.0 ] },
																"south": { "texture": "#seraph", "uv": [ 58.5, 22.5, 59.5, 24.0 ] },
																"west": { "texture": "#seraph", "uv": [ 61.0, 22.5, 62.5, 24.0 ] },
																"up": { "texture": "#seraph", "uv": [ 59.5, 21.5, 61.0, 22.5 ], "rotation": 270 },
																"down": { "texture": "#seraph", "uv": [ 59.5, 24.0, 61.0, 25.0 ], "rotation": 270 }
															}
														}
													]
												}
											]
										}
									],
									"attachmentpoints": [
										{
											"code": "Eyes",
											"posX": "1.3","posY": "3.5","posZ": "2.5",
											"rotationX": "0.0","rotationY": "-90.0","rotationZ": "0.0"
										}
									]
								}
							]
						},
						{
							"name": "UpperButtons",
							"from": [ -0.1, 0.0, 2.3 ],
							"to": [ -0.1, 5.0, 3.9 ],
							"uv": [ 0.0, 0.0 ],
							"rotationOrigin": [ -0.1, 5.0, 2.8 ],
							"faces": {
								"west": { "texture": "#seraph", "uv": [ 0.0, 0.0, 1.5, 5.0 ] }
							}
						},
						{
							"name": "UpperBackAttachment",
							"from": [ 5.5, 2.0, 3.0 ],
							"to": [ 5.5, 2.0, 3.0 ],
							"uv": [ 0.0, 0.0 ],
							"rotationOrigin": [ 5.5, 2.0, 3.0 ],
							"faces": {
								"north": { "texture": "#null", "uv": [ 0.0, 0.5, 0.5, 1.0 ] },
								"east": { "texture": "#null", "uv": [ 0.5, 0.5, 1.0, 1.0 ] },
								"south": { "texture": "#null", "uv": [ 1.0, 0.5, 1.5, 1.0 ] },
								"west": { "texture": "#null", "uv": [ 1.5, 0.5, 2.0, 1.0 ] },
								"up": { "texture": "#null", "uv": [ 0.0, 0.0, 0.5, 0.5 ] },
								"down": { "texture": "#null", "uv": [ 0.5, 0.0, 1.0, 0.5 ] }
							}
						}
					],
					"attachmentpoints": [
						{
							"code": "Back",
							"posX": "5.0","posY": "3.0","posZ": "3.0",
							"rotationX": "0.0","rotationY": "0.0","rotationZ": "0.0"
						}
					]
				},
				{
					"name": "UpperFootL",
					"from": [ 0.4, -6.0, 3.5 ],
					"to": [ 4.6, 2.0, 6.7 ],
					"unwrapMode": 4,
					"autoUnwrap": false,
					"uv": [ 16.0, 33.0 ],
					"rotationOrigin": [ 1.5, -0.5, 4.3 ],
					"rotationX": -3.0,
					"rotationZ": -30.0,
					"faces": {
						"north": { "texture": "#seraph", "uv": [ 16.0, 37.0, 20.0, 46.0 ], "autoUv": false, "windMode": [-1,-1,-1,-1] },
						"east": { "texture": "#seraph", "uv": [ 27.0, 37.0, 30.0, 46.0 ], "autoUv": false },
						"south": { "texture": "#seraph", "uv": [ 23.0, 37.0, 27.0, 46.0 ], "autoUv": false },
						"west": { "texture": "#seraph", "uv": [ 20.0, 37.0, 23.0, 46.0 ], "autoUv": false },
						"up": { "texture": "#seraph", "uv": [ 20.0, 33.0, 23.0, 37.0 ], "rotation": 90 },
						"down": { "texture": "#seraph", "uv": [ 20.0, 46.0, 23.0, 50.0 ], "rotation": 90 }
					},
					"children": [
						{
							"name": "LowerFootL",
							"from": [ 1.1, -3.0, 0.1 ],
							"to": [ 4.1, 2.0, 3.1 ],
							"unwrapMode": 4,
							"autoUnwrap": false,
							"uv": [ 17.0, 46.0 ],
							"rotationOrigin": [ 3.1, 2.5, 1.4 ],
							"rotationX": 2.0,
							"rotationZ": 50.0,
							"faces": {
								"north": { "texture": "#seraph", "uv": [ 16.0, 50.0, 20.0, 55.0 ], "autoUv": false, "windMode": [-1,-1,-1,-1] },
								"east": { "texture": "#seraph", "uv": [ 27.0, 50.0, 30.0, 55.0 ] },
								"south": { "texture": "#seraph", "uv": [ 23.0, 50.0, 27.0, 55.0 ], "autoUv": false },
								"west": { "texture": "#seraph", "uv": [ 20.0, 50.0, 23.0, 55.0 ] },
								"up": { "texture": "#seraph", "uv": [ 20.0, 46.0, 23.0, 50.0 ], "rotation": 90, "autoUv": false, "windMode": [-1,-1,-1,-1] },
								"down": { "texture": "#seraph", "uv": [ 20.0, 54.0, 23.0, 57.0 ], "rotation": 90 }
							},
							"children": [
								{
									"name": "ButtonsR",
									"from": [ -0.1, 0.0, 0.7 ],
									"to": [ -0.1, 9.0, 2.3 ],
									"uv": [ 2.0, 11.0 ],
									"rotationOrigin": [ -0.1, 0.0, 1.5 ],
									"faces": {
										"west": { "texture": "#seraph", "uv": [ 2.0, 11.0, 3.5, 20.0 ] }
									}
								},
								{
									"name": "PawL",
									"from": [ 1.0, -5.0, 0.1 ],
									"to": [ 4.0, 2.0, 2.9 ],
									"unwrapMode": 4,
									"autoUnwrap": false,
									"uv": [ 17.5, 52.5 ],
									"rotationOrigin": [ 2.0, 1.5, 1.3 ],
									"rotationZ": -40.0,
									"faces": {
										"north": { "texture": "#seraph", "uv": [ 16.0, 53.0, 20.0, 60.0 ], "autoUv": false },
										"east": { "texture": "#seraph", "uv": [ 27.0, 53.0, 30.0, 60.0 ], "autoUv": false },
										"south": { "texture": "#seraph", "uv": [ 23.0, 53.0, 27.0, 60.0 ], "autoUv": false },
										"west": { "texture": "#seraph", "uv": [ 20.0, 53.0, 23.0, 60.0 ], "autoUv": false },
										"up": { "texture": "#seraph", "uv": [ 20.0, 54.0, 23.0, 57.0 ], "rotation": 90, "autoUv": false },
										"down": { "texture": "#seraph", "uv": [ 20.0, 60.0, 23.0, 64.0 ], "rotation": 90, "autoUv": false }
									}
								}
							]
						},
						{
							"name": "FootAttachmentL",
							"from": [ 2.0, 5.0, 3.2 ],
							"to": [ 2.0, 5.0, 3.2 ],
							"uv": [ 0.0, 0.0 ],
							"rotationOrigin": [ 2.0, 5.0, 3.2 ],
							"faces": {
								"north": { "texture": "#null", "uv": [ 0.0, 0.5, 0.5, 1.0 ] },
								"east": { "texture": "#null", "uv": [ 0.5, 0.5, 1.0, 1.0 ] },
								"south": { "texture": "#null", "uv": [ 1.0, 0.5, 1.5, 1.0 ] },
								"west": { "texture": "#null", "uv": [ 1.5, 0.5, 2.0, 1.0 ] },
								"up": { "texture": "#null", "uv": [ 0.0, 0.0, 0.5, 0.5 ] },
								"down": { "texture": "#null", "uv": [ 0.5, 0.0, 1.0, 0.5 ] }
							}
						}
					]
				},
				{
					"name": "UpperFootR",
					"from": [ 0.4, -6.0, -0.7 ],
					"to": [ 4.6, 2.0, 2.5 ],
					"unwrapMode": 4,
					"autoUnwrap": false,
					"uv": [ 1.0, 29.0 ],
					"rotationOrigin": [ 1.5, -0.5, 1.3 ],
					"rotationX": 3.0,
					"rotationZ": -30.0,
					"faces": {
						"north": { "texture": "#seraph", "uv": [ 4.0, 37.0, 8.0, 46.0 ], "autoUv": false, "windMode": [-1,-1,-1,-1] },
						"east": { "texture": "#seraph", "uv": [ 1.0, 37.0, 4.0, 46.0 ], "autoUv": false },
						"south": { "texture": "#seraph", "uv": [ 11.0, 37.0, 15.0, 46.0 ], "autoUv": false },
						"west": { "texture": "#seraph", "uv": [ 8.0, 37.0, 11.0, 46.0 ], "autoUv": false },
						"up": { "texture": "#seraph", "uv": [ 8.0, 33.0, 11.0, 37.0 ], "rotation": 90 },
						"down": { "texture": "#seraph", "uv": [ 8.0, 46.0, 11.0, 50.0 ], "rotation": 90 }
					},
					"children": [
						{
							"name": "LowerFootR",
							"from": [ 1.1, -3.0, 0.1 ],
							"to": [ 4.1, 2.0, 3.1 ],
							"unwrapMode": 4,
							"autoUnwrap": false,
							"uv": [ 1.0, 46.0 ],
							"rotationOrigin": [ 3.1, 2.5, 1.4 ],
							"rotationX": -2.0,
							"rotationZ": 50.0,
							"faces": {
								"north": { "texture": "#seraph", "uv": [ 4.0, 50.0, 8.0, 55.0 ], "autoUv": false, "windMode": [-1,-1,-1,-1] },
								"east": { "texture": "#seraph", "uv": [ 1.0, 50.0, 4.0, 55.0 ] },
								"south": { "texture": "#seraph", "uv": [ 11.0, 50.0, 15.0, 55.0 ], "autoUv": false },
								"west": { "texture": "#seraph", "uv": [ 8.0, 50.0, 11.0, 55.0 ] },
								"up": { "texture": "#seraph", "uv": [ 8.0, 46.0, 11.0, 50.0 ], "rotation": 90, "autoUv": false, "windMode": [-1,-1,-1,-1] },
								"down": { "texture": "#seraph", "uv": [ 8.0, 54.0, 11.0, 57.0 ], "rotation": 90 }
							},
							"children": [
								{
									"name": "ButtonsL",
									"from": [ -0.1, 0.0, 0.7 ],
									"to": [ -0.1, 9.0, 2.3 ],
									"uv": [ 0.0, 11.0 ],
									"rotationOrigin": [ -0.1, 0.0, 1.5 ],
									"faces": {
										"west": { "texture": "#seraph", "uv": [ 0.0, 11.0, 1.5, 20.0 ] }
									}
								},
								{
									"name": "PawR",
									"from": [ 1.0, -5.0, 0.1 ],
									"to": [ 4.0, 2.0, 2.9 ],
									"autoUnwrap": false,
									"uv": [ 6.0, 56.0 ],
									"rotationOrigin": [ 2.0, 1.5, 1.3 ],
									"rotationZ": -40.0,
									"faces": {
										"north": { "texture": "#seraph", "uv": [ 4.0, 53.0, 8.0, 60.0 ], "autoUv": false, "windMode": [-1,-1,-1,-1] },
										"east": { "texture": "#seraph", "uv": [ 1.0, 53.0, 4.0, 60.0 ], "autoUv": false, "windMode": [-1,-1,-1,-1] },
										"south": { "texture": "#seraph", "uv": [ 11.0, 53.0, 15.0, 60.0 ], "autoUv": false, "windMode": [-1,-1,-1,-1] },
										"west": { "texture": "#seraph", "uv": [ 8.0, 53.0, 11.0, 60.0 ], "autoUv": false, "windMode": [-1,-1,-1,-1] },
										"up": { "texture": "#seraph", "uv": [ 8.0, 54.0, 11.0, 57.0 ], "rotation": 180, "autoUv": false, "windMode": [-1,-1,-1,-1] },
										"down": { "texture": "#seraph", "uv": [ 8.0, 60.0, 11.0, 64.0 ], "autoUv": false }
									}
								}
							]
						},
						{
							"name": "FootAttachmentR",
							"from": [ 2.0, 5.0, -0.2 ],
							"to": [ 2.0, 5.0, -0.2 ],
							"uv": [ 0.0, 0.0 ],
							"rotationOrigin": [ 2.0, 5.0, -0.2 ],
							"faces": {
								"north": { "texture": "#null", "uv": [ 0.0, 0.5, 0.5, 1.0 ] },
								"east": { "texture": "#null", "uv": [ 0.5, 0.5, 1.0, 1.0 ] },
								"south": { "texture": "#null", "uv": [ 1.0, 0.5, 1.5, 1.0 ] },
								"west": { "texture": "#null", "uv": [ 1.5, 0.5, 2.0, 1.0 ] },
								"up": { "texture": "#null", "uv": [ 0.0, 0.0, 0.5, 0.5 ] },
								"down": { "texture": "#null", "uv": [ 0.5, 0.0, 1.0, 0.5 ] }
							}
						}
					]
				},
				{
					"name": "FrontShirtTile",
					"from": [ 0.0, -6.0, 0.0 ],
					"to": [ 1.0, 0.0, 6.0 ],
					"unwrapMode": 4,
					"uv": [ 45.0, 15.0 ],
					"rotationOrigin": [ 0.0, 0.0, 3.0 ],
					"rotationZ": -30.0,
					"faces": {
						"north": { "texture": "#seraph", "uv": [ 45.0, 15.0, 46.0, 21.0 ] },
						"south": { "texture": "#seraph", "uv": [ 52.0, 15.0, 53.0, 21.0 ] },
						"west": { "texture": "#seraph", "uv": [ 46.0, 15.0, 52.0, 21.0 ] }
					}
				},
				{
					"name": "BackShirtTile",
					"from": [ 4.0, -5.9, 0.0 ],
					"to": [ 5.0, 0.1, 6.0 ],
					"unwrapMode": 2,
					"uv": [ 56.0, 15.0 ],
					"rotationOrigin": [ 4.0, 0.1, 3.0 ],
					"rotationZ": -5.0,
					"faces": {
						"north": { "texture": "#seraph", "uv": [ 63.0, 15.0, 64.0, 21.0 ] },
						"east": { "texture": "#seraph", "uv": [ 57.0, 15.0, 63.0, 21.0 ] },
						"south": { "texture": "#seraph", "uv": [ 56.0, 15.0, 57.0, 21.0 ] }
					}
				},
				{
					"name": "LowerButtons",
					"from": [ -0.1, -1.5, 2.2 ],
					"to": [ -0.1, 4.5, 3.8 ],
					"uv": [ 2.0, 0.0 ],
					"rotationOrigin": [ -0.1, 4.0, 3.0 ],
					"faces": {
						"west": { "texture": "#seraph", "uv": [ 2.0, 0.0, 3.5, 6.0 ] }
					}
				},
				{
					"name": "LowerBackAttachment",
					"from": [ 5.4, 1.4, 3.0 ],
					"to": [ 5.4, 1.4, 3.0 ],
					"uv": [ 0.0, 0.0 ],
					"rotationOrigin": [ 5.4, 1.4, 3.0 ],
					"faces": {
						"north": { "texture": "#null", "uv": [ 0.0, 0.5, 0.5, 1.0 ] },
						"east": { "texture": "#null", "uv": [ 0.5, 0.5, 1.0, 1.0 ] },
						"south": { "texture": "#null", "uv": [ 1.0, 0.5, 1.5, 1.0 ] },
						"west": { "texture": "#null", "uv": [ 1.5, 0.5, 2.0, 1.0 ] },
						"up": { "texture": "#null", "uv": [ 0.0, 0.0, 0.5, 0.5 ] },
						"down": { "texture": "#null", "uv": [ 0.5, 0.0, 1.0, 0.5 ] }
					}
				},
				{
					"name": "Tail1",
					"from": [ 3.0, -1.0, 1.0 ],
					"to": [ 11.0, 3.0, 5.0 ],
					"unwrapMode": 5,
					"autoUnwrap": false,
					"uv": [ 11.5, 24.5 ],
					"rotationOrigin": [ 3.0, 1.0, 3.0 ],
					"rotationZ": -35.0,
					"faces": {
						"north": { "texture": "#seraph", "uv": [ 11.5, 36.5, 19.5, 32.5 ], "rotation": 180, "autoUv": false, "windMode": [-1,-1,-1,-1], "windData": [0,1,0,0] },
						"east": { "texture": "#seraph", "uv": [ 19.5, 28.5, 23.5, 32.5 ], "rotation": 90 },
						"south": { "texture": "#seraph", "uv": [ 11.5, 32.5, 19.5, 36.5 ] },
						"up": { "texture": "#seraph", "uv": [ 11.5, 28.5, 19.5, 32.5 ] },
						"down": { "texture": "#seraph", "uv": [ 23.5, 28.5, 31.5, 32.5 ] }
					},
					"children": [
						{
							"name": "Tail2",
							"from": [ 7.0, 0.5, 0.5 ],
							"to": [ 14.0, 3.5, 3.5 ],
							"unwrapMode": 1,
							"autoUnwrap": false,
							"uv": [ -2.0, 26.5 ],
							"rotationOrigin": [ 8.0, 1.5, 2.0 ],
							"rotationZ": -15.0,
							"faces": {
								"north": { "texture": "#seraph", "uv": [ 12.0, 33.0, 19.0, 36.0 ], "windMode": [-1,-1,-1,-1] },
								"east": { "texture": "#seraph", "uv": [ 20.0, 29.0, 23.0, 32.0 ] },
								"south": { "texture": "#seraph", "uv": [ 12.0, 33.0, 19.0, 36.0 ] },
								"up": { "texture": "#seraph", "uv": [ 12.0, 29.0, 19.0, 32.0 ], "rotation": 180 },
								"down": { "texture": "#seraph", "uv": [ 24.0, 29.0, 31.0, 32.0 ] }
							},
							"children": [
								{
									"name": "Tail3",
									"from": [ 6.0, 0.5, 0.5 ],
									"to": [ 10.0, 2.5, 2.5 ],
									"unwrapMode": 5,
									"autoUnwrap": false,
									"uv": [ 1.5, 25.5 ],
									"rotationOrigin": [ 7.0, 1.0, 1.5 ],
									"rotationZ": 5.0,
									"faces": {
										"north": { "texture": "#seraph", "uv": [ 13.5, 33.5, 17.5, 35.5 ], "rotation": 0, "windMode": [-1,-1,-1,-1] },
										"east": { "texture": "#seraph", "uv": [ 20.5, 29.5, 22.5, 31.5 ], "rotation": 90 },
										"south": { "texture": "#seraph", "uv": [ 13.5, 33.5, 17.5, 35.5 ] },
										"up": { "texture": "#seraph", "uv": [ 13.5, 29.5, 17.5, 31.5 ] },
										"down": { "texture": "#seraph", "uv": [ 25.5, 29.5, 29.5, 31.5 ] }
									}
								}
							]
						}
					]
				}
			]
		},
		{
			"name": "root",
			"stepParentName": "Head",
			"from": [ 0.0, 0.0, 0.0 ],
			"to": [ 6.0, 5.0, 5.0 ],
			"unwrapMode": 4,
			"uv": [ 0.0, 0.0 ],
			"faces": {
				"up": { "texture": "#seraph", "uv": [ 0.0, 0.0, 5.0, 6.0 ], "rotation": 90 },
				"down": { "texture": "#seraph", "uv": [ 0.0, 11.0, 5.0, 17.0 ], "rotation": 90 }
			},
			"children": [
				{
					"name": "R eye",
					"from": [ -0.01, 1.75, 0.9 ],
					"to": [ 0.09, 2.75, 2.1 ],
					"unwrapMode": 4,
					"uv": [ 55.5, 0.0 ],
					"rotationOrigin": [ 0.0, 1.75, 2.1 ],
					"faces": {
						"north": { "texture": "#seraph", "uv": [ 55.5, 0.5, 56.0, 1.5 ] },
						"south": { "texture": "#seraph", "uv": [ 57.0, 0.5, 57.5, 1.5 ] },
						"west": { "texture": "#seraph", "uv": [ 56.0, 0.5, 57.0, 1.5 ] },
						"up": { "texture": "#seraph", "uv": [ 56.0, 0.0, 57.0, 0.5 ], "rotation": 90 },
						"down": { "texture": "#seraph", "uv": [ 56.0, 1.5, 57.0, 2.0 ], "rotation": 90 }
					},
					"children": [
						{
							"name": "R pupil",
							"from": [ -0.03, 0.15, 0.15 ],
							"to": [ 0.07, 0.85, 1.05 ],
							"unwrapMode": 4,
							"uv": [ 60.5, 0.0 ],
							"rotationOrigin": [ 0.0, 0.15, 1.05 ],
							"faces": {
								"north": { "texture": "#seraph", "uv": [ 60.5, 0.5, 61.0, 1.0 ] },
								"south": { "texture": "#seraph", "uv": [ 61.5, 0.5, 62.0, 1.0 ] },
								"west": { "texture": "#seraph", "uv": [ 61.0, 0.5, 61.5, 1.0 ] },
								"up": { "texture": "#seraph", "uv": [ 61.0, 0.0, 61.5, 0.5 ], "rotation": 90 },
								"down": { "texture": "#seraph", "uv": [ 61.0, 1.0, 61.5, 1.5 ], "rotation": 90 }
							},
							"children": [
								{
									"name": "shine large 1",
									"from": [ -0.01, 0.37, 0.6 ],
									"to": [ 0.09, 0.57, 0.8 ],
									"unwrapMode": 4,
									"uv": [ 52.0, 0.5 ],
									"rotationOrigin": [ 0.03, 0.5, 0.6 ],
									"faces": {
										"north": { "texture": "#seraph", "uv": [ 52.0, 1.0, 52.5, 1.5 ] },
										"south": { "texture": "#seraph", "uv": [ 53.0, 1.0, 53.5, 1.5 ] },
										"west": { "texture": "#seraph", "uv": [ 52.5, 1.0, 53.0, 1.5 ] },
										"up": { "texture": "#seraph", "uv": [ 52.5, 0.5, 53.0, 1.0 ], "rotation": 90 },
										"down": { "texture": "#seraph", "uv": [ 52.5, 1.5, 53.0, 2.0 ], "rotation": 90 }
									}
								},
								{
									"name": "shine small 1",
									"from": [ -0.01, 0.33, 0.45 ],
									"to": [ 0.09, 0.43, 0.55 ],
									"unwrapMode": 4,
									"uv": [ 52.0, 0.0 ],
									"rotationOrigin": [ 0.03, 0.4, 0.5 ],
									"faces": {
										"north": { "texture": "#seraph", "uv": [ 52.0, 0.5, 52.5, 1.0 ] },
										"south": { "texture": "#seraph", "uv": [ 53.0, 0.5, 53.5, 1.0 ] },
										"west": { "texture": "#seraph", "uv": [ 52.5, 0.5, 53.0, 1.0 ] },
										"up": { "texture": "#seraph", "uv": [ 52.5, 0.0, 53.0, 0.5 ], "rotation": 90 },
										"down": { "texture": "#seraph", "uv": [ 52.5, 1.0, 53.0, 1.5 ], "rotation": 90 }
									}
								}
							]
						}
					]
				},
				{
					"name": "L eye2",
					"from": [ -0.01, 1.75, 2.9 ],
					"to": [ 0.09, 2.75, 4.1 ],
					"unwrapMode": 4,
					"uv": [ 54.5, 2.0 ],
					"rotationOrigin": [ 0.0, 1.75, 2.9 ],
					"faces": {
						"north": { "texture": "#seraph", "uv": [ 54.5, 2.5, 55.0, 3.5 ] },
						"south": { "texture": "#seraph", "uv": [ 56.0, 2.5, 56.5, 3.5 ] },
						"west": { "texture": "#seraph", "uv": [ 55.0, 2.5, 56.0, 3.5 ] },
						"up": { "texture": "#seraph", "uv": [ 55.0, 2.0, 56.0, 2.5 ], "rotation": 90 },
						"down": { "texture": "#seraph", "uv": [ 55.0, 3.5, 56.0, 4.0 ], "rotation": 90 }
					},
					"children": [
						{
							"name": "L pupil",
							"from": [ -0.03, 0.15, 0.15 ],
							"to": [ 0.07, 0.85, 1.05 ],
							"unwrapMode": 4,
							"uv": [ 60.5, 0.0 ],
							"rotationOrigin": [ 0.0, 0.15, 0.15 ],
							"faces": {
								"north": { "texture": "#seraph", "uv": [ 60.5, 0.5, 61.0, 1.0 ] },
								"south": { "texture": "#seraph", "uv": [ 61.5, 0.5, 62.0, 1.0 ] },
								"west": { "texture": "#seraph", "uv": [ 61.0, 0.5, 61.5, 1.0 ] },
								"up": { "texture": "#seraph", "uv": [ 61.0, 0.0, 61.5, 0.5 ], "rotation": 90 },
								"down": { "texture": "#seraph", "uv": [ 61.0, 1.0, 61.5, 1.5 ], "rotation": 90 }
							},
							"children": [
								{
									"name": "shine small 2",
									"from": [ -0.01, 0.33, 0.45 ],
									"to": [ 0.09, 0.43, 0.55 ],
									"unwrapMode": 4,
									"uv": [ 52.0, 0.0 ],
									"rotationOrigin": [ 0.03, 0.4, 0.5 ],
									"faces": {
										"north": { "texture": "#seraph", "uv": [ 52.0, 0.5, 52.5, 1.0 ] },
										"south": { "texture": "#seraph", "uv": [ 53.0, 0.5, 53.5, 1.0 ] },
										"west": { "texture": "#seraph", "uv": [ 52.5, 0.5, 53.0, 1.0 ] },
										"up": { "texture": "#seraph", "uv": [ 52.5, 0.0, 53.0, 0.5 ], "rotation": 90 },
										"down": { "texture": "#seraph", "uv": [ 52.5, 1.0, 53.0, 1.5 ], "rotation": 90 }
									}
								},
								{
									"name": "shine large 2",
									"from": [ -0.01, 0.37, 0.6 ],
									"to": [ 0.09, 0.57, 0.8 ],
									"unwrapMode": 4,
									"uv": [ 52.0, 1.5 ],
									"rotationOrigin": [ -0.07, 0.5, 0.6 ],
									"faces": {
										"north": { "texture": "#seraph", "uv": [ 52.0, 2.0, 52.5, 2.5 ] },
										"south": { "texture": "#seraph", "uv": [ 53.0, 2.0, 53.5, 2.5 ] },
										"west": { "texture": "#seraph", "uv": [ 52.5, 2.0, 53.0, 2.5 ] },
										"up": { "texture": "#seraph", "uv": [ 52.5, 1.5, 53.0, 2.0 ], "rotation": 90 },
										"down": { "texture": "#seraph", "uv": [ 52.5, 2.5, 53.0, 3.0 ], "rotation": 90 }
									}
								}
							]
						}
					]
				},
				{
					"name": "R eyebrow 1",
					"from": [ -0.1, 2.9, 1.2 ],
					"to": [ 0.0, 3.2, 2.2 ],
					"unwrapMode": 4,
					"uv": [ 34.5, 1.0 ],
					"rotationOrigin": [ -0.1, 2.9, 2.2 ],
					"rotationX": 1.0,
					"faces": {
						"north": { "texture": "#seraph", "uv": [ 34.5, 1.5, 35.0, 2.0 ] },
						"south": { "texture": "#seraph", "uv": [ 36.0, 1.5, 36.5, 2.0 ] },
						"west": { "texture": "#seraph", "uv": [ 35.0, 1.5, 36.0, 2.0 ] },
						"up": { "texture": "#seraph", "uv": [ 35.0, 1.0, 36.0, 1.5 ], "rotation": 90 },
						"down": { "texture": "#seraph", "uv": [ 35.0, 2.0, 36.0, 2.5 ], "rotation": 90 }
					},
					"children": [
						{
							"name": "R eyebrow 2",
							"from": [ 0.0, 0.0, -0.7 ],
							"to": [ 0.1, 0.3, 0.2 ],
							"unwrapMode": 4,
							"uv": [ 37.5, 2.0 ],
							"rotationOrigin": [ 0.0, 0.0, 0.2 ],
							"rotationX": -2.0,
							"rotationZ": -1.0,
							"faces": {
								"north": { "texture": "#seraph", "uv": [ 37.5, 2.5, 38.0, 3.0 ] },
								"south": { "texture": "#seraph", "uv": [ 38.5, 2.5, 39.0, 3.0 ] },
								"west": { "texture": "#seraph", "uv": [ 38.0, 2.5, 38.5, 3.0 ] },
								"up": { "texture": "#seraph", "uv": [ 38.0, 2.0, 38.5, 2.5 ], "rotation": 90 },
								"down": { "texture": "#seraph", "uv": [ 38.0, 3.0, 38.5, 3.5 ], "rotation": 90 }
							}
						}
					]
				},
				{
					"name": "L eyebrow 1",
					"from": [ -0.1, 2.9, 2.8 ],
					"to": [ 0.0, 3.2, 3.8 ],
					"unwrapMode": 4,
					"uv": [ 35.5, 2.0 ],
					"rotationOrigin": [ -0.1, 2.9, 2.8 ],
					"rotationX": -1.0,
					"faces": {
						"north": { "texture": "#seraph", "uv": [ 35.5, 2.5, 36.0, 3.0 ] },
						"south": { "texture": "#seraph", "uv": [ 37.0, 2.5, 37.5, 3.0 ] },
						"west": { "texture": "#seraph", "uv": [ 36.0, 2.5, 37.0, 3.0 ] },
						"up": { "texture": "#seraph", "uv": [ 36.0, 2.0, 37.0, 2.5 ], "rotation": 90 },
						"down": { "texture": "#seraph", "uv": [ 36.0, 3.0, 37.0, 3.5 ], "rotation": 90 }
					},
					"children": [
						{
							"name": "L eyebrow 2",
							"from": [ 0.0, 0.0, 0.8 ],
							"to": [ 0.1, 0.3, 1.7 ],
							"unwrapMode": 4,
							"uv": [ 40.5, 1.0 ],
							"rotationOrigin": [ 0.0, 0.0, 0.8 ],
							"rotationX": 1.0,
							"rotationZ": -1.0,
							"faces": {
								"north": { "texture": "#seraph", "uv": [ 40.5, 1.5, 41.0, 2.0 ] },
								"south": { "texture": "#seraph", "uv": [ 41.5, 1.5, 42.0, 2.0 ] },
								"west": { "texture": "#seraph", "uv": [ 41.0, 1.5, 41.5, 2.0 ] },
								"up": { "texture": "#seraph", "uv": [ 41.0, 1.0, 41.5, 1.5 ], "rotation": 90 },
								"down": { "texture": "#seraph", "uv": [ 41.0, 2.0, 41.5, 2.5 ], "rotation": 90 }
							}
						}
					]
				},
				{
					"name": "mouth",
					"from": [ -0.1, 0.6, 2.0 ],
					"to": [ 0.0, 0.9, 3.0 ],
					"unwrapMode": 4,
					"uv": [ 39.0, 0.5 ],
					"rotationOrigin": [ -0.1, 0.6, 2.5 ],
					"faces": {
						"north": { "texture": "#seraph", "uv": [ 39.0, 1.0, 39.5, 1.5 ] },
						"south": { "texture": "#seraph", "uv": [ 40.5, 1.0, 41.0, 1.5 ] },
						"west": { "texture": "#seraph", "uv": [ 39.5, 1.0, 40.5, 1.5 ] },
						"up": { "texture": "#seraph", "uv": [ 39.5, 0.5, 40.5, 1.0 ], "rotation": 90 },
						"down": { "texture": "#seraph", "uv": [ 39.5, 1.5, 40.5, 2.0 ], "rotation": 90 }
					},
					"children": [
						{
							"name": "mouth L",
							"from": [ 0.05, 0.01, -0.5 ],
							"to": [ 0.15, 0.31, 0.5 ],
							"unwrapMode": 4,
							"uv": [ 31.0, 1.0 ],
							"rotationOrigin": [ 0.05, 0.0, 0.5 ],
							"faces": {
								"north": { "texture": "#seraph", "uv": [ 31.0, 1.5, 31.5, 2.0 ] },
								"south": { "texture": "#seraph", "uv": [ 32.5, 1.5, 33.0, 2.0 ] },
								"west": { "texture": "#seraph", "uv": [ 31.5, 1.5, 32.5, 2.0 ] },
								"up": { "texture": "#seraph", "uv": [ 31.5, 1.0, 32.5, 1.5 ], "rotation": 90 },
								"down": { "texture": "#seraph", "uv": [ 31.5, 2.0, 32.5, 2.5 ], "rotation": 90 }
							}
						},
						{
							"name": "mouth R",
							"from": [ 0.05, 0.01, 0.5 ],
							"to": [ 0.15, 0.31, 1.5 ],
							"unwrapMode": 4,
							"uv": [ 28.0, 0.0 ],
							"rotationOrigin": [ 0.05, 0.0, 0.5 ],
							"faces": {
								"north": { "texture": "#seraph", "uv": [ 28.0, 0.5, 28.5, 1.0 ] },
								"south": { "texture": "#seraph", "uv": [ 29.5, 0.5, 30.0, 1.0 ] },
								"west": { "texture": "#seraph", "uv": [ 28.5, 0.5, 29.5, 1.0 ] },
								"up": { "texture": "#seraph", "uv": [ 28.5, 0.0, 29.5, 0.5 ], "rotation": 90 },
								"down": { "texture": "#seraph", "uv": [ 28.5, 1.0, 29.5, 1.5 ], "rotation": 90 }
							}
						}
					]
				},
				{
					"name": "eyelid r",
					"from": [ -0.1, 2.6, 0.8 ],
					"to": [ 0.0, 2.75, 2.15 ],
					"unwrapMode": 4,
					"uv": [ 32.5, 0.0 ],
					"rotationOrigin": [ -0.1, 2.6, 2.15 ],
					"rotationX": 1.0,
					"faces": {
						"north": { "texture": "#seraph", "uv": [ 32.5, 0.5, 33.0, 1.0 ] },
						"south": { "texture": "#seraph", "uv": [ 34.0, 0.5, 34.5, 1.0 ] },
						"west": { "texture": "#seraph", "uv": [ 33.0, 0.5, 34.0, 1.0 ] },
						"up": { "texture": "#seraph", "uv": [ 33.0, 0.0, 34.0, 0.5 ], "rotation": 90 },
						"down": { "texture": "#seraph", "uv": [ 33.0, 1.0, 34.0, 1.5 ], "rotation": 90 }
					}
				},
				{
					"name": "eyelid l",
					"from": [ -0.1, 2.6, 2.85 ],
					"to": [ 0.0, 2.75, 4.2 ],
					"unwrapMode": 4,
					"uv": [ 30.0, 0.0 ],
					"rotationOrigin": [ -0.1, 2.6, 2.85 ],
					"rotationX": -1.0,
					"faces": {
						"north": { "texture": "#seraph", "uv": [ 30.0, 0.5, 30.5, 1.0 ] },
						"south": { "texture": "#seraph", "uv": [ 31.5, 0.5, 32.0, 1.0 ] },
						"west": { "texture": "#seraph", "uv": [ 30.5, 0.5, 31.5, 1.0 ] },
						"up": { "texture": "#seraph", "uv": [ 30.5, 0.0, 31.5, 0.5 ], "rotation": 90 },
						"down": { "texture": "#seraph", "uv": [ 30.5, 1.0, 31.5, 1.5 ], "rotation": 90 }
					}
				}
			],
			"attachmentpoints": [
				{
					"code": "Eyes",
					"posX": "1.3","posY": "3.5","posZ": "2.5",
					"rotationX": "0.0","rotationY": "-90.0","rotationZ": "0.0"
				}
			]
		}
	]
}