{
	"editor": {
		"allAngles": true,
		"entityTextureMode": true
	},
	"textureWidth": 64,
	"textureHeight": 64,
	"textureSizes": {
	},
	"textures": {
		"material": "entity/humanoid/serapharmor/sewn/linen"
	},
	"elements": [
		{
			"name": "GamUpperLegR",
			"stepParentName": "UpperFootR",
			"from": [ -0.19, -0.5, -0.1 ],
			"to": [ 4.41, 9.31, 3.7 ],
			"uv": [ 16.0, 35.0 ],
			"rotationOrigin": [ -0.2, -0.5, -0.1 ],
			"faces": {
				"north": { "texture": "#material", "uv": [ 16.0, 38.5, 20.5, 48.0 ] },
				"east": { "texture": "#material", "uv": [ 20.5, 38.5, 24.0, 48.0 ] },
				"south": { "texture": "#material", "uv": [ 24.0, 38.5, 28.5, 48.0 ] },
				"west": { "texture": "#material", "uv": [ 28.5, 38.5, 32.0, 48.0 ] },
				"up": { "texture": "#material", "uv": [ 16.0, 35.0, 20.5, 38.5 ] },
				"down": { "texture": "#material", "uv": [ 20.5, 35.0, 25.0, 38.5 ] }
			}
		},
		{
			"name": "GamUpperLegL",
			"stepParentName": "UpperFootL",
			"from": [ -0.19, -0.5, -0.5 ],
			"to": [ 4.41, 9.31, 3.3 ],
			"uv": [ 0.0, 35.0 ],
			"rotationOrigin": [ -0.2, -0.5, -0.5 ],
			"faces": {
				"north": { "texture": "#material", "uv": [ 0.0, 38.5, 4.5, 48.0 ] },
				"east": { "texture": "#material", "uv": [ 4.5, 38.5, 8.0, 48.0 ] },
				"south": { "texture": "#material", "uv": [ 8.0, 38.5, 12.5, 48.0 ] },
				"west": { "texture": "#material", "uv": [ 12.5, 38.5, 16.0, 48.0 ] },
				"up": { "texture": "#material", "uv": [ 0.0, 35.0, 4.5, 38.5 ] },
				"down": { "texture": "#material", "uv": [ 4.5, 35.0, 9.0, 38.5 ] }
			}
		},
		{
			"name": "GamLowerLegR",
			"stepParentName": "LowerFootR",
			"from": [ -0.3, 0.8, -0.25 ],
			"to": [ 3.2, 5.1, 3.25 ],
			"autoUnwrap": false,
			"uv": [ 16.0, 48.0 ],
			"rotationOrigin": [ -0.3, 0.8, -0.4 ],
			"faces": {
				"north": { "texture": "#material", "uv": [ 16.0, 51.5, 20.0, 55.5 ], "autoUv": false },
				"east": { "texture": "#material", "uv": [ 20.0, 51.5, 24.0, 55.5 ], "autoUv": false },
				"south": { "texture": "#material", "uv": [ 24.0, 51.5, 28.0, 55.5 ], "autoUv": false },
				"west": { "texture": "#material", "uv": [ 28.0, 51.5, 32.0, 55.5 ], "autoUv": false },
				"up": { "texture": "#material", "uv": [ 16.0, 48.0, 19.5, 51.5 ] },
				"down": { "texture": "#material", "uv": [ 19.5, 48.0, 23.0, 51.5 ] }
			}
		},
		{
			"name": "GamLowerLegL",
			"stepParentName": "LowerFootL",
			"from": [ -0.3, -0.2, -0.25 ],
			"to": [ 3.2, 5.1, 3.25 ],
			"autoUnwrap": false,
			"uv": [ 0.0, 48.0 ],
			"rotationOrigin": [ -0.3, -0.2, -0.4 ],
			"faces": {
				"north": { "texture": "#material", "uv": [ 0.0, 51.5, 4.0, 56.5 ], "autoUv": false },
				"east": { "texture": "#material", "uv": [ 4.0, 51.5, 8.0, 56.5 ], "autoUv": false },
				"south": { "texture": "#material", "uv": [ 8.0, 51.5, 12.0, 56.5 ], "autoUv": false },
				"west": { "texture": "#material", "uv": [ 12.0, 51.5, 16.0, 56.5 ], "autoUv": false },
				"up": { "texture": "#material", "uv": [ 0.0, 48.0, 3.5, 51.5 ] },
				"down": { "texture": "#material", "uv": [ 3.5, 48.0, 7.0, 51.5 ] }
			}
		},
		{
			"name": "GamLowerLegR2",
			"stepParentName": "PawR",
			"from": [ -0.3, 0.8, -0.25 ],
			"to": [ 3.2, 7.1, 3.25 ],
			"autoUnwrap": false,
			"uv": [ 16.0, 48.0 ],
			"rotationOrigin": [ -0.3, 0.8, -0.4 ],
			"faces": {
				"north": { "texture": "#material", "uv": [ 16.0, 53.5, 20.0, 59.5 ], "autoUv": false },
				"east": { "texture": "#material", "uv": [ 20.0, 53.5, 24.0, 59.5 ], "autoUv": false },
				"south": { "texture": "#material", "uv": [ 24.0, 53.5, 27.5, 59.5 ], "autoUv": false },
				"west": { "texture": "#material", "uv": [ 28.0, 53.5, 32.0, 59.5 ], "autoUv": false },
				"up": { "texture": "#material", "uv": [ 16.0, 48.0, 19.5, 51.5 ] },
				"down": { "texture": "#material", "uv": [ 19.5, 48.0, 23.0, 51.5 ] }
			}
		},
		{
			"name": "GamLowerLegL2",
			"stepParentName": "PawL",
			"from": [ -0.3, 0.8, -0.25 ],
			"to": [ 3.2, 7.1, 3.25 ],
			"autoUnwrap": false,
			"uv": [ 0.0, 48.0 ],
			"rotationOrigin": [ -0.3, 0.8, -0.4 ],
			"faces": {
				"north": { "texture": "#material", "uv": [ 0.0, 53.5, 3.5, 59.5 ] },
				"east": { "texture": "#material", "uv": [ 4.0, 53.5, 8.0, 59.5 ], "autoUv": false },
				"south": { "texture": "#material", "uv": [ 8.0, 53.5, 12.0, 59.5 ], "autoUv": false },
				"west": { "texture": "#material", "uv": [ 12.0, 53.5, 16.0, 59.5 ], "autoUv": false },
				"up": { "texture": "#material", "uv": [ 0.0, 48.0, 3.5, 51.5 ] },
				"down": { "texture": "#material", "uv": [ 3.5, 48.0, 7.0, 51.5 ] }
			}
		}
	]}