{
	"code": "normalamphorae",
	"classByType": {
		"*-fired-*": "BlockLiquidContainerTopOpened",
			"*": "Block"
	},

	"variantgroups": [
		{ "code": "state", "states": ["raw", "fired"] },
		{ "code": "type", "states": ["blue", "fire"] },
		{ "code": "color", "states": ["clay"] }
	],

	"shape": { "base": "ceramos:block/clay/normalamphorae" },
	"texturesByType": {

		"*-raw-*-clay": {
			"all": {  "base": "ceramos:block/clay/raw/{type}" },
			"color": {  "base": "ceramos:block/clay/raw/{type}/{color}" }
		},
		"*-fired-*-clay": {
			"all": {  "base": "ceramos:block/clay/burned/{type}" },
			"color": {  "base": "ceramos:block/clay/burned/{type}/{color}" }
		}
	},

	"behaviors": [
		{ "name": "GroundStorable", "properties": { "layout": "Quadrants", "collisionBox": { "x1": 0, "y1": 0, "z1": 0, "x2": 1, "y2": 1, "z2": 1 } } },
		{ "name": "Unplaceable" },	
		{ "name": "RightClickPickup"} 
	],

	"attributes": {
		"groundStorageTransform": {
			"origin": { "x": 0.5, "y": 0, "z": 0.5 },
			"scale": 1
		},
		"onDisplayTransform": {
			"origin": { "x": 0.5, "y": 0, "z": 0.5 },
			"scale": 0.75
		},
		"liquidContainerPropsByType": {
			"*-fired-*": {
				"capacityLitres": 10,
				"transferSizeLitres": 0.3,
				"emptyShapeLoc": "ceramos:shapes/block/clay/normalamphorae",
				"opaqueContentShapeLoc": "shapes/block/basic/nothing",
				"liquidContentShapeLoc": "shapes/block/basic/nothing",
				"liquidMaxYTranslate": 0.05
			}
		}
	},

	"doNotRenderAtLod2": true,
	"creativeinventory": { "general": ["*"], "decorative": ["*"], "ceramos": ["*"] },
	"blockmaterial": "Ceramic",
	"replaceable": 900,
	"resistance": 1.5,
	"liquidSelectable": 1,
	"lightAbsorption": 1,
	"maxStackSize": 8,
	"sounds": {
		"walk": "game:walk/stone",
		"break": "game:block/ceramicplace",
		"hit": "game:block/ceramichit",
		"place": "game:block/ceramicplace"
	},
	"sidesolid": {
		"all": false
	},

	"sideopaque": {
		"all": false
	},

	"emitsideao": {
		"all": false
	},

	"combustiblePropsByType": {
		"normalamphorae-raw-*-clay": {
			"meltingPoint": 600,
			"meltingDuration": 30,
			"smeltedRatio": 1,
			"smeltingType": "fire",
			"smeltedStack": { "type": "block", "code": "ceramos:normalamphorae-fired-{type}-clay" },
			"requiresContainer": false
		}
	},
	"collisionbox": {
		"x1": 0.3125, "y1": 0, "z1": 0.3125,
		"x2": 0.6875, "y2": 0.4375, "z2": 0.6875
	},

	"selectionbox": {
		"x1": 0.3125, "y1": 0, "z1": 0.3125,
		"x2": 0.6875, "y2": 0.4375, "z2": 0.6875
	},

	"heldTpIdleAnimation": "holdunderarm",

	"fpHandTransform": {
		"translation": { "x": 0, "y": 0.15, "z": 0.5 },
		"rotation": { "x": -6, "y": -122, "z": -8 }
	},

	"tpHandTransform": {
		"translation": { "x": -0.85, "y": -0.27, "z": -0.55 },
		"rotation": { "x": 157, "y": 2, "z": -89 },
		"origin": { "x": 0.5, "y": 0.5, "z": 0.525 },
		"scale": 0.65
	},

	"groundTransform": {
		"translation": { "x": 0, "y": 0.2, "z": 0 },
		"rotation": { "x": 90, "y": 1, "z": 0 },
		"scale": 5
	},

	"guiTransform": {
		"origin": { "x": 0.5, "y": 0.45, "z": 0.5 },
		"rotation": { "x": -25, "y": -45, "z": 0 },
		"scale": 1.2
	}

}
