﻿[
 {
   file: "expandedfoods:recipes/kneading/wildcraftherb/dumplingherb.json",
    "side": "server",
    op: "addeach", 
    path: "/1/ingredients/2/inputs/-", 
    value: [{ type: "item", code: "expandedfoods:crabnugget-raw", quantity: 1}, { type: "item", code: "expandedfoods:snakenugget-raw", quantity: 1},],
    dependsOn: [{ "modid": "primitivesurvival" }, { "modid": "wildcraftherb" }]
 },
 {
   file: "expandedfoods:recipes/kneading/wildcraftherb/dumplingherb.json",
    "side": "server",
    op: "addeach", 
    path: "/3/ingredients/2/inputs/-", 
    value: [{ type: "item", code: "expandedfoods:crabnugget-raw", quantity: 1}, { type: "item", code: "expandedfoods:snakenugget-raw", quantity: 1},],
    dependsOn: [{ "modid": "primitivesurvival" }, { "modid": "wildcraftherb" }]
 },
]