﻿[
  {
    "op": "addmerge",
    "path": "/variantgroups/1/states/-",
    "value": "boiled",
    "side": "server",
    "file": "moreanimals:itemtypes/egg.json"
  },
  {
    "op": "addmerge",
    "path": "/variantgroups/1/states/-",
    "value": "pickled",
    "side": "server",
    "file": "moreanimals:itemtypes/egg.json"
  },
  {
    "op": "remove",
    "path": "/texture",
    "side": "server",
    "file": "moreanimals:itemtypes/egg.json"
  },
  {
    "op": "remove",
    "path": "/transitionableProps",
    "side": "server",
    "file": "moreanimals:itemtypes/egg.json"
  },
  {
    "op": "addmerge",
    "path": "/texturesByType",
    "value": {
      "*-pickled": {
        "all": {
          "base": "game:item/food/egg/pickled"
        }
      },
      "*": {
        "all": {
          "base": "game:item/food/egg/chicken"
        }
      }
    },
    "side": "server",
    "file": "moreanimals:itemtypes/egg.json"
  },
  {
    "op": "addmerge",
    "path": "/transitionablePropsByType",
    "value": {
      "*-pickled": [
        {
          "type": "Perish",
          "freshHours": {
            "avg": 400
          },
          "transitionHours": {
            "avg": 72
          },
          "transitionedStack": {
            "type": "item",
            "code": "game:rot"
          },
          "transitionRatio": 0.5
        }
      ],
      "*": [
        {
          "type": "Perish",
          "freshHours": {
            "avg": 120
          },
          "transitionHours": {
            "avg": 24
          },
          "transitionedStack": {
            "type": "item",
            "code": "game:rot"
          },
          "transitionRatio": 0.5
        }
      ]
    },
    "side": "server",
    "file": "moreanimals:itemtypes/egg.json"
  },
  {
    "op": "remove",
    "path": "/attributes/nutritionPropsWhenInMeal",
    "side": "server",
    "file": "moreanimals:itemtypes/egg.json"
  },
  {
    "op": "addmerge",
    "path": "/attributes/nutritionPropsWhenInMealByType",
    "value": {
      "*-pickled": {
        "saturation": 235,
        "foodcategory": "Protein"
      },
      "*": {
        "saturation": 280,
        "foodcategory": "Protein"
      }
    },
    "side": "server",
    "file": "moreanimals:itemtypes/egg.json"
  },
  {
    "op": "addmerge",
    "path": "/nutritionPropsByType/*-pickled",
    "value": {
      "saturation": 215,
      "foodcategory": "Protein"
    },
    "side": "server",
    "file": "moreanimals:itemtypes/egg.json"
  },
  {
    "op": "addmerge",
    "path": "/attributes/inPiePropertiesByType",
    "value": {
      "*-raw": {
        "texture": "game:block/food/pie/fill-egg",
        "partType": "Filling"
      },
      "*-boiled": {
        "texture": "game:block/food/pie/fill-egg",
        "partType": "Filling"
      }
    },
    "side": "server",
    "file": "moreanimals:itemtypes/egg.json"
  }
]