{
	"editor": {
		"allAngles": false,
		"entityTextureMode": false
	},
	"textureWidth": 16,
	"textureHeight": 16,
	"textureSizes": {
	},
	"textures": {
		"ceramic": "game:block/clay/ceramic"
	},
	"elements": [
		{
			"name": "Origin",
			"from": [ 8.0, 0.0, 8.0 ],
			"to": [ 8.0, 0.0, 8.0 ],
			"rotationOrigin": [ 8.0, 0.0, 8.0 ],
			"faces": {
			},
			"children": [
				{
					"name": "MoldBase",
					"from": [ -3.0, 0.0, -3.0 ],
					"to": [ 3.0, 0.5, 3.0 ],
					"rotationOrigin": [ -3.0, 0.0, -3.0 ],
					"faces": {
						"north": { "texture": "#ceramic", "uv": [ 0.0, 0.0, 6.0, 0.5 ] },
						"east": { "texture": "#ceramic", "uv": [ 0.0, 0.0, 6.0, 0.5 ] },
						"south": { "texture": "#ceramic", "uv": [ 0.0, 0.0, 6.0, 0.5 ] },
						"west": { "texture": "#ceramic", "uv": [ 0.0, 0.0, 6.0, 0.5 ] },
						"up": { "texture": "#ceramic", "uv": [ 0.0, 0.0, 6.0, 6.0 ] },
						"down": { "texture": "#ceramic", "uv": [ 0.0, 0.0, 6.0, 6.0 ] }
					}
				},
				{
					"name": "MoldSide1",
					"from": [ -2.5, 0.5, -2.5 ],
					"to": [ -2.0, 11.0, 2.5 ],
					"rotationOrigin": [ -2.5, 0.5, -2.5 ],
					"faces": {
						"north": { "texture": "#ceramic", "uv": [ 6.5, 3.0, 7.0, 13.5 ] },
						"east": { "texture": "#ceramic", "uv": [ 4.5, 3.5, 9.5, 14.0 ] },
						"south": { "texture": "#ceramic", "uv": [ 12.0, 2.0, 12.5, 12.5 ] },
						"west": { "texture": "#ceramic", "uv": [ 2.5, 1.0, 7.5, 11.5 ] },
						"up": { "texture": "#ceramic", "uv": [ 6.0, 4.5, 6.5, 9.5 ] }
					}
				},
				{
					"name": "MoldSide2",
					"from": [ 2.0, 0.5, -2.5 ],
					"to": [ 2.5, 11.0, 2.5 ],
					"rotationOrigin": [ 2.0, 0.5, -2.5 ],
					"faces": {
						"north": { "texture": "#ceramic", "uv": [ 5.0, 4.0, 5.5, 14.5 ] },
						"east": { "texture": "#ceramic", "uv": [ 8.0, 0.0, 13.0, 10.5 ] },
						"south": { "texture": "#ceramic", "uv": [ 5.5, 3.0, 6.0, 13.5 ] },
						"west": { "texture": "#ceramic", "uv": [ 5.5, 0.5, 10.5, 11.0 ] },
						"up": { "texture": "#ceramic", "uv": [ 4.0, 3.5, 4.5, 8.5 ] }
					}
				},
				{
					"name": "MoldSide3",
					"from": [ -2.0, 0.5, -2.5 ],
					"to": [ 2.0, 11.0, -2.0 ],
					"rotationOrigin": [ -2.0, 0.5, -2.5 ],
					"faces": {
						"north": { "texture": "#ceramic", "uv": [ 3.5, 2.5, 7.5, 13.0 ] },
						"east": { "texture": "#ceramic", "uv": [ 13.0, 2.0, 13.5, 12.5 ] },
						"south": { "texture": "#ceramic", "uv": [ 11.0, 3.0, 15.0, 13.5 ] },
						"west": { "texture": "#ceramic", "uv": [ 5.0, 2.0, 5.5, 12.5 ] },
						"up": { "texture": "#ceramic", "uv": [ 4.5, 5.5, 8.5, 6.0 ] }
					}
				},
				{
					"name": "MoldSide4",
					"from": [ -2.0, 0.5, 2.0 ],
					"to": [ 2.0, 11.0, 2.5 ],
					"rotationOrigin": [ -2.0, 0.5, 2.0 ],
					"faces": {
						"north": { "texture": "#ceramic", "uv": [ 4.5, 2.0, 8.5, 12.5 ] },
						"east": { "texture": "#ceramic", "uv": [ 13.5, 1.0, 14.0, 11.5 ] },
						"south": { "texture": "#ceramic", "uv": [ 10.5, 3.5, 14.5, 14.0 ] },
						"west": { "texture": "#ceramic", "uv": [ 5.0, 1.5, 5.5, 12.0 ] },
						"up": { "texture": "#ceramic", "uv": [ 3.0, 2.0, 7.0, 2.5 ] }
					}
				},
				{
					"name": "MoldTop1",
					"from": [ -2.0, 10.5, -2.0 ],
					"to": [ -1.5, 11.0, 2.0 ],
					"rotationOrigin": [ -2.0, 10.5, -2.0 ],
					"faces": {
						"east": { "texture": "#ceramic", "uv": [ 9.0, 8.5, 13.0, 9.0 ] },
						"up": { "texture": "#ceramic", "uv": [ 4.0, 5.5, 4.5, 9.5 ] },
						"down": { "texture": "#ceramic", "uv": [ 3.0, 2.5, 3.5, 6.5 ], "windMode": [-1,-1,-1,-1] }
					}
				},
				{
					"name": "MoldTop2",
					"from": [ 1.5, 10.5, -2.0 ],
					"to": [ 2.0, 11.0, 2.0 ],
					"rotationOrigin": [ 1.5, 10.5, -2.0 ],
					"faces": {
						"west": { "texture": "#ceramic", "uv": [ 0.0, 0.0, 4.0, 0.5 ], "windMode": [-1,-1,-1,-1] },
						"up": { "texture": "#ceramic", "uv": [ 0.0, 0.0, 0.5, 4.0 ] },
						"down": { "texture": "#ceramic", "uv": [ 0.0, 0.0, 0.5, 4.0 ] }
					}
				},
				{
					"name": "MoldTop3",
					"from": [ -1.5, 10.5, -2.0 ],
					"to": [ 1.5, 11.0, -1.5 ],
					"rotationOrigin": [ -1.5, 10.5, -2.0 ],
					"faces": {
						"south": { "texture": "#ceramic", "uv": [ 0.0, 0.0, 3.0, 0.5 ] },
						"up": { "texture": "#ceramic", "uv": [ 0.0, 0.0, 3.0, 0.5 ] },
						"down": { "texture": "#ceramic", "uv": [ 0.0, 0.0, 3.0, 0.5 ], "windMode": [-1,-1,-1,-1] }
					}
				},
				{
					"name": "MoldTop4",
					"from": [ -1.5, 10.5, 1.5 ],
					"to": [ 1.5, 11.0, 2.0 ],
					"rotationOrigin": [ -1.5, 10.5, 1.5 ],
					"faces": {
						"north": { "texture": "#ceramic", "uv": [ 0.0, 0.0, 3.0, 0.5 ] },
						"up": { "texture": "#ceramic", "uv": [ 0.0, 0.0, 3.0, 0.5 ] },
						"down": { "texture": "#ceramic", "uv": [ 0.0, 0.0, 3.0, 0.5 ], "windMode": [-1,-1,-1,-1] }
					}
				}
			]
		}
	]}