{
	"editor": {
		"allAngles": true,
		"entityTextureMode": false
	},
	"textureWidth": 16,
	"textureHeight": 16,
	"textureSizes": {
	},
	"textures": {
		"botsymbol": "block/cloth/banner/hansa/ship-bottom",
		"topsymbol": "block/cloth/banner/hansa/ship-top",
		"oak": "block/wood/debarked/oak"
	},
	"elements": [
		{
			"name": "origin flag",
			"from": [ 8.0, -22.0, 0.0 ],
			"to": [ 8.0, -22.0, 0.0 ],
			"rotationOrigin": [ 8.0, 10.0, 0.0 ],
			"faces": {
			},
			"children": [
				{
					"name": "cloth wrap 1",
					"from": [ -8.0, 36.5, 0.0 ],
					"to": [ 8.0, 38.0, 1.5 ],
					"rotationOrigin": [ 0.0, 36.8, 0.0 ],
					"faces": {
						"north": { "texture": "#oak", "uv": [ 0.0, 1.0, 16.0, 2.5 ] },
						"east": { "texture": "#oak", "uv": [ 0.0, 0.0, 1.5, 1.5 ] },
						"south": { "texture": "#oak", "uv": [ 0.0, 2.5, 16.0, 4.0 ] },
						"west": { "texture": "#oak", "uv": [ 0.0, 0.0, 1.5, 1.5 ] },
						"up": { "texture": "#oak", "uv": [ 0.0, 8.0, 16.0, 9.5 ] },
						"down": { "texture": "#oak", "uv": [ 0.0, 0.0, 16.0, 1.5 ] }
					}
				},
				{
					"name": "banner top",
					"from": [ -8.0, 22.0, 1.5 ],
					"to": [ 8.0, 38.0, 1.7 ],
					"renderPass": 2,
					"rotationOrigin": [ 0.5, 38.0, 1.5 ],
					"faces": {
						"north": { "texture": "#topsymbol", "uv": [ 16.0, 0.0, 0.0, 16.0 ], "autoUv": false, "windMode": [9,-1,-1,9], "windData": [0,1,1,0] },
						"south": { "texture": "#topsymbol", "uv": [ 0.0, 0.0, 16.0, 16.0 ], "windMode": [9,9,-1,-1], "windData": [1,1,2,2] }
					},
					"children": [
						{
							"name": "banner bottom",
							"from": [ 0.0, -16.0, 0.0 ],
							"to": [ 16.0, 0.0, 0.2 ],
							"renderPass": 2,
							"rotationOrigin": [ 0.0, -16.0, 0.0 ],
							"faces": {
								"north": { "texture": "#botsymbol", "uv": [ 16.0, 0.0, 0.0, 16.0 ], "autoUv": false, "windMode": [9,9,9,9], "windData": [0,1,1,0] },
								"south": { "texture": "#botsymbol", "uv": [ 0.0, 0.0, 16.0, 16.0 ], "windMode": [9,9,9,9], "windData": [0,0,1,1] }
							}
						}
					]
				}
			]
		}
	]}