[
    {
        "ingredientPattern": "PNC",
        "ingredients": {
            "P": { "type": "item", "code": "wildcrafttree:plank-*" },
            "N": { "type": "item", "code": "game:metalnailsandstrips-*" },
            "C": { "type": "item", "code": "game:cloth-*", "name": "color", "skipVariants": ["mordant"] }
        },
        "width": 1,
        "height": 3,
        "output": { "type": "block", "code": "flags:banner", "attributes": { "banner": { "layers": { "0-b": "{color}" } } } }
    }
]
