{
	"editor": {
		"backDropShape": "entity/humanoid/seraph",
		"allAngles": true,
		"entityTextureMode": false
	},
	"textureWidth": 16,
	"textureHeight": 16,
	"textureSizes": {
		"pendants2": [16,16]
	},
	"textures": {
		"pendants2": "entity/humanoid/seraphclothes/neck/pendants2"
	},
	"elements": [
		{
			"name": "origin",
			"stepParentName": "UpperTorso",
			"from": [ 2.2, 4.6, 2.9 ], 
			"to": [ 2.2, 4.6, 2.9 ], 
			"rotationOrigin": [ 2.2, 4.6, 2.9 ],
			"faces": {
				"north": { "texture": "#pendants2", "uv": [ 0.0, 0.0, 0.5, 0.5 ], "enabled": false },
				"east": { "texture": "#pendants2", "uv": [ 0.0, 0.0, 0.5, 0.5 ], "enabled": false },
				"south": { "texture": "#pendants2", "uv": [ 0.0, 0.0, 0.5, 0.5 ], "enabled": false },
				"west": { "texture": "#pendants2", "uv": [ 0.0, 0.0, 0.5, 0.5 ], "enabled": false },
				"up": { "texture": "#pendants2", "uv": [ 0.0, 0.0, 0.5, 0.5 ], "enabled": false },
				"down": { "texture": "#pendants2", "uv": [ 0.0, 0.0, 0.5, 0.5 ], "enabled": false }
			},
			"children": [
				{
					"name": "pendant",
					"from": [ -2.6, -2.6, -0.3 ], 
					"to": [ -2.1, -1.6, 0.7 ], 
					"rotationOrigin": [ -2.6, -2.6, -0.3 ],
					"rotationZ": 1.0,
					"faces": {
						"north": { "texture": "#pendants2", "uv": [ 14.5, 13.0, 15.0, 14.0 ] },
						"east": { "texture": "#pendants2", "uv": [ 14.5, 13.0, 15.5, 14.0 ] },
						"south": { "texture": "#pendants2", "uv": [ 15.5, 12.0, 16.0, 13.0 ] },
						"west": { "texture": "#pendants2", "uv": [ 14.5, 13.0, 15.5, 14.0 ] },
						"up": { "texture": "#pendants2", "uv": [ 15.0, 12.5, 15.5, 13.5 ] },
						"down": { "texture": "#pendants2", "uv": [ 15.0, 12.5, 15.5, 13.5 ] }
					},
					"children": [
						{
							"name": "Cube11",
							"from": [ 0.1, 1.0, 0.0 ], 
							"to": [ 0.6, 1.5, 1.0 ], 
							"rotationOrigin": [ 0.1, 1.0, 0.0 ],
							"rotationZ": -13.0,
							"faces": {
								"north": { "texture": "#pendants2", "uv": [ 1.5, 13.0, 2.0, 13.5 ] },
								"east": { "texture": "#pendants2", "uv": [ 4.5, 13.0, 5.5, 13.5 ] },
								"south": { "texture": "#pendants2", "uv": [ 4.5, 13.5, 5.0, 14.0 ] },
								"west": { "texture": "#pendants2", "uv": [ 11.0, 15.5, 12.0, 16.0 ] },
								"up": { "texture": "#pendants2", "uv": [ 5.0, 13.5, 6.0, 14.0 ], "rotation": 90 },
								"down": { "texture": "#pendants2", "uv": [ 0.0, 0.0, 0.5, 1.0 ], "enabled": false }
							}
						},
						{
							"name": "Cube12",
							"from": [ 0.1, -0.5, 0.0 ], 
							"to": [ 0.6, 0.0, 1.0 ], 
							"rotationOrigin": [ 0.1, 0.0, 0.0 ],
							"rotationZ": 10.0,
							"faces": {
								"north": { "texture": "#pendants2", "uv": [ 4.0, 14.0, 4.5, 14.5 ] },
								"east": { "texture": "#pendants2", "uv": [ 3.0, 14.0, 4.0, 14.5 ] },
								"south": { "texture": "#pendants2", "uv": [ 5.0, 15.0, 5.5, 15.5 ] },
								"west": { "texture": "#pendants2", "uv": [ 7.5, 15.0, 8.5, 15.5 ] },
								"up": { "texture": "#pendants2", "uv": [ 0.0, 0.0, 0.5, 1.0 ], "enabled": false },
								"down": { "texture": "#pendants2", "uv": [ 2.5, 13.0, 3.5, 13.5 ], "rotation": 90 }
							}
						},
						{
							"name": "Cube13",
							"from": [ 0.1, 0.5, -0.5 ], 
							"to": [ 0.6, 1.0, 0.0 ], 
							"rotationOrigin": [ 0.1, 0.5, 0.0 ],
							"rotationY": -10.0,
							"faces": {
								"north": { "texture": "#pendants2", "uv": [ 3.5, 13.0, 4.0, 13.5 ] },
								"east": { "texture": "#pendants2", "uv": [ 5.0, 14.0, 5.5, 14.5 ] },
								"south": { "texture": "#pendants2", "uv": [ 0.0, 0.0, 0.5, 0.5 ], "enabled": false },
								"west": { "texture": "#pendants2", "uv": [ 5.5, 13.0, 6.0, 13.5 ] },
								"up": { "texture": "#pendants2", "uv": [ 4.0, 14.0, 4.5, 14.5 ] },
								"down": { "texture": "#pendants2", "uv": [ 5.0, 15.0, 5.5, 15.5 ] }
							}
						},
						{
							"name": "Cube14",
							"from": [ 0.1, 0.5, 1.0 ], 
							"to": [ 0.6, 1.0, 1.5 ], 
							"rotationOrigin": [ 0.1, 0.5, 1.0 ],
							"rotationY": 10.0,
							"faces": {
								"north": { "texture": "#pendants2", "uv": [ 7.5, 15.0, 8.0, 15.5 ] },
								"east": { "texture": "#pendants2", "uv": [ 6.5, 13.0, 7.0, 13.5 ] },
								"south": { "texture": "#pendants2", "uv": [ 7.0, 15.0, 7.5, 15.5 ] },
								"west": { "texture": "#pendants2", "uv": [ 7.5, 14.0, 8.0, 14.5 ] },
								"up": { "texture": "#pendants2", "uv": [ 4.0, 13.5, 4.5, 14.0 ] },
								"down": { "texture": "#pendants2", "uv": [ 5.0, 13.0, 5.5, 13.5 ] }
							}
						}
					]
				},
				{
					"name": "pendant7",
					"from": [ -2.6, -4.5, -0.3 ], 
					"to": [ -2.1, -3.5, 0.7 ], 
					"rotationOrigin": [ -2.6, -3.5, -0.3 ],
					"rotationZ": -1.0,
					"faces": {
						"north": { "texture": "#pendants2", "uv": [ 14.5, 12.5, 15.0, 13.5 ] },
						"east": { "texture": "#pendants2", "uv": [ 14.5, 12.5, 15.5, 13.5 ] },
						"south": { "texture": "#pendants2", "uv": [ 15.0, 12.5, 15.5, 13.5 ] },
						"west": { "texture": "#pendants2", "uv": [ 14.0, 12.5, 15.0, 13.5 ] },
						"up": { "texture": "#pendants2", "uv": [ 14.5, 13.0, 15.0, 14.0 ] },
						"down": { "texture": "#pendants2", "uv": [ 14.5, 12.0, 15.0, 13.0 ] }
					},
					"children": [
						{
							"name": "Cube8",
							"from": [ 0.1, 1.0, 0.0 ], 
							"to": [ 0.6, 1.5, 1.0 ], 
							"rotationOrigin": [ 0.1, 1.0, 0.0 ],
							"rotationZ": -10.0,
							"faces": {
								"north": { "texture": "#pendants2", "uv": [ 3.5, 14.5, 4.0, 15.0 ] },
								"east": { "texture": "#pendants2", "uv": [ 6.0, 13.0, 7.0, 13.5 ] },
								"south": { "texture": "#pendants2", "uv": [ 7.0, 14.5, 7.5, 15.0 ] },
								"west": { "texture": "#pendants2", "uv": [ 4.5, 14.5, 5.5, 15.0 ] },
								"up": { "texture": "#pendants2", "uv": [ 6.0, 14.0, 7.0, 14.5 ], "rotation": 90 },
								"down": { "texture": "#pendants2", "uv": [ 0.0, 0.0, 0.5, 1.0 ], "enabled": false }
							}
						},
						{
							"name": "Cube9",
							"from": [ 0.1, -0.5, 0.0 ], 
							"to": [ 0.6, 0.0, 1.0 ], 
							"rotationOrigin": [ 0.1, 0.0, 0.0 ],
							"rotationZ": 13.0,
							"faces": {
								"north": { "texture": "#pendants2", "uv": [ 3.0, 13.5, 3.5, 14.0 ] },
								"east": { "texture": "#pendants2", "uv": [ 3.0, 13.0, 4.0, 13.5 ] },
								"south": { "texture": "#pendants2", "uv": [ 2.0, 14.0, 2.5, 14.5 ] },
								"west": { "texture": "#pendants2", "uv": [ 2.5, 14.0, 3.5, 14.5 ] },
								"up": { "texture": "#pendants2", "uv": [ 0.0, 0.0, 0.5, 1.0 ], "enabled": false },
								"down": { "texture": "#pendants2", "uv": [ 1.5, 12.5, 2.5, 13.0 ], "rotation": 90 }
							}
						},
						{
							"name": "Cube10",
							"from": [ 0.1, -0.1, -0.5 ], 
							"to": [ 0.6, 0.4, 0.0 ], 
							"rotationOrigin": [ 0.1, -0.1, 0.0 ],
							"rotationY": -10.0,
							"faces": {
								"north": { "texture": "#pendants2", "uv": [ 1.0, 12.5, 1.5, 13.0 ] },
								"east": { "texture": "#pendants2", "uv": [ 1.5, 13.5, 2.0, 14.0 ] },
								"south": { "texture": "#pendants2", "uv": [ 0.0, 0.0, 0.5, 0.5 ], "enabled": false },
								"west": { "texture": "#pendants2", "uv": [ 2.5, 13.0, 3.0, 13.5 ] },
								"up": { "texture": "#pendants2", "uv": [ 4.0, 12.5, 4.5, 13.0 ] },
								"down": { "texture": "#pendants2", "uv": [ 4.5, 12.5, 5.0, 13.0 ] }
							}
						},
						{
							"name": "Cube15",
							"from": [ 0.1, -0.1, 1.0 ], 
							"to": [ 0.6, 0.4, 1.5 ], 
							"rotationOrigin": [ 0.1, -0.1, 1.0 ],
							"rotationY": 10.0,
							"faces": {
								"north": { "texture": "#pendants2", "uv": [ 6.0, 13.5, 6.5, 14.0 ] },
								"east": { "texture": "#pendants2", "uv": [ 8.0, 15.0, 8.5, 15.5 ] },
								"south": { "texture": "#pendants2", "uv": [ 9.5, 13.0, 10.0, 13.5 ] },
								"west": { "texture": "#pendants2", "uv": [ 8.0, 14.0, 8.5, 14.5 ] },
								"up": { "texture": "#pendants2", "uv": [ 7.5, 14.0, 8.0, 14.5 ] },
								"down": { "texture": "#pendants2", "uv": [ 10.0, 12.0, 10.5, 12.5 ] }
							}
						}
					]
				},
				{
					"name": "pendant12",
					"from": [ -2.6, -3.6, -1.3 ], 
					"to": [ -2.1, -2.6, -0.3 ], 
					"rotationOrigin": [ -2.6, -3.6, -0.3 ],
					"rotationY": -4.0,
					"rotationZ": 1.0,
					"faces": {
						"north": { "texture": "#pendants2", "uv": [ 15.5, 12.5, 16.0, 13.5 ] },
						"east": { "texture": "#pendants2", "uv": [ 14.5, 12.5, 15.5, 13.5 ] },
						"south": { "texture": "#pendants2", "uv": [ 15.0, 12.5, 15.5, 13.5 ] },
						"west": { "texture": "#pendants2", "uv": [ 15.0, 13.0, 16.0, 14.0 ] },
						"up": { "texture": "#pendants2", "uv": [ 14.5, 13.0, 15.0, 14.0 ] },
						"down": { "texture": "#pendants2", "uv": [ 14.5, 12.5, 15.0, 13.5 ] }
					},
					"children": [
						{
							"name": "Cube16",
							"from": [ 0.1, 1.0, 0.0 ], 
							"to": [ 0.6, 1.5, 1.0 ], 
							"rotationOrigin": [ 0.1, 1.0, 0.0 ],
							"rotationZ": -10.0,
							"faces": {
								"north": { "texture": "#pendants2", "uv": [ 4.0, 13.0, 4.5, 13.5 ] },
								"east": { "texture": "#pendants2", "uv": [ 4.5, 12.5, 5.5, 13.0 ] },
								"south": { "texture": "#pendants2", "uv": [ 6.0, 14.0, 6.5, 14.5 ] },
								"west": { "texture": "#pendants2", "uv": [ 10.0, 13.0, 11.0, 13.5 ] },
								"up": { "texture": "#pendants2", "uv": [ 3.0, 13.0, 4.0, 13.5 ], "rotation": 90 },
								"down": { "texture": "#pendants2", "uv": [ 0.0, 0.0, 0.5, 1.0 ], "enabled": false }
							}
						},
						{
							"name": "Cube16",
							"from": [ 0.1, -0.5, 0.0 ], 
							"to": [ 0.6, 0.0, 1.0 ], 
							"rotationOrigin": [ 0.1, 0.0, 0.0 ],
							"rotationZ": 10.0,
							"faces": {
								"north": { "texture": "#pendants2", "uv": [ 6.5, 14.5, 7.0, 15.0 ] },
								"east": { "texture": "#pendants2", "uv": [ 8.0, 12.5, 9.0, 13.0 ] },
								"south": { "texture": "#pendants2", "uv": [ 6.0, 13.5, 6.5, 14.0 ] },
								"west": { "texture": "#pendants2", "uv": [ 11.0, 13.0, 12.0, 13.5 ] },
								"up": { "texture": "#pendants2", "uv": [ 0.0, 0.0, 0.5, 1.0 ], "enabled": false },
								"down": { "texture": "#pendants2", "uv": [ 2.5, 14.0, 3.5, 14.5 ], "rotation": 90 }
							}
						},
						{
							"name": "Cube16",
							"from": [ 0.1, 0.0, -0.5 ], 
							"to": [ 0.6, 1.0, 0.0 ], 
							"rotationOrigin": [ 0.1, 0.0, 0.0 ],
							"rotationY": -13.0,
							"faces": {
								"north": { "texture": "#pendants2", "uv": [ 3.5, 14.5, 4.0, 15.5 ] },
								"east": { "texture": "#pendants2", "uv": [ 6.5, 14.0, 7.0, 15.0 ] },
								"south": { "texture": "#pendants2", "uv": [ 0.0, 0.0, 0.5, 1.0 ], "enabled": false },
								"west": { "texture": "#pendants2", "uv": [ 0.0, 13.0, 0.5, 14.0 ] },
								"up": { "texture": "#pendants2", "uv": [ 3.5, 13.5, 4.0, 14.0 ] },
								"down": { "texture": "#pendants2", "uv": [ 5.5, 12.5, 6.0, 13.0 ] }
							}
						}
					]
				},
				{
					"name": "pendant17",
					"from": [ -2.6, -3.6, 0.7 ], 
					"to": [ -2.1, -2.6, 1.7 ], 
					"rotationOrigin": [ -2.6, -3.6, 0.7 ],
					"rotationY": 4.0,
					"rotationZ": 1.0,
					"faces": {
						"north": { "texture": "#pendants2", "uv": [ 14.0, 12.5, 14.5, 13.5 ] },
						"east": { "texture": "#pendants2", "uv": [ 14.5, 12.5, 15.5, 13.5 ] },
						"south": { "texture": "#pendants2", "uv": [ 14.5, 12.0, 15.0, 13.0 ] },
						"west": { "texture": "#pendants2", "uv": [ 15.0, 12.0, 16.0, 13.0 ] },
						"up": { "texture": "#pendants2", "uv": [ 14.5, 12.0, 15.0, 13.0 ] },
						"down": { "texture": "#pendants2", "uv": [ 15.0, 12.5, 15.5, 13.5 ] }
					},
					"children": [
						{
							"name": "Cube18",
							"from": [ 0.1, 1.0, 0.0 ], 
							"to": [ 0.6, 1.5, 1.0 ], 
							"rotationOrigin": [ 0.1, 1.0, 0.0 ],
							"rotationZ": -8.0,
							"faces": {
								"north": { "texture": "#pendants2", "uv": [ 4.5, 14.0, 5.0, 14.5 ] },
								"east": { "texture": "#pendants2", "uv": [ 1.5, 13.0, 2.5, 13.5 ] },
								"south": { "texture": "#pendants2", "uv": [ 9.5, 14.5, 10.0, 15.0 ] },
								"west": { "texture": "#pendants2", "uv": [ 10.5, 13.0, 11.5, 13.5 ] },
								"up": { "texture": "#pendants2", "uv": [ 7.5, 13.5, 8.5, 14.0 ], "rotation": 90 },
								"down": { "texture": "#pendants2", "uv": [ 0.0, 0.0, 0.5, 1.0 ], "enabled": false }
							}
						},
						{
							"name": "Cube19",
							"from": [ 0.1, -0.5, 0.0 ], 
							"to": [ 0.6, 0.0, 1.0 ], 
							"rotationOrigin": [ 0.1, 0.0, 0.0 ],
							"rotationZ": 10.0,
							"faces": {
								"north": { "texture": "#pendants2", "uv": [ 6.5, 12.0, 7.0, 12.5 ] },
								"east": { "texture": "#pendants2", "uv": [ 5.0, 13.0, 6.0, 13.5 ] },
								"south": { "texture": "#pendants2", "uv": [ 4.5, 13.0, 5.0, 13.5 ] },
								"west": { "texture": "#pendants2", "uv": [ 10.5, 12.0, 11.5, 12.5 ] },
								"up": { "texture": "#pendants2", "uv": [ 0.0, 0.0, 0.5, 1.0 ], "enabled": false },
								"down": { "texture": "#pendants2", "uv": [ 4.0, 15.0, 5.0, 15.5 ], "rotation": 90 }
							}
						},
						{
							"name": "Cube21",
							"from": [ 0.1, 0.0, 1.0 ], 
							"to": [ 0.6, 1.0, 1.5 ], 
							"rotationOrigin": [ 0.1, 0.0, 1.0 ],
							"rotationY": 13.0,
							"faces": {
								"north": { "texture": "#pendants2", "uv": [ 6.5, 13.5, 7.0, 14.5 ] },
								"east": { "texture": "#pendants2", "uv": [ 6.5, 14.0, 7.0, 15.0 ] },
								"south": { "texture": "#pendants2", "uv": [ 6.5, 13.0, 7.0, 14.0 ] },
								"west": { "texture": "#pendants2", "uv": [ 6.0, 12.5, 6.5, 13.5 ] },
								"up": { "texture": "#pendants2", "uv": [ 5.0, 13.0, 5.5, 13.5 ] },
								"down": { "texture": "#pendants2", "uv": [ 7.5, 12.5, 8.0, 13.0 ] }
							}
						}
					]
				}
			]
		}
	]}