﻿[
 {
   file: "expandedfoods:recipes/kneading/breadedmushroom.json",
    op: "addmerge", 
    path: "/0/ingredients/2/inputs/-", 
    value: { type: "item", code: "acorns:flour-acorn", quantity: 1 },
    "side": "server",
    dependsOn: [{ "modid": "acorns" }]
 },
 {
   file: "expandedfoods:recipes/kneading/breadedmushroom.json",
    op: "addmerge", 
    path: "/1/ingredients/2/inputs/-", 
    value: { type: "item", code: "acorns:flour-acorn", quantity: 1 },
    "side": "server",
    dependsOn: [{ "modid": "acorns" }]
 },
 {
   file: "expandedfoods:recipes/kneading/breadedmushroom.json",
    op: "addmerge", 
    path: "/2/ingredients/2/inputs/-", 
    value: { type: "item", code: "acorns:flour-acorn", quantity: 1 },
    "side": "server",
    dependsOn: [{ "modid": "acorns" }]
 },
 {
   file: "expandedfoods:recipes/kneading/breadedmushroom.json",
    op: "addmerge", 
    path: "/3/ingredients/2/inputs/-", 
    value: { type: "item", code: "acorns:flour-acorn", quantity: 1 },
    "side": "server",
    dependsOn: [{ "modid": "acorns" }]
 },
]