﻿[
 {
   file: "expandedfoods:recipes/kneading/fruitbar.json",
    op: "addmerge", 
    path: "/0/ingredients/0/inputs/-", 
    value: { type: "item", code: "expandedfoods:acornportion", quantity: 2 },
    "side": "server",
    dependsOn: [{ "modid": "acorns" }]
 },
 {
   file: "expandedfoods:recipes/kneading/fruitbar.json",
    op: "addmerge", 
    path: "/0/ingredients/0/inputs/-", 
    value: { type: "item", code: "acorns:acorn-meal", quantity: 1 },
    "side": "server",
    dependsOn: [{ "modid": "acorns" }]
 },
 {
   file: "expandedfoods:recipes/kneading/fruitbar.json",
    op: "addmerge", 
    path: "/1/ingredients/0/inputs/-", 
    value: { type: "item", code: "expandedfoods:acornportion", quantity: 2 },
    "side": "server",
    dependsOn: [{ "modid": "acorns" }]
 },
 {
   file: "expandedfoods:recipes/kneading/fruitbar.json",
    op: "addmerge", 
    path: "/1/ingredients/0/inputs/-", 
    value: { type: "item", code: "acorns:acorn-meal", quantity: 1 },
    "side": "server",
    dependsOn: [{ "modid": "acorns" }]
 },
]