﻿[
 {
   file: "expandedfoods:recipes/kneading/wildcraftherb/breadedmushroomherb.json",
    op: "addmerge", 
    path: "/0/enabled", 
    value: "false",
    "side": "server",
    dependsOn: [{ "modid": "wildcraftherb" , "invert": true}]
 },
 {
   file: "expandedfoods:recipes/kneading/wildcraftherb/breadedmushroomherb.json",
    op: "addmerge", 
    path: "/1/enabled", 
    value: "false",
    "side": "server",
    dependsOn: [{ "modid": "wildcraftherb" , "invert": true}]
 },
 {
   file: "expandedfoods:recipes/kneading/wildcraftherb/breadedmushroomherb.json",
    op: "addmerge", 
    path: "/2/enabled", 
    value: "false",
    "side": "server",
    dependsOn: [{ "modid": "wildcraftherb" , "invert": true}]
 },
 {
   file: "expandedfoods:recipes/kneading/wildcraftherb/breadedmushroomherb.json",
    op: "addmerge", 
    path: "/3/enabled", 
    value: "false",
    "side": "server",
    dependsOn: [{ "modid": "wildcraftherb" , "invert": true}]
 },
 {
   file: "expandedfoods:recipes/kneading/wildcraftherb/breadedmushroomherb.json",
    op: "addmerge", 
    path: "/4/enabled", 
    value: "false",
    "side": "server",
    dependsOn: [{ "modid": "wildcraftherb" , "invert": true}]
 },
 {
   file: "expandedfoods:recipes/kneading/wildcraftherb/breadedmushroomherb.json",
    op: "addmerge", 
    path: "/5/enabled", 
    value: "false",
    "side": "server",
    dependsOn: [{ "modid": "wildcraftherb" , "invert": true}]
 },
 {
   file: "expandedfoods:recipes/kneading/wildcraftherb/breadedmushroomherb.json",
    op: "addmerge", 
    path: "/6/enabled", 
    value: "false",
    "side": "server",
    dependsOn: [{ "modid": "wildcraftherb" , "invert": true}]
 },
 {
   file: "expandedfoods:recipes/kneading/wildcraftherb/breadedmushroomherb.json",
    op: "addmerge", 
    path: "/7/enabled", 
    value: "false",
    "side": "server",
    dependsOn: [{ "modid": "wildcraftherb" , "invert": true}]
 },
 {
   file: "expandedfoods:recipes/kneading/wildcraftherb/breadedmushroomherb.json",
    op: "addmerge", 
    path: "/8/enabled", 
    value: "false",
    "side": "server",
    dependsOn: [{ "modid": "wildcraftherb" , "invert": true}]
 },
 {
   file: "expandedfoods:recipes/kneading/wildcraftherb/breadedmushroomherb.json",
    op: "addmerge", 
    path: "/9/enabled", 
    value: "false",
    "side": "server",
    dependsOn: [{ "modid": "wildcraftherb" , "invert": true}]
 },
 {
   file: "expandedfoods:recipes/kneading/wildcraftherb/breadedmushroomherb.json",
    op: "addmerge", 
    path: "/10/enabled", 
    value: "false",
    "side": "server",
    dependsOn: [{ "modid": "wildcraftherb" , "invert": true}]
 },
 {
   file: "expandedfoods:recipes/kneading/wildcraftherb/breadedmushroomherb.json",
    op: "addmerge", 
    path: "/11/enabled", 
    value: "false",
    "side": "server",
    dependsOn: [{ "modid": "wildcraftherb" , "invert": true}]
 },
]