[
  {
    "op": "remove",
    "path": "/editor/backDropShape",
    "file": "game:shapes/entity/humanoid/seraphskinparts/hair-face/mst-line20-seagull.json"
  },
  {
    "op": "replace",
    "path": "/elements/0/children",
    "value": [
      {
        "name": "Cube2",
        "from": [
          0.2,
          3.0,
          2.5
        ],
        "to": [
          1.2,
          4.3,
          3.5
        ],
        "uv": [
          30.0,
          1.125
        ],
        "rotationOrigin": [
          0.7,
          3.0,
          3.0
        ],
        "rotationY": -60.0,
        "rotationZ": -75.0,
        "faces": {
          "north": {
            "texture": "#seraph",
            "uv": [
              30.0,
              1.875,
              30.75,
              3.0
            ]
          },
          "east": {
            "texture": "#seraph",
            "uv": [
              30.75,
              1.875,
              31.5,
              3.0
            ]
          },
          "south": {
            "texture": "#seraph",
            "uv": [
              31.5,
              1.875,
              32.25,
              3.0
            ]
          },
          "west": {
            "texture": "#seraph",
            "uv": [
              32.25,
              1.875,
              33.0,
              3.0
            ]
          },
          "up": {
            "texture": "#seraph",
            "uv": [
              30.0,
              1.125,
              30.75,
              1.875
            ]
          },
          "down": {
            "texture": "#seraph",
            "uv": [
              30.75,
              1.125,
              31.5,
              1.875
            ]
          }
        }
      },
      {
        "name": "Cube3",
        "from": [
          1.2,
          3.2,
          2.5
        ],
        "to": [
          2.2,
          4.8,
          3.5
        ],
        "uv": [
          27.75,
          0.375
        ],
        "rotationOrigin": [
          1.7,
          3.2,
          3.0
        ],
        "rotationX": -25.0,
        "rotationY": -60.0,
        "rotationZ": -75.0,
        "faces": {
          "north": {
            "texture": "#seraph",
            "uv": [
              27.75,
              1.125,
              28.5,
              2.625
            ]
          },
          "east": {
            "texture": "#seraph",
            "uv": [
              28.5,
              1.125,
              29.25,
              2.625
            ]
          },
          "south": {
            "texture": "#seraph",
            "uv": [
              29.25,
              1.125,
              30.0,
              2.625
            ]
          },
          "west": {
            "texture": "#seraph",
            "uv": [
              30.0,
              1.125,
              30.75,
              2.625
            ]
          },
          "up": {
            "texture": "#seraph",
            "uv": [
              27.75,
              0.375,
              28.5,
              1.125
            ]
          },
          "down": {
            "texture": "#seraph",
            "uv": [
              28.5,
              0.375,
              29.25,
              1.125
            ]
          }
        }
      },
      {
        "name": "Cube4",
        "from": [
          2.2,
          3.4,
          2.5
        ],
        "to": [
          3.2,
          5.5,
          3.5
        ],
        "uv": [
          27.0,
          -0.25
        ],
        "rotationOrigin": [
          2.7,
          3.4,
          3.0
        ],
        "rotationX": -40.0,
        "rotationY": -60.0,
        "rotationZ": -75.0,
        "faces": {
          "north": {
            "texture": "#seraph",
            "uv": [
              27.0,
              1.0,
              28.0,
              3.0
            ]
          },
          "east": {
            "texture": "#seraph",
            "uv": [
              28.0,
              1.0,
              29.0,
              3.0
            ]
          },
          "south": {
            "texture": "#seraph",
            "uv": [
              29.0,
              1.0,
              30.0,
              3.0
            ]
          },
          "west": {
            "texture": "#seraph",
            "uv": [
              30.0,
              1.0,
              31.0,
              3.0
            ]
          },
          "up": {
            "texture": "#seraph",
            "uv": [
              27.0,
              0.0,
              28.0,
              1.0
            ]
          },
          "down": {
            "texture": "#seraph",
            "uv": [
              28.0,
              0.0,
              29.0,
              1.0
            ]
          }
        }
      },
      {
        "name": "Cube5",
        "from": [
          0.2,
          3.0,
          -1.5
        ],
        "to": [
          1.2,
          4.3,
          -0.5
        ],
        "uv": [
          28.5,
          1.125
        ],
        "rotationOrigin": [
          0.7,
          3.0,
          -1.0
        ],
        "rotationY": 60.0,
        "rotationZ": -75.0,
        "faces": {
          "north": {
            "texture": "#seraph",
            "uv": [
              28.5,
              1.875,
              29.25,
              3.0
            ]
          },
          "east": {
            "texture": "#seraph",
            "uv": [
              29.25,
              1.875,
              30.0,
              3.0
            ]
          },
          "south": {
            "texture": "#seraph",
            "uv": [
              30.0,
              1.875,
              30.75,
              3.0
            ]
          },
          "west": {
            "texture": "#seraph",
            "uv": [
              30.75,
              1.875,
              31.5,
              3.0
            ]
          },
          "up": {
            "texture": "#seraph",
            "uv": [
              28.5,
              1.125,
              29.25,
              1.875
            ]
          },
          "down": {
            "texture": "#seraph",
            "uv": [
              29.25,
              1.125,
              30.0,
              1.875
            ]
          }
        }
      },
      {
        "name": "Cube6",
        "from": [
          1.2,
          3.2,
          -1.5
        ],
        "to": [
          2.2,
          4.8,
          -0.5
        ],
        "uv": [
          27.375,
          0.125
        ],
        "rotationOrigin": [
          1.7,
          3.2,
          -1.0
        ],
        "rotationX": 25.0,
        "rotationY": 60.0,
        "rotationZ": -75.0,
        "faces": {
          "north": {
            "texture": "#seraph",
            "uv": [
              27.5,
              1.5,
              28.5,
              3.0
            ]
          },
          "east": {
            "texture": "#seraph",
            "uv": [
              28.5,
              1.5,
              29.5,
              3.0
            ]
          },
          "south": {
            "texture": "#seraph",
            "uv": [
              29.5,
              1.5,
              30.5,
              3.0
            ]
          },
          "west": {
            "texture": "#seraph",
            "uv": [
              30.5,
              1.5,
              31.5,
              3.0
            ]
          },
          "up": {
            "texture": "#seraph",
            "uv": [
              27.5,
              0.0,
              28.5,
              1.0
            ]
          },
          "down": {
            "texture": "#seraph",
            "uv": [
              28.5,
              0.0,
              29.5,
              1.0
            ]
          }
        }
      },
      {
        "name": "Cube7",
        "from": [
          2.2,
          3.4,
          -1.5
        ],
        "to": [
          3.2,
          5.5,
          -0.5
        ],
        "uv": [
          28.5,
          0.375
        ],
        "rotationOrigin": [
          2.7,
          3.4,
          -1.0
        ],
        "rotationX": 40.0,
        "rotationY": 60.0,
        "rotationZ": -75.0,
        "faces": {
          "north": {
            "texture": "#seraph",
            "uv": [
              28.5,
              1.125,
              29.25,
              3.0
            ]
          },
          "east": {
            "texture": "#seraph",
            "uv": [
              29.25,
              1.125,
              30.0,
              3.0
            ]
          },
          "south": {
            "texture": "#seraph",
            "uv": [
              30.0,
              1.125,
              30.75,
              3.0
            ]
          },
          "west": {
            "texture": "#seraph",
            "uv": [
              30.75,
              1.125,
              31.5,
              3.0
            ]
          },
          "up": {
            "texture": "#seraph",
            "uv": [
              28.5,
              0.375,
              29.25,
              1.125
            ]
          },
          "down": {
            "texture": "#seraph",
            "uv": [
              29.25,
              0.375,
              30.0,
              1.125
            ]
          }
        }
      }
    ],
    "file": "game:shapes/entity/humanoid/seraphskinparts/hair-face/mst-line20-seagull.json"
  },
  {
    "op": "replace",
    "path": "/elements/0/faces/down/texture",
    "value": "#seraph",
    "file": "game:shapes/entity/humanoid/seraphskinparts/hair-face/mst-line20-seagull.json"
  },
  {
    "op": "replace",
    "path": "/elements/0/faces/down/uv/0",
    "value": 27.375,
    "file": "game:shapes/entity/humanoid/seraphskinparts/hair-face/mst-line20-seagull.json"
  },
  {
    "op": "replace",
    "path": "/elements/0/faces/down/uv/1",
    "value": 2.25,
    "file": "game:shapes/entity/humanoid/seraphskinparts/hair-face/mst-line20-seagull.json"
  },
  {
    "op": "replace",
    "path": "/elements/0/faces/down/uv/2",
    "value": 29.25,
    "file": "game:shapes/entity/humanoid/seraphskinparts/hair-face/mst-line20-seagull.json"
  },
  {
    "op": "replace",
    "path": "/elements/0/faces/down/uv/3",
    "value": 2.625,
    "file": "game:shapes/entity/humanoid/seraphskinparts/hair-face/mst-line20-seagull.json"
  },
  {
    "op": "replace",
    "path": "/elements/0/faces/east/texture",
    "value": "#seraph",
    "file": "game:shapes/entity/humanoid/seraphskinparts/hair-face/mst-line20-seagull.json"
  },
  {
    "op": "replace",
    "path": "/elements/0/faces/east/uv/0",
    "value": 27.375,
    "file": "game:shapes/entity/humanoid/seraphskinparts/hair-face/mst-line20-seagull.json"
  },
  {
    "op": "replace",
    "path": "/elements/0/faces/east/uv/1",
    "value": 1.875,
    "file": "game:shapes/entity/humanoid/seraphskinparts/hair-face/mst-line20-seagull.json"
  },
  {
    "op": "replace",
    "path": "/elements/0/faces/east/uv/2",
    "value": 29.25,
    "file": "game:shapes/entity/humanoid/seraphskinparts/hair-face/mst-line20-seagull.json"
  },
  {
    "op": "replace",
    "path": "/elements/0/faces/east/uv/3",
    "value": 2.25,
    "file": "game:shapes/entity/humanoid/seraphskinparts/hair-face/mst-line20-seagull.json"
  },
  {
    "op": "replace",
    "path": "/elements/0/faces/north/texture",
    "value": "#seraph",
    "file": "game:shapes/entity/humanoid/seraphskinparts/hair-face/mst-line20-seagull.json"
  },
  {
    "op": "replace",
    "path": "/elements/0/faces/north/uv/0",
    "value": 29.25,
    "file": "game:shapes/entity/humanoid/seraphskinparts/hair-face/mst-line20-seagull.json"
  },
  {
    "op": "replace",
    "path": "/elements/0/faces/north/uv/1",
    "value": 1.875,
    "file": "game:shapes/entity/humanoid/seraphskinparts/hair-face/mst-line20-seagull.json"
  },
  {
    "op": "replace",
    "path": "/elements/0/faces/north/uv/2",
    "value": 29.625,
    "file": "game:shapes/entity/humanoid/seraphskinparts/hair-face/mst-line20-seagull.json"
  },
  {
    "op": "replace",
    "path": "/elements/0/faces/north/uv/3",
    "value": 2.25,
    "file": "game:shapes/entity/humanoid/seraphskinparts/hair-face/mst-line20-seagull.json"
  },
  {
    "op": "replace",
    "path": "/elements/0/faces/south/texture",
    "value": "#seraph",
    "file": "game:shapes/entity/humanoid/seraphskinparts/hair-face/mst-line20-seagull.json"
  },
  {
    "op": "replace",
    "path": "/elements/0/faces/south/uv/0",
    "value": 27.0,
    "file": "game:shapes/entity/humanoid/seraphskinparts/hair-face/mst-line20-seagull.json"
  },
  {
    "op": "replace",
    "path": "/elements/0/faces/south/uv/1",
    "value": 1.875,
    "file": "game:shapes/entity/humanoid/seraphskinparts/hair-face/mst-line20-seagull.json"
  },
  {
    "op": "replace",
    "path": "/elements/0/faces/south/uv/2",
    "value": 27.375,
    "file": "game:shapes/entity/humanoid/seraphskinparts/hair-face/mst-line20-seagull.json"
  },
  {
    "op": "replace",
    "path": "/elements/0/faces/south/uv/3",
    "value": 2.25,
    "file": "game:shapes/entity/humanoid/seraphskinparts/hair-face/mst-line20-seagull.json"
  },
  {
    "op": "replace",
    "path": "/elements/0/faces/up/texture",
    "value": "#seraph",
    "file": "game:shapes/entity/humanoid/seraphskinparts/hair-face/mst-line20-seagull.json"
  },
  {
    "op": "replace",
    "path": "/elements/0/faces/up/uv/0",
    "value": 27.375,
    "file": "game:shapes/entity/humanoid/seraphskinparts/hair-face/mst-line20-seagull.json"
  },
  {
    "op": "replace",
    "path": "/elements/0/faces/up/uv/1",
    "value": 1.5,
    "file": "game:shapes/entity/humanoid/seraphskinparts/hair-face/mst-line20-seagull.json"
  },
  {
    "op": "replace",
    "path": "/elements/0/faces/up/uv/2",
    "value": 29.25,
    "file": "game:shapes/entity/humanoid/seraphskinparts/hair-face/mst-line20-seagull.json"
  },
  {
    "op": "replace",
    "path": "/elements/0/faces/up/uv/3",
    "value": 1.875,
    "file": "game:shapes/entity/humanoid/seraphskinparts/hair-face/mst-line20-seagull.json"
  },
  {
    "op": "replace",
    "path": "/elements/0/faces/west/texture",
    "value": "#seraph",
    "file": "game:shapes/entity/humanoid/seraphskinparts/hair-face/mst-line20-seagull.json"
  },
  {
    "op": "replace",
    "path": "/elements/0/faces/west/uv/0",
    "value": 29.625,
    "file": "game:shapes/entity/humanoid/seraphskinparts/hair-face/mst-line20-seagull.json"
  },
  {
    "op": "replace",
    "path": "/elements/0/faces/west/uv/1",
    "value": 1.875,
    "file": "game:shapes/entity/humanoid/seraphskinparts/hair-face/mst-line20-seagull.json"
  },
  {
    "op": "replace",
    "path": "/elements/0/faces/west/uv/2",
    "value": 31.5,
    "file": "game:shapes/entity/humanoid/seraphskinparts/hair-face/mst-line20-seagull.json"
  },
  {
    "op": "replace",
    "path": "/elements/0/faces/west/uv/3",
    "value": 2.25,
    "file": "game:shapes/entity/humanoid/seraphskinparts/hair-face/mst-line20-seagull.json"
  },
  {
    "op": "replace",
    "path": "/elements/0/from/0",
    "value": -0.1,
    "file": "game:shapes/entity/humanoid/seraphskinparts/hair-face/mst-line20-seagull.json"
  },
  {
    "op": "replace",
    "path": "/elements/0/to/0",
    "value": 0.3,
    "file": "game:shapes/entity/humanoid/seraphskinparts/hair-face/mst-line20-seagull.json"
  },
  {
    "op": "replace",
    "path": "/elements/0/to/1",
    "value": 1.4,
    "file": "game:shapes/entity/humanoid/seraphskinparts/hair-face/mst-line20-seagull.json"
  },
  {
    "op": "replace",
    "path": "/elements/0/uv/0",
    "value": 26.875,
    "file": "game:shapes/entity/humanoid/seraphskinparts/hair-face/mst-line20-seagull.json"
  },
  {
    "op": "replace",
    "path": "/elements/0/uv/1",
    "value": 1.375,
    "file": "game:shapes/entity/humanoid/seraphskinparts/hair-face/mst-line20-seagull.json"
  },
  {
    "op": "replace",
    "path": "/textureHeight",
    "value": 64,
    "file": "game:shapes/entity/humanoid/seraphskinparts/hair-face/mst-line20-seagull.json"
  },
  {
    "op": "remove",
    "path": "/textureSizes/hair",
    "file": "game:shapes/entity/humanoid/seraphskinparts/hair-face/mst-line20-seagull.json"
  },
  {
    "op": "add",
    "path": "/textureSizes/seraph",
    "value": [
      64,
      64
    ],
    "file": "game:shapes/entity/humanoid/seraphskinparts/hair-face/mst-line20-seagull.json"
  },
  {
    "op": "replace",
    "path": "/textureWidth",
    "value": 64,
    "file": "game:shapes/entity/humanoid/seraphskinparts/hair-face/mst-line20-seagull.json"
  }
]