[
  {
    "op": "remove",
    "path": "/editor/backDropShape",
    "file": "game:shapes/entity/humanoid/seraphskinparts/hair-face/mst-line10-sheriff.json"
  },
  {
    "op": "remove",
    "path": "/elements/0/children/0/unwrapMode",
    "file": "game:shapes/entity/humanoid/seraphskinparts/hair-face/mst-line10-sheriff.json"
  },
  {
    "op": "add",
    "path": "/elements/0/children/0/autoUnwrap",
    "value": false,
    "file": "game:shapes/entity/humanoid/seraphskinparts/hair-face/mst-line10-sheriff.json"
  },
  {
    "op": "add",
    "path": "/elements/0/children/0/children",
    "value": [
      {
        "name": "Cube3",
        "from": [
          0.1,
          1.8,
          0.1
        ],
        "to": [
          1.4,
          3.3,
          1.4
        ],
        "autoUnwrap": false,
        "uv": [
          26.75,
          -0.5
        ],
        "rotationOrigin": [
          0.6,
          1.8,
          0.75
        ],
        "rotationX": 15.0,
        "rotationZ": -8.0,
        "faces": {
          "north": {
            "texture": "#seraph",
            "uv": [
              28.5,
              0.5,
              29.5,
              2.0
            ]
          },
          "east": {
            "texture": "#seraph",
            "uv": [
              28.0,
              0.5,
              29.0,
              2.0
            ]
          },
          "south": {
            "texture": "#seraph",
            "uv": [
              29.0,
              0.5,
              30.0,
              2.0
            ]
          },
          "west": {
            "texture": "#seraph",
            "uv": [
              30.0,
              0.5,
              31.0,
              2.0
            ]
          },
          "up": {
            "texture": "#seraph",
            "uv": [
              30.5,
              1.0,
              31.5,
              2.0
            ]
          }
        },
        "children": [
          {
            "name": "Cube4",
            "from": [
              0.1,
              1.3,
              0.1
            ],
            "to": [
              1.2,
              2.3,
              1.2
            ],
            "uv": [
              28.0,
              0.25
            ],
            "rotationOrigin": [
              0.6,
              1.3,
              0.65
            ],
            "rotationX": 15.0,
            "rotationZ": -8.0,
            "faces": {
              "north": {
                "texture": "#seraph",
                "uv": [
                  28.0,
                  1.5,
                  29.0,
                  2.5
                ]
              },
              "east": {
                "texture": "#seraph",
                "uv": [
                  29.0,
                  1.5,
                  30.0,
                  2.5
                ]
              },
              "south": {
                "texture": "#seraph",
                "uv": [
                  30.0,
                  1.5,
                  31.0,
                  2.5
                ]
              },
              "west": {
                "texture": "#seraph",
                "uv": [
                  31.0,
                  1.5,
                  32.0,
                  2.5
                ]
              },
              "up": {
                "texture": "#seraph",
                "uv": [
                  28.0,
                  0.5,
                  29.0,
                  1.5
                ]
              }
            }
          }
        ]
      }
    ],
    "file": "game:shapes/entity/humanoid/seraphskinparts/hair-face/mst-line10-sheriff.json"
  },
  {
    "op": "add",
    "path": "/elements/0/children/0/rotationZ",
    "value": -15.0,
    "file": "game:shapes/entity/humanoid/seraphskinparts/hair-face/mst-line10-sheriff.json"
  },
  {
    "op": "remove",
    "path": "/elements/0/children/0/faces/down",
    "file": "game:shapes/entity/humanoid/seraphskinparts/hair-face/mst-line10-sheriff.json"
  },
  {
    "op": "replace",
    "path": "/elements/0/children/0/faces/east/texture",
    "value": "#seraph",
    "file": "game:shapes/entity/humanoid/seraphskinparts/hair-face/mst-line10-sheriff.json"
  },
  {
    "op": "replace",
    "path": "/elements/0/children/0/faces/east/uv/0",
    "value": 28.0,
    "file": "game:shapes/entity/humanoid/seraphskinparts/hair-face/mst-line10-sheriff.json"
  },
  {
    "op": "replace",
    "path": "/elements/0/children/0/faces/east/uv/1",
    "value": 0.5,
    "file": "game:shapes/entity/humanoid/seraphskinparts/hair-face/mst-line10-sheriff.json"
  },
  {
    "op": "replace",
    "path": "/elements/0/children/0/faces/east/uv/2",
    "value": 29.5,
    "file": "game:shapes/entity/humanoid/seraphskinparts/hair-face/mst-line10-sheriff.json"
  },
  {
    "op": "replace",
    "path": "/elements/0/children/0/faces/east/uv/3",
    "value": 2.5,
    "file": "game:shapes/entity/humanoid/seraphskinparts/hair-face/mst-line10-sheriff.json"
  },
  {
    "op": "replace",
    "path": "/elements/0/children/0/faces/north/texture",
    "value": "#seraph",
    "file": "game:shapes/entity/humanoid/seraphskinparts/hair-face/mst-line10-sheriff.json"
  },
  {
    "op": "replace",
    "path": "/elements/0/children/0/faces/north/uv/0",
    "value": 28.5,
    "file": "game:shapes/entity/humanoid/seraphskinparts/hair-face/mst-line10-sheriff.json"
  },
  {
    "op": "replace",
    "path": "/elements/0/children/0/faces/north/uv/1",
    "value": 0.5,
    "file": "game:shapes/entity/humanoid/seraphskinparts/hair-face/mst-line10-sheriff.json"
  },
  {
    "op": "replace",
    "path": "/elements/0/children/0/faces/north/uv/2",
    "value": 30.0,
    "file": "game:shapes/entity/humanoid/seraphskinparts/hair-face/mst-line10-sheriff.json"
  },
  {
    "op": "replace",
    "path": "/elements/0/children/0/faces/north/uv/3",
    "value": 2.5,
    "file": "game:shapes/entity/humanoid/seraphskinparts/hair-face/mst-line10-sheriff.json"
  },
  {
    "op": "replace",
    "path": "/elements/0/children/0/faces/south/texture",
    "value": "#seraph",
    "file": "game:shapes/entity/humanoid/seraphskinparts/hair-face/mst-line10-sheriff.json"
  },
  {
    "op": "replace",
    "path": "/elements/0/children/0/faces/south/uv/0",
    "value": 29.5,
    "file": "game:shapes/entity/humanoid/seraphskinparts/hair-face/mst-line10-sheriff.json"
  },
  {
    "op": "replace",
    "path": "/elements/0/children/0/faces/south/uv/1",
    "value": 0.5,
    "file": "game:shapes/entity/humanoid/seraphskinparts/hair-face/mst-line10-sheriff.json"
  },
  {
    "op": "replace",
    "path": "/elements/0/children/0/faces/south/uv/2",
    "value": 31.0,
    "file": "game:shapes/entity/humanoid/seraphskinparts/hair-face/mst-line10-sheriff.json"
  },
  {
    "op": "replace",
    "path": "/elements/0/children/0/faces/south/uv/3",
    "value": 2.5,
    "file": "game:shapes/entity/humanoid/seraphskinparts/hair-face/mst-line10-sheriff.json"
  },
  {
    "op": "remove",
    "path": "/elements/0/children/0/faces/up/rotation",
    "file": "game:shapes/entity/humanoid/seraphskinparts/hair-face/mst-line10-sheriff.json"
  },
  {
    "op": "replace",
    "path": "/elements/0/children/0/faces/up/texture",
    "value": "#seraph",
    "file": "game:shapes/entity/humanoid/seraphskinparts/hair-face/mst-line10-sheriff.json"
  },
  {
    "op": "replace",
    "path": "/elements/0/children/0/faces/up/uv/0",
    "value": 28.0,
    "file": "game:shapes/entity/humanoid/seraphskinparts/hair-face/mst-line10-sheriff.json"
  },
  {
    "op": "replace",
    "path": "/elements/0/children/0/faces/up/uv/1",
    "value": 0.5,
    "file": "game:shapes/entity/humanoid/seraphskinparts/hair-face/mst-line10-sheriff.json"
  },
  {
    "op": "replace",
    "path": "/elements/0/children/0/faces/up/uv/2",
    "value": 29.5,
    "file": "game:shapes/entity/humanoid/seraphskinparts/hair-face/mst-line10-sheriff.json"
  },
  {
    "op": "replace",
    "path": "/elements/0/children/0/faces/up/uv/3",
    "value": 2.0,
    "file": "game:shapes/entity/humanoid/seraphskinparts/hair-face/mst-line10-sheriff.json"
  },
  {
    "op": "replace",
    "path": "/elements/0/children/0/faces/west/texture",
    "value": "#seraph",
    "file": "game:shapes/entity/humanoid/seraphskinparts/hair-face/mst-line10-sheriff.json"
  },
  {
    "op": "replace",
    "path": "/elements/0/children/0/faces/west/uv/0",
    "value": 31.0,
    "file": "game:shapes/entity/humanoid/seraphskinparts/hair-face/mst-line10-sheriff.json"
  },
  {
    "op": "replace",
    "path": "/elements/0/children/0/faces/west/uv/1",
    "value": 0.5,
    "file": "game:shapes/entity/humanoid/seraphskinparts/hair-face/mst-line10-sheriff.json"
  },
  {
    "op": "replace",
    "path": "/elements/0/children/0/faces/west/uv/2",
    "value": 32.5,
    "file": "game:shapes/entity/humanoid/seraphskinparts/hair-face/mst-line10-sheriff.json"
  },
  {
    "op": "replace",
    "path": "/elements/0/children/0/faces/west/uv/3",
    "value": 2.5,
    "file": "game:shapes/entity/humanoid/seraphskinparts/hair-face/mst-line10-sheriff.json"
  },
  {
    "op": "replace",
    "path": "/elements/0/children/0/from/0",
    "value": 1.0,
    "file": "game:shapes/entity/humanoid/seraphskinparts/hair-face/mst-line10-sheriff.json"
  },
  {
    "op": "replace",
    "path": "/elements/0/children/0/from/1",
    "value": 3.7,
    "file": "game:shapes/entity/humanoid/seraphskinparts/hair-face/mst-line10-sheriff.json"
  },
  {
    "op": "replace",
    "path": "/elements/0/children/0/from/2",
    "value": -1.8,
    "file": "game:shapes/entity/humanoid/seraphskinparts/hair-face/mst-line10-sheriff.json"
  },
  {
    "op": "replace",
    "path": "/elements/0/children/0/name",
    "value": "Cube2",
    "file": "game:shapes/entity/humanoid/seraphskinparts/hair-face/mst-line10-sheriff.json"
  },
  {
    "op": "replace",
    "path": "/elements/0/children/0/rotationOrigin/0",
    "value": 1.55,
    "file": "game:shapes/entity/humanoid/seraphskinparts/hair-face/mst-line10-sheriff.json"
  },
  {
    "op": "replace",
    "path": "/elements/0/children/0/rotationOrigin/1",
    "value": 3.7,
    "file": "game:shapes/entity/humanoid/seraphskinparts/hair-face/mst-line10-sheriff.json"
  },
  {
    "op": "replace",
    "path": "/elements/0/children/0/rotationOrigin/2",
    "value": -0.2,
    "file": "game:shapes/entity/humanoid/seraphskinparts/hair-face/mst-line10-sheriff.json"
  },
  {
    "op": "replace",
    "path": "/elements/0/children/0/rotationX",
    "value": -15.0,
    "file": "game:shapes/entity/humanoid/seraphskinparts/hair-face/mst-line10-sheriff.json"
  },
  {
    "op": "replace",
    "path": "/elements/0/children/0/to/0",
    "value": 2.5,
    "file": "game:shapes/entity/humanoid/seraphskinparts/hair-face/mst-line10-sheriff.json"
  },
  {
    "op": "replace",
    "path": "/elements/0/children/0/to/1",
    "value": 5.7,
    "file": "game:shapes/entity/humanoid/seraphskinparts/hair-face/mst-line10-sheriff.json"
  },
  {
    "op": "replace",
    "path": "/elements/0/children/0/to/2",
    "value": -0.3,
    "file": "game:shapes/entity/humanoid/seraphskinparts/hair-face/mst-line10-sheriff.json"
  },
  {
    "op": "replace",
    "path": "/elements/0/children/0/uv/0",
    "value": 26.25,
    "file": "game:shapes/entity/humanoid/seraphskinparts/hair-face/mst-line10-sheriff.json"
  },
  {
    "op": "replace",
    "path": "/elements/0/children/0/uv/1",
    "value": -1.15,
    "file": "game:shapes/entity/humanoid/seraphskinparts/hair-face/mst-line10-sheriff.json"
  },
  {
    "op": "remove",
    "path": "/elements/0/children/1/unwrapMode",
    "file": "game:shapes/entity/humanoid/seraphskinparts/hair-face/mst-line10-sheriff.json"
  },
  {
    "op": "add",
    "path": "/elements/0/children/1/autoUnwrap",
    "value": false,
    "file": "game:shapes/entity/humanoid/seraphskinparts/hair-face/mst-line10-sheriff.json"
  },
  {
    "op": "add",
    "path": "/elements/0/children/1/children",
    "value": [
      {
        "name": "Cube6",
        "from": [
          0.1,
          1.8,
          0.1
        ],
        "to": [
          1.4,
          3.3,
          1.4
        ],
        "autoUnwrap": false,
        "uv": [
          28.5,
          -0.25
        ],
        "rotationOrigin": [
          0.6,
          1.8,
          0.75
        ],
        "rotationX": -15.0,
        "rotationZ": -8.0,
        "faces": {
          "north": {
            "texture": "#seraph",
            "uv": [
              28.5,
              1.0,
              29.5,
              2.5
            ]
          },
          "east": {
            "texture": "#seraph",
            "uv": [
              29.5,
              1.0,
              30.5,
              2.5
            ]
          },
          "south": {
            "texture": "#seraph",
            "uv": [
              30.5,
              1.0,
              31.5,
              2.5
            ]
          },
          "west": {
            "texture": "#seraph",
            "uv": [
              31.5,
              1.0,
              32.5,
              2.5
            ]
          },
          "up": {
            "texture": "#seraph",
            "uv": [
              28.5,
              0.5,
              29.5,
              1.5
            ]
          }
        },
        "children": [
          {
            "name": "Cube7",
            "from": [
              0.1,
              1.3,
              0.1
            ],
            "to": [
              1.2,
              2.3,
              1.2
            ],
            "autoUnwrap": false,
            "uv": [
              28.25,
              -0.25
            ],
            "rotationOrigin": [
              0.6,
              1.3,
              0.65
            ],
            "rotationX": -15.0,
            "rotationZ": -8.0,
            "faces": {
              "north": {
                "texture": "#seraph",
                "uv": [
                  28.5,
                  1.0,
                  29.5,
                  2.0
                ]
              },
              "east": {
                "texture": "#seraph",
                "uv": [
                  29.5,
                  1.0,
                  30.5,
                  2.0
                ]
              },
              "south": {
                "texture": "#seraph",
                "uv": [
                  30.5,
                  1.0,
                  31.5,
                  2.0
                ]
              },
              "west": {
                "texture": "#seraph",
                "uv": [
                  31.5,
                  1.0,
                  32.5,
                  2.0
                ]
              },
              "up": {
                "texture": "#seraph",
                "uv": [
                  29.5,
                  1.0,
                  30.5,
                  2.0
                ]
              }
            }
          }
        ]
      }
    ],
    "file": "game:shapes/entity/humanoid/seraphskinparts/hair-face/mst-line10-sheriff.json"
  },
  {
    "op": "add",
    "path": "/elements/0/children/1/rotationZ",
    "value": -15.0,
    "file": "game:shapes/entity/humanoid/seraphskinparts/hair-face/mst-line10-sheriff.json"
  },
  {
    "op": "remove",
    "path": "/elements/0/children/1/faces/down",
    "file": "game:shapes/entity/humanoid/seraphskinparts/hair-face/mst-line10-sheriff.json"
  },
  {
    "op": "replace",
    "path": "/elements/0/children/1/faces/east/texture",
    "value": "#seraph",
    "file": "game:shapes/entity/humanoid/seraphskinparts/hair-face/mst-line10-sheriff.json"
  },
  {
    "op": "replace",
    "path": "/elements/0/children/1/faces/east/uv/0",
    "value": 29.0,
    "file": "game:shapes/entity/humanoid/seraphskinparts/hair-face/mst-line10-sheriff.json"
  },
  {
    "op": "replace",
    "path": "/elements/0/children/1/faces/east/uv/1",
    "value": 0.5,
    "file": "game:shapes/entity/humanoid/seraphskinparts/hair-face/mst-line10-sheriff.json"
  },
  {
    "op": "replace",
    "path": "/elements/0/children/1/faces/east/uv/2",
    "value": 30.5,
    "file": "game:shapes/entity/humanoid/seraphskinparts/hair-face/mst-line10-sheriff.json"
  },
  {
    "op": "replace",
    "path": "/elements/0/children/1/faces/east/uv/3",
    "value": 2.5,
    "file": "game:shapes/entity/humanoid/seraphskinparts/hair-face/mst-line10-sheriff.json"
  },
  {
    "op": "replace",
    "path": "/elements/0/children/1/faces/north/texture",
    "value": "#seraph",
    "file": "game:shapes/entity/humanoid/seraphskinparts/hair-face/mst-line10-sheriff.json"
  },
  {
    "op": "replace",
    "path": "/elements/0/children/1/faces/north/uv/0",
    "value": 28.5,
    "file": "game:shapes/entity/humanoid/seraphskinparts/hair-face/mst-line10-sheriff.json"
  },
  {
    "op": "replace",
    "path": "/elements/0/children/1/faces/north/uv/1",
    "value": 0.5,
    "file": "game:shapes/entity/humanoid/seraphskinparts/hair-face/mst-line10-sheriff.json"
  },
  {
    "op": "replace",
    "path": "/elements/0/children/1/faces/north/uv/2",
    "value": 30.0,
    "file": "game:shapes/entity/humanoid/seraphskinparts/hair-face/mst-line10-sheriff.json"
  },
  {
    "op": "replace",
    "path": "/elements/0/children/1/faces/north/uv/3",
    "value": 2.5,
    "file": "game:shapes/entity/humanoid/seraphskinparts/hair-face/mst-line10-sheriff.json"
  },
  {
    "op": "replace",
    "path": "/elements/0/children/1/faces/south/texture",
    "value": "#seraph",
    "file": "game:shapes/entity/humanoid/seraphskinparts/hair-face/mst-line10-sheriff.json"
  },
  {
    "op": "replace",
    "path": "/elements/0/children/1/faces/south/uv/0",
    "value": 30.5,
    "file": "game:shapes/entity/humanoid/seraphskinparts/hair-face/mst-line10-sheriff.json"
  },
  {
    "op": "replace",
    "path": "/elements/0/children/1/faces/south/uv/1",
    "value": 0.5,
    "file": "game:shapes/entity/humanoid/seraphskinparts/hair-face/mst-line10-sheriff.json"
  },
  {
    "op": "replace",
    "path": "/elements/0/children/1/faces/south/uv/2",
    "value": 32.0,
    "file": "game:shapes/entity/humanoid/seraphskinparts/hair-face/mst-line10-sheriff.json"
  },
  {
    "op": "replace",
    "path": "/elements/0/children/1/faces/south/uv/3",
    "value": 2.5,
    "file": "game:shapes/entity/humanoid/seraphskinparts/hair-face/mst-line10-sheriff.json"
  },
  {
    "op": "remove",
    "path": "/elements/0/children/1/faces/up/rotation",
    "file": "game:shapes/entity/humanoid/seraphskinparts/hair-face/mst-line10-sheriff.json"
  },
  {
    "op": "replace",
    "path": "/elements/0/children/1/faces/up/texture",
    "value": "#seraph",
    "file": "game:shapes/entity/humanoid/seraphskinparts/hair-face/mst-line10-sheriff.json"
  },
  {
    "op": "replace",
    "path": "/elements/0/children/1/faces/up/uv/0",
    "value": 29.0,
    "file": "game:shapes/entity/humanoid/seraphskinparts/hair-face/mst-line10-sheriff.json"
  },
  {
    "op": "replace",
    "path": "/elements/0/children/1/faces/up/uv/1",
    "value": 0.5,
    "file": "game:shapes/entity/humanoid/seraphskinparts/hair-face/mst-line10-sheriff.json"
  },
  {
    "op": "replace",
    "path": "/elements/0/children/1/faces/up/uv/2",
    "value": 30.5,
    "file": "game:shapes/entity/humanoid/seraphskinparts/hair-face/mst-line10-sheriff.json"
  },
  {
    "op": "replace",
    "path": "/elements/0/children/1/faces/up/uv/3",
    "value": 2.0,
    "file": "game:shapes/entity/humanoid/seraphskinparts/hair-face/mst-line10-sheriff.json"
  },
  {
    "op": "replace",
    "path": "/elements/0/children/1/faces/west/texture",
    "value": "#seraph",
    "file": "game:shapes/entity/humanoid/seraphskinparts/hair-face/mst-line10-sheriff.json"
  },
  {
    "op": "replace",
    "path": "/elements/0/children/1/faces/west/uv/0",
    "value": 29.5,
    "file": "game:shapes/entity/humanoid/seraphskinparts/hair-face/mst-line10-sheriff.json"
  },
  {
    "op": "replace",
    "path": "/elements/0/children/1/faces/west/uv/1",
    "value": 0.5,
    "file": "game:shapes/entity/humanoid/seraphskinparts/hair-face/mst-line10-sheriff.json"
  },
  {
    "op": "replace",
    "path": "/elements/0/children/1/faces/west/uv/2",
    "value": 31.0,
    "file": "game:shapes/entity/humanoid/seraphskinparts/hair-face/mst-line10-sheriff.json"
  },
  {
    "op": "replace",
    "path": "/elements/0/children/1/faces/west/uv/3",
    "value": 2.5,
    "file": "game:shapes/entity/humanoid/seraphskinparts/hair-face/mst-line10-sheriff.json"
  },
  {
    "op": "replace",
    "path": "/elements/0/children/1/from/0",
    "value": 1.0,
    "file": "game:shapes/entity/humanoid/seraphskinparts/hair-face/mst-line10-sheriff.json"
  },
  {
    "op": "replace",
    "path": "/elements/0/children/1/from/1",
    "value": 3.7,
    "file": "game:shapes/entity/humanoid/seraphskinparts/hair-face/mst-line10-sheriff.json"
  },
  {
    "op": "replace",
    "path": "/elements/0/children/1/from/2",
    "value": 1.3,
    "file": "game:shapes/entity/humanoid/seraphskinparts/hair-face/mst-line10-sheriff.json"
  },
  {
    "op": "replace",
    "path": "/elements/0/children/1/name",
    "value": "Cube5",
    "file": "game:shapes/entity/humanoid/seraphskinparts/hair-face/mst-line10-sheriff.json"
  },
  {
    "op": "replace",
    "path": "/elements/0/children/1/rotationOrigin/0",
    "value": 1.55,
    "file": "game:shapes/entity/humanoid/seraphskinparts/hair-face/mst-line10-sheriff.json"
  },
  {
    "op": "replace",
    "path": "/elements/0/children/1/rotationOrigin/1",
    "value": 3.7,
    "file": "game:shapes/entity/humanoid/seraphskinparts/hair-face/mst-line10-sheriff.json"
  },
  {
    "op": "replace",
    "path": "/elements/0/children/1/rotationOrigin/2",
    "value": 1.3,
    "file": "game:shapes/entity/humanoid/seraphskinparts/hair-face/mst-line10-sheriff.json"
  },
  {
    "op": "replace",
    "path": "/elements/0/children/1/rotationX",
    "value": 15.0,
    "file": "game:shapes/entity/humanoid/seraphskinparts/hair-face/mst-line10-sheriff.json"
  },
  {
    "op": "replace",
    "path": "/elements/0/children/1/to/0",
    "value": 2.5,
    "file": "game:shapes/entity/humanoid/seraphskinparts/hair-face/mst-line10-sheriff.json"
  },
  {
    "op": "replace",
    "path": "/elements/0/children/1/to/1",
    "value": 5.7,
    "file": "game:shapes/entity/humanoid/seraphskinparts/hair-face/mst-line10-sheriff.json"
  },
  {
    "op": "replace",
    "path": "/elements/0/children/1/to/2",
    "value": 2.8,
    "file": "game:shapes/entity/humanoid/seraphskinparts/hair-face/mst-line10-sheriff.json"
  },
  {
    "op": "replace",
    "path": "/elements/0/children/1/uv/0",
    "value": 27.45,
    "file": "game:shapes/entity/humanoid/seraphskinparts/hair-face/mst-line10-sheriff.json"
  },
  {
    "op": "replace",
    "path": "/elements/0/children/1/uv/1",
    "value": -1.0,
    "file": "game:shapes/entity/humanoid/seraphskinparts/hair-face/mst-line10-sheriff.json"
  },
  {
    "op": "remove",
    "path": "/elements/0/faces/down",
    "file": "game:shapes/entity/humanoid/seraphskinparts/hair-face/mst-line10-sheriff.json"
  },
  {
    "op": "remove",
    "path": "/elements/0/faces/east",
    "file": "game:shapes/entity/humanoid/seraphskinparts/hair-face/mst-line10-sheriff.json"
  },
  {
    "op": "remove",
    "path": "/elements/0/faces/north",
    "file": "game:shapes/entity/humanoid/seraphskinparts/hair-face/mst-line10-sheriff.json"
  },
  {
    "op": "remove",
    "path": "/elements/0/faces/south",
    "file": "game:shapes/entity/humanoid/seraphskinparts/hair-face/mst-line10-sheriff.json"
  },
  {
    "op": "remove",
    "path": "/elements/0/faces/up",
    "file": "game:shapes/entity/humanoid/seraphskinparts/hair-face/mst-line10-sheriff.json"
  },
  {
    "op": "remove",
    "path": "/elements/0/faces/west",
    "file": "game:shapes/entity/humanoid/seraphskinparts/hair-face/mst-line10-sheriff.json"
  },
  {
    "op": "replace",
    "path": "/elements/0/uv/0",
    "value": 22.75,
    "file": "game:shapes/entity/humanoid/seraphskinparts/hair-face/mst-line10-sheriff.json"
  },
  {
    "op": "replace",
    "path": "/elements/0/uv/1",
    "value": 1.25,
    "file": "game:shapes/entity/humanoid/seraphskinparts/hair-face/mst-line10-sheriff.json"
  },
  {
    "op": "replace",
    "path": "/textureHeight",
    "value": 64,
    "file": "game:shapes/entity/humanoid/seraphskinparts/hair-face/mst-line10-sheriff.json"
  },
  {
    "op": "remove",
    "path": "/textures/hair",
    "file": "game:shapes/entity/humanoid/seraphskinparts/hair-face/mst-line10-sheriff.json"
  },
  {
    "op": "remove",
    "path": "/textureSizes/hair",
    "file": "game:shapes/entity/humanoid/seraphskinparts/hair-face/mst-line10-sheriff.json"
  },
  {
    "op": "add",
    "path": "/textureSizes/seraph",
    "value": [
      64,
      64
    ],
    "file": "game:shapes/entity/humanoid/seraphskinparts/hair-face/mst-line10-sheriff.json"
  },
  {
    "op": "replace",
    "path": "/textureWidth",
    "value": 64,
    "file": "game:shapes/entity/humanoid/seraphskinparts/hair-face/mst-line10-sheriff.json"
  }
]