[
  {
    "op": "remove",
    "path": "/editor/backDropShape",
    "file": "game:shapes/entity/humanoid/seraphskinparts/hair-face/mst-handlebar05-thin.json"
  },
  {
    "op": "replace",
    "path": "/elements",
    "value": [
      {
        "name": "handlebar3",
        "stepParentName": "Head",
        "from": [
          1.86,
          4.9,
          3.3
        ],
        "to": [
          2.86,
          6.9,
          4.3
        ],
        "unwrapMode": 2,
        "autoUnwrap": false,
        "uv": [
          28.25,
          -0.25
        ],
        "rotationOrigin": [
          1.85,
          5.15,
          3.3
        ],
        "rotationY": -15.0,
        "rotationZ": -25.0,
        "faces": {
          "north": {
            "texture": "#seraph",
            "uv": [
              30.0,
              0.75,
              31.0,
              2.75
            ],
            "snapUv": false
          },
          "east": {
            "texture": "#seraph",
            "uv": [
              29.25,
              0.75,
              30.0,
              2.625
            ]
          },
          "south": {
            "texture": "#seraph",
            "uv": [
              28.125,
              0.75,
              28.875,
              2.625
            ]
          },
          "west": {
            "texture": "#seraph",
            "uv": [
              31.125,
              0.75,
              31.875,
              2.625
            ]
          },
          "up": {
            "texture": "#seraph",
            "uv": [
              30.0,
              0.375,
              30.75,
              1.125
            ],
            "rotation": 270
          },
          "down": {
            "texture": "#seraph",
            "uv": [
              31.5,
              1.875,
              32.25,
              2.625
            ],
            "rotation": 270
          }
        }
      },
      {
        "name": "handlebar4",
        "stepParentName": "Head",
        "from": [
          1.86,
          4.9,
          0.8
        ],
        "to": [
          2.86,
          6.9,
          1.8
        ],
        "unwrapMode": 2,
        "autoUnwrap": false,
        "uv": [
          26.0,
          0.125
        ],
        "rotationOrigin": [
          1.85,
          5.15,
          1.3
        ],
        "rotationY": 15.0,
        "rotationZ": -25.0,
        "faces": {
          "north": {
            "texture": "#seraph",
            "uv": [
              27.75,
              1.125,
              28.5,
              3.0
            ]
          },
          "east": {
            "texture": "#seraph",
            "uv": [
              27.0,
              1.125,
              27.75,
              3.0
            ]
          },
          "south": {
            "texture": "#seraph",
            "uv": [
              25.875,
              1.125,
              26.625,
              3.0
            ]
          },
          "west": {
            "texture": "#seraph",
            "uv": [
              28.5,
              1.125,
              29.25,
              3.0
            ]
          },
          "up": {
            "texture": "#seraph",
            "uv": [
              27.0,
              0.0,
              27.75,
              0.75
            ],
            "rotation": 270
          },
          "down": {
            "texture": "#seraph",
            "uv": [
              27.75,
              2.625,
              28.5,
              3.375
            ],
            "rotation": 270
          }
        }
      }
    ],
    "file": "game:shapes/entity/humanoid/seraphskinparts/hair-face/mst-handlebar05-thin.json"
  },
  {
    "op": "replace",
    "path": "/textureHeight",
    "value": 64,
    "file": "game:shapes/entity/humanoid/seraphskinparts/hair-face/mst-handlebar05-thin.json"
  },
  {
    "op": "remove",
    "path": "/textures/hair",
    "file": "game:shapes/entity/humanoid/seraphskinparts/hair-face/mst-handlebar05-thin.json"
  },
  {
    "op": "remove",
    "path": "/textureSizes/hair",
    "file": "game:shapes/entity/humanoid/seraphskinparts/hair-face/mst-handlebar05-thin.json"
  },
  {
    "op": "add",
    "path": "/textureSizes/seraph",
    "value": [
      64,
      64
    ],
    "file": "game:shapes/entity/humanoid/seraphskinparts/hair-face/mst-handlebar05-thin.json"
  },
  {
    "op": "replace",
    "path": "/textureWidth",
    "value": 64,
    "file": "game:shapes/entity/humanoid/seraphskinparts/hair-face/mst-handlebar05-thin.json"
  }
]