[
  {
    "op": "remove",
    "path": "/editor/backDropShape",
    "file": "game:shapes/entity/humanoid/seraphskinparts/hair-face/mst-line05-seargent.json"
  },
  {
    "op": "replace",
    "path": "/elements/0/children",
    "value": [
      {
        "name": "Cube2",
        "from": [
          1.0,
          4.0,
          0.0
        ],
        "to": [
          2.0,
          6.0,
          1.0
        ],
        "uv": [
          27.75,
          -0.25
        ],
        "rotationOrigin": [
          1.0,
          4.0,
          0.0
        ],
        "rotationZ": -15.0,
        "faces": {
          "north": {
            "texture": "#seraph",
            "uv": [
              28.0,
              1.0,
              29.0,
              3.0
            ]
          },
          "east": {
            "texture": "#seraph",
            "uv": [
              29.0,
              1.0,
              30.0,
              3.0
            ]
          },
          "south": {
            "texture": "#seraph",
            "uv": [
              30.0,
              1.0,
              31.0,
              3.0
            ]
          },
          "west": {
            "texture": "#seraph",
            "uv": [
              31.0,
              1.0,
              32.0,
              3.0
            ]
          },
          "up": {
            "texture": "#seraph",
            "uv": [
              28.0,
              0.0,
              29.0,
              1.0
            ]
          },
          "down": {
            "texture": "#seraph",
            "uv": [
              29.0,
              0.0,
              30.0,
              1.0
            ]
          }
        },
        "children": [
          {
            "name": "Cube3",
            "from": [
              1.5,
              0.0,
              0.0
            ],
            "to": [
              2.5,
              3.0,
              1.0
            ],
            "autoUnwrap": false,
            "uv": [
              31.125,
              -0.45
            ],
            "rotationOrigin": [
              1.5,
              0.0,
              0.0
            ],
            "rotationZ": -5.0,
            "faces": {
              "north": {
                "texture": "#seraph",
                "uv": [
                  31.0,
                  0.0,
                  32.0,
                  3.0
                ]
              },
              "east": {
                "texture": "#seraph",
                "uv": [
                  32.0,
                  0.0,
                  33.0,
                  3.0
                ]
              },
              "south": {
                "texture": "#seraph",
                "uv": [
                  32.5,
                  0.0,
                  33.5,
                  3.0
                ]
              },
              "west": {
                "texture": "#seraph",
                "uv": [
                  33.0,
                  0.0,
                  34.0,
                  3.0
                ]
              },
              "up": {
                "texture": "#seraph",
                "uv": [
                  32.0,
                  0.5,
                  33.0,
                  1.5
                ]
              },
              "down": {
                "texture": "#seraph",
                "uv": [
                  32.0,
                  1.0,
                  33.0,
                  2.0
                ]
              }
            },
            "children": [
              {
                "name": "Cube4",
                "from": [
                  1.5,
                  0.0,
                  0.0
                ],
                "to": [
                  2.5,
                  4.0,
                  1.0
                ],
                "autoUnwrap": false,
                "uv": [
                  27.5,
                  -1.25
                ],
                "rotationOrigin": [
                  1.5,
                  0.0,
                  0.0
                ],
                "rotationZ": -5.0,
                "faces": {
                  "north": {
                    "texture": "#seraph",
                    "uv": [
                      28.0,
                      0.0,
                      32.0,
                      1.0
                    ],
                    "rotation": 90
                  },
                  "east": {
                    "texture": "#seraph",
                    "uv": [
                      28.0,
                      0.0,
                      32.0,
                      1.0
                    ],
                    "rotation": 90
                  },
                  "south": {
                    "texture": "#seraph",
                    "uv": [
                      29.5,
                      0.0,
                      30.5,
                      3.0
                    ],
                    "autoUv": false
                  },
                  "west": {
                    "texture": "#seraph",
                    "uv": [
                      30.0,
                      0.0,
                      34.0,
                      1.0
                    ],
                    "rotation": 90
                  },
                  "up": {
                    "texture": "#seraph",
                    "uv": [
                      27.5,
                      1.0,
                      28.5,
                      2.0
                    ]
                  },
                  "down": {
                    "texture": "#seraph",
                    "uv": [
                      30.0,
                      0.5,
                      31.0,
                      1.5
                    ]
                  }
                }
              }
            ]
          }
        ]
      }
    ],
    "file": "game:shapes/entity/humanoid/seraphskinparts/hair-face/mst-line05-seargent.json"
  },
  {
    "op": "replace",
    "path": "/elements/0/faces/down/texture",
    "value": "#seraph",
    "file": "game:shapes/entity/humanoid/seraphskinparts/hair-face/mst-line05-seargent.json"
  },
  {
    "op": "replace",
    "path": "/elements/0/faces/down/uv/0",
    "value": 28.5,
    "file": "game:shapes/entity/humanoid/seraphskinparts/hair-face/mst-line05-seargent.json"
  },
  {
    "op": "replace",
    "path": "/elements/0/faces/down/uv/2",
    "value": 29.0,
    "file": "game:shapes/entity/humanoid/seraphskinparts/hair-face/mst-line05-seargent.json"
  },
  {
    "op": "replace",
    "path": "/elements/0/faces/east/texture",
    "value": "#seraph",
    "file": "game:shapes/entity/humanoid/seraphskinparts/hair-face/mst-line05-seargent.json"
  },
  {
    "op": "replace",
    "path": "/elements/0/faces/east/uv/0",
    "value": 28.5,
    "file": "game:shapes/entity/humanoid/seraphskinparts/hair-face/mst-line05-seargent.json"
  },
  {
    "op": "replace",
    "path": "/elements/0/faces/east/uv/2",
    "value": 29.0,
    "file": "game:shapes/entity/humanoid/seraphskinparts/hair-face/mst-line05-seargent.json"
  },
  {
    "op": "replace",
    "path": "/elements/0/faces/north/texture",
    "value": "#seraph",
    "file": "game:shapes/entity/humanoid/seraphskinparts/hair-face/mst-line05-seargent.json"
  },
  {
    "op": "replace",
    "path": "/elements/0/faces/north/uv/0",
    "value": 29.0,
    "file": "game:shapes/entity/humanoid/seraphskinparts/hair-face/mst-line05-seargent.json"
  },
  {
    "op": "replace",
    "path": "/elements/0/faces/north/uv/2",
    "value": 29.5,
    "file": "game:shapes/entity/humanoid/seraphskinparts/hair-face/mst-line05-seargent.json"
  },
  {
    "op": "replace",
    "path": "/elements/0/faces/south/texture",
    "value": "#seraph",
    "file": "game:shapes/entity/humanoid/seraphskinparts/hair-face/mst-line05-seargent.json"
  },
  {
    "op": "replace",
    "path": "/elements/0/faces/south/uv/0",
    "value": 28.0,
    "file": "game:shapes/entity/humanoid/seraphskinparts/hair-face/mst-line05-seargent.json"
  },
  {
    "op": "replace",
    "path": "/elements/0/faces/south/uv/2",
    "value": 28.5,
    "file": "game:shapes/entity/humanoid/seraphskinparts/hair-face/mst-line05-seargent.json"
  },
  {
    "op": "replace",
    "path": "/elements/0/faces/up/texture",
    "value": "#seraph",
    "file": "game:shapes/entity/humanoid/seraphskinparts/hair-face/mst-line05-seargent.json"
  },
  {
    "op": "replace",
    "path": "/elements/0/faces/up/uv/0",
    "value": 28.5,
    "file": "game:shapes/entity/humanoid/seraphskinparts/hair-face/mst-line05-seargent.json"
  },
  {
    "op": "replace",
    "path": "/elements/0/faces/up/uv/2",
    "value": 29.0,
    "file": "game:shapes/entity/humanoid/seraphskinparts/hair-face/mst-line05-seargent.json"
  },
  {
    "op": "replace",
    "path": "/elements/0/faces/west/texture",
    "value": "#seraph",
    "file": "game:shapes/entity/humanoid/seraphskinparts/hair-face/mst-line05-seargent.json"
  },
  {
    "op": "replace",
    "path": "/elements/0/faces/west/uv/0",
    "value": 29.5,
    "file": "game:shapes/entity/humanoid/seraphskinparts/hair-face/mst-line05-seargent.json"
  },
  {
    "op": "replace",
    "path": "/elements/0/faces/west/uv/2",
    "value": 30.0,
    "file": "game:shapes/entity/humanoid/seraphskinparts/hair-face/mst-line05-seargent.json"
  },
  {
    "op": "replace",
    "path": "/elements/0/uv/0",
    "value": 28.0,
    "file": "game:shapes/entity/humanoid/seraphskinparts/hair-face/mst-line05-seargent.json"
  },
  {
    "op": "replace",
    "path": "/textureHeight",
    "value": 64,
    "file": "game:shapes/entity/humanoid/seraphskinparts/hair-face/mst-line05-seargent.json"
  },
  {
    "op": "remove",
    "path": "/textures/hair",
    "file": "game:shapes/entity/humanoid/seraphskinparts/hair-face/mst-line05-seargent.json"
  },
  {
    "op": "remove",
    "path": "/textureSizes/hair",
    "file": "game:shapes/entity/humanoid/seraphskinparts/hair-face/mst-line05-seargent.json"
  },
  {
    "op": "add",
    "path": "/textureSizes/seraph",
    "value": [
      64,
      64
    ],
    "file": "game:shapes/entity/humanoid/seraphskinparts/hair-face/mst-line05-seargent.json"
  },
  {
    "op": "replace",
    "path": "/textureWidth",
    "value": 64,
    "file": "game:shapes/entity/humanoid/seraphskinparts/hair-face/mst-line05-seargent.json"
  }
]