[
  {
    "op": "remove",
    "path": "/editor/backDropShape",
    "file": "game:shapes/entity/humanoid/seraphskinparts/hair-face/mst-u01-horseshoe.json"
  },
  {
    "op": "replace",
    "path": "/elements/0/children",
    "value": [
      {
        "name": "horseshoeL2",
        "from": [
          0.4,
          1.3,
          2.0
        ],
        "to": [
          1.0,
          1.9,
          2.6
        ],
        "unwrapMode": 2,
        "uv": [
          28.125,
          1.0
        ],
        "rotationOrigin": [
          0.4,
          1.3,
          2.9
        ],
        "faces": {
          "north": {
            "texture": "#seraph",
            "uv": [
              28.875,
              1.5,
              29.25,
              1.875
            ]
          },
          "east": {
            "texture": "#seraph",
            "uv": [
              28.5,
              1.5,
              28.875,
              1.875
            ]
          },
          "south": {
            "texture": "#seraph",
            "uv": [
              28.125,
              1.5,
              28.5,
              1.875
            ]
          },
          "west": {
            "texture": "#seraph",
            "uv": [
              29.25,
              1.5,
              29.625,
              1.875
            ]
          },
          "up": {
            "texture": "#seraph",
            "uv": [
              28.5,
              1.125,
              28.875,
              1.5
            ],
            "rotation": 270
          },
          "down": {
            "texture": "#seraph",
            "uv": [
              28.5,
              1.875,
              28.875,
              2.25
            ],
            "rotation": 270
          }
        }
      },
      {
        "name": "horseshoeR2",
        "from": [
          0.3,
          1.3,
          0.4
        ],
        "to": [
          0.9,
          1.9,
          1.0
        ],
        "unwrapMode": 2,
        "uv": [
          27.0,
          1.0
        ],
        "rotationOrigin": [
          0.3,
          1.3,
          0.4
        ],
        "faces": {
          "north": {
            "texture": "#seraph",
            "uv": [
              28.0,
              1.5,
              28.5,
              2.0
            ]
          },
          "east": {
            "texture": "#seraph",
            "uv": [
              27.5,
              1.5,
              28.0,
              2.0
            ]
          },
          "south": {
            "texture": "#seraph",
            "uv": [
              27.0,
              1.5,
              27.5,
              2.0
            ]
          },
          "west": {
            "texture": "#seraph",
            "uv": [
              28.5,
              1.5,
              29.0,
              2.0
            ]
          },
          "up": {
            "texture": "#seraph",
            "uv": [
              27.5,
              1.0,
              28.0,
              1.5
            ],
            "rotation": 270
          },
          "down": {
            "texture": "#seraph",
            "uv": [
              27.5,
              2.0,
              28.0,
              2.5
            ],
            "rotation": 270
          }
        }
      },
      {
        "name": "horseshoeR3",
        "from": [
          0.3,
          0.3,
          0.0
        ],
        "to": [
          1.3,
          1.3,
          1.0
        ],
        "unwrapMode": 2,
        "uv": [
          28.5,
          -0.125
        ],
        "rotationOrigin": [
          0.3,
          0.3,
          0.0
        ],
        "faces": {
          "north": {
            "texture": "#seraph",
            "uv": [
              30.0,
              0.75,
              30.75,
              1.5
            ]
          },
          "east": {
            "texture": "#seraph",
            "uv": [
              29.25,
              0.75,
              30.0,
              1.5
            ]
          },
          "south": {
            "texture": "#seraph",
            "uv": [
              28.5,
              0.75,
              29.25,
              1.5
            ]
          },
          "west": {
            "texture": "#seraph",
            "uv": [
              30.75,
              0.75,
              31.5,
              1.5
            ]
          },
          "up": {
            "texture": "#seraph",
            "uv": [
              29.25,
              0.0,
              30.0,
              0.75
            ],
            "rotation": 270
          },
          "down": {
            "texture": "#seraph",
            "uv": [
              29.25,
              1.5,
              30.0,
              2.25
            ],
            "rotation": 270
          }
        }
      },
      {
        "name": "horseshoeL3",
        "from": [
          0.4,
          0.3,
          2.0
        ],
        "to": [
          1.4,
          1.3,
          3.0
        ],
        "unwrapMode": 2,
        "uv": [
          27.0,
          0.625
        ],
        "rotationOrigin": [
          0.4,
          0.3,
          2.9
        ],
        "faces": {
          "north": {
            "texture": "#seraph",
            "uv": [
              28.5,
              1.5,
              29.25,
              2.25
            ]
          },
          "east": {
            "texture": "#seraph",
            "uv": [
              27.75,
              1.5,
              28.5,
              2.25
            ]
          },
          "south": {
            "texture": "#seraph",
            "uv": [
              27.0,
              1.5,
              27.75,
              2.25
            ]
          },
          "west": {
            "texture": "#seraph",
            "uv": [
              29.25,
              1.5,
              30.0,
              2.25
            ]
          },
          "up": {
            "texture": "#seraph",
            "uv": [
              27.75,
              0.75,
              28.5,
              1.5
            ],
            "rotation": 270
          },
          "down": {
            "texture": "#seraph",
            "uv": [
              27.75,
              2.25,
              28.5,
              3.0
            ],
            "rotation": 270
          }
        }
      }
    ],
    "file": "game:shapes/entity/humanoid/seraphskinparts/hair-face/mst-u01-horseshoe.json"
  },
  {
    "op": "replace",
    "path": "/elements/0/faces/down/texture",
    "value": "#seraph",
    "file": "game:shapes/entity/humanoid/seraphskinparts/hair-face/mst-u01-horseshoe.json"
  },
  {
    "op": "replace",
    "path": "/elements/0/faces/down/uv/0",
    "value": 27.75,
    "file": "game:shapes/entity/humanoid/seraphskinparts/hair-face/mst-u01-horseshoe.json"
  },
  {
    "op": "replace",
    "path": "/elements/0/faces/down/uv/1",
    "value": 2.25,
    "file": "game:shapes/entity/humanoid/seraphskinparts/hair-face/mst-u01-horseshoe.json"
  },
  {
    "op": "replace",
    "path": "/elements/0/faces/down/uv/2",
    "value": 30.75,
    "file": "game:shapes/entity/humanoid/seraphskinparts/hair-face/mst-u01-horseshoe.json"
  },
  {
    "op": "replace",
    "path": "/elements/0/faces/down/uv/3",
    "value": 2.625,
    "file": "game:shapes/entity/humanoid/seraphskinparts/hair-face/mst-u01-horseshoe.json"
  },
  {
    "op": "replace",
    "path": "/elements/0/faces/east/texture",
    "value": "#seraph",
    "file": "game:shapes/entity/humanoid/seraphskinparts/hair-face/mst-u01-horseshoe.json"
  },
  {
    "op": "replace",
    "path": "/elements/0/faces/east/uv/0",
    "value": 27.75,
    "file": "game:shapes/entity/humanoid/seraphskinparts/hair-face/mst-u01-horseshoe.json"
  },
  {
    "op": "replace",
    "path": "/elements/0/faces/east/uv/1",
    "value": 1.875,
    "file": "game:shapes/entity/humanoid/seraphskinparts/hair-face/mst-u01-horseshoe.json"
  },
  {
    "op": "replace",
    "path": "/elements/0/faces/east/uv/2",
    "value": 30.75,
    "file": "game:shapes/entity/humanoid/seraphskinparts/hair-face/mst-u01-horseshoe.json"
  },
  {
    "op": "replace",
    "path": "/elements/0/faces/east/uv/3",
    "value": 2.25,
    "file": "game:shapes/entity/humanoid/seraphskinparts/hair-face/mst-u01-horseshoe.json"
  },
  {
    "op": "replace",
    "path": "/elements/0/faces/north/texture",
    "value": "#seraph",
    "file": "game:shapes/entity/humanoid/seraphskinparts/hair-face/mst-u01-horseshoe.json"
  },
  {
    "op": "replace",
    "path": "/elements/0/faces/north/uv/0",
    "value": 30.75,
    "file": "game:shapes/entity/humanoid/seraphskinparts/hair-face/mst-u01-horseshoe.json"
  },
  {
    "op": "replace",
    "path": "/elements/0/faces/north/uv/1",
    "value": 1.875,
    "file": "game:shapes/entity/humanoid/seraphskinparts/hair-face/mst-u01-horseshoe.json"
  },
  {
    "op": "replace",
    "path": "/elements/0/faces/north/uv/2",
    "value": 31.125,
    "file": "game:shapes/entity/humanoid/seraphskinparts/hair-face/mst-u01-horseshoe.json"
  },
  {
    "op": "replace",
    "path": "/elements/0/faces/north/uv/3",
    "value": 2.25,
    "file": "game:shapes/entity/humanoid/seraphskinparts/hair-face/mst-u01-horseshoe.json"
  },
  {
    "op": "replace",
    "path": "/elements/0/faces/south/texture",
    "value": "#seraph",
    "file": "game:shapes/entity/humanoid/seraphskinparts/hair-face/mst-u01-horseshoe.json"
  },
  {
    "op": "replace",
    "path": "/elements/0/faces/south/uv/0",
    "value": 27.375,
    "file": "game:shapes/entity/humanoid/seraphskinparts/hair-face/mst-u01-horseshoe.json"
  },
  {
    "op": "replace",
    "path": "/elements/0/faces/south/uv/1",
    "value": 1.875,
    "file": "game:shapes/entity/humanoid/seraphskinparts/hair-face/mst-u01-horseshoe.json"
  },
  {
    "op": "replace",
    "path": "/elements/0/faces/south/uv/2",
    "value": 27.75,
    "file": "game:shapes/entity/humanoid/seraphskinparts/hair-face/mst-u01-horseshoe.json"
  },
  {
    "op": "replace",
    "path": "/elements/0/faces/south/uv/3",
    "value": 2.25,
    "file": "game:shapes/entity/humanoid/seraphskinparts/hair-face/mst-u01-horseshoe.json"
  },
  {
    "op": "replace",
    "path": "/elements/0/faces/up/texture",
    "value": "#seraph",
    "file": "game:shapes/entity/humanoid/seraphskinparts/hair-face/mst-u01-horseshoe.json"
  },
  {
    "op": "replace",
    "path": "/elements/0/faces/up/uv/0",
    "value": 27.75,
    "file": "game:shapes/entity/humanoid/seraphskinparts/hair-face/mst-u01-horseshoe.json"
  },
  {
    "op": "replace",
    "path": "/elements/0/faces/up/uv/1",
    "value": 1.5,
    "file": "game:shapes/entity/humanoid/seraphskinparts/hair-face/mst-u01-horseshoe.json"
  },
  {
    "op": "replace",
    "path": "/elements/0/faces/up/uv/2",
    "value": 30.75,
    "file": "game:shapes/entity/humanoid/seraphskinparts/hair-face/mst-u01-horseshoe.json"
  },
  {
    "op": "replace",
    "path": "/elements/0/faces/up/uv/3",
    "value": 1.875,
    "file": "game:shapes/entity/humanoid/seraphskinparts/hair-face/mst-u01-horseshoe.json"
  },
  {
    "op": "replace",
    "path": "/elements/0/faces/west/texture",
    "value": "#seraph",
    "file": "game:shapes/entity/humanoid/seraphskinparts/hair-face/mst-u01-horseshoe.json"
  },
  {
    "op": "replace",
    "path": "/elements/0/faces/west/uv/0",
    "value": 31.125,
    "file": "game:shapes/entity/humanoid/seraphskinparts/hair-face/mst-u01-horseshoe.json"
  },
  {
    "op": "replace",
    "path": "/elements/0/faces/west/uv/1",
    "value": 1.875,
    "file": "game:shapes/entity/humanoid/seraphskinparts/hair-face/mst-u01-horseshoe.json"
  },
  {
    "op": "replace",
    "path": "/elements/0/faces/west/uv/2",
    "value": 34.125,
    "file": "game:shapes/entity/humanoid/seraphskinparts/hair-face/mst-u01-horseshoe.json"
  },
  {
    "op": "replace",
    "path": "/elements/0/faces/west/uv/3",
    "value": 2.25,
    "file": "game:shapes/entity/humanoid/seraphskinparts/hair-face/mst-u01-horseshoe.json"
  },
  {
    "op": "replace",
    "path": "/elements/0/from/0",
    "value": 1.81,
    "file": "game:shapes/entity/humanoid/seraphskinparts/hair-face/mst-u01-horseshoe.json"
  },
  {
    "op": "replace",
    "path": "/elements/0/from/1",
    "value": 4.5,
    "file": "game:shapes/entity/humanoid/seraphskinparts/hair-face/mst-u01-horseshoe.json"
  },
  {
    "op": "replace",
    "path": "/elements/0/rotationOrigin/0",
    "value": 1.8,
    "file": "game:shapes/entity/humanoid/seraphskinparts/hair-face/mst-u01-horseshoe.json"
  },
  {
    "op": "replace",
    "path": "/elements/0/rotationOrigin/1",
    "value": 4.5,
    "file": "game:shapes/entity/humanoid/seraphskinparts/hair-face/mst-u01-horseshoe.json"
  },
  {
    "op": "replace",
    "path": "/elements/0/to/0",
    "value": 2.21,
    "file": "game:shapes/entity/humanoid/seraphskinparts/hair-face/mst-u01-horseshoe.json"
  },
  {
    "op": "replace",
    "path": "/elements/0/to/1",
    "value": 4.9,
    "file": "game:shapes/entity/humanoid/seraphskinparts/hair-face/mst-u01-horseshoe.json"
  },
  {
    "op": "replace",
    "path": "/elements/0/uv/0",
    "value": 27.25,
    "file": "game:shapes/entity/humanoid/seraphskinparts/hair-face/mst-u01-horseshoe.json"
  },
  {
    "op": "replace",
    "path": "/elements/0/uv/1",
    "value": 1.5,
    "file": "game:shapes/entity/humanoid/seraphskinparts/hair-face/mst-u01-horseshoe.json"
  },
  {
    "op": "replace",
    "path": "/textureHeight",
    "value": 64,
    "file": "game:shapes/entity/humanoid/seraphskinparts/hair-face/mst-u01-horseshoe.json"
  },
  {
    "op": "remove",
    "path": "/textures/hair",
    "file": "game:shapes/entity/humanoid/seraphskinparts/hair-face/mst-u01-horseshoe.json"
  },
  {
    "op": "remove",
    "path": "/textureSizes/hair",
    "file": "game:shapes/entity/humanoid/seraphskinparts/hair-face/mst-u01-horseshoe.json"
  },
  {
    "op": "add",
    "path": "/textureSizes/seraph",
    "value": [
      64,
      64
    ],
    "file": "game:shapes/entity/humanoid/seraphskinparts/hair-face/mst-u01-horseshoe.json"
  },
  {
    "op": "replace",
    "path": "/textureWidth",
    "value": 64,
    "file": "game:shapes/entity/humanoid/seraphskinparts/hair-face/mst-u01-horseshoe.json"
  }
]