[
  {
    "op": "replace",
    "path": "/editor/backDropShape",
    "value": "entity/humanoid/seraph",
    "file": "game:shapes/entity/humanoid/seraphskinparts/hair-face/brd-wisp10-wiseman.json"
  },
  {
    "op": "replace",
    "path": "/elements",
    "value": [
      {
        "name": "hidefacialhair",
        "stepParentName": "Head",
        "from": [
          0.0,
          0.0,
          0.0
        ],
        "to": [
          0.0,
          0.0,
          0.0
        ],
        "uv": [
          0.0,
          0.0
        ],
        "rotationOrigin": [
          0.0,
          0.0,
          2.5
        ],
        "faces": {},
        "children": [
          {
            "name": "R eyebrow 1",
            "from": [
              0.0,
              3.0,
              1.6
            ],
            "to": [
              0.2,
              3.2,
              2.0
            ],
            "unwrapMode": 4,
            "uv": [
              29.25,
              1.0
            ],
            "rotationOrigin": [
              0.0,
              3.0,
              2.0
            ],
            "rotationX": 40.0,
            "rotationY": 20.0,
            "rotationZ": 45.0,
            "faces": {
              "north": {
                "texture": "#seraph",
                "uv": [
                  29.25,
                  1.5,
                  29.625,
                  1.875
                ]
              },
              "south": {
                "texture": "#seraph",
                "uv": [
                  30.0,
                  1.5,
                  30.375,
                  1.875
                ]
              },
              "west": {
                "texture": "#seraph",
                "uv": [
                  29.625,
                  1.5,
                  30.0,
                  1.875
                ]
              },
              "up": {
                "texture": "#seraph",
                "uv": [
                  29.625,
                  1.125,
                  30.0,
                  1.5
                ],
                "rotation": 90
              },
              "down": {
                "texture": "#seraph",
                "uv": [
                  29.625,
                  1.875,
                  30.0,
                  2.25
                ],
                "rotation": 90
              }
            }
          },
          {
            "name": "L eyebrow 1",
            "from": [
              0.0,
              3.0,
              3.0
            ],
            "to": [
              0.2,
              3.2,
              3.4
            ],
            "unwrapMode": 4,
            "uv": [
              29.875,
              0.5
            ],
            "rotationOrigin": [
              0.0,
              3.0,
              3.0
            ],
            "rotationX": -40.0,
            "rotationY": -20.0,
            "rotationZ": 45.0,
            "faces": {
              "north": {
                "texture": "#seraph",
                "uv": [
                  30.0,
                  1.125,
                  30.375,
                  1.5
                ]
              },
              "south": {
                "texture": "#seraph",
                "uv": [
                  30.75,
                  1.125,
                  31.125,
                  1.5
                ]
              },
              "west": {
                "texture": "#seraph",
                "uv": [
                  30.375,
                  1.125,
                  30.75,
                  1.5
                ]
              },
              "up": {
                "texture": "#seraph",
                "uv": [
                  30.375,
                  0.375,
                  30.75,
                  0.75
                ],
                "rotation": 90
              },
              "down": {
                "texture": "#seraph",
                "uv": [
                  30.375,
                  1.5,
                  30.75,
                  1.875
                ],
                "rotation": 90
              }
            }
          },
          {
            "name": "L eyebrow 2",
            "from": [
              0.0,
              3.1,
              3.6
            ],
            "to": [
              0.2,
              3.3,
              4.0
            ],
            "unwrapMode": 4,
            "uv": [
              31.875,
              1.75
            ],
            "rotationOrigin": [
              0.0,
              3.0941,
              3.5951
            ],
            "rotationX": -35.0,
            "rotationY": -15.0,
            "rotationZ": 45.0,
            "faces": {
              "north": {
                "texture": "#seraph",
                "uv": [
                  31.875,
                  2.25,
                  32.25,
                  2.625
                ]
              },
              "south": {
                "texture": "#seraph",
                "uv": [
                  32.625,
                  2.25,
                  33.0,
                  2.625
                ]
              },
              "west": {
                "texture": "#seraph",
                "uv": [
                  32.25,
                  2.25,
                  32.625,
                  2.625
                ]
              },
              "up": {
                "texture": "#seraph",
                "uv": [
                  32.25,
                  1.875,
                  32.625,
                  2.25
                ],
                "rotation": 90
              },
              "down": {
                "texture": "#seraph",
                "uv": [
                  32.25,
                  2.625,
                  32.625,
                  3.0
                ],
                "rotation": 90
              }
            }
          },
          {
            "name": "R eyebrow 2",
            "from": [
              0.0,
              3.1,
              1.0
            ],
            "to": [
              0.2,
              3.3,
              1.4
            ],
            "unwrapMode": 4,
            "uv": [
              32.625,
              0.125
            ],
            "rotationOrigin": [
              0.0,
              3.0941,
              1.4049
            ],
            "rotationX": 35.0,
            "rotationY": 15.0,
            "rotationZ": 45.0,
            "faces": {
              "north": {
                "texture": "#seraph",
                "uv": [
                  32.625,
                  0.75,
                  33.0,
                  1.125
                ]
              },
              "south": {
                "texture": "#seraph",
                "uv": [
                  33.375,
                  0.75,
                  33.75,
                  1.125
                ]
              },
              "west": {
                "texture": "#seraph",
                "uv": [
                  33.0,
                  0.75,
                  33.375,
                  1.125
                ]
              },
              "up": {
                "texture": "#seraph",
                "uv": [
                  33.0,
                  0.0,
                  33.375,
                  0.375
                ],
                "rotation": 90
              },
              "down": {
                "texture": "#seraph",
                "uv": [
                  33.0,
                  1.125,
                  33.375,
                  1.5
                ],
                "rotation": 90
              }
            }
          },
          {
            "name": "L eyebrow 3",
            "from": [
              0.0,
              3.0,
              4.1
            ],
            "to": [
              0.2,
              3.2,
              4.5
            ],
            "unwrapMode": 4,
            "uv": [
              27.375,
              0.25
            ],
            "rotationOrigin": [
              0.0,
              2.9941,
              4.0951
            ],
            "rotationX": -35.0,
            "rotationY": -10.0,
            "rotationZ": 45.0,
            "faces": {
              "north": {
                "texture": "#seraph",
                "uv": [
                  27.375,
                  0.75,
                  27.75,
                  1.125
                ]
              },
              "south": {
                "texture": "#seraph",
                "uv": [
                  28.125,
                  0.75,
                  28.5,
                  1.125
                ]
              },
              "west": {
                "texture": "#seraph",
                "uv": [
                  27.75,
                  0.75,
                  28.125,
                  1.125
                ]
              },
              "up": {
                "texture": "#seraph",
                "uv": [
                  27.75,
                  0.375,
                  28.125,
                  0.75
                ],
                "rotation": 90
              },
              "down": {
                "texture": "#seraph",
                "uv": [
                  27.75,
                  1.125,
                  28.125,
                  1.5
                ],
                "rotation": 90
              }
            }
          },
          {
            "name": "R eyebrow 3",
            "from": [
              0.0,
              3.0,
              0.5
            ],
            "to": [
              0.2,
              3.2,
              0.9
            ],
            "unwrapMode": 4,
            "uv": [
              27.375,
              1.25
            ],
            "rotationOrigin": [
              0.0,
              2.9941,
              0.9049
            ],
            "rotationX": 35.0,
            "rotationY": 10.0,
            "rotationZ": 45.0,
            "faces": {
              "north": {
                "texture": "#seraph",
                "uv": [
                  27.375,
                  1.875,
                  27.75,
                  2.25
                ]
              },
              "south": {
                "texture": "#seraph",
                "uv": [
                  28.125,
                  1.875,
                  28.5,
                  2.25
                ]
              },
              "west": {
                "texture": "#seraph",
                "uv": [
                  27.75,
                  1.875,
                  28.125,
                  2.25
                ]
              },
              "up": {
                "texture": "#seraph",
                "uv": [
                  27.75,
                  1.125,
                  28.125,
                  1.5
                ],
                "rotation": 90
              },
              "down": {
                "texture": "#seraph",
                "uv": [
                  27.75,
                  2.25,
                  28.125,
                  2.625
                ],
                "rotation": 90
              }
            }
          }
        ]
      },
      {
        "name": "hidefacialhair",
        "stepParentName": "Head",
        "from": [
          0.0,
          0.0,
          2.5
        ],
        "to": [
          0.0,
          0.0,
          2.5
        ],
        "uv": [
          0.0,
          0.0
        ],
        "rotationOrigin": [
          0.0,
          0.0,
          2.5
        ],
        "faces": {},
        "children": [
          {
            "name": "Cube2",
            "from": [
              0.0,
              0.0,
              0.0
            ],
            "to": [
              1.0,
              1.0,
              1.0
            ],
            "uv": [
              29.75,
              -0.125
            ],
            "faces": {
              "north": {
                "texture": "#seraph",
                "uv": [
                  30.0,
                  1.0,
                  31.0,
                  2.0
                ]
              },
              "east": {
                "texture": "#seraph",
                "uv": [
                  31.0,
                  1.0,
                  32.0,
                  2.0
                ]
              },
              "south": {
                "texture": "#seraph",
                "uv": [
                  32.0,
                  1.0,
                  33.0,
                  2.0
                ]
              },
              "west": {
                "texture": "#seraph",
                "uv": [
                  33.0,
                  1.0,
                  34.0,
                  2.0
                ]
              },
              "up": {
                "texture": "#seraph",
                "uv": [
                  30.0,
                  0.0,
                  31.0,
                  1.0
                ]
              },
              "down": {
                "texture": "#seraph",
                "uv": [
                  31.0,
                  0.0,
                  32.0,
                  1.0
                ]
              }
            },
            "children": [
              {
                "name": "Cube3",
                "from": [
                  3.5,
                  -0.1,
                  2.1
                ],
                "to": [
                  4.1,
                  0.3,
                  2.5
                ],
                "uv": [
                  30.875,
                  0.625
                ],
                "rotationOrigin": [
                  3.5,
                  -0.1,
                  2.1
                ],
                "rotationY": -30.0,
                "rotationZ": -45.0,
                "faces": {
                  "north": {
                    "texture": "#seraph",
                    "uv": [
                      31.0,
                      1.5,
                      31.5,
                      2.0
                    ]
                  },
                  "east": {
                    "texture": "#seraph",
                    "uv": [
                      31.5,
                      1.5,
                      32.0,
                      2.0
                    ]
                  },
                  "south": {
                    "texture": "#seraph",
                    "uv": [
                      32.0,
                      1.5,
                      32.5,
                      2.0
                    ]
                  },
                  "west": {
                    "texture": "#seraph",
                    "uv": [
                      32.5,
                      1.5,
                      33.0,
                      2.0
                    ]
                  },
                  "up": {
                    "texture": "#seraph",
                    "uv": [
                      31.0,
                      0.5,
                      31.5,
                      1.0
                    ]
                  },
                  "down": {
                    "texture": "#seraph",
                    "uv": [
                      31.5,
                      0.5,
                      32.0,
                      1.0
                    ]
                  }
                }
              },
              {
                "name": "Cube4",
                "from": [
                  3.9,
                  0.3,
                  2.1
                ],
                "to": [
                  4.6,
                  0.7,
                  2.5
                ],
                "uv": [
                  30.75,
                  0.75
                ],
                "rotationOrigin": [
                  3.9,
                  0.3,
                  2.1
                ],
                "rotationY": -30.0,
                "rotationZ": -40.0,
                "faces": {
                  "north": {
                    "texture": "#seraph",
                    "uv": [
                      31.0,
                      1.5,
                      31.5,
                      2.0
                    ]
                  },
                  "east": {
                    "texture": "#seraph",
                    "uv": [
                      31.5,
                      1.5,
                      32.0,
                      2.0
                    ]
                  },
                  "south": {
                    "texture": "#seraph",
                    "uv": [
                      32.0,
                      1.5,
                      32.5,
                      2.0
                    ]
                  },
                  "west": {
                    "texture": "#seraph",
                    "uv": [
                      32.5,
                      1.5,
                      33.0,
                      2.0
                    ]
                  },
                  "up": {
                    "texture": "#seraph",
                    "uv": [
                      31.0,
                      1.0,
                      31.5,
                      1.5
                    ]
                  },
                  "down": {
                    "texture": "#seraph",
                    "uv": [
                      31.5,
                      1.0,
                      32.0,
                      1.5
                    ]
                  }
                }
              },
              {
                "name": "Cube5",
                "from": [
                  4.2,
                  0.8,
                  2.1
                ],
                "to": [
                  5.0,
                  1.2,
                  2.5
                ],
                "uv": [
                  29.5,
                  1.5
                ],
                "rotationOrigin": [
                  4.2,
                  0.8,
                  2.1
                ],
                "rotationY": -30.0,
                "rotationZ": -30.0,
                "faces": {
                  "north": {
                    "texture": "#seraph",
                    "uv": [
                      29.5,
                      2.0,
                      30.0,
                      2.5
                    ]
                  },
                  "east": {
                    "texture": "#seraph",
                    "uv": [
                      30.0,
                      2.0,
                      30.5,
                      2.5
                    ]
                  },
                  "south": {
                    "texture": "#seraph",
                    "uv": [
                      30.5,
                      2.0,
                      31.0,
                      2.5
                    ]
                  },
                  "west": {
                    "texture": "#seraph",
                    "uv": [
                      31.0,
                      2.0,
                      31.5,
                      2.5
                    ]
                  },
                  "up": {
                    "texture": "#seraph",
                    "uv": [
                      29.5,
                      1.5,
                      30.0,
                      2.0
                    ]
                  },
                  "down": {
                    "texture": "#seraph",
                    "uv": [
                      30.0,
                      1.5,
                      30.5,
                      2.0
                    ]
                  }
                }
              },
              {
                "name": "Cube6",
                "from": [
                  4.4,
                  1.5,
                  2.1
                ],
                "to": [
                  5.3,
                  1.9,
                  2.5
                ],
                "uv": [
                  29.0,
                  0.75
                ],
                "rotationOrigin": [
                  4.4,
                  1.5,
                  2.1
                ],
                "rotationY": -30.0,
                "rotationZ": -25.0,
                "faces": {
                  "north": {
                    "texture": "#seraph",
                    "uv": [
                      29.0,
                      1.5,
                      29.5,
                      2.0
                    ]
                  },
                  "east": {
                    "texture": "#seraph",
                    "uv": [
                      29.5,
                      1.5,
                      30.0,
                      2.0
                    ]
                  },
                  "south": {
                    "texture": "#seraph",
                    "uv": [
                      30.0,
                      1.5,
                      30.5,
                      2.0
                    ]
                  },
                  "west": {
                    "texture": "#seraph",
                    "uv": [
                      30.5,
                      1.5,
                      31.0,
                      2.0
                    ]
                  },
                  "up": {
                    "texture": "#seraph",
                    "uv": [
                      29.0,
                      1.0,
                      29.5,
                      1.5
                    ]
                  },
                  "down": {
                    "texture": "#seraph",
                    "uv": [
                      29.5,
                      1.0,
                      30.0,
                      1.5
                    ]
                  }
                }
              },
              {
                "name": "Cube7",
                "from": [
                  4.6,
                  2.2,
                  2.1
                ],
                "to": [
                  5.6,
                  2.6,
                  2.5
                ],
                "uv": [
                  29.875,
                  1.5
                ],
                "rotationOrigin": [
                  4.6,
                  2.2,
                  2.1
                ],
                "rotationY": -30.0,
                "rotationZ": -20.0,
                "faces": {
                  "north": {
                    "texture": "#seraph",
                    "uv": [
                      30.0,
                      2.0,
                      31.0,
                      2.5
                    ]
                  },
                  "east": {
                    "texture": "#seraph",
                    "uv": [
                      31.0,
                      2.0,
                      31.5,
                      2.5
                    ]
                  },
                  "south": {
                    "texture": "#seraph",
                    "uv": [
                      31.5,
                      2.0,
                      32.5,
                      2.5
                    ]
                  },
                  "west": {
                    "texture": "#seraph",
                    "uv": [
                      32.5,
                      2.0,
                      33.0,
                      2.5
                    ]
                  },
                  "up": {
                    "texture": "#seraph",
                    "uv": [
                      30.0,
                      1.5,
                      31.0,
                      2.0
                    ]
                  },
                  "down": {
                    "texture": "#seraph",
                    "uv": [
                      31.0,
                      1.5,
                      32.0,
                      2.0
                    ]
                  }
                }
              }
            ]
          },
          {
            "name": "Cube8",
            "from": [
              0.0,
              0.0,
              0.4
            ],
            "to": [
              0.0,
              0.0,
              0.4
            ],
            "uv": [
              31.875,
              1.125
            ],
            "rotationOrigin": [
              0.0,
              0.0,
              0.4
            ],
            "faces": {
              "north": {
                "texture": "#seraph",
                "uv": [
                  32.0,
                  2.0,
                  32.5,
                  2.5
                ]
              },
              "east": {
                "texture": "#seraph",
                "uv": [
                  32.5,
                  2.0,
                  33.0,
                  2.5
                ]
              },
              "south": {
                "texture": "#seraph",
                "uv": [
                  33.0,
                  2.0,
                  33.5,
                  2.5
                ]
              },
              "west": {
                "texture": "#seraph",
                "uv": [
                  33.5,
                  2.0,
                  34.0,
                  2.5
                ]
              },
              "up": {
                "texture": "#seraph",
                "uv": [
                  32.0,
                  1.0,
                  32.5,
                  1.5
                ]
              },
              "down": {
                "texture": "#seraph",
                "uv": [
                  32.5,
                  1.0,
                  33.0,
                  1.5
                ]
              }
            },
            "children": [
              {
                "name": "Cube9",
                "from": [
                  3.5,
                  -0.1,
                  -2.9
                ],
                "to": [
                  4.1,
                  0.3,
                  -2.5
                ],
                "uv": [
                  32.25,
                  0.75
                ],
                "rotationOrigin": [
                  3.5,
                  -0.1,
                  -2.9
                ],
                "rotationY": 30.0,
                "rotationZ": -45.0,
                "faces": {
                  "north": {
                    "texture": "#seraph",
                    "uv": [
                      32.5,
                      1.5,
                      33.0,
                      2.0
                    ]
                  },
                  "east": {
                    "texture": "#seraph",
                    "uv": [
                      33.0,
                      1.5,
                      33.5,
                      2.0
                    ]
                  },
                  "south": {
                    "texture": "#seraph",
                    "uv": [
                      33.5,
                      1.5,
                      34.0,
                      2.0
                    ]
                  },
                  "west": {
                    "texture": "#seraph",
                    "uv": [
                      34.0,
                      1.5,
                      34.5,
                      2.0
                    ]
                  },
                  "up": {
                    "texture": "#seraph",
                    "uv": [
                      32.5,
                      1.0,
                      33.0,
                      1.5
                    ]
                  },
                  "down": {
                    "texture": "#seraph",
                    "uv": [
                      33.0,
                      1.0,
                      33.5,
                      1.5
                    ]
                  }
                }
              },
              {
                "name": "Cube10",
                "from": [
                  3.9,
                  0.3,
                  -2.9
                ],
                "to": [
                  4.6,
                  0.7,
                  -2.5
                ],
                "uv": [
                  30.875,
                  0.0
                ],
                "rotationOrigin": [
                  3.9,
                  0.3,
                  -2.9
                ],
                "rotationY": 30.0,
                "rotationZ": -40.0,
                "faces": {
                  "north": {
                    "texture": "#seraph",
                    "uv": [
                      31.0,
                      0.5,
                      31.5,
                      1.0
                    ]
                  },
                  "east": {
                    "texture": "#seraph",
                    "uv": [
                      31.5,
                      0.5,
                      32.0,
                      1.0
                    ]
                  },
                  "south": {
                    "texture": "#seraph",
                    "uv": [
                      32.0,
                      0.5,
                      32.5,
                      1.0
                    ]
                  },
                  "west": {
                    "texture": "#seraph",
                    "uv": [
                      32.5,
                      0.5,
                      33.0,
                      1.0
                    ]
                  },
                  "up": {
                    "texture": "#seraph",
                    "uv": [
                      31.0,
                      0.0,
                      31.5,
                      0.5
                    ]
                  },
                  "down": {
                    "texture": "#seraph",
                    "uv": [
                      31.5,
                      0.0,
                      32.0,
                      0.5
                    ]
                  }
                }
              },
              {
                "name": "Cube11",
                "from": [
                  4.2,
                  0.8,
                  -2.9
                ],
                "to": [
                  5.0,
                  1.2,
                  -2.5
                ],
                "uv": [
                  29.5,
                  0.625
                ],
                "rotationOrigin": [
                  4.2,
                  0.8,
                  -2.9
                ],
                "rotationY": 30.0,
                "rotationZ": -30.0,
                "faces": {
                  "north": {
                    "texture": "#seraph",
                    "uv": [
                      29.5,
                      1.5,
                      30.0,
                      2.0
                    ]
                  },
                  "east": {
                    "texture": "#seraph",
                    "uv": [
                      30.0,
                      1.5,
                      30.5,
                      2.0
                    ]
                  },
                  "south": {
                    "texture": "#seraph",
                    "uv": [
                      30.5,
                      1.5,
                      31.0,
                      2.0
                    ]
                  },
                  "west": {
                    "texture": "#seraph",
                    "uv": [
                      31.0,
                      1.5,
                      31.5,
                      2.0
                    ]
                  },
                  "up": {
                    "texture": "#seraph",
                    "uv": [
                      29.5,
                      0.5,
                      30.0,
                      1.0
                    ]
                  },
                  "down": {
                    "texture": "#seraph",
                    "uv": [
                      30.0,
                      0.5,
                      30.5,
                      1.0
                    ]
                  }
                }
              },
              {
                "name": "Cube12",
                "from": [
                  4.4,
                  1.5,
                  -2.9
                ],
                "to": [
                  5.3,
                  1.9,
                  -2.5
                ],
                "uv": [
                  30.0,
                  0.375
                ],
                "rotationOrigin": [
                  4.4,
                  1.5,
                  -2.9
                ],
                "rotationY": 30.0,
                "rotationZ": -25.0,
                "faces": {
                  "north": {
                    "texture": "#seraph",
                    "uv": [
                      30.0,
                      1.0,
                      30.5,
                      1.5
                    ]
                  },
                  "east": {
                    "texture": "#seraph",
                    "uv": [
                      30.5,
                      1.0,
                      31.0,
                      1.5
                    ]
                  },
                  "south": {
                    "texture": "#seraph",
                    "uv": [
                      31.0,
                      1.0,
                      31.5,
                      1.5
                    ]
                  },
                  "west": {
                    "texture": "#seraph",
                    "uv": [
                      31.5,
                      1.0,
                      32.0,
                      1.5
                    ]
                  },
                  "up": {
                    "texture": "#seraph",
                    "uv": [
                      30.0,
                      0.5,
                      30.5,
                      1.0
                    ]
                  },
                  "down": {
                    "texture": "#seraph",
                    "uv": [
                      30.5,
                      0.5,
                      31.0,
                      1.0
                    ]
                  }
                }
              },
              {
                "name": "Cube13",
                "from": [
                  4.6,
                  2.2,
                  -2.9
                ],
                "to": [
                  5.6,
                  2.6,
                  -2.5
                ],
                "uv": [
                  30.0,
                  0.75
                ],
                "rotationOrigin": [
                  4.6,
                  2.2,
                  -2.9
                ],
                "rotationY": 30.0,
                "rotationZ": -20.0,
                "faces": {
                  "north": {
                    "texture": "#seraph",
                    "uv": [
                      30.0,
                      1.5,
                      31.0,
                      2.0
                    ]
                  },
                  "east": {
                    "texture": "#seraph",
                    "uv": [
                      31.0,
                      1.5,
                      31.5,
                      2.0
                    ]
                  },
                  "south": {
                    "texture": "#seraph",
                    "uv": [
                      31.5,
                      1.5,
                      32.5,
                      2.0
                    ]
                  },
                  "west": {
                    "texture": "#seraph",
                    "uv": [
                      32.5,
                      1.5,
                      33.0,
                      2.0
                    ]
                  },
                  "up": {
                    "texture": "#seraph",
                    "uv": [
                      30.0,
                      1.0,
                      31.0,
                      1.5
                    ]
                  },
                  "down": {
                    "texture": "#seraph",
                    "uv": [
                      31.0,
                      1.0,
                      32.0,
                      1.5
                    ]
                  }
                }
              }
            ]
          }
        ]
      },
      {
        "name": "hidefacialhair",
        "stepParentName": "Head",
        "from": [
          0.0,
          0.0,
          2.5
        ],
        "to": [
          0.5,
          0.4,
          3.7
        ],
        "unwrapMode": 2,
        "uv": [
          22.5,
          0.625
        ],
        "rotationOrigin": [
          0.0,
          0.0,
          2.5
        ],
        "faces": {
          "north": {
            "texture": "#seraph",
            "uv": [
              22.875,
              1.125,
              23.25,
              1.5
            ]
          },
          "south": {
            "texture": "#seraph",
            "uv": [
              22.5,
              1.125,
              22.875,
              1.5
            ]
          },
          "west": {
            "texture": "#seraph",
            "uv": [
              23.25,
              1.125,
              24.375,
              1.5
            ]
          },
          "up": {
            "texture": "#seraph",
            "uv": [
              22.875,
              0.75,
              24.0,
              1.125
            ],
            "rotation": 270
          },
          "down": {
            "texture": "#seraph",
            "uv": [
              22.875,
              1.875,
              24.0,
              2.25
            ],
            "rotation": 270
          }
        },
        "children": [
          {
            "name": "Cube2",
            "from": [
              -2.2,
              -1.5,
              -0.3
            ],
            "to": [
              -1.4,
              -0.8,
              0.3
            ],
            "uv": [
              31.125,
              0.75
            ],
            "rotationOrigin": [
              -2.2,
              -1.5,
              0.2
            ],
            "rotationZ": 15.0,
            "faces": {
              "north": {
                "texture": "#seraph",
                "uv": [
                  31.125,
                  1.125,
                  31.875,
                  1.5
                ]
              },
              "east": {
                "texture": "#seraph",
                "uv": [
                  31.875,
                  1.125,
                  32.25,
                  1.5
                ]
              },
              "south": {
                "texture": "#seraph",
                "uv": [
                  32.25,
                  1.125,
                  33.0,
                  1.5
                ]
              },
              "west": {
                "texture": "#seraph",
                "uv": [
                  33.0,
                  1.125,
                  33.375,
                  1.5
                ]
              },
              "up": {
                "texture": "#seraph",
                "uv": [
                  31.125,
                  0.75,
                  31.875,
                  1.125
                ]
              },
              "down": {
                "texture": "#seraph",
                "uv": [
                  31.875,
                  0.75,
                  32.625,
                  1.125
                ]
              }
            }
          },
          {
            "name": "Cube3",
            "from": [
              -2.0,
              -1.8,
              -0.2
            ],
            "to": [
              -1.4,
              -1.4,
              0.2
            ],
            "uv": [
              27.75,
              1.125
            ],
            "rotationOrigin": [
              -2.0,
              -1.8,
              0.3
            ],
            "rotationZ": 15.0,
            "faces": {
              "north": {
                "texture": "#seraph",
                "uv": [
                  27.75,
                  1.5,
                  28.125,
                  1.875
                ]
              },
              "east": {
                "texture": "#seraph",
                "uv": [
                  28.125,
                  1.5,
                  28.5,
                  1.875
                ]
              },
              "south": {
                "texture": "#seraph",
                "uv": [
                  28.5,
                  1.5,
                  28.875,
                  1.875
                ]
              },
              "west": {
                "texture": "#seraph",
                "uv": [
                  28.875,
                  1.5,
                  29.25,
                  1.875
                ]
              },
              "up": {
                "texture": "#seraph",
                "uv": [
                  27.75,
                  1.125,
                  28.125,
                  1.5
                ]
              },
              "down": {
                "texture": "#seraph",
                "uv": [
                  28.125,
                  1.125,
                  28.5,
                  1.5
                ]
              }
            }
          }
        ]
      },
      {
        "name": "hidefacialhair",
        "stepParentName": "Head",
        "from": [
          0.0,
          0.0,
          0.0
        ],
        "to": [
          0.0,
          0.0,
          0.0
        ],
        "uv": [
          0.0,
          0.0
        ],
        "faces": {},
        "children": [
          {
            "name": "Cube2",
            "from": [
              -1.8,
              -0.4,
              3.7
            ],
            "to": [
              -1.5,
              0.6,
              3.9
            ],
            "uv": [
              29.25,
              0.75
            ],
            "rotationOrigin": [
              -1.8,
              -0.4,
              3.7
            ],
            "rotationZ": 20.0,
            "faces": {
              "north": {
                "texture": "#seraph",
                "uv": [
                  29.5,
                  1.5,
                  30.0,
                  2.5
                ]
              },
              "east": {
                "texture": "#seraph",
                "uv": [
                  30.0,
                  1.5,
                  30.5,
                  2.5
                ]
              },
              "south": {
                "texture": "#seraph",
                "uv": [
                  30.5,
                  1.5,
                  31.0,
                  2.5
                ]
              },
              "west": {
                "texture": "#seraph",
                "uv": [
                  31.0,
                  1.5,
                  31.5,
                  2.5
                ]
              },
              "up": {
                "texture": "#seraph",
                "uv": [
                  29.5,
                  1.0,
                  30.0,
                  1.5
                ]
              },
              "down": {
                "texture": "#seraph",
                "uv": [
                  30.0,
                  1.0,
                  30.5,
                  1.5
                ]
              }
            }
          },
          {
            "name": "Cube3",
            "from": [
              -1.8,
              -0.4,
              1.1
            ],
            "to": [
              -1.5,
              0.6,
              1.3
            ],
            "uv": [
              29.25,
              0.75
            ],
            "rotationOrigin": [
              -1.8,
              -0.4,
              1.1
            ],
            "rotationZ": 20.0,
            "faces": {
              "north": {
                "texture": "#seraph",
                "uv": [
                  29.5,
                  1.5,
                  30.0,
                  2.5
                ]
              },
              "east": {
                "texture": "#seraph",
                "uv": [
                  30.0,
                  1.5,
                  30.5,
                  2.5
                ]
              },
              "south": {
                "texture": "#seraph",
                "uv": [
                  30.5,
                  1.5,
                  31.0,
                  2.5
                ]
              },
              "west": {
                "texture": "#seraph",
                "uv": [
                  31.0,
                  1.5,
                  31.5,
                  2.5
                ]
              },
              "up": {
                "texture": "#seraph",
                "uv": [
                  29.5,
                  1.0,
                  30.0,
                  1.5
                ]
              },
              "down": {
                "texture": "#seraph",
                "uv": [
                  30.0,
                  1.0,
                  30.5,
                  1.5
                ]
              }
            }
          }
        ]
      },
      {
        "name": "hidefacialhair",
        "stepParentName": "Head",
        "from": [
          0.0,
          0.0,
          0.0
        ],
        "to": [
          0.0,
          0.0,
          0.0
        ],
        "uv": [
          0.0,
          0.0
        ],
        "faces": {},
        "children": [
          {
            "name": "Cube2",
            "from": [
              -3.1,
              1.6,
              2.0
            ],
            "to": [
              -2.6,
              2.2,
              3.0
            ],
            "uv": [
              29.25,
              0.75
            ],
            "rotationOrigin": [
              -3.1,
              1.6,
              2.0
            ],
            "faces": {
              "north": {
                "texture": "#seraph",
                "uv": [
                  29.5,
                  2.0,
                  30.0,
                  2.5
                ]
              },
              "east": {
                "texture": "#seraph",
                "uv": [
                  30.0,
                  2.0,
                  31.0,
                  2.5
                ]
              },
              "south": {
                "texture": "#seraph",
                "uv": [
                  31.0,
                  2.0,
                  31.5,
                  2.5
                ]
              },
              "west": {
                "texture": "#seraph",
                "uv": [
                  31.5,
                  2.0,
                  32.5,
                  2.5
                ]
              },
              "up": {
                "texture": "#seraph",
                "uv": [
                  29.5,
                  1.0,
                  30.0,
                  2.0
                ]
              },
              "down": {
                "texture": "#seraph",
                "uv": [
                  30.0,
                  1.0,
                  30.5,
                  2.0
                ]
              }
            }
          }
        ]
      },
      {
        "name": "Cube2",
        "stepParentName": "Tail1",
        "from": [
          2.0,
          4.0,
          1.8
        ],
        "to": [
          4.0,
          5.0,
          2.2
        ],
        "uv": [
          28.75,
          0.75
        ],
        "rotationOrigin": [
          2.0,
          4.0,
          1.8
        ],
        "faces": {
          "north": {
            "texture": "#seraph",
            "uv": [
              29.0,
              1.5,
              31.0,
              2.5
            ]
          },
          "east": {
            "texture": "#seraph",
            "uv": [
              31.0,
              1.5,
              31.5,
              2.5
            ]
          },
          "south": {
            "texture": "#seraph",
            "uv": [
              31.5,
              1.5,
              33.5,
              2.5
            ]
          },
          "west": {
            "texture": "#seraph",
            "uv": [
              33.5,
              1.5,
              34.0,
              2.5
            ]
          },
          "up": {
            "texture": "#seraph",
            "uv": [
              29.0,
              1.0,
              31.0,
              1.5
            ]
          },
          "down": {
            "texture": "#seraph",
            "uv": [
              31.0,
              1.0,
              33.0,
              1.5
            ]
          }
        }
      },
      {
        "name": "Cube3",
        "stepParentName": "Tail1",
        "from": [
          5.0,
          4.0,
          1.8
        ],
        "to": [
          7.0,
          5.0,
          2.2
        ],
        "uv": [
          29.25,
          0.75
        ],
        "rotationOrigin": [
          5.0,
          4.0,
          1.8
        ],
        "faces": {
          "north": {
            "texture": "#seraph",
            "uv": [
              29.5,
              1.5,
              31.5,
              2.5
            ]
          },
          "east": {
            "texture": "#seraph",
            "uv": [
              31.5,
              1.5,
              32.0,
              2.5
            ]
          },
          "south": {
            "texture": "#seraph",
            "uv": [
              32.0,
              1.5,
              34.0,
              2.5
            ]
          },
          "west": {
            "texture": "#seraph",
            "uv": [
              34.0,
              1.5,
              34.5,
              2.5
            ]
          },
          "up": {
            "texture": "#seraph",
            "uv": [
              29.5,
              1.0,
              31.5,
              1.5
            ]
          },
          "down": {
            "texture": "#seraph",
            "uv": [
              31.5,
              1.0,
              33.5,
              1.5
            ]
          }
        }
      },
      {
        "name": "Cube4",
        "stepParentName": "Tail2",
        "from": [
          1.5,
          3.0,
          1.3
        ],
        "to": [
          3.0,
          3.8,
          1.7
        ],
        "uv": [
          29.25,
          0.75
        ],
        "rotationOrigin": [
          1.5,
          3.0,
          1.3
        ],
        "faces": {
          "north": {
            "texture": "#seraph",
            "uv": [
              29.5,
              1.5,
              31.0,
              2.0
            ]
          },
          "east": {
            "texture": "#seraph",
            "uv": [
              31.0,
              1.5,
              31.5,
              2.0
            ]
          },
          "south": {
            "texture": "#seraph",
            "uv": [
              31.5,
              1.5,
              33.0,
              2.0
            ]
          },
          "west": {
            "texture": "#seraph",
            "uv": [
              33.0,
              1.5,
              33.5,
              2.0
            ]
          },
          "up": {
            "texture": "#seraph",
            "uv": [
              29.5,
              1.0,
              31.0,
              1.5
            ]
          },
          "down": {
            "texture": "#seraph",
            "uv": [
              31.0,
              1.0,
              32.5,
              1.5
            ]
          }
        }
      },
      {
        "name": "Cube5",
        "stepParentName": "Tail2",
        "from": [
          4.5,
          3.0,
          1.3
        ],
        "to": [
          6.0,
          3.8,
          1.7
        ],
        "uv": [
          29.25,
          0.75
        ],
        "rotationOrigin": [
          4.5,
          3.0,
          1.3
        ],
        "faces": {
          "north": {
            "texture": "#seraph",
            "uv": [
              29.5,
              1.5,
              31.0,
              2.0
            ]
          },
          "east": {
            "texture": "#seraph",
            "uv": [
              31.0,
              1.5,
              31.5,
              2.0
            ]
          },
          "south": {
            "texture": "#seraph",
            "uv": [
              31.5,
              1.5,
              33.0,
              2.0
            ]
          },
          "west": {
            "texture": "#seraph",
            "uv": [
              33.0,
              1.5,
              33.5,
              2.0
            ]
          },
          "up": {
            "texture": "#seraph",
            "uv": [
              29.5,
              1.0,
              31.0,
              1.5
            ]
          },
          "down": {
            "texture": "#seraph",
            "uv": [
              31.0,
              1.0,
              32.5,
              1.5
            ]
          }
        }
      },
      {
        "name": "Cube6",
        "stepParentName": "Tail3",
        "from": [
          1.6,
          2.0,
          0.9
        ],
        "to": [
          2.4,
          2.5,
          1.3
        ],
        "uv": [
          29.25,
          0.75
        ],
        "rotationOrigin": [
          1.6,
          2.0,
          0.9
        ],
        "faces": {
          "north": {
            "texture": "#seraph",
            "uv": [
              29.5,
              1.5,
              30.0,
              2.0
            ]
          },
          "east": {
            "texture": "#seraph",
            "uv": [
              30.0,
              1.5,
              30.5,
              2.0
            ]
          },
          "south": {
            "texture": "#seraph",
            "uv": [
              30.5,
              1.5,
              31.0,
              2.0
            ]
          },
          "west": {
            "texture": "#seraph",
            "uv": [
              31.0,
              1.5,
              31.5,
              2.0
            ]
          },
          "up": {
            "texture": "#seraph",
            "uv": [
              29.5,
              1.0,
              30.0,
              1.5
            ]
          },
          "down": {
            "texture": "#seraph",
            "uv": [
              30.0,
              1.0,
              30.5,
              1.5
            ]
          }
        }
      },
      {
        "name": "Cube7",
        "stepParentName": "Tail3",
        "from": [
          2.8,
          2.0,
          0.9
        ],
        "to": [
          3.6,
          2.5,
          1.3
        ],
        "uv": [
          29.25,
          0.75
        ],
        "rotationOrigin": [
          2.8,
          2.0,
          0.9
        ],
        "faces": {
          "north": {
            "texture": "#seraph",
            "uv": [
              29.5,
              1.5,
              30.0,
              2.0
            ]
          },
          "east": {
            "texture": "#seraph",
            "uv": [
              30.0,
              1.5,
              30.5,
              2.0
            ]
          },
          "south": {
            "texture": "#seraph",
            "uv": [
              30.5,
              1.5,
              31.0,
              2.0
            ]
          },
          "west": {
            "texture": "#seraph",
            "uv": [
              31.0,
              1.5,
              31.5,
              2.0
            ]
          },
          "up": {
            "texture": "#seraph",
            "uv": [
              29.5,
              1.0,
              30.0,
              1.5
            ]
          },
          "down": {
            "texture": "#seraph",
            "uv": [
              30.0,
              1.0,
              30.5,
              1.5
            ]
          }
        }
      }
    ],
    "file": "game:shapes/entity/humanoid/seraphskinparts/hair-face/brd-wisp10-wiseman.json"
  },
  {
    "op": "replace",
    "path": "/textureHeight",
    "value": 64,
    "file": "game:shapes/entity/humanoid/seraphskinparts/hair-face/brd-wisp10-wiseman.json"
  },
  {
    "op": "remove",
    "path": "/textureSizes/hair",
    "file": "game:shapes/entity/humanoid/seraphskinparts/hair-face/brd-wisp10-wiseman.json"
  },
  {
    "op": "add",
    "path": "/textureSizes/seraph",
    "value": [
      64,
      64
    ],
    "file": "game:shapes/entity/humanoid/seraphskinparts/hair-face/brd-wisp10-wiseman.json"
  },
  {
    "op": "replace",
    "path": "/textureWidth",
    "value": 64,
    "file": "game:shapes/entity/humanoid/seraphskinparts/hair-face/brd-wisp10-wiseman.json"
  }
]