[
  {
    "op": "add",
    "path": "/textureSizes",
    "value": {},
    "file": "game:shapes/entity/humanoid/seraph/armor/gambeson/legs.json"
  },
  {
    "op": "remove",
    "path": "/editor/backDropShape",
    "file": "game:shapes/entity/humanoid/seraph/armor/gambeson/legs.json"
  },
  {
    "op": "remove",
    "path": "/editor/singleTexture",
    "file": "game:shapes/entity/humanoid/seraph/armor/gambeson/legs.json"
  },
  {
    "op": "add",
    "path": "/editor/entityTextureMode",
    "value": true,
    "file": "game:shapes/entity/humanoid/seraph/armor/gambeson/legs.json"
  },
  {
    "op": "remove",
    "path": "/elements/2",
    "file": "game:shapes/entity/humanoid/seraph/armor/gambeson/legs.json"
  },
  {
    "op": "replace",
    "path": "/elements/2",
    "value": {
      "name": "GamLowerLegR",
      "stepParentName": "LowerFootR",
      "from": [
        -0.3,
        0.8,
        -0.25
      ],
      "to": [
        3.2,
        5.1,
        3.25
      ],
      "autoUnwrap": false,
      "uv": [
        16.0,
        48.0
      ],
      "rotationOrigin": [
        -0.3,
        0.8,
        -0.4
      ],
      "faces": {
        "north": {
          "texture": "#material",
          "uv": [
            16.0,
            51.5,
            20.0,
            55.5
          ],
          "autoUv": false
        },
        "east": {
          "texture": "#material",
          "uv": [
            20.0,
            51.5,
            24.0,
            55.5
          ],
          "autoUv": false
        },
        "south": {
          "texture": "#material",
          "uv": [
            24.0,
            51.5,
            28.0,
            55.5
          ],
          "autoUv": false
        },
        "west": {
          "texture": "#material",
          "uv": [
            28.0,
            51.5,
            32.0,
            55.5
          ],
          "autoUv": false
        },
        "up": {
          "texture": "#material",
          "uv": [
            16.0,
            48.0,
            19.5,
            51.5
          ]
        },
        "down": {
          "texture": "#material",
          "uv": [
            19.5,
            48.0,
            23.0,
            51.5
          ]
        }
      }
    },
    "file": "game:shapes/entity/humanoid/seraph/armor/gambeson/legs.json"
  },
  {
    "op": "add",
    "path": "/elements/3",
    "value": {
      "name": "GamLowerLegL",
      "stepParentName": "LowerFootL",
      "from": [
        -0.3,
        -0.2,
        -0.25
      ],
      "to": [
        3.2,
        5.1,
        3.25
      ],
      "autoUnwrap": false,
      "uv": [
        0.0,
        48.0
      ],
      "rotationOrigin": [
        -0.3,
        -0.2,
        -0.4
      ],
      "faces": {
        "north": {
          "texture": "#material",
          "uv": [
            0.0,
            51.5,
            4.0,
            56.5
          ],
          "autoUv": false
        },
        "east": {
          "texture": "#material",
          "uv": [
            4.0,
            51.5,
            8.0,
            56.5
          ],
          "autoUv": false
        },
        "south": {
          "texture": "#material",
          "uv": [
            8.0,
            51.5,
            12.0,
            56.5
          ],
          "autoUv": false
        },
        "west": {
          "texture": "#material",
          "uv": [
            12.0,
            51.5,
            16.0,
            56.5
          ],
          "autoUv": false
        },
        "up": {
          "texture": "#material",
          "uv": [
            0.0,
            48.0,
            3.5,
            51.5
          ]
        },
        "down": {
          "texture": "#material",
          "uv": [
            3.5,
            48.0,
            7.0,
            51.5
          ]
        }
      }
    },
    "file": "game:shapes/entity/humanoid/seraph/armor/gambeson/legs.json"
  },
  {
    "op": "add",
    "path": "/elements/4",
    "value": {
      "name": "GamLowerLegR2",
      "stepParentName": "PawR",
      "from": [
        -0.3,
        0.8,
        -0.25
      ],
      "to": [
        3.2,
        7.1,
        3.25
      ],
      "autoUnwrap": false,
      "uv": [
        16.0,
        48.0
      ],
      "rotationOrigin": [
        -0.3,
        0.8,
        -0.4
      ],
      "faces": {
        "north": {
          "texture": "#material",
          "uv": [
            16.0,
            53.5,
            20.0,
            59.5
          ],
          "autoUv": false
        },
        "east": {
          "texture": "#material",
          "uv": [
            20.0,
            53.5,
            24.0,
            59.5
          ],
          "autoUv": false
        },
        "south": {
          "texture": "#material",
          "uv": [
            24.0,
            53.5,
            27.5,
            59.5
          ],
          "autoUv": false
        },
        "west": {
          "texture": "#material",
          "uv": [
            28.0,
            53.5,
            32.0,
            59.5
          ],
          "autoUv": false
        },
        "up": {
          "texture": "#material",
          "uv": [
            16.0,
            48.0,
            19.5,
            51.5
          ]
        },
        "down": {
          "texture": "#material",
          "uv": [
            19.5,
            48.0,
            23.0,
            51.5
          ]
        }
      }
    },
    "file": "game:shapes/entity/humanoid/seraph/armor/gambeson/legs.json"
  },
  {
    "op": "add",
    "path": "/elements/5",
    "value": {
      "name": "GamLowerLegL2",
      "stepParentName": "PawL",
      "from": [
        -0.3,
        0.8,
        -0.25
      ],
      "to": [
        3.2,
        7.1,
        3.25
      ],
      "autoUnwrap": false,
      "uv": [
        0.0,
        48.0
      ],
      "rotationOrigin": [
        -0.3,
        0.8,
        -0.4
      ],
      "faces": {
        "north": {
          "texture": "#material",
          "uv": [
            0.0,
            53.5,
            3.5,
            59.5
          ]
        },
        "east": {
          "texture": "#material",
          "uv": [
            4.0,
            53.5,
            8.0,
            59.5
          ],
          "autoUv": false
        },
        "south": {
          "texture": "#material",
          "uv": [
            8.0,
            53.5,
            12.0,
            59.5
          ],
          "autoUv": false
        },
        "west": {
          "texture": "#material",
          "uv": [
            12.0,
            53.5,
            16.0,
            59.5
          ],
          "autoUv": false
        },
        "up": {
          "texture": "#material",
          "uv": [
            0.0,
            48.0,
            3.5,
            51.5
          ]
        },
        "down": {
          "texture": "#material",
          "uv": [
            3.5,
            48.0,
            7.0,
            51.5
          ]
        }
      }
    },
    "file": "game:shapes/entity/humanoid/seraph/armor/gambeson/legs.json"
  }
]