[
  {
    "op": "replace",
    "path": "/editor/backDropShape",
    "value": "shapes/entity/humanoid/seraph",
    "file": "game:shapes/entity/humanoid/seraph/armor/plate/head-iron.json"
  },
  {
    "op": "replace",
    "path": "/elements/0/from/1",
    "value": -0.5,
    "file": "game:shapes/entity/humanoid/seraph/armor/plate/head-iron.json"
  },
  {
    "op": "replace",
    "path": "/elements/0/rotationOrigin/1",
    "value": -0.5,
    "file": "game:shapes/entity/humanoid/seraph/armor/plate/head-iron.json"
  },
  {
    "op": "replace",
    "path": "/elements/0/to/1",
    "value": 5.5,
    "file": "game:shapes/entity/humanoid/seraph/armor/plate/head-iron.json"
  }
]