[
  {
    "op": "replace",
    "path": "/editor/backDropShape",
    "value": "shapes/entity/humanoid/seraph",
    "file": "game:shapes/entity/humanoid/seraph/armor/chain/head-silver.json"
  },
  {
    "op": "remove",
    "path": "/elements/0/children/1/faces/east",
    "file": "game:shapes/entity/humanoid/seraph/armor/chain/head-silver.json"
  },
  {
    "op": "remove",
    "path": "/elements/0/children/2/faces/down",
    "file": "game:shapes/entity/humanoid/seraph/armor/chain/head-silver.json"
  },
  {
    "op": "remove",
    "path": "/elements/0/children/3/children/0/faces/west",
    "file": "game:shapes/entity/humanoid/seraph/armor/chain/head-silver.json"
  },
  {
    "op": "remove",
    "path": "/elements/0/children/3/children/1/faces/west",
    "file": "game:shapes/entity/humanoid/seraph/armor/chain/head-silver.json"
  },
  {
    "op": "remove",
    "path": "/elements/0/children/3/faces/west",
    "file": "game:shapes/entity/humanoid/seraph/armor/chain/head-silver.json"
  },
  {
    "op": "replace",
    "path": "/elements/0/children/3/from/1",
    "value": 4.8,
    "file": "game:shapes/entity/humanoid/seraph/armor/chain/head-silver.json"
  },
  {
    "op": "replace",
    "path": "/elements/0/children/3/from/2",
    "value": 6.0,
    "file": "game:shapes/entity/humanoid/seraph/armor/chain/head-silver.json"
  },
  {
    "op": "replace",
    "path": "/elements/0/children/3/rotationOrigin/1",
    "value": 5.0,
    "file": "game:shapes/entity/humanoid/seraph/armor/chain/head-silver.json"
  },
  {
    "op": "replace",
    "path": "/elements/0/children/3/rotationOrigin/2",
    "value": 6.5,
    "file": "game:shapes/entity/humanoid/seraph/armor/chain/head-silver.json"
  },
  {
    "op": "replace",
    "path": "/elements/0/children/3/to/1",
    "value": 5.3,
    "file": "game:shapes/entity/humanoid/seraph/armor/chain/head-silver.json"
  },
  {
    "op": "replace",
    "path": "/elements/0/children/3/to/2",
    "value": 7.0,
    "file": "game:shapes/entity/humanoid/seraph/armor/chain/head-silver.json"
  },
  {
    "op": "remove",
    "path": "/elements/0/children/4/children/0/faces/west",
    "file": "game:shapes/entity/humanoid/seraph/armor/chain/head-silver.json"
  },
  {
    "op": "remove",
    "path": "/elements/0/children/4/children/1/faces/west",
    "file": "game:shapes/entity/humanoid/seraph/armor/chain/head-silver.json"
  },
  {
    "op": "remove",
    "path": "/elements/0/children/4/faces/west",
    "file": "game:shapes/entity/humanoid/seraph/armor/chain/head-silver.json"
  },
  {
    "op": "replace",
    "path": "/elements/0/children/4/from/1",
    "value": 4.8,
    "file": "game:shapes/entity/humanoid/seraph/armor/chain/head-silver.json"
  },
  {
    "op": "replace",
    "path": "/elements/0/children/4/from/2",
    "value": -0.6,
    "file": "game:shapes/entity/humanoid/seraph/armor/chain/head-silver.json"
  },
  {
    "op": "replace",
    "path": "/elements/0/children/4/rotationOrigin/1",
    "value": 5.0,
    "file": "game:shapes/entity/humanoid/seraph/armor/chain/head-silver.json"
  },
  {
    "op": "replace",
    "path": "/elements/0/children/4/rotationOrigin/2",
    "value": -0.1,
    "file": "game:shapes/entity/humanoid/seraph/armor/chain/head-silver.json"
  },
  {
    "op": "replace",
    "path": "/elements/0/children/4/to/1",
    "value": 5.3,
    "file": "game:shapes/entity/humanoid/seraph/armor/chain/head-silver.json"
  },
  {
    "op": "replace",
    "path": "/elements/0/children/4/to/2",
    "value": 0.4,
    "file": "game:shapes/entity/humanoid/seraph/armor/chain/head-silver.json"
  }
]