[
  {
    "op": "remove",
    "path": "/editor/backDropShape",
    "file": "game:shapes/entity/humanoid/seraph/clothing/face/malefactor-mask.json"
  },
  {
    "op": "replace",
    "path": "/elements/0/children",
    "value": [
      {
        "name": "L side",
        "from": [
          -1.8,
          -0.1,
          -2.8
        ],
        "to": [
          -0.8,
          3.4,
          0.2
        ],
        "rotationOrigin": [
          -1.8,
          -0.1,
          0.2
        ],
        "rotationY": -8.0,
        "faces": {
          "north": {
            "texture": "#white-wooden-mask",
            "uv": [
              0.0,
              0.0,
              1.0,
              3.5
            ]
          },
          "east": {
            "texture": "#white-wooden-mask",
            "uv": [
              5.5,
              0.5,
              8.5,
              4.0
            ]
          },
          "south": {
            "texture": "#white-wooden-mask",
            "uv": [
              0.0,
              0.0,
              1.0,
              3.5
            ]
          },
          "west": {
            "texture": "#white-wooden-mask",
            "uv": [
              5.0,
              1.0,
              8.0,
              4.5
            ]
          },
          "up": {
            "texture": "#white-wooden-mask",
            "uv": [
              0.0,
              0.0,
              1.0,
              3.0
            ]
          },
          "down": {
            "texture": "#white-wooden-mask",
            "uv": [
              0.0,
              0.0,
              1.0,
              3.0
            ]
          }
        },
        "children": [
          {
            "name": "L string",
            "from": [
              0.0,
              2.0,
              -0.1
            ],
            "to": [
              6.0,
              3.0,
              0.4
            ],
            "rotationOrigin": [
              0.0,
              2.5,
              -0.1
            ],
            "rotationY": 18.0,
            "faces": {
              "north": {
                "texture": "#white-wooden-mask",
                "uv": [
                  0.0,
                  0.0,
                  6.0,
                  1.0
                ]
              },
              "east": {
                "texture": "#white-wooden-mask",
                "uv": [
                  0.0,
                  0.0,
                  0.5,
                  1.0
                ]
              },
              "south": {
                "texture": "#white-wooden-mask",
                "uv": [
                  0.0,
                  0.0,
                  6.0,
                  1.0
                ]
              },
              "west": {
                "texture": "#white-wooden-mask",
                "uv": [
                  0.0,
                  0.0,
                  0.5,
                  1.0
                ]
              },
              "up": {
                "texture": "#white-wooden-mask",
                "uv": [
                  0.0,
                  0.0,
                  6.0,
                  0.5
                ]
              },
              "down": {
                "texture": "#white-wooden-mask",
                "uv": [
                  0.0,
                  0.0,
                  6.0,
                  0.5
                ]
              }
            }
          },
          {
            "name": "L holder",
            "from": [
              0.0,
              0.0,
              -0.1
            ],
            "to": [
              4.0,
              0.5,
              0.4
            ],
            "rotationOrigin": [
              0.0,
              0.5,
              -0.1
            ],
            "rotationY": 19.0,
            "rotationZ": 32.0,
            "faces": {
              "north": {
                "texture": "#white-wooden-mask",
                "uv": [
                  0.0,
                  0.0,
                  4.0,
                  0.5
                ]
              },
              "east": {
                "texture": "#white-wooden-mask",
                "uv": [
                  0.0,
                  0.0,
                  0.5,
                  0.5
                ]
              },
              "south": {
                "texture": "#white-wooden-mask",
                "uv": [
                  0.0,
                  0.0,
                  4.0,
                  0.5
                ]
              },
              "west": {
                "texture": "#white-wooden-mask",
                "uv": [
                  0.0,
                  0.0,
                  0.5,
                  0.5
                ]
              },
              "up": {
                "texture": "#white-wooden-mask",
                "uv": [
                  0.0,
                  0.0,
                  4.0,
                  0.5
                ]
              },
              "down": {
                "texture": "#white-wooden-mask",
                "uv": [
                  0.0,
                  0.0,
                  4.0,
                  0.5
                ]
              }
            }
          }
        ]
      },
      {
        "name": "R side",
        "from": [
          -1.8,
          -0.1,
          0.2
        ],
        "to": [
          -0.8,
          3.4,
          3.2
        ],
        "rotationOrigin": [
          -1.8,
          -0.1,
          0.2
        ],
        "rotationY": 20.0,
        "faces": {
          "north": {
            "texture": "#white-wooden-mask",
            "uv": [
              0.0,
              0.0,
              1.0,
              3.5
            ]
          },
          "east": {
            "texture": "#white-wooden-mask",
            "uv": [
              5.5,
              2.0,
              8.5,
              5.5
            ]
          },
          "south": {
            "texture": "#white-wooden-mask",
            "uv": [
              11.5,
              0.5,
              12.5,
              4.0
            ]
          },
          "west": {
            "texture": "#white-wooden-mask",
            "uv": [
              8.5,
              1.0,
              11.5,
              4.5
            ]
          },
          "up": {
            "texture": "#white-wooden-mask",
            "uv": [
              0.0,
              0.0,
              1.0,
              3.0
            ]
          },
          "down": {
            "texture": "#white-wooden-mask",
            "uv": [
              0.0,
              0.0,
              1.0,
              3.0
            ]
          }
        },
        "children": [
          {
            "name": "R string",
            "from": [
              0.0,
              2.0,
              2.6
            ],
            "to": [
              6.0,
              3.0,
              3.1
            ],
            "rotationOrigin": [
              0.0,
              2.5,
              3.0
            ],
            "rotationX": 0.0,
            "rotationY": -18.0,
            "rotationZ": 0.0,
            "faces": {
              "north": {
                "texture": "#white-wooden-mask",
                "uv": [
                  0.0,
                  0.0,
                  6.0,
                  1.0
                ]
              },
              "east": {
                "texture": "#white-wooden-mask",
                "uv": [
                  0.0,
                  0.0,
                  0.5,
                  1.0
                ]
              },
              "south": {
                "texture": "#white-wooden-mask",
                "uv": [
                  0.0,
                  0.0,
                  6.0,
                  1.0
                ]
              },
              "west": {
                "texture": "#white-wooden-mask",
                "uv": [
                  0.0,
                  0.0,
                  0.5,
                  1.0
                ]
              },
              "up": {
                "texture": "#white-wooden-mask",
                "uv": [
                  0.0,
                  0.0,
                  6.0,
                  0.5
                ]
              },
              "down": {
                "texture": "#white-wooden-mask",
                "uv": [
                  0.0,
                  0.0,
                  6.0,
                  0.5
                ]
              }
            }
          },
          {
            "name": "R holder",
            "from": [
              0.0,
              0.0,
              2.6
            ],
            "to": [
              4.0,
              0.5,
              3.1
            ],
            "rotationOrigin": [
              0.0,
              0.5,
              3.0
            ],
            "rotationX": 0.0,
            "rotationY": -19.0,
            "rotationZ": 32.0,
            "faces": {
              "north": {
                "texture": "#white-wooden-mask",
                "uv": [
                  0.0,
                  0.0,
                  4.0,
                  0.5
                ]
              },
              "east": {
                "texture": "#white-wooden-mask",
                "uv": [
                  0.0,
                  0.0,
                  0.5,
                  0.5
                ]
              },
              "south": {
                "texture": "#white-wooden-mask",
                "uv": [
                  0.0,
                  0.0,
                  4.0,
                  0.5
                ]
              },
              "west": {
                "texture": "#white-wooden-mask",
                "uv": [
                  0.0,
                  0.0,
                  0.5,
                  0.5
                ]
              },
              "up": {
                "texture": "#white-wooden-mask",
                "uv": [
                  0.0,
                  0.0,
                  4.0,
                  0.5
                ]
              },
              "down": {
                "texture": "#white-wooden-mask",
                "uv": [
                  0.0,
                  0.0,
                  4.0,
                  0.5
                ]
              }
            }
          }
        ]
      },
      {
        "name": "L bottom tile",
        "from": [
          -3.3,
          0.3,
          -1.8
        ],
        "to": [
          0.7,
          0.8,
          0.2
        ],
        "rotationOrigin": [
          -3.3,
          0.3,
          0.2
        ],
        "rotationX": 1.0,
        "rotationY": -4.0,
        "faces": {
          "north": {
            "texture": "#white-wooden-mask",
            "uv": [
              0.0,
              0.0,
              0.5,
              4.0
            ],
            "rotation": 90
          },
          "east": {
            "texture": "#white-wooden-mask",
            "uv": [
              0.0,
              0.0,
              2.0,
              0.5
            ]
          },
          "south": {
            "texture": "#white-wooden-mask",
            "uv": [
              0.0,
              0.0,
              4.0,
              0.5
            ]
          },
          "west": {
            "texture": "#white-wooden-mask",
            "uv": [
              5.5,
              5.5,
              7.5,
              6.0
            ]
          },
          "up": {
            "texture": "#white-wooden-mask",
            "uv": [
              0.0,
              0.0,
              2.0,
              4.0
            ],
            "rotation": 90
          },
          "down": {
            "texture": "#white-wooden-mask",
            "uv": [
              0.0,
              0.0,
              4.0,
              2.0
            ]
          }
        }
      },
      {
        "name": "R bottom tile",
        "from": [
          -3.3,
          0.3,
          0.2
        ],
        "to": [
          0.7,
          0.8,
          2.2
        ],
        "rotationOrigin": [
          -3.3,
          0.3,
          0.2
        ],
        "rotationX": -1.0,
        "rotationY": 4.0,
        "faces": {
          "north": {
            "texture": "#white-wooden-mask",
            "uv": [
              2.5,
              2.0,
              6.5,
              2.5
            ]
          },
          "east": {
            "texture": "#white-wooden-mask",
            "uv": [
              0.0,
              1.5,
              2.0,
              2.0
            ]
          },
          "south": {
            "texture": "#white-wooden-mask",
            "uv": [
              4.0,
              2.5,
              4.5,
              6.5
            ],
            "rotation": 90
          },
          "west": {
            "texture": "#white-wooden-mask",
            "uv": [
              10.0,
              6.0,
              12.0,
              6.5
            ]
          },
          "up": {
            "texture": "#white-wooden-mask",
            "uv": [
              9.5,
              5.5,
              11.5,
              9.5
            ],
            "rotation": 270
          },
          "down": {
            "texture": "#white-wooden-mask",
            "uv": [
              0.0,
              0.0,
              4.0,
              2.0
            ]
          }
        }
      },
      {
        "name": "Cube1",
        "from": [
          6.0,
          1.8,
          -2.55
        ],
        "to": [
          6.5,
          2.8,
          2.95
        ],
        "rotationOrigin": [
          6.0,
          2.3,
          -0.1
        ],
        "rotationZ": 1.0,
        "faces": {
          "north": {
            "texture": "#white-wooden-mask",
            "uv": [
              0.0,
              0.0,
              0.5,
              1.0
            ]
          },
          "east": {
            "texture": "#white-wooden-mask",
            "uv": [
              0.0,
              0.0,
              5.5,
              1.0
            ]
          },
          "south": {
            "texture": "#white-wooden-mask",
            "uv": [
              0.0,
              0.0,
              0.5,
              1.0
            ]
          },
          "west": {
            "texture": "#white-wooden-mask",
            "uv": [
              0.0,
              0.0,
              5.5,
              1.0
            ]
          },
          "up": {
            "texture": "#white-wooden-mask",
            "uv": [
              0.0,
              0.0,
              0.5,
              5.5
            ]
          },
          "down": {
            "texture": "#white-wooden-mask",
            "uv": [
              0.0,
              0.0,
              0.5,
              5.5
            ]
          }
        }
      },
      {
        "name": "L bottom tile2",
        "from": [
          -3.3,
          -1.7,
          -1.3
        ],
        "to": [
          -2.8,
          0.8,
          0.2
        ],
        "rotationOrigin": [
          -3.3,
          -1.7,
          0.7
        ],
        "rotationX": 1.0,
        "rotationY": -4.0,
        "faces": {
          "north": {
            "texture": "#white-wooden-mask",
            "uv": [
              0.0,
              0.0,
              2.5,
              0.5
            ],
            "rotation": 90
          },
          "east": {
            "texture": "#white-wooden-mask",
            "uv": [
              0.0,
              0.0,
              1.5,
              2.5
            ]
          },
          "south": {
            "texture": "#white-wooden-mask",
            "uv": [
              0.0,
              0.0,
              0.5,
              2.5
            ]
          },
          "west": {
            "texture": "#white-wooden-mask",
            "uv": [
              5.5,
              5.5,
              7.0,
              8.0
            ]
          },
          "up": {
            "texture": "#white-wooden-mask",
            "uv": [
              0.0,
              0.0,
              1.5,
              0.5
            ],
            "rotation": 90
          },
          "down": {
            "texture": "#white-wooden-mask",
            "uv": [
              0.0,
              0.0,
              0.5,
              1.5
            ]
          }
        }
      },
      {
        "name": "R bottom tile2",
        "from": [
          -3.3,
          -1.7,
          0.2
        ],
        "to": [
          -2.8,
          0.8,
          1.7
        ],
        "rotationOrigin": [
          -3.3,
          -1.7,
          0.2
        ],
        "rotationX": -1.0,
        "rotationY": 4.0,
        "faces": {
          "north": {
            "texture": "#white-wooden-mask",
            "uv": [
              2.5,
              2.0,
              3.0,
              4.5
            ]
          },
          "east": {
            "texture": "#white-wooden-mask",
            "uv": [
              0.0,
              1.5,
              1.5,
              4.0
            ]
          },
          "south": {
            "texture": "#white-wooden-mask",
            "uv": [
              4.0,
              2.5,
              6.5,
              3.0
            ],
            "rotation": 90
          },
          "west": {
            "texture": "#white-wooden-mask",
            "uv": [
              10.0,
              5.0,
              11.5,
              7.5
            ]
          },
          "up": {
            "texture": "#white-wooden-mask",
            "uv": [
              10.0,
              3.0,
              11.5,
              3.5
            ],
            "rotation": 90
          },
          "down": {
            "texture": "#white-wooden-mask",
            "uv": [
              0.0,
              0.0,
              0.5,
              1.5
            ]
          }
        }
      }
    ],
    "file": "game:shapes/entity/humanoid/seraph/clothing/face/malefactor-mask.json"
  },
  {
    "op": "remove",
    "path": "/elements/0/faces/down",
    "file": "game:shapes/entity/humanoid/seraph/clothing/face/malefactor-mask.json"
  },
  {
    "op": "remove",
    "path": "/elements/0/faces/east",
    "file": "game:shapes/entity/humanoid/seraph/clothing/face/malefactor-mask.json"
  },
  {
    "op": "remove",
    "path": "/elements/0/faces/north",
    "file": "game:shapes/entity/humanoid/seraph/clothing/face/malefactor-mask.json"
  },
  {
    "op": "remove",
    "path": "/elements/0/faces/south",
    "file": "game:shapes/entity/humanoid/seraph/clothing/face/malefactor-mask.json"
  },
  {
    "op": "remove",
    "path": "/elements/0/faces/up",
    "file": "game:shapes/entity/humanoid/seraph/clothing/face/malefactor-mask.json"
  },
  {
    "op": "remove",
    "path": "/elements/0/faces/west",
    "file": "game:shapes/entity/humanoid/seraph/clothing/face/malefactor-mask.json"
  }
]