[
  {
    "op": "add",
    "path": "/textureSizes",
    "value": {},
    "file": "game:shapes/entity/humanoid/seraph/armor/chain/legs.json"
  },
  {
    "op": "remove",
    "path": "/editor/singleTexture",
    "file": "game:shapes/entity/humanoid/seraph/armor/chain/legs.json"
  },
  {
    "op": "add",
    "path": "/editor/backDropShape",
    "value": "shapes/entity/humanoid/seraph",
    "file": "game:shapes/entity/humanoid/seraph/armor/chain/legs.json"
  },
  {
    "op": "add",
    "path": "/editor/entityTextureMode",
    "value": true,
    "file": "game:shapes/entity/humanoid/seraph/armor/chain/legs.json"
  },
  {
    "op": "remove",
    "path": "/elements/2",
    "file": "game:shapes/entity/humanoid/seraph/armor/chain/legs.json"
  },
  {
    "op": "replace",
    "path": "/elements/2",
    "value": {
      "name": "ArmorLowerLegR",
      "stepParentName": "LowerFootR",
      "from": [
        -0.3,
        -0.2,
        -0.25
      ],
      "to": [
        3.2,
        5.3,
        3.25
      ],
      "uv": [
        16.0,
        48.5
      ],
      "rotationOrigin": [
        -0.3,
        -0.2,
        -0.4
      ],
      "faces": {
        "north": {
          "texture": "#material",
          "uv": [
            16.0,
            52.0,
            19.5,
            57.5
          ]
        },
        "east": {
          "texture": "#material",
          "uv": [
            19.5,
            52.0,
            23.0,
            57.5
          ]
        },
        "south": {
          "texture": "#material",
          "uv": [
            23.0,
            52.0,
            26.5,
            57.5
          ]
        },
        "west": {
          "texture": "#material",
          "uv": [
            26.5,
            52.0,
            30.0,
            57.5
          ]
        },
        "up": {
          "texture": "#material",
          "uv": [
            16.0,
            48.5,
            19.5,
            52.0
          ]
        },
        "down": {
          "texture": "#material",
          "uv": [
            19.5,
            48.5,
            23.0,
            52.0
          ]
        }
      }
    },
    "file": "game:shapes/entity/humanoid/seraph/armor/chain/legs.json"
  },
  {
    "op": "add",
    "path": "/elements/3",
    "value": {
      "name": "ArmorLowerLegL",
      "stepParentName": "LowerFootL",
      "from": [
        -0.3,
        -0.2,
        -0.25
      ],
      "to": [
        3.2,
        5.3,
        3.25
      ],
      "uv": [
        0.0,
        48.5
      ],
      "rotationOrigin": [
        -0.3,
        -0.2,
        -0.4
      ],
      "faces": {
        "north": {
          "texture": "#material",
          "uv": [
            0.0,
            52.0,
            3.5,
            57.5
          ]
        },
        "east": {
          "texture": "#material",
          "uv": [
            3.5,
            52.0,
            7.0,
            57.5
          ]
        },
        "south": {
          "texture": "#material",
          "uv": [
            7.0,
            52.0,
            10.5,
            57.5
          ]
        },
        "west": {
          "texture": "#material",
          "uv": [
            10.5,
            52.0,
            14.0,
            57.5
          ]
        },
        "up": {
          "texture": "#material",
          "uv": [
            0.0,
            48.5,
            3.5,
            52.0
          ]
        },
        "down": {
          "texture": "#material",
          "uv": [
            3.5,
            48.5,
            7.0,
            52.0
          ]
        }
      }
    },
    "file": "game:shapes/entity/humanoid/seraph/armor/chain/legs.json"
  },
  {
    "op": "add",
    "path": "/elements/4",
    "value": {
      "name": "ArmorLowerLegR2",
      "stepParentName": "PawR",
      "from": [
        -0.3,
        0.8,
        -0.25
      ],
      "to": [
        3.2,
        7.3,
        3.25
      ],
      "autoUnwrap": false,
      "uv": [
        16.0,
        48.5
      ],
      "rotationOrigin": [
        -0.3,
        0.8,
        -0.4
      ],
      "faces": {
        "north": {
          "texture": "#material",
          "uv": [
            16.0,
            54.0,
            19.5,
            60.5
          ]
        },
        "east": {
          "texture": "#material",
          "uv": [
            19.5,
            54.0,
            23.0,
            60.5
          ]
        },
        "south": {
          "texture": "#material",
          "uv": [
            23.0,
            54.0,
            26.5,
            60.5
          ]
        },
        "west": {
          "texture": "#material",
          "uv": [
            26.5,
            54.0,
            30.0,
            60.5
          ]
        },
        "up": {
          "texture": "#material",
          "uv": [
            16.0,
            48.5,
            19.5,
            52.0
          ]
        },
        "down": {
          "texture": "#material",
          "uv": [
            20.5,
            48.5,
            25.0,
            52.0
          ],
          "autoUv": false
        }
      }
    },
    "file": "game:shapes/entity/humanoid/seraph/armor/chain/legs.json"
  },
  {
    "op": "add",
    "path": "/elements/5",
    "value": {
      "name": "ArmorLowerLegL2",
      "stepParentName": "PawL",
      "from": [
        -0.3,
        0.8,
        -0.25
      ],
      "to": [
        3.2,
        7.3,
        3.25
      ],
      "autoUnwrap": false,
      "uv": [
        0.0,
        48.5
      ],
      "rotationOrigin": [
        -0.3,
        0.8,
        -0.4
      ],
      "faces": {
        "north": {
          "texture": "#material",
          "uv": [
            0.0,
            54.0,
            3.5,
            60.5
          ]
        },
        "east": {
          "texture": "#material",
          "uv": [
            3.5,
            54.0,
            7.0,
            60.5
          ]
        },
        "south": {
          "texture": "#material",
          "uv": [
            7.0,
            54.0,
            10.5,
            60.5
          ]
        },
        "west": {
          "texture": "#material",
          "uv": [
            10.5,
            54.0,
            14.0,
            60.5
          ]
        },
        "up": {
          "texture": "#material",
          "uv": [
            0.0,
            48.5,
            3.5,
            52.0
          ]
        },
        "down": {
          "texture": "#material",
          "uv": [
            4.5,
            48.5,
            9.0,
            52.0
          ],
          "autoUv": false
        }
      }
    },
    "file": "game:shapes/entity/humanoid/seraph/armor/chain/legs.json"
  }
]