[
  {
    "op": "add",
    "path": "/textureSizes",
    "value": {},
    "file": "game:shapes/entity/humanoid/seraph/armor/plate/head-gold.json"
  },
  {
    "op": "remove",
    "path": "/editor/singleTexture",
    "file": "game:shapes/entity/humanoid/seraph/armor/plate/head-gold.json"
  },
  {
    "op": "add",
    "path": "/editor/entityTextureMode",
    "value": true,
    "file": "game:shapes/entity/humanoid/seraph/armor/plate/head-gold.json"
  },
  {
    "op": "replace",
    "path": "/editor/backDropShape",
    "value": "shapes/entity/humanoid/seraph",
    "file": "game:shapes/entity/humanoid/seraph/armor/plate/head-gold.json"
  },
  {
    "op": "remove",
    "path": "/elements/0/children/0/faces/east",
    "file": "game:shapes/entity/humanoid/seraph/armor/plate/head-gold.json"
  },
  {
    "op": "replace",
    "path": "/elements/0/children/0/faces/north/uv/1",
    "value": 24.5,
    "file": "game:shapes/entity/humanoid/seraph/armor/plate/head-gold.json"
  },
  {
    "op": "replace",
    "path": "/elements/0/children/0/faces/south/uv/3",
    "value": 22.5,
    "file": "game:shapes/entity/humanoid/seraph/armor/plate/head-gold.json"
  },
  {
    "op": "replace",
    "path": "/elements/0/children/0/faces/west/uv/1",
    "value": 24.5,
    "file": "game:shapes/entity/humanoid/seraph/armor/plate/head-gold.json"
  },
  {
    "op": "replace",
    "path": "/elements/0/children/0/from/1",
    "value": 2.71,
    "file": "game:shapes/entity/humanoid/seraph/armor/plate/head-gold.json"
  },
  {
    "op": "replace",
    "path": "/elements/0/children/0/rotationOrigin/1",
    "value": 3.3,
    "file": "game:shapes/entity/humanoid/seraph/armor/plate/head-gold.json"
  },
  {
    "op": "replace",
    "path": "/elements/0/children/0/to/1",
    "value": 4.71,
    "file": "game:shapes/entity/humanoid/seraph/armor/plate/head-gold.json"
  },
  {
    "op": "remove",
    "path": "/elements/0/children/1/faces/south",
    "file": "game:shapes/entity/humanoid/seraph/armor/plate/head-gold.json"
  },
  {
    "op": "remove",
    "path": "/elements/0/children/2/faces/north",
    "file": "game:shapes/entity/humanoid/seraph/armor/plate/head-gold.json"
  },
  {
    "op": "remove",
    "path": "/elements/1/faces/down",
    "file": "game:shapes/entity/humanoid/seraph/armor/plate/head-gold.json"
  },
  {
    "op": "remove",
    "path": "/elements/1/faces/up",
    "file": "game:shapes/entity/humanoid/seraph/armor/plate/head-gold.json"
  }
]