[
  {
    "op": "replace",
    "path": "/elements/0/children/1/children",
    "value": [
      {
        "name": "ArmorHelmetNasal",
        "from": [
          -2.7,
          -3.3,
          2.6
        ],
        "to": [
          -2.2,
          -1.3,
          3.6
        ],
        "unwrapMode": 1,
        "uv": [
          32.5,
          35.0
        ],
        "rotationOrigin": [
          -2.7,
          -3.3,
          2.6
        ],
        "faces": {
          "north": {
            "texture": "#material",
            "uv": [
              32.5,
              35.0,
              33.0,
              37.0
            ]
          },
          "south": {
            "texture": "#material",
            "uv": [
              34.0,
              35.0,
              34.5,
              37.0
            ]
          },
          "west": {
            "texture": "#material",
            "uv": [
              33.0,
              35.0,
              34.0,
              37.0
            ]
          },
          "down": {
            "texture": "#material",
            "uv": [
              32.5,
              37.0,
              33.0,
              38.0
            ]
          }
        }
      },
      {
        "name": "OcularR",
        "from": [
          0.0,
          -1.8,
          0.0
        ],
        "to": [
          0.7,
          0.0,
          1.0
        ],
        "autoUnwrap": false,
        "uv": [
          54.5,
          31.5
        ],
        "rotationOrigin": [
          0.0,
          -1.8,
          0.0
        ],
        "faces": {
          "north": {
            "texture": "#material",
            "uv": [
              52.5,
              31.0,
              53.0,
              32.5
            ]
          },
          "south": {
            "texture": "#material",
            "uv": [
              52.5,
              31.0,
              53.0,
              32.5
            ]
          },
          "west": {
            "texture": "#material",
            "uv": [
              52.5,
              31.0,
              53.5,
              32.5
            ]
          },
          "down": {
            "texture": "#material",
            "uv": [
              52.5,
              30.0,
              53.0,
              31.0
            ]
          }
        },
        "children": [
          {
            "name": "CheekR",
            "from": [
              0.0,
              -0.3,
              1.0
            ],
            "to": [
              0.5,
              0.7,
              2.6
            ],
            "autoUnwrap": false,
            "uv": [
              49.5,
              39.0
            ],
            "rotationOrigin": [
              0.0,
              -0.3,
              1.0
            ],
            "faces": {
              "north": {
                "texture": "#material",
                "uv": [
                  52.5,
                  31.0,
                  53.0,
                  32.0
                ]
              },
              "south": {
                "texture": "#material",
                "uv": [
                  52.5,
                  30.0,
                  53.0,
                  31.0
                ]
              },
              "west": {
                "texture": "#material",
                "uv": [
                  51.5,
                  32.5,
                  53.0,
                  33.5
                ]
              },
              "up": {
                "texture": "#material",
                "uv": [
                  52.5,
                  31.5,
                  53.0,
                  33.0
                ]
              },
              "down": {
                "texture": "#material",
                "uv": [
                  52.5,
                  32.0,
                  53.0,
                  33.5
                ]
              }
            }
          }
        ]
      },
      {
        "name": "OcularL",
        "from": [
          0.0,
          -1.8,
          5.3
        ],
        "to": [
          0.7,
          0.0,
          6.3
        ],
        "autoUnwrap": false,
        "uv": [
          0.0,
          0.0
        ],
        "rotationOrigin": [
          0.0,
          -1.8,
          5.3
        ],
        "faces": {
          "north": {
            "texture": "#material",
            "uv": [
              52.5,
              31.0,
              53.0,
              32.5
            ]
          },
          "south": {
            "texture": "#material",
            "uv": [
              52.5,
              31.0,
              53.0,
              32.5
            ]
          },
          "west": {
            "texture": "#material",
            "uv": [
              52.0,
              31.0,
              53.0,
              32.5
            ]
          },
          "down": {
            "texture": "#material",
            "uv": [
              52.5,
              30.0,
              53.0,
              31.0
            ]
          }
        },
        "children": [
          {
            "name": "CheekL",
            "from": [
              0.0,
              -0.3,
              -1.7
            ],
            "to": [
              0.5,
              0.7,
              0.0
            ],
            "autoUnwrap": false,
            "uv": [
              53.5,
              36.0
            ],
            "rotationOrigin": [
              0.0,
              -0.3,
              -1.7
            ],
            "faces": {
              "north": {
                "texture": "#material",
                "uv": [
                  52.5,
                  31.5,
                  53.0,
                  32.5
                ]
              },
              "south": {
                "texture": "#material",
                "uv": [
                  52.5,
                  30.0,
                  53.0,
                  31.0
                ]
              },
              "west": {
                "texture": "#material",
                "uv": [
                  52.5,
                  32.5,
                  54.0,
                  33.5
                ]
              },
              "up": {
                "texture": "#material",
                "uv": [
                  52.5,
                  31.5,
                  53.0,
                  33.0
                ]
              },
              "down": {
                "texture": "#material",
                "uv": [
                  52.5,
                  30.0,
                  53.0,
                  31.5
                ]
              }
            }
          }
        ]
      },
      {
        "name": "ArmorHelmetNasal2",
        "from": [
          -2.7,
          -0.8,
          2.6
        ],
        "to": [
          -2.2,
          3.2,
          3.6
        ],
        "unwrapMode": 1,
        "uv": [
          31.5,
          28.5
        ],
        "rotationOrigin": [
          -2.7,
          -0.8,
          2.6
        ],
        "rotationZ": -90.0,
        "faces": {
          "north": {
            "texture": "#material",
            "uv": [
              31.5,
              28.5,
              32.0,
              32.5
            ]
          },
          "south": {
            "texture": "#material",
            "uv": [
              33.0,
              28.5,
              33.5,
              32.5
            ]
          },
          "west": {
            "texture": "#material",
            "uv": [
              32.0,
              28.5,
              33.0,
              32.5
            ]
          },
          "down": {
            "texture": "#material",
            "uv": [
              31.5,
              32.5,
              32.0,
              33.5
            ]
          }
        }
      }
    ],
    "file": "game:shapes/entity/humanoid/seraph/armor/scale/head-bronze.json"
  },
  {
    "op": "remove",
    "path": "/elements/0/children/1/faces/east",
    "file": "game:shapes/entity/humanoid/seraph/armor/scale/head-bronze.json"
  }
]