[
  {
    "op": "add",
    "path": "/animations",
    "value": [
      {
        "name": "Walk",
        "code": "walk",
        "quantityframes": 25,
        "onActivityStopped": "Rewind",
        "onAnimationEnd": "Repeat",
        "keyframes": []
      }
    ],
    "file": "game:shapes/entity/humanoid/seraph/clothing/foot/rotwalker.json"
  },
  {
    "op": "remove",
    "path": "/editor/backDropShape",
    "file": "game:shapes/entity/humanoid/seraph/clothing/foot/rotwalker.json"
  },
  {
    "op": "add",
    "path": "/editor/collapsedPaths",
    "value": "Root/shoe L/front fold 26/LwoolW1,Root/ShoeR/RflapN/RwoolN1,Root/ShoeR,Root/shoe R/RbackFold,Root/shoe R/RflapN/RwoolN1,Root/shoe R/front 1,Root/shoe R/RflapW,Root/shoe R/RflapS,Root/shoe R/RflapN,Root/shoe L/front fold 26,Root/ShoeL/Lback fold 25,Root/ShoeR/RflapS,Root/shoe L/N fold 23,Root/shoe L/back fold 25,Root/KneeFlapR/LbackWool6,Root/shoe R/RflapE,Root/shoe L/Lback fold 25,Root/shoe L/N fold 23/LfoldN1,Root/shoe L/LacesR1,Root/shoe L/S fold 24/LWoolS1,Root/shoe L/LacesL1,Root/shoe L/front16,Root/ShoeR/RflapE,Root/ShoeR/RflapN,Root/ShoeL/S fold 24,Root/shoe L/front 26,Root/ShoeL/N fold 23,Root/KneeFlapL/LwoolW1,Root/shoe L",
    "file": "game:shapes/entity/humanoid/seraph/clothing/foot/rotwalker.json"
  },
  {
    "op": "replace",
    "path": "/elements",
    "value": [
      {
        "name": "shoe R",
        "stepParentName": "LowerFootR",
        "from": [
          -0.11,
          -0.1,
          -0.2
        ],
        "to": [
          3.09,
          3.4,
          3.1
        ],
        "rotationOrigin": [
          -0.1,
          -0.1,
          -0.2
        ],
        "faces": {
          "north": {
            "texture": "#shoes-malefactor-R",
            "uv": [
              3.0,
              9.5,
              6.0,
              13.0
            ]
          },
          "east": {
            "texture": "#shoes-malefactor-R",
            "uv": [
              0.0,
              9.5,
              3.0,
              13.0
            ]
          },
          "south": {
            "texture": "#shoes-malefactor-R",
            "uv": [
              10.0,
              9.5,
              13.0,
              13.0
            ]
          },
          "west": {
            "texture": "#shoes-malefactor-R",
            "uv": [
              7.0,
              9.5,
              10.0,
              13.0
            ]
          },
          "up": {
            "texture": "#shoes-malefactor-R",
            "uv": [
              4.0,
              0.0,
              7.0,
              3.0
            ],
            "rotation": 90
          },
          "down": {
            "texture": "#shoes-malefactor-R",
            "uv": [
              0.0,
              0.0,
              3.0,
              3.0
            ],
            "rotation": 90
          }
        },
        "children": [
          {
            "name": "N fold 1",
            "from": [
              0.0,
              3.5,
              -0.1
            ],
            "to": [
              3.2,
              6.0,
              0.1
            ],
            "rotationOrigin": [
              0.0,
              3.5,
              0.1
            ],
            "rotationX": -6.0,
            "faces": {
              "north": {
                "texture": "#shoes-malefactor-R",
                "uv": [
                  3.0,
                  7.0,
                  6.0,
                  9.5
                ]
              },
              "east": {
                "texture": "#shoes-malefactor-R",
                "uv": [
                  3.0,
                  7.0,
                  3.5,
                  9.5
                ]
              },
              "south": {
                "texture": "#shoes-malefactor-R",
                "uv": [
                  9.5,
                  1.0,
                  12.5,
                  3.5
                ]
              },
              "west": {
                "texture": "#shoes-malefactor-R",
                "uv": [
                  6.5,
                  7.0,
                  7.0,
                  9.5
                ]
              },
              "up": {
                "texture": "#shoes-malefactor-R",
                "uv": [
                  3.0,
                  7.0,
                  6.0,
                  7.5
                ],
                "rotation": 180
              },
              "down": {
                "texture": "#shoes-malefactor-R",
                "uv": [
                  4.5,
                  0.0,
                  7.5,
                  0.5
                ]
              }
            }
          },
          {
            "name": "S fold 1",
            "from": [
              0.0,
              3.5,
              3.1
            ],
            "to": [
              3.2,
              6.0,
              3.3
            ],
            "rotationOrigin": [
              0.0,
              3.5,
              3.1
            ],
            "rotationX": 4.0,
            "faces": {
              "north": {
                "texture": "#shoes-malefactor-R",
                "uv": [
                  9.5,
                  1.5,
                  12.5,
                  4.0
                ]
              },
              "east": {
                "texture": "#shoes-malefactor-R",
                "uv": [
                  13.5,
                  7.0,
                  14.0,
                  9.5
                ]
              },
              "south": {
                "texture": "#shoes-malefactor-R",
                "uv": [
                  10.0,
                  7.0,
                  13.0,
                  9.5
                ]
              },
              "west": {
                "texture": "#shoes-malefactor-R",
                "uv": [
                  10.0,
                  7.0,
                  10.5,
                  9.5
                ]
              },
              "up": {
                "texture": "#shoes-malefactor-R",
                "uv": [
                  10.0,
                  7.0,
                  13.0,
                  7.5
                ]
              },
              "down": {
                "texture": "#shoes-malefactor-R",
                "uv": [
                  4.0,
                  2.5,
                  7.0,
                  3.0
                ]
              }
            }
          },
          {
            "name": "back fold 1",
            "from": [
              3.0,
              3.5,
              0.0
            ],
            "to": [
              3.2,
              6.0,
              3.2
            ],
            "rotationOrigin": [
              3.0,
              3.5,
              0.0
            ],
            "rotationZ": -6.0,
            "faces": {
              "north": {
                "texture": "#shoes-malefactor-R",
                "uv": [
                  2.5,
                  7.0,
                  3.0,
                  9.5
                ]
              },
              "east": {
                "texture": "#shoes-malefactor-R",
                "uv": [
                  0.0,
                  7.0,
                  3.0,
                  9.5
                ]
              },
              "south": {
                "texture": "#shoes-malefactor-R",
                "uv": [
                  0.0,
                  7.0,
                  0.5,
                  9.5
                ]
              },
              "west": {
                "texture": "#shoes-malefactor-R",
                "uv": [
                  7.5,
                  0.0,
                  10.5,
                  2.5
                ]
              },
              "up": {
                "texture": "#shoes-malefactor-R",
                "uv": [
                  0.0,
                  7.0,
                  3.0,
                  7.5
                ],
                "rotation": 270
              },
              "down": {
                "texture": "#shoes-malefactor-R",
                "uv": [
                  0.0,
                  0.0,
                  0.5,
                  3.0
                ]
              }
            }
          },
          {
            "name": "front fold 1",
            "from": [
              0.0,
              3.5,
              0.0
            ],
            "to": [
              0.2,
              6.0,
              3.2
            ],
            "rotationOrigin": [
              0.2,
              3.5,
              0.0
            ],
            "rotationZ": 30.0,
            "faces": {
              "north": {
                "texture": "#shoes-malefactor-R",
                "uv": [
                  6.5,
                  7.0,
                  7.0,
                  9.5
                ]
              },
              "east": {
                "texture": "#shoes-malefactor-R",
                "uv": [
                  7.5,
                  1.0,
                  10.5,
                  3.5
                ]
              },
              "south": {
                "texture": "#shoes-malefactor-R",
                "uv": [
                  9.5,
                  7.0,
                  10.0,
                  9.5
                ]
              },
              "west": {
                "texture": "#shoes-malefactor-R",
                "uv": [
                  7.0,
                  7.0,
                  10.0,
                  9.5
                ]
              },
              "up": {
                "texture": "#shoes-malefactor-R",
                "uv": [
                  7.0,
                  7.0,
                  10.0,
                  7.5
                ],
                "rotation": 90
              },
              "down": {
                "texture": "#shoes-malefactor-R",
                "uv": [
                  0.0,
                  0.0,
                  0.5,
                  3.0
                ]
              }
            }
          }
        ]
      },
      {
        "name": "shoe L",
        "stepParentName": "LowerFootL",
        "from": [
          -0.11,
          -0.1,
          -0.11
        ],
        "to": [
          3.09,
          3.4,
          3.18
        ],
        "rotationOrigin": [
          -0.1,
          -0.1,
          -0.1
        ],
        "faces": {
          "north": {
            "texture": "#shoes-malefactor-L",
            "uv": [
              0.0,
              9.5,
              3.0,
              13.0
            ]
          },
          "east": {
            "texture": "#shoes-malefactor-L",
            "uv": [
              11.0,
              9.5,
              14.0,
              13.0
            ]
          },
          "south": {
            "texture": "#shoes-malefactor-L",
            "uv": [
              7.0,
              9.5,
              10.0,
              13.0
            ]
          },
          "west": {
            "texture": "#shoes-malefactor-L",
            "uv": [
              4.0,
              9.5,
              7.0,
              13.0
            ]
          },
          "up": {
            "texture": "#shoes-malefactor-L",
            "uv": [
              4.0,
              0.0,
              7.0,
              3.0
            ],
            "rotation": 90
          },
          "down": {
            "texture": "#shoes-malefactor-L",
            "uv": [
              0.0,
              0.0,
              3.0,
              3.0
            ],
            "rotation": 90
          }
        },
        "children": [
          {
            "name": "N fold 2",
            "from": [
              0.0,
              3.5,
              0.0
            ],
            "to": [
              3.2,
              6.0,
              0.2
            ],
            "rotationOrigin": [
              0.0,
              3.5,
              0.2
            ],
            "rotationX": -4.0,
            "faces": {
              "north": {
                "texture": "#shoes-malefactor-L",
                "uv": [
                  0.0,
                  7.0,
                  3.0,
                  9.5
                ]
              },
              "east": {
                "texture": "#shoes-malefactor-L",
                "uv": [
                  0.0,
                  7.0,
                  0.5,
                  9.5
                ]
              },
              "south": {
                "texture": "#shoes-malefactor-L",
                "uv": [
                  11.0,
                  0.5,
                  14.0,
                  3.0
                ]
              },
              "west": {
                "texture": "#shoes-malefactor-L",
                "uv": [
                  3.5,
                  7.0,
                  4.0,
                  9.5
                ]
              },
              "up": {
                "texture": "#shoes-malefactor-L",
                "uv": [
                  0.0,
                  7.0,
                  3.0,
                  7.5
                ],
                "rotation": 180
              },
              "down": {
                "texture": "#shoes-malefactor-L",
                "uv": [
                  3.5,
                  1.5,
                  6.5,
                  2.0
                ]
              }
            }
          },
          {
            "name": "S fold 2",
            "from": [
              0.0,
              3.5,
              3.2
            ],
            "to": [
              3.2,
              6.0,
              3.4
            ],
            "rotationOrigin": [
              0.0,
              3.5,
              3.2
            ],
            "rotationX": 6.0,
            "faces": {
              "north": {
                "texture": "#shoes-malefactor-L",
                "uv": [
                  7.0,
                  1.0,
                  10.0,
                  3.5
                ]
              },
              "east": {
                "texture": "#shoes-malefactor-L",
                "uv": [
                  10.5,
                  7.0,
                  11.0,
                  9.5
                ]
              },
              "south": {
                "texture": "#shoes-malefactor-L",
                "uv": [
                  7.0,
                  7.0,
                  10.0,
                  9.5
                ]
              },
              "west": {
                "texture": "#shoes-malefactor-L",
                "uv": [
                  7.0,
                  7.0,
                  7.5,
                  9.5
                ]
              },
              "up": {
                "texture": "#shoes-malefactor-L",
                "uv": [
                  7.0,
                  7.0,
                  10.0,
                  7.5
                ]
              },
              "down": {
                "texture": "#shoes-malefactor-L",
                "uv": [
                  8.5,
                  2.0,
                  11.5,
                  2.5
                ]
              }
            }
          },
          {
            "name": "back fold 2",
            "from": [
              3.0,
              3.5,
              0.0
            ],
            "to": [
              3.2,
              6.0,
              3.2
            ],
            "rotationOrigin": [
              3.0,
              3.5,
              0.0
            ],
            "rotationZ": -6.0,
            "faces": {
              "north": {
                "texture": "#shoes-malefactor-L",
                "uv": [
                  13.5,
                  7.0,
                  14.0,
                  9.5
                ]
              },
              "east": {
                "texture": "#shoes-malefactor-L",
                "uv": [
                  11.0,
                  7.0,
                  14.0,
                  9.5
                ]
              },
              "south": {
                "texture": "#shoes-malefactor-L",
                "uv": [
                  11.0,
                  7.0,
                  11.5,
                  9.5
                ]
              },
              "west": {
                "texture": "#shoes-malefactor-L",
                "uv": [
                  8.5,
                  1.0,
                  11.5,
                  3.5
                ]
              },
              "up": {
                "texture": "#shoes-malefactor-L",
                "uv": [
                  11.0,
                  7.0,
                  14.0,
                  7.5
                ],
                "rotation": 270
              },
              "down": {
                "texture": "#shoes-malefactor-L",
                "uv": [
                  4.0,
                  0.5,
                  4.5,
                  3.5
                ]
              }
            }
          },
          {
            "name": "front fold 2",
            "from": [
              0.0,
              3.5,
              0.0
            ],
            "to": [
              0.2,
              6.0,
              3.2
            ],
            "rotationOrigin": [
              0.2,
              3.5,
              0.0
            ],
            "rotationZ": 33.0,
            "faces": {
              "north": {
                "texture": "#shoes-malefactor-L",
                "uv": [
                  4.0,
                  7.0,
                  4.5,
                  9.5
                ]
              },
              "east": {
                "texture": "#shoes-malefactor-L",
                "uv": [
                  7.5,
                  1.0,
                  10.5,
                  3.5
                ]
              },
              "south": {
                "texture": "#shoes-malefactor-L",
                "uv": [
                  6.5,
                  7.0,
                  7.0,
                  9.5
                ]
              },
              "west": {
                "texture": "#shoes-malefactor-L",
                "uv": [
                  4.0,
                  7.0,
                  7.0,
                  9.5
                ]
              },
              "up": {
                "texture": "#shoes-malefactor-L",
                "uv": [
                  4.0,
                  7.0,
                  7.0,
                  7.5
                ],
                "rotation": 90
              },
              "down": {
                "texture": "#shoes-malefactor-L",
                "uv": [
                  10.5,
                  0.0,
                  11.0,
                  3.0
                ]
              }
            }
          }
        ]
      },
      {
        "name": "shoe L2",
        "stepParentName": "PawL",
        "from": [
          -0.1,
          -0.1,
          -0.1
        ],
        "to": [
          3.1,
          7.4,
          3.1
        ],
        "rotationOrigin": [
          -0.1,
          -0.1,
          -0.1
        ],
        "faces": {
          "north": {
            "texture": "#shoes-malefactor-L",
            "uv": [
              0.0,
              8.5,
              3.0,
              16.0
            ]
          },
          "east": {
            "texture": "#shoes-malefactor-L",
            "uv": [
              11.0,
              8.5,
              14.0,
              16.0
            ]
          },
          "south": {
            "texture": "#shoes-malefactor-L",
            "uv": [
              7.0,
              8.5,
              10.0,
              16.0
            ]
          },
          "west": {
            "texture": "#shoes-malefactor-L",
            "uv": [
              4.0,
              8.5,
              7.0,
              16.0
            ]
          },
          "up": {
            "texture": "#shoes-malefactor-L",
            "uv": [
              4.0,
              0.0,
              7.0,
              3.0
            ],
            "rotation": 90
          },
          "down": {
            "texture": "#shoes-malefactor-L",
            "uv": [
              0.0,
              0.0,
              3.0,
              3.0
            ],
            "rotation": 90
          }
        },
        "children": [
          {
            "name": "Cube16",
            "from": [
              -0.1,
              4.5,
              -0.1
            ],
            "to": [
              3.1,
              5.0,
              3.3
            ],
            "rotationOrigin": [
              -0.1,
              4.5,
              -0.1
            ],
            "faces": {
              "north": {
                "texture": "#shoes-malefactor-L",
                "uv": [
                  1.0,
                  10.0,
                  4.0,
                  10.5
                ]
              },
              "east": {
                "texture": "#shoes-malefactor-L",
                "uv": [
                  7.5,
                  10.0,
                  10.5,
                  10.5
                ]
              },
              "south": {
                "texture": "#shoes-malefactor-L",
                "uv": [
                  7.0,
                  10.0,
                  10.0,
                  10.5
                ]
              },
              "west": {
                "texture": "#shoes-malefactor-L",
                "uv": [
                  4.0,
                  10.0,
                  7.0,
                  10.5
                ]
              },
              "up": {
                "texture": "#shoes-malefactor-L",
                "uv": [
                  0.0,
                  0.0,
                  3.0,
                  3.0
                ]
              },
              "down": {
                "texture": "#shoes-malefactor-L",
                "uv": [
                  0.0,
                  0.0,
                  3.0,
                  3.0
                ]
              }
            }
          },
          {
            "name": "Cube17",
            "from": [
              -0.1,
              2.5,
              -0.1
            ],
            "to": [
              3.1,
              3.0,
              3.3
            ],
            "rotationOrigin": [
              -0.1,
              2.5,
              -0.1
            ],
            "faces": {
              "north": {
                "texture": "#shoes-malefactor-L",
                "uv": [
                  1.0,
                  11.0,
                  4.0,
                  11.5
                ]
              },
              "east": {
                "texture": "#shoes-malefactor-L",
                "uv": [
                  7.5,
                  11.0,
                  10.5,
                  11.5
                ]
              },
              "south": {
                "texture": "#shoes-malefactor-L",
                "uv": [
                  7.0,
                  11.0,
                  10.0,
                  11.5
                ]
              },
              "west": {
                "texture": "#shoes-malefactor-L",
                "uv": [
                  4.0,
                  11.0,
                  7.0,
                  11.5
                ]
              },
              "up": {
                "texture": "#shoes-malefactor-L",
                "uv": [
                  0.0,
                  0.0,
                  3.0,
                  3.0
                ]
              },
              "down": {
                "texture": "#shoes-malefactor-L",
                "uv": [
                  0.0,
                  0.0,
                  3.0,
                  3.0
                ]
              }
            }
          }
        ]
      },
      {
        "name": "shoe R2",
        "stepParentName": "PawR",
        "from": [
          -0.1,
          -0.1,
          -0.2
        ],
        "to": [
          3.1,
          7.4,
          2.9
        ],
        "rotationOrigin": [
          -0.1,
          -0.1,
          -0.1
        ],
        "faces": {
          "north": {
            "texture": "#shoes-malefactor-R",
            "uv": [
              3.0,
              8.5,
              6.0,
              16.0
            ]
          },
          "east": {
            "texture": "#shoes-malefactor-R",
            "uv": [
              0.0,
              8.5,
              3.0,
              16.0
            ]
          },
          "south": {
            "texture": "#shoes-malefactor-R",
            "uv": [
              10.0,
              8.5,
              13.0,
              16.0
            ]
          },
          "west": {
            "texture": "#shoes-malefactor-R",
            "uv": [
              7.0,
              7.5,
              10.0,
              15.0
            ]
          },
          "up": {
            "texture": "#shoes-malefactor-R",
            "uv": [
              4.0,
              0.0,
              7.0,
              3.0
            ],
            "rotation": 90
          },
          "down": {
            "texture": "#shoes-malefactor-R",
            "uv": [
              0.0,
              0.0,
              3.0,
              3.0
            ],
            "rotation": 90
          }
        },
        "children": [
          {
            "name": "Cube2",
            "from": [
              -0.1,
              2.0,
              -0.1
            ],
            "to": [
              2.9,
              2.5,
              3.3
            ],
            "rotationOrigin": [
              -0.0995,
              2.0,
              -0.1
            ],
            "faces": {
              "north": {
                "texture": "#shoes-malefactor-R",
                "uv": [
                  4.5,
                  10.5,
                  7.5,
                  11.0
                ]
              },
              "east": {
                "texture": "#shoes-malefactor-R",
                "uv": [
                  2.5,
                  10.5,
                  5.5,
                  11.0
                ]
              },
              "south": {
                "texture": "#shoes-malefactor-R",
                "uv": [
                  10.5,
                  10.5,
                  13.5,
                  11.0
                ]
              },
              "west": {
                "texture": "#shoes-malefactor-R",
                "uv": [
                  7.5,
                  10.5,
                  10.5,
                  11.0
                ]
              },
              "up": {
                "texture": "#shoes-malefactor-R",
                "uv": [
                  0.0,
                  0.5,
                  3.0,
                  3.5
                ]
              },
              "down": {
                "texture": "#shoes-malefactor-R",
                "uv": [
                  1.0,
                  9.0,
                  4.0,
                  12.0
                ],
                "rotation": 90
              }
            }
          },
          {
            "name": "Cube18",
            "from": [
              -0.1,
              2.5,
              1.1
            ],
            "to": [
              2.9,
              3.0,
              3.3
            ],
            "rotationOrigin": [
              -0.0995,
              2.5,
              1.1
            ],
            "faces": {
              "north": {
                "texture": "#shoes-malefactor-R",
                "uv": [
                  4.5,
                  10.5,
                  7.5,
                  11.0
                ]
              },
              "east": {
                "texture": "#shoes-malefactor-R",
                "uv": [
                  5.0,
                  12.0,
                  7.0,
                  12.5
                ]
              },
              "south": {
                "texture": "#shoes-malefactor-R",
                "uv": [
                  10.0,
                  12.0,
                  13.0,
                  12.5
                ]
              },
              "west": {
                "texture": "#shoes-malefactor-R",
                "uv": [
                  8.0,
                  12.0,
                  10.0,
                  12.5
                ]
              },
              "up": {
                "texture": "#shoes-malefactor-R",
                "uv": [
                  0.0,
                  0.5,
                  3.0,
                  2.5
                ]
              },
              "down": {
                "texture": "#shoes-malefactor-R",
                "uv": [
                  1.0,
                  9.0,
                  3.0,
                  12.0
                ],
                "rotation": 90
              }
            }
          },
          {
            "name": "Cube19",
            "from": [
              0.1,
              1.5,
              -0.1
            ],
            "to": [
              3.3,
              2.0,
              3.2
            ],
            "rotationOrigin": [
              0.1005,
              1.5,
              -0.1
            ],
            "faces": {
              "north": {
                "texture": "#shoes-malefactor-R",
                "uv": [
                  3.0,
                  13.0,
                  6.0,
                  13.5
                ]
              },
              "east": {
                "texture": "#shoes-malefactor-R",
                "uv": [
                  0.0,
                  13.0,
                  3.0,
                  13.5
                ]
              },
              "south": {
                "texture": "#shoes-malefactor-R",
                "uv": [
                  8.0,
                  13.0,
                  11.0,
                  13.5
                ]
              },
              "west": {
                "texture": "#shoes-malefactor-R",
                "uv": [
                  5.5,
                  13.0,
                  8.5,
                  13.5
                ]
              },
              "up": {
                "texture": "#shoes-malefactor-R",
                "uv": [
                  0.0,
                  0.5,
                  3.0,
                  3.5
                ]
              },
              "down": {
                "texture": "#shoes-malefactor-R",
                "uv": [
                  1.0,
                  9.0,
                  4.0,
                  12.0
                ],
                "rotation": 90
              }
            }
          }
        ]
      }
    ],
    "file": "game:shapes/entity/humanoid/seraph/clothing/foot/rotwalker.json"
  }
]