[
  {
    "op": "remove",
    "path": "/animations",
    "file": "game:shapes/entity/humanoid/seraph/clothing/face/festivecat.json"
  },
  {
    "op": "replace",
    "path": "/editor/backDropShape",
    "value": "shapes/entity/humanoid/seraph",
    "file": "game:shapes/entity/humanoid/seraph/clothing/face/festivecat.json"
  },
  {
    "op": "replace",
    "path": "/elements/0/from/0",
    "value": -3.4,
    "file": "game:shapes/entity/humanoid/seraph/clothing/face/festivecat.json"
  },
  {
    "op": "replace",
    "path": "/elements/0/from/1",
    "value": 0.6,
    "file": "game:shapes/entity/humanoid/seraph/clothing/face/festivecat.json"
  },
  {
    "op": "replace",
    "path": "/elements/0/rotationOrigin/0",
    "value": -3.4,
    "file": "game:shapes/entity/humanoid/seraph/clothing/face/festivecat.json"
  },
  {
    "op": "replace",
    "path": "/elements/0/rotationOrigin/1",
    "value": 0.6,
    "file": "game:shapes/entity/humanoid/seraph/clothing/face/festivecat.json"
  },
  {
    "op": "replace",
    "path": "/elements/0/to/0",
    "value": -3.4,
    "file": "game:shapes/entity/humanoid/seraph/clothing/face/festivecat.json"
  },
  {
    "op": "replace",
    "path": "/elements/0/to/1",
    "value": 0.6,
    "file": "game:shapes/entity/humanoid/seraph/clothing/face/festivecat.json"
  }
]