[
  {
    "op": "replace",
    "path": "/editor/backDropShape",
    "value": "shapes/entity/humanoid/seraph",
    "file": "game:shapes/entity/humanoid/seraph/clothing/face/cat.json"
  },
  {
    "op": "remove",
    "path": "/elements/0/children/1/children/0/rotationX",
    "file": "game:shapes/entity/humanoid/seraph/clothing/face/cat.json"
  },
  {
    "op": "remove",
    "path": "/elements/0/children/1/children/1/rotationZ",
    "file": "game:shapes/entity/humanoid/seraph/clothing/face/cat.json"
  },
  {
    "op": "remove",
    "path": "/elements/0/children/3/children/0/rotationY",
    "file": "game:shapes/entity/humanoid/seraph/clothing/face/cat.json"
  },
  {
    "op": "remove",
    "path": "/elements/0/children/3/children/0/rotationZ",
    "file": "game:shapes/entity/humanoid/seraph/clothing/face/cat.json"
  },
  {
    "op": "remove",
    "path": "/elements/0/faces/down",
    "file": "game:shapes/entity/humanoid/seraph/clothing/face/cat.json"
  },
  {
    "op": "remove",
    "path": "/elements/0/faces/east",
    "file": "game:shapes/entity/humanoid/seraph/clothing/face/cat.json"
  },
  {
    "op": "remove",
    "path": "/elements/0/faces/north",
    "file": "game:shapes/entity/humanoid/seraph/clothing/face/cat.json"
  },
  {
    "op": "remove",
    "path": "/elements/0/faces/south",
    "file": "game:shapes/entity/humanoid/seraph/clothing/face/cat.json"
  },
  {
    "op": "remove",
    "path": "/elements/0/faces/up",
    "file": "game:shapes/entity/humanoid/seraph/clothing/face/cat.json"
  },
  {
    "op": "remove",
    "path": "/elements/0/faces/west",
    "file": "game:shapes/entity/humanoid/seraph/clothing/face/cat.json"
  },
  {
    "op": "replace",
    "path": "/elements/0/from/0",
    "value": -3.4,
    "file": "game:shapes/entity/humanoid/seraph/clothing/face/cat.json"
  },
  {
    "op": "replace",
    "path": "/elements/0/from/1",
    "value": 0.6,
    "file": "game:shapes/entity/humanoid/seraph/clothing/face/cat.json"
  },
  {
    "op": "replace",
    "path": "/elements/0/rotationOrigin/0",
    "value": -3.4,
    "file": "game:shapes/entity/humanoid/seraph/clothing/face/cat.json"
  },
  {
    "op": "replace",
    "path": "/elements/0/rotationOrigin/1",
    "value": 0.6,
    "file": "game:shapes/entity/humanoid/seraph/clothing/face/cat.json"
  },
  {
    "op": "replace",
    "path": "/elements/0/to/0",
    "value": -3.4,
    "file": "game:shapes/entity/humanoid/seraph/clothing/face/cat.json"
  },
  {
    "op": "replace",
    "path": "/elements/0/to/1",
    "value": 0.6,
    "file": "game:shapes/entity/humanoid/seraph/clothing/face/cat.json"
  }
]