[
  {
    "op": "replace",
    "path": "/elements/0/from/1",
    "value": -2.93,
    "file": "game:shapes/entity/humanoid/seraph/clothing/head/rotwalker.json"
  },
  {
    "op": "replace",
    "path": "/elements/0/from/2",
    "value": -0.25,
    "file": "game:shapes/entity/humanoid/seraph/clothing/head/rotwalker.json"
  },
  {
    "op": "replace",
    "path": "/elements/0/rotationOrigin/1",
    "value": 1.17,
    "file": "game:shapes/entity/humanoid/seraph/clothing/head/rotwalker.json"
  },
  {
    "op": "replace",
    "path": "/elements/0/to/1",
    "value": 5.47,
    "file": "game:shapes/entity/humanoid/seraph/clothing/head/rotwalker.json"
  },
  {
    "op": "replace",
    "path": "/elements/0/to/2",
    "value": 5.15,
    "file": "game:shapes/entity/humanoid/seraph/clothing/head/rotwalker.json"
  }
]