[
  {
    "op": "add",
    "path": "/editor/backDropShape",
    "value": "shapes/entity/humanoid/seraph",
    "file": "game:shapes/entity/humanoid/seraph/armor/brigandine/head-copper.json"
  },
  {
    "op": "remove",
    "path": "/elements/0/children/1/faces/east",
    "file": "game:shapes/entity/humanoid/seraph/armor/brigandine/head-copper.json"
  },
  {
    "op": "remove",
    "path": "/elements/0/children/2/faces/down",
    "file": "game:shapes/entity/humanoid/seraph/armor/brigandine/head-copper.json"
  }
]