[
  {
    "op": "replace",
    "path": "/editor/backDropShape",
    "value": "shapes/entity/humanoid/seraph",
    "file": "game:shapes/entity/humanoid/seraph/clothing/face/crow.json"
  },
  {
    "op": "replace",
    "path": "/elements/0/from/0",
    "value": -3.2,
    "file": "game:shapes/entity/humanoid/seraph/clothing/face/crow.json"
  },
  {
    "op": "replace",
    "path": "/elements/0/rotationOrigin/0",
    "value": -3.2,
    "file": "game:shapes/entity/humanoid/seraph/clothing/face/crow.json"
  },
  {
    "op": "replace",
    "path": "/elements/0/rotationZ",
    "value": 6.0,
    "file": "game:shapes/entity/humanoid/seraph/clothing/face/crow.json"
  },
  {
    "op": "replace",
    "path": "/elements/0/to/0",
    "value": -3.2,
    "file": "game:shapes/entity/humanoid/seraph/clothing/face/crow.json"
  }
]