[
  {
    "op": "add",
    "path": "/editor/backDropShape",
    "value": "shapes/entity/humanoid/seraph",
    "file": "game:shapes/entity/humanoid/seraph/armor/brigandine/head-bronze.json"
  },
  {
    "op": "add",
    "path": "/elements/0/children/1/children/0/rotationZ",
    "value": -45.0,
    "file": "game:shapes/entity/humanoid/seraph/armor/brigandine/head-bronze.json"
  },
  {
    "op": "remove",
    "path": "/elements/0/children/1/children/0/faces/east",
    "file": "game:shapes/entity/humanoid/seraph/armor/brigandine/head-bronze.json"
  },
  {
    "op": "remove",
    "path": "/elements/0/children/1/children/0/faces/up",
    "file": "game:shapes/entity/humanoid/seraph/armor/brigandine/head-bronze.json"
  },
  {
    "op": "replace",
    "path": "/elements/0/children/1/children/0/from/0",
    "value": -1.1,
    "file": "game:shapes/entity/humanoid/seraph/armor/brigandine/head-bronze.json"
  },
  {
    "op": "replace",
    "path": "/elements/0/children/1/children/0/from/1",
    "value": -0.8,
    "file": "game:shapes/entity/humanoid/seraph/armor/brigandine/head-bronze.json"
  },
  {
    "op": "replace",
    "path": "/elements/0/children/1/children/0/rotationOrigin/0",
    "value": -1.1,
    "file": "game:shapes/entity/humanoid/seraph/armor/brigandine/head-bronze.json"
  },
  {
    "op": "replace",
    "path": "/elements/0/children/1/children/0/rotationOrigin/1",
    "value": -0.8,
    "file": "game:shapes/entity/humanoid/seraph/armor/brigandine/head-bronze.json"
  },
  {
    "op": "replace",
    "path": "/elements/0/children/1/children/0/to/0",
    "value": -0.6,
    "file": "game:shapes/entity/humanoid/seraph/armor/brigandine/head-bronze.json"
  },
  {
    "op": "replace",
    "path": "/elements/0/children/1/children/0/to/1",
    "value": 0.7,
    "file": "game:shapes/entity/humanoid/seraph/armor/brigandine/head-bronze.json"
  },
  {
    "op": "remove",
    "path": "/elements/0/children/1/faces/east",
    "file": "game:shapes/entity/humanoid/seraph/armor/brigandine/head-bronze.json"
  }
]