[
  {
    "op": "remove",
    "path": "/editor/backDropShape",
    "file": "game:shapes/entity/humanoid/seraph/armor/scale/head-meteoriciron.json"
  },
  {
    "op": "replace",
    "path": "/elements/0/children/1/children",
    "value": [
      {
        "name": "ArmorHelmetNasal",
        "from": [
          0.0,
          -2.5,
          2.6
        ],
        "to": [
          0.5,
          0.0,
          3.6
        ],
        "unwrapMode": 1,
        "uv": [
          32.5,
          35.5
        ],
        "rotationOrigin": [
          0.0,
          -1.5,
          2.6
        ],
        "faces": {
          "north": {
            "texture": "#meteoric",
            "uv": [
              32.5,
              35.5,
              33.0,
              38.0
            ]
          },
          "south": {
            "texture": "#meteoric",
            "uv": [
              34.0,
              35.5,
              34.5,
              38.0
            ]
          },
          "west": {
            "texture": "#meteoric",
            "uv": [
              33.0,
              35.5,
              34.0,
              38.0
            ]
          },
          "down": {
            "texture": "#meteoric",
            "uv": [
              32.5,
              38.0,
              33.0,
              39.0
            ]
          }
        },
        "children": [
          {
            "name": "ArmorOcularL",
            "from": [
              0.0,
              0.5,
              1.0
            ],
            "to": [
              0.5,
              1.5,
              3.0
            ],
            "autoUnwrap": false,
            "uv": [
              42.0,
              36.5
            ],
            "rotationOrigin": [
              0.0,
              0.5,
              1.0
            ],
            "faces": {
              "north": {
                "texture": "#meteoric",
                "uv": [
                  33.5,
                  35.0,
                  34.0,
                  36.0
                ]
              },
              "south": {
                "texture": "#meteoric",
                "uv": [
                  32.0,
                  49.0,
                  32.5,
                  50.0
                ]
              },
              "west": {
                "texture": "#meteoric",
                "uv": [
                  46.5,
                  20.0,
                  48.5,
                  21.0
                ]
              },
              "up": {
                "texture": "#meteoric",
                "uv": [
                  32.0,
                  46.5,
                  32.5,
                  48.5
                ]
              },
              "down": {
                "texture": "#meteoric",
                "uv": [
                  32.0,
                  44.5,
                  32.5,
                  46.5
                ]
              }
            }
          },
          {
            "name": "ArmorOcularR",
            "from": [
              0.0,
              0.5,
              -2.0
            ],
            "to": [
              0.5,
              1.5,
              0.0
            ],
            "autoUnwrap": false,
            "uv": [
              41.5,
              18.0
            ],
            "rotationOrigin": [
              0.0,
              0.5,
              0.0
            ],
            "faces": {
              "north": {
                "texture": "#meteoric",
                "uv": [
                  32.0,
                  45.5,
                  32.5,
                  46.5
                ]
              },
              "south": {
                "texture": "#meteoric",
                "uv": [
                  38.5,
                  33.5,
                  39.0,
                  34.5
                ]
              },
              "west": {
                "texture": "#meteoric",
                "uv": [
                  42.5,
                  20.0,
                  44.5,
                  21.0
                ]
              },
              "up": {
                "texture": "#meteoric",
                "uv": [
                  35.5,
                  42.0,
                  36.0,
                  44.0
                ]
              },
              "down": {
                "texture": "#meteoric",
                "uv": [
                  38.5,
                  30.5,
                  39.0,
                  32.5
                ]
              }
            }
          },
          {
            "name": "R",
            "from": [
              0.0,
              1.0,
              -2.5
            ],
            "to": [
              0.7,
              2.5,
              -2.0
            ],
            "autoUnwrap": false,
            "uv": [
              37.0,
              21.0
            ],
            "rotationOrigin": [
              0.0,
              1.0,
              -2.5
            ],
            "faces": {
              "north": {
                "texture": "#meteoric",
                "uv": [
                  39.0,
                  24.0,
                  39.5,
                  25.5
                ]
              },
              "south": {
                "texture": "#meteoric",
                "uv": [
                  33.5,
                  35.5,
                  34.0,
                  37.0
                ]
              },
              "west": {
                "texture": "#meteoric",
                "uv": [
                  39.0,
                  25.5,
                  39.5,
                  27.0
                ]
              },
              "down": {
                "texture": "#meteoric",
                "uv": [
                  39.0,
                  24.5,
                  39.5,
                  25.0
                ]
              }
            }
          },
          {
            "name": "L",
            "from": [
              0.0,
              1.0,
              3.0
            ],
            "to": [
              0.7,
              2.5,
              3.5
            ],
            "autoUnwrap": false,
            "uv": [
              37.0,
              21.0
            ],
            "rotationOrigin": [
              0.0,
              1.0,
              3.0
            ],
            "faces": {
              "north": {
                "texture": "#meteoric",
                "uv": [
                  39.0,
                  24.0,
                  39.5,
                  25.5
                ]
              },
              "south": {
                "texture": "#meteoric",
                "uv": [
                  33.5,
                  35.5,
                  34.0,
                  37.0
                ]
              },
              "west": {
                "texture": "#meteoric",
                "uv": [
                  39.0,
                  25.5,
                  39.5,
                  27.0
                ]
              },
              "down": {
                "texture": "#meteoric",
                "uv": [
                  39.0,
                  24.5,
                  39.5,
                  25.0
                ]
              }
            }
          }
        ]
      },
      {
        "name": "ArmorHelmetNasal2",
        "from": [
          -1.0,
          -1.7,
          2.6
        ],
        "to": [
          -0.5,
          0.8,
          3.6
        ],
        "unwrapMode": 1,
        "uv": [
          32.5,
          35.5
        ],
        "rotationOrigin": [
          -1.0,
          -0.7,
          2.6
        ],
        "rotationZ": -90.0,
        "faces": {
          "north": {
            "texture": "#meteoric",
            "uv": [
              32.5,
              35.5,
              33.0,
              38.0
            ]
          },
          "south": {
            "texture": "#meteoric",
            "uv": [
              34.0,
              35.5,
              34.5,
              38.0
            ]
          },
          "west": {
            "texture": "#meteoric",
            "uv": [
              33.0,
              35.5,
              34.0,
              38.0
            ]
          },
          "down": {
            "texture": "#meteoric",
            "uv": [
              32.5,
              38.0,
              33.0,
              39.0
            ]
          }
        }
      }
    ],
    "file": "game:shapes/entity/humanoid/seraph/armor/scale/head-meteoriciron.json"
  },
  {
    "op": "remove",
    "path": "/elements/0/children/1/faces/east",
    "file": "game:shapes/entity/humanoid/seraph/armor/scale/head-meteoriciron.json"
  },
  {
    "op": "remove",
    "path": "/elements/0/children/2/faces/down",
    "file": "game:shapes/entity/humanoid/seraph/armor/scale/head-meteoriciron.json"
  }
]