[
  {
    "op": "remove",
    "path": "/editor/backDropShape",
    "file": "game:shapes/entity/humanoid/seraph/armor/antique/forlorn-broken/head.json"
  },
  {
    "op": "remove",
    "path": "/elements/0/children/0/faces/down",
    "file": "game:shapes/entity/humanoid/seraph/armor/antique/forlorn-broken/head.json"
  },
  {
    "op": "remove",
    "path": "/elements/0/children/0/faces/up",
    "file": "game:shapes/entity/humanoid/seraph/armor/antique/forlorn-broken/head.json"
  },
  {
    "op": "remove",
    "path": "/elements/0/children/1/faces/down",
    "file": "game:shapes/entity/humanoid/seraph/armor/antique/forlorn-broken/head.json"
  },
  {
    "op": "remove",
    "path": "/elements/0/children/1/faces/east",
    "file": "game:shapes/entity/humanoid/seraph/armor/antique/forlorn-broken/head.json"
  },
  {
    "op": "remove",
    "path": "/elements/0/children/2/faces/west",
    "file": "game:shapes/entity/humanoid/seraph/armor/antique/forlorn-broken/head.json"
  }
]