[
  {
    "op": "remove",
    "path": "/editor/backDropShape",
    "file": "game:shapes/entity/humanoid/seraph/armor/antique/forlorn-broken/body.json"
  },
  {
    "op": "remove",
    "path": "/elements/6/faces/down",
    "file": "game:shapes/entity/humanoid/seraph/armor/antique/forlorn-broken/body.json"
  },
  {
    "op": "replace",
    "path": "/elements/6/from/1",
    "value": 3.2,
    "file": "game:shapes/entity/humanoid/seraph/armor/antique/forlorn-broken/body.json"
  },
  {
    "op": "replace",
    "path": "/elements/6/rotationOrigin/1",
    "value": 3.2,
    "file": "game:shapes/entity/humanoid/seraph/armor/antique/forlorn-broken/body.json"
  },
  {
    "op": "replace",
    "path": "/elements/6/to/1",
    "value": 8.2,
    "file": "game:shapes/entity/humanoid/seraph/armor/antique/forlorn-broken/body.json"
  },
  {
    "op": "remove",
    "path": "/elements/7/faces/down",
    "file": "game:shapes/entity/humanoid/seraph/armor/antique/forlorn-broken/body.json"
  },
  {
    "op": "replace",
    "path": "/elements/7/from/1",
    "value": 2.3,
    "file": "game:shapes/entity/humanoid/seraph/armor/antique/forlorn-broken/body.json"
  },
  {
    "op": "replace",
    "path": "/elements/7/rotationOrigin/1",
    "value": 2.3,
    "file": "game:shapes/entity/humanoid/seraph/armor/antique/forlorn-broken/body.json"
  },
  {
    "op": "replace",
    "path": "/elements/7/to/1",
    "value": 8.3,
    "file": "game:shapes/entity/humanoid/seraph/armor/antique/forlorn-broken/body.json"
  }
]