[
  {
    "op": "replace",
    "path": "/editor/backDropShape",
    "value": "shapes/entity/humanoid/seraph",
    "file": "game:shapes/entity/humanoid/seraph/armor/antique/blackguard-broken/head.json"
  },
  {
    "op": "remove",
    "path": "/elements/0/children/0/faces/down",
    "file": "game:shapes/entity/humanoid/seraph/armor/antique/blackguard-broken/head.json"
  },
  {
    "op": "remove",
    "path": "/elements/0/children/0/faces/up",
    "file": "game:shapes/entity/humanoid/seraph/armor/antique/blackguard-broken/head.json"
  },
  {
    "op": "remove",
    "path": "/elements/0/children/1/faces/down",
    "file": "game:shapes/entity/humanoid/seraph/armor/antique/blackguard-broken/head.json"
  },
  {
    "op": "remove",
    "path": "/elements/0/children/2/faces/down",
    "file": "game:shapes/entity/humanoid/seraph/armor/antique/blackguard-broken/head.json"
  },
  {
    "op": "remove",
    "path": "/elements/0/children/3/faces/down",
    "file": "game:shapes/entity/humanoid/seraph/armor/antique/blackguard-broken/head.json"
  }
]