[
  {
    "op": "add",
    "path": "/textureSizes",
    "value": {},
    "file": "game:shapes/entity/humanoid/seraph/armor/jerkin/legs.json"
  },
  {
    "op": "remove",
    "path": "/editor/singleTexture",
    "file": "game:shapes/entity/humanoid/seraph/armor/jerkin/legs.json"
  },
  {
    "op": "add",
    "path": "/editor/entityTextureMode",
    "value": true,
    "file": "game:shapes/entity/humanoid/seraph/armor/jerkin/legs.json"
  },
  {
    "op": "remove",
    "path": "/elements/2",
    "file": "game:shapes/entity/humanoid/seraph/armor/jerkin/legs.json"
  },
  {
    "op": "replace",
    "path": "/elements/2",
    "value": {
      "name": "ArmorLowerLegR",
      "stepParentName": "LowerFootR",
      "from": [
        -0.3,
        -0.2,
        -0.25
      ],
      "to": [
        3.2,
        5.1,
        3.25
      ],
      "uv": [
        16.0,
        49.0
      ],
      "rotationOrigin": [
        -0.3,
        -0.2,
        -0.4
      ],
      "faces": {
        "north": {
          "texture": "#leather",
          "uv": [
            16.0,
            52.5,
            19.5,
            57.5
          ]
        },
        "east": {
          "texture": "#leather",
          "uv": [
            19.5,
            52.5,
            23.0,
            57.5
          ]
        },
        "south": {
          "texture": "#leather",
          "uv": [
            23.0,
            52.5,
            26.5,
            57.5
          ]
        },
        "west": {
          "texture": "#leather",
          "uv": [
            26.5,
            52.5,
            30.0,
            57.5
          ]
        },
        "up": {
          "texture": "#leather",
          "uv": [
            16.0,
            49.0,
            19.5,
            52.5
          ]
        },
        "down": {
          "texture": "#leather",
          "uv": [
            19.5,
            49.0,
            23.0,
            52.5
          ]
        }
      }
    },
    "file": "game:shapes/entity/humanoid/seraph/armor/jerkin/legs.json"
  },
  {
    "op": "add",
    "path": "/elements/3",
    "value": {
      "name": "ArmorLowerLegL",
      "stepParentName": "LowerFootL",
      "from": [
        -0.3,
        -0.2,
        -0.25
      ],
      "to": [
        3.2,
        5.1,
        3.25
      ],
      "uv": [
        0.0,
        49.0
      ],
      "rotationOrigin": [
        -0.3,
        -0.2,
        -0.4
      ],
      "faces": {
        "north": {
          "texture": "#leather",
          "uv": [
            0.0,
            52.5,
            3.5,
            57.5
          ]
        },
        "east": {
          "texture": "#leather",
          "uv": [
            3.5,
            52.5,
            7.0,
            57.5
          ]
        },
        "south": {
          "texture": "#leather",
          "uv": [
            7.0,
            52.5,
            10.5,
            57.5
          ]
        },
        "west": {
          "texture": "#leather",
          "uv": [
            10.5,
            52.5,
            14.0,
            57.5
          ]
        },
        "up": {
          "texture": "#leather",
          "uv": [
            0.0,
            49.0,
            3.5,
            52.5
          ]
        },
        "down": {
          "texture": "#leather",
          "uv": [
            3.5,
            49.0,
            7.0,
            52.5
          ]
        }
      }
    },
    "file": "game:shapes/entity/humanoid/seraph/armor/jerkin/legs.json"
  },
  {
    "op": "add",
    "path": "/elements/4",
    "value": {
      "name": "ArmorLowerLegR2",
      "stepParentName": "PawR",
      "from": [
        -0.3,
        0.8,
        -0.25
      ],
      "to": [
        3.2,
        7.1,
        3.25
      ],
      "autoUnwrap": false,
      "uv": [
        16.0,
        49.0
      ],
      "rotationOrigin": [
        -0.3,
        0.8,
        -0.4
      ],
      "faces": {
        "north": {
          "texture": "#leather",
          "uv": [
            16.0,
            54.5,
            19.5,
            60.5
          ]
        },
        "east": {
          "texture": "#leather",
          "uv": [
            20.0,
            54.5,
            23.5,
            60.5
          ]
        },
        "south": {
          "texture": "#leather",
          "uv": [
            24.0,
            54.5,
            27.5,
            60.5
          ]
        },
        "west": {
          "texture": "#leather",
          "uv": [
            28.0,
            54.5,
            31.5,
            60.5
          ]
        },
        "up": {
          "texture": "#leather",
          "uv": [
            16.0,
            49.0,
            20.5,
            52.5
          ],
          "autoUv": false
        },
        "down": {
          "texture": "#leather",
          "uv": [
            20.5,
            49.0,
            25.0,
            52.5
          ],
          "autoUv": false
        }
      }
    },
    "file": "game:shapes/entity/humanoid/seraph/armor/jerkin/legs.json"
  },
  {
    "op": "add",
    "path": "/elements/5",
    "value": {
      "name": "ArmorLowerLegL2",
      "stepParentName": "PawL",
      "from": [
        -0.3,
        0.8,
        -0.25
      ],
      "to": [
        3.2,
        7.1,
        3.25
      ],
      "autoUnwrap": false,
      "uv": [
        0.0,
        49.0
      ],
      "rotationOrigin": [
        -0.3,
        0.8,
        -0.4
      ],
      "faces": {
        "north": {
          "texture": "#leather",
          "uv": [
            0.0,
            54.5,
            3.5,
            60.5
          ]
        },
        "east": {
          "texture": "#leather",
          "uv": [
            4.0,
            54.5,
            7.5,
            60.5
          ]
        },
        "south": {
          "texture": "#leather",
          "uv": [
            8.0,
            54.5,
            11.5,
            60.5
          ]
        },
        "west": {
          "texture": "#leather",
          "uv": [
            12.0,
            54.5,
            15.5,
            60.5
          ]
        },
        "up": {
          "texture": "#leather",
          "uv": [
            0.0,
            49.0,
            4.5,
            52.5
          ],
          "autoUv": false
        },
        "down": {
          "texture": "#leather",
          "uv": [
            4.5,
            49.0,
            9.0,
            52.5
          ],
          "autoUv": false
        }
      }
    },
    "file": "game:shapes/entity/humanoid/seraph/armor/jerkin/legs.json"
  }
]