[
  {
    "op": "add",
    "path": "/textureSizes",
    "value": {},
    "file": "game:shapes/entity/humanoid/seraph/armor/plate/body.json"
  },
  {
    "op": "remove",
    "path": "/editor/singleTexture",
    "file": "game:shapes/entity/humanoid/seraph/armor/plate/body.json"
  },
  {
    "op": "add",
    "path": "/editor/entityTextureMode",
    "value": true,
    "file": "game:shapes/entity/humanoid/seraph/armor/plate/body.json"
  },
  {
    "op": "add",
    "path": "/elements/8",
    "value": {
      "name": "ArmorLowerArmL2",
      "stepParentName": "Tail1",
      "from": [
        0.5,
        -0.25,
        -0.25
      ],
      "to": [
        8.5,
        4.25,
        4.25
      ],
      "autoUnwrap": false,
      "uv": [
        44.0,
        9.0
      ],
      "rotationOrigin": [
        0.5,
        -0.4,
        -0.6
      ],
      "faces": {
        "north": {
          "texture": "#material",
          "uv": [
            24.0,
            55.5,
            28.5,
            63.5
          ],
          "rotation": 90
        },
        "east": {
          "texture": "#material",
          "uv": [
            20.5,
            51.0,
            25.0,
            55.5
          ]
        },
        "south": {
          "texture": "#material",
          "uv": [
            24.0,
            55.5,
            28.5,
            63.5
          ],
          "rotation": 270
        },
        "west": {
          "texture": "#material",
          "uv": [
            65.0,
            14.0,
            69.5,
            18.5
          ]
        },
        "up": {
          "texture": "#material",
          "uv": [
            7.5,
            55.0,
            12.0,
            63.0
          ],
          "rotation": 90
        },
        "down": {
          "texture": "#material",
          "uv": [
            7.5,
            55.0,
            12.0,
            63.0
          ],
          "rotation": 270
        }
      },
      "children": [
        {
          "name": "ArmorElbowSideL2",
          "from": [
            6.0,
            1.0,
            4.5
          ],
          "to": [
            9.0,
            4.0,
            5.0
          ],
          "unwrapMode": 3,
          "uv": [
            35.0,
            53.0
          ],
          "rotationOrigin": [
            6.0,
            1.0,
            4.5
          ],
          "faces": {
            "north": {
              "texture": "#material",
              "uv": [
                39.0,
                53.5,
                42.0,
                56.5
              ]
            },
            "east": {
              "texture": "#material",
              "uv": [
                38.5,
                53.5,
                39.0,
                56.5
              ]
            },
            "south": {
              "texture": "#material",
              "uv": [
                35.5,
                53.5,
                38.5,
                56.5
              ]
            },
            "west": {
              "texture": "#material",
              "uv": [
                35.0,
                53.5,
                35.5,
                56.5
              ]
            },
            "up": {
              "texture": "#material",
              "uv": [
                35.5,
                53.0,
                38.5,
                53.5
              ]
            },
            "down": {
              "texture": "#material",
              "uv": [
                35.5,
                56.5,
                38.5,
                57.0
              ],
              "rotation": 180
            }
          }
        },
        {
          "name": "ArmorElbowSideL3",
          "from": [
            6.0,
            1.0,
            -0.5
          ],
          "to": [
            9.0,
            4.0,
            0.0
          ],
          "unwrapMode": 3,
          "uv": [
            35.0,
            53.0
          ],
          "rotationOrigin": [
            6.0,
            1.0,
            -0.5
          ],
          "faces": {
            "north": {
              "texture": "#material",
              "uv": [
                39.0,
                53.5,
                42.0,
                56.5
              ]
            },
            "east": {
              "texture": "#material",
              "uv": [
                38.5,
                53.5,
                39.0,
                56.5
              ]
            },
            "south": {
              "texture": "#material",
              "uv": [
                35.5,
                53.5,
                38.5,
                56.5
              ]
            },
            "west": {
              "texture": "#material",
              "uv": [
                35.0,
                53.5,
                35.5,
                56.5
              ]
            },
            "up": {
              "texture": "#material",
              "uv": [
                35.5,
                53.0,
                38.5,
                53.5
              ]
            },
            "down": {
              "texture": "#material",
              "uv": [
                35.5,
                56.5,
                38.5,
                57.0
              ],
              "rotation": 180
            }
          }
        }
      ]
    },
    "file": "game:shapes/entity/humanoid/seraph/armor/plate/body.json"
  },
  {
    "op": "add",
    "path": "/elements/9",
    "value": {
      "name": "ArmorLowerArmL3",
      "stepParentName": "Tail2",
      "from": [
        0.5,
        -0.15,
        -0.25
      ],
      "to": [
        7.5,
        3.35,
        3.25
      ],
      "autoUnwrap": false,
      "uv": [
        44.0,
        9.0
      ],
      "rotationOrigin": [
        0.5,
        -0.3,
        -0.6
      ],
      "faces": {
        "north": {
          "texture": "#material",
          "uv": [
            24.0,
            56.5,
            27.5,
            63.5
          ],
          "rotation": 90
        },
        "east": {
          "texture": "#material",
          "uv": [
            20.5,
            51.0,
            24.0,
            54.5
          ]
        },
        "south": {
          "texture": "#material",
          "uv": [
            24.0,
            56.5,
            27.5,
            63.5
          ],
          "rotation": 270
        },
        "west": {
          "texture": "#material",
          "uv": [
            65.0,
            14.0,
            68.5,
            17.5
          ]
        },
        "up": {
          "texture": "#material",
          "uv": [
            8.0,
            55.0,
            11.5,
            62.0
          ],
          "rotation": 90
        },
        "down": {
          "texture": "#material",
          "uv": [
            7.5,
            55.0,
            11.0,
            62.0
          ],
          "rotation": 270
        }
      },
      "children": [
        {
          "name": "ArmorElbowSideL4",
          "from": [
            5.5,
            1.0,
            3.5
          ],
          "to": [
            8.5,
            4.0,
            4.0
          ],
          "unwrapMode": 3,
          "uv": [
            35.0,
            53.0
          ],
          "rotationOrigin": [
            5.5,
            1.0,
            3.5
          ],
          "faces": {
            "north": {
              "texture": "#material",
              "uv": [
                39.0,
                53.5,
                42.0,
                56.5
              ]
            },
            "east": {
              "texture": "#material",
              "uv": [
                38.5,
                53.5,
                39.0,
                56.5
              ]
            },
            "south": {
              "texture": "#material",
              "uv": [
                35.5,
                53.5,
                38.5,
                56.5
              ]
            },
            "west": {
              "texture": "#material",
              "uv": [
                35.0,
                53.5,
                35.5,
                56.5
              ]
            },
            "up": {
              "texture": "#material",
              "uv": [
                35.5,
                53.0,
                38.5,
                53.5
              ]
            },
            "down": {
              "texture": "#material",
              "uv": [
                35.5,
                56.5,
                38.5,
                57.0
              ],
              "rotation": 180
            }
          }
        },
        {
          "name": "ArmorElbowSideL5",
          "from": [
            5.5,
            1.0,
            -0.5
          ],
          "to": [
            8.5,
            4.0,
            0.0
          ],
          "unwrapMode": 3,
          "uv": [
            35.0,
            53.0
          ],
          "rotationOrigin": [
            5.5,
            1.0,
            -0.5
          ],
          "faces": {
            "north": {
              "texture": "#material",
              "uv": [
                39.0,
                53.5,
                42.0,
                56.5
              ]
            },
            "east": {
              "texture": "#material",
              "uv": [
                38.5,
                53.5,
                39.0,
                56.5
              ]
            },
            "south": {
              "texture": "#material",
              "uv": [
                35.5,
                53.5,
                38.5,
                56.5
              ]
            },
            "west": {
              "texture": "#material",
              "uv": [
                35.0,
                53.5,
                35.5,
                56.5
              ]
            },
            "up": {
              "texture": "#material",
              "uv": [
                35.5,
                53.0,
                38.5,
                53.5
              ]
            },
            "down": {
              "texture": "#material",
              "uv": [
                35.5,
                56.5,
                38.5,
                57.0
              ],
              "rotation": 180
            }
          }
        }
      ]
    },
    "file": "game:shapes/entity/humanoid/seraph/armor/plate/body.json"
  },
  {
    "op": "add",
    "path": "/elements/10",
    "value": {
      "name": "ArmorLowerArmL4",
      "stepParentName": "Tail3",
      "from": [
        0.5,
        -0.15,
        -0.25
      ],
      "to": [
        4.5,
        2.35,
        2.25
      ],
      "autoUnwrap": false,
      "uv": [
        44.0,
        9.0
      ],
      "rotationOrigin": [
        0.5,
        -0.3,
        -0.6
      ],
      "faces": {
        "north": {
          "texture": "#material",
          "uv": [
            24.5,
            59.5,
            27.0,
            63.5
          ],
          "rotation": 90
        },
        "east": {
          "texture": "#material",
          "uv": [
            20.5,
            51.0,
            23.0,
            53.5
          ]
        },
        "south": {
          "texture": "#material",
          "uv": [
            24.5,
            59.5,
            27.0,
            63.5
          ],
          "rotation": 270
        },
        "west": {
          "texture": "#material",
          "uv": [
            65.0,
            14.0,
            67.5,
            16.5
          ]
        },
        "up": {
          "texture": "#material",
          "uv": [
            8.5,
            55.0,
            11.0,
            59.0
          ],
          "rotation": 90
        },
        "down": {
          "texture": "#material",
          "uv": [
            8.5,
            55.0,
            11.0,
            59.0
          ],
          "rotation": 270
        }
      }
    },
    "file": "game:shapes/entity/humanoid/seraph/armor/plate/body.json"
  }
]