[
  {
    "op": "add",
    "path": "/textureSizes",
    "value": {},
    "file": "game:shapes/entity/humanoid/seraph/armor/leather/legs.json"
  },
  {
    "op": "remove",
    "path": "/editor/singleTexture",
    "file": "game:shapes/entity/humanoid/seraph/armor/leather/legs.json"
  },
  {
    "op": "add",
    "path": "/editor/entityTextureMode",
    "value": true,
    "file": "game:shapes/entity/humanoid/seraph/armor/leather/legs.json"
  },
  {
    "op": "replace",
    "path": "/editor/backDropShape",
    "value": "shapes/entity/humanoid/seraph",
    "file": "game:shapes/entity/humanoid/seraph/armor/leather/legs.json"
  },
  {
    "op": "remove",
    "path": "/elements/0/children/0/faces/west",
    "file": "game:shapes/entity/humanoid/seraph/armor/leather/legs.json"
  },
  {
    "op": "remove",
    "path": "/elements/0/children/1/faces/west",
    "file": "game:shapes/entity/humanoid/seraph/armor/leather/legs.json"
  },
  {
    "op": "remove",
    "path": "/elements/0/children/2/faces/west",
    "file": "game:shapes/entity/humanoid/seraph/armor/leather/legs.json"
  },
  {
    "op": "replace",
    "path": "/elements/0/from/1",
    "value": -0.6,
    "file": "game:shapes/entity/humanoid/seraph/armor/leather/legs.json"
  },
  {
    "op": "replace",
    "path": "/elements/0/rotationOrigin/1",
    "value": -0.6,
    "file": "game:shapes/entity/humanoid/seraph/armor/leather/legs.json"
  },
  {
    "op": "replace",
    "path": "/elements/0/to/1",
    "value": 5.4,
    "file": "game:shapes/entity/humanoid/seraph/armor/leather/legs.json"
  },
  {
    "op": "remove",
    "path": "/elements/1/children/0/faces/west",
    "file": "game:shapes/entity/humanoid/seraph/armor/leather/legs.json"
  },
  {
    "op": "remove",
    "path": "/elements/1/children/1/faces/west",
    "file": "game:shapes/entity/humanoid/seraph/armor/leather/legs.json"
  },
  {
    "op": "remove",
    "path": "/elements/1/children/2/faces/west",
    "file": "game:shapes/entity/humanoid/seraph/armor/leather/legs.json"
  },
  {
    "op": "replace",
    "path": "/elements/1/from/1",
    "value": -0.6,
    "file": "game:shapes/entity/humanoid/seraph/armor/leather/legs.json"
  },
  {
    "op": "replace",
    "path": "/elements/1/rotationOrigin/1",
    "value": -0.6,
    "file": "game:shapes/entity/humanoid/seraph/armor/leather/legs.json"
  },
  {
    "op": "replace",
    "path": "/elements/1/to/1",
    "value": 5.4,
    "file": "game:shapes/entity/humanoid/seraph/armor/leather/legs.json"
  }
]