[
  {
    "op": "add",
    "path": "/textureSizes",
    "value": {},
    "file": "game:shapes/entity/humanoid/seraph/armor/plate/head-copper.json"
  },
  {
    "op": "remove",
    "path": "/editor/singleTexture",
    "file": "game:shapes/entity/humanoid/seraph/armor/plate/head-copper.json"
  },
  {
    "op": "add",
    "path": "/editor/entityTextureMode",
    "value": true,
    "file": "game:shapes/entity/humanoid/seraph/armor/plate/head-copper.json"
  },
  {
    "op": "replace",
    "path": "/editor/backDropShape",
    "value": "shapes/entity/humanoid/seraph",
    "file": "game:shapes/entity/humanoid/seraph/armor/plate/head-copper.json"
  },
  {
    "op": "replace",
    "path": "/elements/0/children",
    "value": [
      {
        "name": "ArmorFace",
        "from": [
          -0.5,
          0.0,
          2.0
        ],
        "to": [
          0.0,
          6.0,
          4.2
        ],
        "autoUnwrap": false,
        "uv": [
          44.0,
          27.0
        ],
        "rotationOrigin": [
          -0.5,
          0.0,
          2.0
        ],
        "faces": {
          "north": {
            "texture": "#material",
            "uv": [
              34.5,
              20.5,
              35.0,
              26.5
            ]
          },
          "south": {
            "texture": "#material",
            "uv": [
              37.0,
              20.5,
              37.5,
              26.5
            ]
          },
          "west": {
            "texture": "#material",
            "uv": [
              35.0,
              20.5,
              37.0,
              26.5
            ]
          },
          "up": {
            "texture": "#material",
            "uv": [
              39.0,
              22.0,
              39.5,
              24.0
            ]
          },
          "down": {
            "texture": "#material",
            "uv": [
              32.5,
              24.5,
              33.0,
              26.5
            ]
          }
        }
      },
      {
        "name": "ArmorHelmetop",
        "from": [
          0.5,
          6.0,
          0.5
        ],
        "to": [
          6.1,
          6.5,
          5.8
        ],
        "autoUnwrap": false,
        "uv": [
          39.5,
          27.5
        ],
        "rotationOrigin": [
          0.5,
          6.0,
          0.5
        ],
        "faces": {
          "north": {
            "texture": "#material",
            "uv": [
              39.5,
              20.5,
              45.0,
              21.0
            ]
          },
          "east": {
            "texture": "#material",
            "uv": [
              33.5,
              18.5,
              38.5,
              19.0
            ]
          },
          "south": {
            "texture": "#material",
            "uv": [
              39.5,
              24.5,
              45.0,
              25.0
            ]
          },
          "west": {
            "texture": "#material",
            "uv": [
              33.5,
              14.5,
              38.5,
              15.0
            ]
          },
          "up": {
            "texture": "#material",
            "uv": [
              46.0,
              21.0,
              51.5,
              26.0
            ]
          }
        }
      },
      {
        "name": "ArmorFace2",
        "from": [
          -3.0,
          3.0,
          2.0
        ],
        "to": [
          -2.5,
          6.0,
          4.2
        ],
        "autoUnwrap": false,
        "uv": [
          44.0,
          27.0
        ],
        "rotationOrigin": [
          -3.0,
          3.0,
          2.0
        ],
        "rotationZ": -90.0,
        "faces": {
          "north": {
            "texture": "#material",
            "uv": [
              34.5,
              20.5,
              35.0,
              23.5
            ]
          },
          "south": {
            "texture": "#material",
            "uv": [
              37.0,
              20.5,
              37.5,
              23.5
            ]
          },
          "west": {
            "texture": "#material",
            "uv": [
              35.0,
              20.5,
              37.0,
              23.5
            ]
          },
          "up": {
            "texture": "#material",
            "uv": [
              39.0,
              22.0,
              39.5,
              24.0
            ]
          },
          "down": {
            "texture": "#material",
            "uv": [
              32.5,
              24.5,
              33.0,
              26.5
            ]
          }
        }
      }
    ],
    "file": "game:shapes/entity/humanoid/seraph/armor/plate/head-copper.json"
  },
  {
    "op": "remove",
    "path": "/elements/1/faces/down",
    "file": "game:shapes/entity/humanoid/seraph/armor/plate/head-copper.json"
  },
  {
    "op": "remove",
    "path": "/elements/1/faces/up",
    "file": "game:shapes/entity/humanoid/seraph/armor/plate/head-copper.json"
  }
]