[
  {
    "op": "replace",
    "path": "/editor/backDropShape",
    "value": "shapes/entity/humanoid/seraph",
    "file": "game:shapes/entity/humanoid/seraph/clothing/face/marketeer.json"
  },
  {
    "op": "remove",
    "path": "/elements/0/faces/down",
    "file": "game:shapes/entity/humanoid/seraph/clothing/face/marketeer.json"
  },
  {
    "op": "remove",
    "path": "/elements/0/faces/east",
    "file": "game:shapes/entity/humanoid/seraph/clothing/face/marketeer.json"
  },
  {
    "op": "remove",
    "path": "/elements/0/faces/north",
    "file": "game:shapes/entity/humanoid/seraph/clothing/face/marketeer.json"
  },
  {
    "op": "remove",
    "path": "/elements/0/faces/south",
    "file": "game:shapes/entity/humanoid/seraph/clothing/face/marketeer.json"
  },
  {
    "op": "remove",
    "path": "/elements/0/faces/up",
    "file": "game:shapes/entity/humanoid/seraph/clothing/face/marketeer.json"
  },
  {
    "op": "remove",
    "path": "/elements/0/faces/west",
    "file": "game:shapes/entity/humanoid/seraph/clothing/face/marketeer.json"
  },
  {
    "op": "replace",
    "path": "/elements/0/from/0",
    "value": -2.7,
    "file": "game:shapes/entity/humanoid/seraph/clothing/face/marketeer.json"
  },
  {
    "op": "replace",
    "path": "/elements/0/from/1",
    "value": 2.3,
    "file": "game:shapes/entity/humanoid/seraph/clothing/face/marketeer.json"
  },
  {
    "op": "replace",
    "path": "/elements/0/rotationOrigin/0",
    "value": -2.7,
    "file": "game:shapes/entity/humanoid/seraph/clothing/face/marketeer.json"
  },
  {
    "op": "replace",
    "path": "/elements/0/rotationOrigin/1",
    "value": 2.3,
    "file": "game:shapes/entity/humanoid/seraph/clothing/face/marketeer.json"
  },
  {
    "op": "replace",
    "path": "/elements/0/rotationZ",
    "value": -30.0,
    "file": "game:shapes/entity/humanoid/seraph/clothing/face/marketeer.json"
  },
  {
    "op": "replace",
    "path": "/elements/0/to/0",
    "value": -2.7,
    "file": "game:shapes/entity/humanoid/seraph/clothing/face/marketeer.json"
  },
  {
    "op": "replace",
    "path": "/elements/0/to/1",
    "value": 2.3,
    "file": "game:shapes/entity/humanoid/seraph/clothing/face/marketeer.json"
  }
]