[
  {
    "op": "remove",
    "path": "/editor/backDropShape",
    "file": "game:shapes/entity/humanoid/seraph/armor/scale/head-steel.json"
  },
  {
    "op": "remove",
    "path": "/elements/0/children/1/children/1",
    "file": "game:shapes/entity/humanoid/seraph/armor/scale/head-steel.json"
  },
  {
    "op": "replace",
    "path": "/elements/0/children/1/children/1",
    "value": {
      "name": "OcularL",
      "from": [
        0.0,
        -1.8,
        5.3
      ],
      "to": [
        0.7,
        0.0,
        6.3
      ],
      "autoUnwrap": false,
      "uv": [
        0.0,
        0.0
      ],
      "rotationOrigin": [
        0.0,
        -1.8,
        5.3
      ],
      "faces": {
        "north": {
          "texture": "#material",
          "uv": [
            52.5,
            31.0,
            53.0,
            32.5
          ]
        },
        "south": {
          "texture": "#material",
          "uv": [
            52.5,
            31.0,
            53.0,
            32.5
          ]
        },
        "west": {
          "texture": "#material",
          "uv": [
            52.0,
            31.0,
            53.0,
            32.5
          ]
        },
        "down": {
          "texture": "#material",
          "uv": [
            52.5,
            30.0,
            53.0,
            31.0
          ]
        }
      },
      "children": [
        {
          "name": "CheekL",
          "from": [
            -2.0,
            -0.3,
            -0.7
          ],
          "to": [
            1.0,
            0.7,
            0.0
          ],
          "autoUnwrap": false,
          "uv": [
            53.5,
            36.0
          ],
          "rotationOrigin": [
            -2.0,
            -0.3,
            -0.7
          ],
          "faces": {
            "north": {
              "texture": "#material",
              "uv": [
                52.5,
                31.5,
                55.5,
                32.5
              ]
            },
            "south": {
              "texture": "#material",
              "uv": [
                52.5,
                30.0,
                55.5,
                31.0
              ]
            },
            "west": {
              "texture": "#material",
              "uv": [
                52.5,
                32.5,
                53.0,
                33.5
              ]
            },
            "up": {
              "texture": "#material",
              "uv": [
                52.5,
                31.5,
                55.5,
                32.0
              ]
            },
            "down": {
              "texture": "#material",
              "uv": [
                52.5,
                30.0,
                55.5,
                30.5
              ]
            }
          }
        }
      ]
    },
    "file": "game:shapes/entity/humanoid/seraph/armor/scale/head-steel.json"
  },
  {
    "op": "add",
    "path": "/elements/0/children/1/children/2",
    "value": {
      "name": "OcularR",
      "from": [
        0.0,
        -1.8,
        0.0
      ],
      "to": [
        0.7,
        0.0,
        1.0
      ],
      "autoUnwrap": false,
      "uv": [
        54.5,
        31.5
      ],
      "rotationOrigin": [
        0.0,
        -1.8,
        0.0
      ],
      "faces": {
        "north": {
          "texture": "#material",
          "uv": [
            52.5,
            31.0,
            53.0,
            32.5
          ]
        },
        "south": {
          "texture": "#material",
          "uv": [
            52.5,
            31.0,
            53.0,
            32.5
          ]
        },
        "west": {
          "texture": "#material",
          "uv": [
            52.5,
            31.0,
            53.5,
            32.5
          ]
        },
        "down": {
          "texture": "#material",
          "uv": [
            52.5,
            30.0,
            53.0,
            31.0
          ]
        }
      },
      "children": [
        {
          "name": "CheekR",
          "from": [
            -2.0,
            -0.3,
            1.0
          ],
          "to": [
            1.0,
            0.7,
            1.6
          ],
          "autoUnwrap": false,
          "uv": [
            49.5,
            39.0
          ],
          "rotationOrigin": [
            -2.0,
            -0.3,
            1.0
          ],
          "faces": {
            "north": {
              "texture": "#material",
              "uv": [
                52.5,
                31.0,
                55.5,
                32.0
              ]
            },
            "south": {
              "texture": "#material",
              "uv": [
                52.5,
                30.0,
                55.5,
                31.0
              ]
            },
            "west": {
              "texture": "#material",
              "uv": [
                51.5,
                32.5,
                52.0,
                33.5
              ]
            },
            "up": {
              "texture": "#material",
              "uv": [
                52.5,
                31.5,
                55.5,
                32.0
              ]
            },
            "down": {
              "texture": "#material",
              "uv": [
                52.5,
                32.0,
                55.5,
                32.5
              ]
            }
          }
        }
      ]
    },
    "file": "game:shapes/entity/humanoid/seraph/armor/scale/head-steel.json"
  },
  {
    "op": "add",
    "path": "/elements/0/children/1/children/3",
    "value": {
      "name": "ArmorHelmetNasal2",
      "from": [
        -2.0,
        -1.1,
        2.6
      ],
      "to": [
        -1.5,
        2.0,
        3.6
      ],
      "unwrapMode": 1,
      "autoUnwrap": false,
      "uv": [
        32.5,
        35.5
      ],
      "rotationOrigin": [
        -2.0,
        -1.1,
        2.6
      ],
      "rotationZ": -90.0,
      "faces": {
        "north": {
          "texture": "#material",
          "uv": [
            55.0,
            30.5,
            55.5,
            33.5
          ]
        },
        "south": {
          "texture": "#material",
          "uv": [
            54.5,
            30.5,
            55.0,
            33.5
          ]
        },
        "west": {
          "texture": "#material",
          "uv": [
            50.5,
            30.5,
            51.5,
            33.5
          ]
        },
        "down": {
          "texture": "#material",
          "uv": [
            32.0,
            37.5,
            32.5,
            38.5
          ]
        }
      }
    },
    "file": "game:shapes/entity/humanoid/seraph/armor/scale/head-steel.json"
  },
  {
    "op": "replace",
    "path": "/elements/0/from/1",
    "value": 0.3,
    "file": "game:shapes/entity/humanoid/seraph/armor/scale/head-steel.json"
  },
  {
    "op": "replace",
    "path": "/elements/0/rotationOrigin/1",
    "value": 0.3,
    "file": "game:shapes/entity/humanoid/seraph/armor/scale/head-steel.json"
  },
  {
    "op": "replace",
    "path": "/elements/0/to/1",
    "value": 5.8,
    "file": "game:shapes/entity/humanoid/seraph/armor/scale/head-steel.json"
  }
]