[
  {
    "op": "remove",
    "path": "/editor/collapsedPaths",
    "file": "game:shapes/entity/humanoid/seraph/clothing/foot/surgeon.json"
  },
  {
    "op": "add",
    "path": "/editor/backDropShape",
    "value": "shapes/entity/humanoid/seraph",
    "file": "game:shapes/entity/humanoid/seraph/clothing/foot/surgeon.json"
  },
  {
    "op": "replace",
    "path": "/editor/entityTextureMode",
    "value": false,
    "file": "game:shapes/entity/humanoid/seraph/clothing/foot/surgeon.json"
  },
  {
    "op": "remove",
    "path": "/elements/0/uv",
    "file": "game:shapes/entity/humanoid/seraph/clothing/foot/surgeon.json"
  },
  {
    "op": "remove",
    "path": "/elements/0/children/0/autoUnwrap",
    "file": "game:shapes/entity/humanoid/seraph/clothing/foot/surgeon.json"
  },
  {
    "op": "remove",
    "path": "/elements/0/children/0/unwrapMode",
    "file": "game:shapes/entity/humanoid/seraph/clothing/foot/surgeon.json"
  },
  {
    "op": "remove",
    "path": "/elements/0/children/0/uv",
    "file": "game:shapes/entity/humanoid/seraph/clothing/foot/surgeon.json"
  },
  {
    "op": "replace",
    "path": "/elements/0/children/0/children",
    "value": [
      {
        "name": "N fold 2",
        "from": [
          0.0,
          1.5,
          0.0
        ],
        "to": [
          3.2,
          3.0,
          0.2
        ],
        "rotationOrigin": [
          0.0,
          1.5,
          0.2
        ],
        "rotationX": -8.0,
        "faces": {
          "north": {
            "texture": "#shoes-surgeon",
            "uv": [
              3.0,
              13.0,
              6.0,
              14.5
            ]
          },
          "east": {
            "texture": "#shoes-surgeon",
            "uv": [
              6.5,
              13.0,
              7.0,
              14.5
            ]
          },
          "south": {
            "texture": "#shoes-surgeon",
            "uv": [
              0.0,
              0.0,
              3.0,
              1.5
            ]
          },
          "west": {
            "texture": "#shoes-surgeon",
            "uv": [
              3.0,
              13.0,
              3.5,
              14.5
            ]
          },
          "up": {
            "texture": "#shoes-surgeon",
            "uv": [
              1.0,
              13.0,
              4.0,
              13.5
            ]
          },
          "down": {
            "texture": "#shoes-surgeon",
            "uv": [
              0.0,
              0.0,
              3.0,
              0.5
            ]
          }
        }
      },
      {
        "name": "S fold 2",
        "from": [
          0.0,
          1.5,
          3.0
        ],
        "to": [
          3.2,
          3.0,
          3.2
        ],
        "rotationOrigin": [
          0.0,
          1.5,
          3.0
        ],
        "rotationX": 8.0,
        "faces": {
          "north": {
            "texture": "#shoes-surgeon",
            "uv": [
              0.0,
              0.0,
              3.0,
              1.5
            ]
          },
          "east": {
            "texture": "#shoes-surgeon",
            "uv": [
              13.5,
              13.0,
              14.0,
              14.5
            ]
          },
          "south": {
            "texture": "#shoes-surgeon",
            "uv": [
              9.5,
              13.0,
              12.5,
              14.5
            ]
          },
          "west": {
            "texture": "#shoes-surgeon",
            "uv": [
              10.0,
              13.0,
              10.5,
              14.5
            ]
          },
          "up": {
            "texture": "#shoes-surgeon",
            "uv": [
              2.5,
              13.0,
              5.5,
              13.5
            ]
          },
          "down": {
            "texture": "#shoes-surgeon",
            "uv": [
              0.0,
              0.0,
              3.0,
              0.5
            ]
          }
        }
      },
      {
        "name": "back fold",
        "from": [
          3.0,
          1.5,
          0.0
        ],
        "to": [
          3.2,
          3.0,
          3.2
        ],
        "rotationOrigin": [
          3.0,
          1.5,
          0.0
        ],
        "rotationZ": -7.0,
        "faces": {
          "north": {
            "texture": "#shoes-surgeon",
            "uv": [
              2.5,
              9.0,
              3.0,
              10.5
            ]
          },
          "east": {
            "texture": "#shoes-surgeon",
            "uv": [
              11.0,
              9.0,
              14.0,
              10.5
            ]
          },
          "south": {
            "texture": "#shoes-surgeon",
            "uv": [
              0.0,
              9.0,
              0.5,
              10.5
            ]
          },
          "west": {
            "texture": "#shoes-surgeon",
            "uv": [
              0.0,
              0.0,
              3.0,
              1.5
            ]
          },
          "up": {
            "texture": "#shoes-surgeon",
            "uv": [
              11.0,
              9.0,
              14.0,
              9.5
            ],
            "rotation": 90
          },
          "down": {
            "texture": "#shoes-surgeon",
            "uv": [
              0.0,
              0.0,
              0.5,
              3.0
            ]
          }
        }
      },
      {
        "name": "front 1 long 2",
        "from": [
          0.0,
          1.5,
          0.0
        ],
        "to": [
          0.2,
          3.0,
          0.5
        ],
        "rotationOrigin": [
          0.2,
          1.5,
          0.0
        ],
        "rotationZ": 8.0,
        "faces": {
          "north": {
            "texture": "#shoes-surgeon",
            "uv": [
              7.0,
              13.0,
              7.5,
              14.5
            ]
          },
          "east": {
            "texture": "#shoes-surgeon",
            "uv": [
              7.5,
              1.0,
              8.0,
              2.5
            ]
          },
          "south": {
            "texture": "#shoes-surgeon",
            "uv": [
              7.0,
              13.0,
              7.5,
              14.5
            ]
          },
          "west": {
            "texture": "#shoes-surgeon",
            "uv": [
              7.0,
              13.0,
              7.5,
              14.5
            ]
          },
          "up": {
            "texture": "#shoes-surgeon",
            "uv": [
              0.5,
              13.0,
              1.0,
              13.5
            ]
          },
          "down": {
            "texture": "#shoes-surgeon",
            "uv": [
              0.0,
              0.0,
              0.5,
              0.5
            ]
          }
        }
      },
      {
        "name": "front 1 short 2",
        "from": [
          0.0,
          1.5,
          0.5
        ],
        "to": [
          0.2,
          2.5,
          1.0
        ],
        "rotationOrigin": [
          0.2,
          1.5,
          0.5
        ],
        "rotationZ": 14.0,
        "faces": {
          "north": {
            "texture": "#shoes-surgeon",
            "uv": [
              7.5,
              13.5,
              8.0,
              14.5
            ]
          },
          "east": {
            "texture": "#shoes-surgeon",
            "uv": [
              8.0,
              3.0,
              8.5,
              4.0
            ]
          },
          "south": {
            "texture": "#shoes-surgeon",
            "uv": [
              7.5,
              13.5,
              8.0,
              14.5
            ]
          },
          "west": {
            "texture": "#shoes-surgeon",
            "uv": [
              7.5,
              13.5,
              8.0,
              14.5
            ]
          },
          "up": {
            "texture": "#shoes-surgeon",
            "uv": [
              1.5,
              13.0,
              2.0,
              13.5
            ]
          },
          "down": {
            "texture": "#shoes-surgeon",
            "uv": [
              0.0,
              0.0,
              0.5,
              0.5
            ]
          }
        }
      },
      {
        "name": "front 2 short 2",
        "from": [
          0.0,
          1.5,
          2.2
        ],
        "to": [
          0.2,
          2.5,
          2.7
        ],
        "rotationOrigin": [
          0.2,
          1.5,
          2.7
        ],
        "rotationZ": 14.0,
        "faces": {
          "north": {
            "texture": "#shoes-surgeon",
            "uv": [
              9.0,
              13.5,
              9.5,
              14.5
            ]
          },
          "east": {
            "texture": "#shoes-surgeon",
            "uv": [
              8.5,
              1.5,
              9.0,
              2.5
            ]
          },
          "south": {
            "texture": "#shoes-surgeon",
            "uv": [
              9.0,
              13.5,
              9.5,
              14.5
            ]
          },
          "west": {
            "texture": "#shoes-surgeon",
            "uv": [
              9.0,
              13.5,
              9.5,
              14.5
            ]
          },
          "up": {
            "texture": "#shoes-surgeon",
            "uv": [
              11.5,
              13.0,
              12.0,
              13.5
            ]
          },
          "down": {
            "texture": "#shoes-surgeon",
            "uv": [
              0.0,
              0.0,
              0.5,
              0.5
            ]
          }
        }
      },
      {
        "name": "front 2 long 2",
        "from": [
          0.0,
          1.5,
          2.7
        ],
        "to": [
          0.2,
          3.0,
          3.2
        ],
        "rotationOrigin": [
          0.2,
          1.5,
          3.2
        ],
        "rotationZ": 8.0,
        "faces": {
          "north": {
            "texture": "#shoes-surgeon",
            "uv": [
              9.5,
              13.0,
              10.0,
              14.5
            ]
          },
          "east": {
            "texture": "#shoes-surgeon",
            "uv": [
              8.5,
              1.0,
              9.0,
              2.5
            ]
          },
          "south": {
            "texture": "#shoes-surgeon",
            "uv": [
              9.5,
              13.0,
              10.0,
              14.5
            ]
          },
          "west": {
            "texture": "#shoes-surgeon",
            "uv": [
              9.5,
              13.0,
              10.0,
              14.5
            ]
          },
          "up": {
            "texture": "#shoes-surgeon",
            "uv": [
              13.5,
              13.0,
              14.0,
              13.5
            ]
          },
          "down": {
            "texture": "#shoes-surgeon",
            "uv": [
              0.0,
              0.0,
              0.5,
              0.5
            ]
          }
        }
      }
    ],
    "file": "game:shapes/entity/humanoid/seraph/clothing/foot/surgeon.json"
  },
  {
    "op": "remove",
    "path": "/elements/0/children/0/faces/down/rotation",
    "file": "game:shapes/entity/humanoid/seraph/clothing/foot/surgeon.json"
  },
  {
    "op": "replace",
    "path": "/elements/0/children/0/faces/down/uv/0",
    "value": 2.5,
    "file": "game:shapes/entity/humanoid/seraph/clothing/foot/surgeon.json"
  },
  {
    "op": "replace",
    "path": "/elements/0/children/0/faces/down/uv/1",
    "value": 13.0,
    "file": "game:shapes/entity/humanoid/seraph/clothing/foot/surgeon.json"
  },
  {
    "op": "replace",
    "path": "/elements/0/children/0/faces/down/uv/2",
    "value": 5.5,
    "file": "game:shapes/entity/humanoid/seraph/clothing/foot/surgeon.json"
  },
  {
    "op": "replace",
    "path": "/elements/0/children/0/faces/down/uv/3",
    "value": 16.0,
    "file": "game:shapes/entity/humanoid/seraph/clothing/foot/surgeon.json"
  },
  {
    "op": "replace",
    "path": "/elements/0/children/0/faces/east/uv/0",
    "value": 11.0,
    "file": "game:shapes/entity/humanoid/seraph/clothing/foot/surgeon.json"
  },
  {
    "op": "replace",
    "path": "/elements/0/children/0/faces/east/uv/1",
    "value": 10.5,
    "file": "game:shapes/entity/humanoid/seraph/clothing/foot/surgeon.json"
  },
  {
    "op": "replace",
    "path": "/elements/0/children/0/faces/east/uv/2",
    "value": 14.0,
    "file": "game:shapes/entity/humanoid/seraph/clothing/foot/surgeon.json"
  },
  {
    "op": "replace",
    "path": "/elements/0/children/0/faces/north/uv/0",
    "value": 0.0,
    "file": "game:shapes/entity/humanoid/seraph/clothing/foot/surgeon.json"
  },
  {
    "op": "replace",
    "path": "/elements/0/children/0/faces/north/uv/1",
    "value": 10.5,
    "file": "game:shapes/entity/humanoid/seraph/clothing/foot/surgeon.json"
  },
  {
    "op": "replace",
    "path": "/elements/0/children/0/faces/north/uv/2",
    "value": 3.0,
    "file": "game:shapes/entity/humanoid/seraph/clothing/foot/surgeon.json"
  },
  {
    "op": "replace",
    "path": "/elements/0/children/0/faces/south/uv/0",
    "value": 7.0,
    "file": "game:shapes/entity/humanoid/seraph/clothing/foot/surgeon.json"
  },
  {
    "op": "replace",
    "path": "/elements/0/children/0/faces/south/uv/1",
    "value": 10.5,
    "file": "game:shapes/entity/humanoid/seraph/clothing/foot/surgeon.json"
  },
  {
    "op": "replace",
    "path": "/elements/0/children/0/faces/south/uv/2",
    "value": 10.0,
    "file": "game:shapes/entity/humanoid/seraph/clothing/foot/surgeon.json"
  },
  {
    "op": "remove",
    "path": "/elements/0/children/0/faces/up/rotation",
    "file": "game:shapes/entity/humanoid/seraph/clothing/foot/surgeon.json"
  },
  {
    "op": "remove",
    "path": "/elements/0/children/0/faces/up/windMode",
    "file": "game:shapes/entity/humanoid/seraph/clothing/foot/surgeon.json"
  },
  {
    "op": "replace",
    "path": "/elements/0/children/0/faces/up/uv/0",
    "value": 8.5,
    "file": "game:shapes/entity/humanoid/seraph/clothing/foot/surgeon.json"
  },
  {
    "op": "replace",
    "path": "/elements/0/children/0/faces/up/uv/1",
    "value": 0.5,
    "file": "game:shapes/entity/humanoid/seraph/clothing/foot/surgeon.json"
  },
  {
    "op": "replace",
    "path": "/elements/0/children/0/faces/up/uv/2",
    "value": 11.5,
    "file": "game:shapes/entity/humanoid/seraph/clothing/foot/surgeon.json"
  },
  {
    "op": "replace",
    "path": "/elements/0/children/0/faces/up/uv/3",
    "value": 3.5,
    "file": "game:shapes/entity/humanoid/seraph/clothing/foot/surgeon.json"
  },
  {
    "op": "replace",
    "path": "/elements/0/children/0/faces/west/uv/0",
    "value": 4.0,
    "file": "game:shapes/entity/humanoid/seraph/clothing/foot/surgeon.json"
  },
  {
    "op": "replace",
    "path": "/elements/0/children/0/faces/west/uv/1",
    "value": 10.5,
    "file": "game:shapes/entity/humanoid/seraph/clothing/foot/surgeon.json"
  },
  {
    "op": "replace",
    "path": "/elements/0/children/0/faces/west/uv/2",
    "value": 7.0,
    "file": "game:shapes/entity/humanoid/seraph/clothing/foot/surgeon.json"
  },
  {
    "op": "replace",
    "path": "/elements/0/children/0/to/0",
    "value": 3.1,
    "file": "game:shapes/entity/humanoid/seraph/clothing/foot/surgeon.json"
  },
  {
    "op": "replace",
    "path": "/elements/0/children/0/to/1",
    "value": 1.4,
    "file": "game:shapes/entity/humanoid/seraph/clothing/foot/surgeon.json"
  },
  {
    "op": "replace",
    "path": "/elements/0/stepParentName",
    "value": "PawL",
    "file": "game:shapes/entity/humanoid/seraph/clothing/foot/surgeon.json"
  },
  {
    "op": "remove",
    "path": "/elements/1/uv",
    "file": "game:shapes/entity/humanoid/seraph/clothing/foot/surgeon.json"
  },
  {
    "op": "remove",
    "path": "/elements/1/children/0/autoUnwrap",
    "file": "game:shapes/entity/humanoid/seraph/clothing/foot/surgeon.json"
  },
  {
    "op": "remove",
    "path": "/elements/1/children/0/uv",
    "file": "game:shapes/entity/humanoid/seraph/clothing/foot/surgeon.json"
  },
  {
    "op": "replace",
    "path": "/elements/1/children/0/children",
    "value": [
      {
        "name": "N fold 20",
        "from": [
          0.0,
          1.5,
          0.0
        ],
        "to": [
          3.2,
          3.0,
          0.2
        ],
        "rotationOrigin": [
          0.0,
          1.5,
          0.2
        ],
        "rotationX": -8.0,
        "faces": {
          "north": {
            "texture": "#shoes-surgeon",
            "uv": [
              3.0,
              13.0,
              6.0,
              14.5
            ]
          },
          "east": {
            "texture": "#shoes-surgeon",
            "uv": [
              6.5,
              13.0,
              7.0,
              14.5
            ]
          },
          "south": {
            "texture": "#shoes-surgeon",
            "uv": [
              0.0,
              0.0,
              3.0,
              1.5
            ]
          },
          "west": {
            "texture": "#shoes-surgeon",
            "uv": [
              3.0,
              13.0,
              3.5,
              14.5
            ]
          },
          "up": {
            "texture": "#shoes-surgeon",
            "uv": [
              1.0,
              13.0,
              4.0,
              13.5
            ]
          },
          "down": {
            "texture": "#shoes-surgeon",
            "uv": [
              0.0,
              0.0,
              3.0,
              0.5
            ]
          }
        }
      },
      {
        "name": "S fold 21",
        "from": [
          0.0,
          1.5,
          3.0
        ],
        "to": [
          3.2,
          3.0,
          3.2
        ],
        "rotationOrigin": [
          0.0,
          1.5,
          3.0
        ],
        "rotationX": 8.0,
        "faces": {
          "north": {
            "texture": "#shoes-surgeon",
            "uv": [
              0.0,
              0.0,
              3.0,
              1.5
            ]
          },
          "east": {
            "texture": "#shoes-surgeon",
            "uv": [
              13.5,
              13.0,
              14.0,
              14.5
            ]
          },
          "south": {
            "texture": "#shoes-surgeon",
            "uv": [
              10.0,
              13.0,
              13.0,
              14.5
            ]
          },
          "west": {
            "texture": "#shoes-surgeon",
            "uv": [
              10.0,
              13.0,
              10.5,
              14.5
            ]
          },
          "up": {
            "texture": "#shoes-surgeon",
            "uv": [
              2.5,
              13.0,
              5.5,
              13.5
            ]
          },
          "down": {
            "texture": "#shoes-surgeon",
            "uv": [
              0.0,
              0.0,
              3.0,
              0.5
            ]
          }
        }
      },
      {
        "name": "back fold 22",
        "from": [
          3.0,
          1.5,
          0.0
        ],
        "to": [
          3.2,
          3.0,
          3.2
        ],
        "rotationOrigin": [
          3.0,
          1.5,
          0.0
        ],
        "rotationZ": -7.0,
        "faces": {
          "north": {
            "texture": "#shoes-surgeon",
            "uv": [
              2.5,
              13.0,
              3.0,
              14.5
            ]
          },
          "east": {
            "texture": "#shoes-surgeon",
            "uv": [
              0.0,
              13.0,
              3.0,
              14.5
            ]
          },
          "south": {
            "texture": "#shoes-surgeon",
            "uv": [
              0.0,
              13.0,
              0.5,
              14.5
            ]
          },
          "west": {
            "texture": "#shoes-surgeon",
            "uv": [
              0.0,
              0.0,
              3.0,
              1.5
            ]
          },
          "up": {
            "texture": "#shoes-surgeon",
            "uv": [
              3.5,
              13.0,
              6.5,
              13.5
            ],
            "rotation": 90
          },
          "down": {
            "texture": "#shoes-surgeon",
            "uv": [
              0.0,
              0.0,
              0.5,
              3.0
            ]
          }
        }
      },
      {
        "name": "front 1 long23",
        "from": [
          0.0,
          1.5,
          0.0
        ],
        "to": [
          0.2,
          3.0,
          0.5
        ],
        "rotationOrigin": [
          0.2,
          1.5,
          0.0
        ],
        "rotationZ": 8.0,
        "faces": {
          "north": {
            "texture": "#shoes-surgeon",
            "uv": [
              7.0,
              13.0,
              7.5,
              14.5
            ]
          },
          "east": {
            "texture": "#shoes-surgeon",
            "uv": [
              7.5,
              1.0,
              8.0,
              2.5
            ]
          },
          "south": {
            "texture": "#shoes-surgeon",
            "uv": [
              7.0,
              13.0,
              7.5,
              14.5
            ]
          },
          "west": {
            "texture": "#shoes-surgeon",
            "uv": [
              7.0,
              13.0,
              7.5,
              14.5
            ]
          },
          "up": {
            "texture": "#shoes-surgeon",
            "uv": [
              0.5,
              13.0,
              1.0,
              13.5
            ]
          },
          "down": {
            "texture": "#shoes-surgeon",
            "uv": [
              0.0,
              0.0,
              0.5,
              0.5
            ]
          }
        }
      },
      {
        "name": "front 1 short24",
        "from": [
          0.0,
          1.5,
          0.5
        ],
        "to": [
          0.2,
          2.5,
          1.0
        ],
        "rotationOrigin": [
          0.2,
          1.5,
          0.5
        ],
        "rotationZ": 14.0,
        "faces": {
          "north": {
            "texture": "#shoes-surgeon",
            "uv": [
              7.5,
              13.5,
              8.0,
              14.5
            ]
          },
          "east": {
            "texture": "#shoes-surgeon",
            "uv": [
              8.0,
              3.0,
              8.5,
              4.0
            ]
          },
          "south": {
            "texture": "#shoes-surgeon",
            "uv": [
              7.5,
              13.5,
              8.0,
              14.5
            ]
          },
          "west": {
            "texture": "#shoes-surgeon",
            "uv": [
              7.5,
              13.5,
              8.0,
              14.5
            ]
          },
          "up": {
            "texture": "#shoes-surgeon",
            "uv": [
              1.5,
              13.0,
              2.0,
              13.5
            ]
          },
          "down": {
            "texture": "#shoes-surgeon",
            "uv": [
              0.0,
              0.0,
              0.5,
              0.5
            ]
          }
        }
      },
      {
        "name": "front 2 short25",
        "from": [
          0.0,
          1.5,
          2.2
        ],
        "to": [
          0.2,
          2.5,
          2.7
        ],
        "rotationOrigin": [
          0.2,
          1.5,
          2.7
        ],
        "rotationZ": 14.0,
        "faces": {
          "north": {
            "texture": "#shoes-surgeon",
            "uv": [
              9.0,
              13.5,
              9.5,
              14.5
            ]
          },
          "east": {
            "texture": "#shoes-surgeon",
            "uv": [
              8.5,
              1.5,
              9.0,
              2.5
            ]
          },
          "south": {
            "texture": "#shoes-surgeon",
            "uv": [
              9.0,
              13.5,
              9.5,
              14.5
            ]
          },
          "west": {
            "texture": "#shoes-surgeon",
            "uv": [
              9.0,
              13.5,
              9.5,
              14.5
            ]
          },
          "up": {
            "texture": "#shoes-surgeon",
            "uv": [
              11.5,
              13.0,
              12.0,
              13.5
            ]
          },
          "down": {
            "texture": "#shoes-surgeon",
            "uv": [
              0.0,
              0.0,
              0.5,
              0.5
            ]
          }
        }
      },
      {
        "name": "front 2 long26",
        "from": [
          0.0,
          1.5,
          2.7
        ],
        "to": [
          0.2,
          3.0,
          3.2
        ],
        "rotationOrigin": [
          0.2,
          1.5,
          3.2
        ],
        "rotationZ": 8.0,
        "faces": {
          "north": {
            "texture": "#shoes-surgeon",
            "uv": [
              9.5,
              13.0,
              10.0,
              14.5
            ]
          },
          "east": {
            "texture": "#shoes-surgeon",
            "uv": [
              8.5,
              1.0,
              9.0,
              2.5
            ]
          },
          "south": {
            "texture": "#shoes-surgeon",
            "uv": [
              9.5,
              13.0,
              10.0,
              14.5
            ]
          },
          "west": {
            "texture": "#shoes-surgeon",
            "uv": [
              9.5,
              13.0,
              10.0,
              14.5
            ]
          },
          "up": {
            "texture": "#shoes-surgeon",
            "uv": [
              13.5,
              13.0,
              14.0,
              13.5
            ]
          },
          "down": {
            "texture": "#shoes-surgeon",
            "uv": [
              0.0,
              0.0,
              0.5,
              0.5
            ]
          }
        }
      }
    ],
    "file": "game:shapes/entity/humanoid/seraph/clothing/foot/surgeon.json"
  },
  {
    "op": "remove",
    "path": "/elements/1/children/0/faces/down/rotation",
    "file": "game:shapes/entity/humanoid/seraph/clothing/foot/surgeon.json"
  },
  {
    "op": "replace",
    "path": "/elements/1/children/0/faces/down/uv/0",
    "value": 2.5,
    "file": "game:shapes/entity/humanoid/seraph/clothing/foot/surgeon.json"
  },
  {
    "op": "replace",
    "path": "/elements/1/children/0/faces/down/uv/1",
    "value": 13.0,
    "file": "game:shapes/entity/humanoid/seraph/clothing/foot/surgeon.json"
  },
  {
    "op": "replace",
    "path": "/elements/1/children/0/faces/down/uv/2",
    "value": 5.5,
    "file": "game:shapes/entity/humanoid/seraph/clothing/foot/surgeon.json"
  },
  {
    "op": "replace",
    "path": "/elements/1/children/0/faces/down/uv/3",
    "value": 16.0,
    "file": "game:shapes/entity/humanoid/seraph/clothing/foot/surgeon.json"
  },
  {
    "op": "replace",
    "path": "/elements/1/children/0/faces/east/uv/0",
    "value": 0.0,
    "file": "game:shapes/entity/humanoid/seraph/clothing/foot/surgeon.json"
  },
  {
    "op": "replace",
    "path": "/elements/1/children/0/faces/east/uv/1",
    "value": 14.5,
    "file": "game:shapes/entity/humanoid/seraph/clothing/foot/surgeon.json"
  },
  {
    "op": "replace",
    "path": "/elements/1/children/0/faces/east/uv/2",
    "value": 3.0,
    "file": "game:shapes/entity/humanoid/seraph/clothing/foot/surgeon.json"
  },
  {
    "op": "replace",
    "path": "/elements/1/children/0/faces/north/uv/0",
    "value": 3.0,
    "file": "game:shapes/entity/humanoid/seraph/clothing/foot/surgeon.json"
  },
  {
    "op": "replace",
    "path": "/elements/1/children/0/faces/north/uv/1",
    "value": 14.5,
    "file": "game:shapes/entity/humanoid/seraph/clothing/foot/surgeon.json"
  },
  {
    "op": "replace",
    "path": "/elements/1/children/0/faces/north/uv/2",
    "value": 6.0,
    "file": "game:shapes/entity/humanoid/seraph/clothing/foot/surgeon.json"
  },
  {
    "op": "replace",
    "path": "/elements/1/children/0/faces/south/uv/0",
    "value": 10.0,
    "file": "game:shapes/entity/humanoid/seraph/clothing/foot/surgeon.json"
  },
  {
    "op": "replace",
    "path": "/elements/1/children/0/faces/south/uv/1",
    "value": 14.5,
    "file": "game:shapes/entity/humanoid/seraph/clothing/foot/surgeon.json"
  },
  {
    "op": "replace",
    "path": "/elements/1/children/0/faces/south/uv/2",
    "value": 13.0,
    "file": "game:shapes/entity/humanoid/seraph/clothing/foot/surgeon.json"
  },
  {
    "op": "remove",
    "path": "/elements/1/children/0/faces/up/rotation",
    "file": "game:shapes/entity/humanoid/seraph/clothing/foot/surgeon.json"
  },
  {
    "op": "replace",
    "path": "/elements/1/children/0/faces/up/uv/0",
    "value": 8.5,
    "file": "game:shapes/entity/humanoid/seraph/clothing/foot/surgeon.json"
  },
  {
    "op": "replace",
    "path": "/elements/1/children/0/faces/up/uv/1",
    "value": 0.5,
    "file": "game:shapes/entity/humanoid/seraph/clothing/foot/surgeon.json"
  },
  {
    "op": "replace",
    "path": "/elements/1/children/0/faces/up/uv/2",
    "value": 11.5,
    "file": "game:shapes/entity/humanoid/seraph/clothing/foot/surgeon.json"
  },
  {
    "op": "replace",
    "path": "/elements/1/children/0/faces/up/uv/3",
    "value": 3.5,
    "file": "game:shapes/entity/humanoid/seraph/clothing/foot/surgeon.json"
  },
  {
    "op": "replace",
    "path": "/elements/1/children/0/faces/west/uv/0",
    "value": 7.0,
    "file": "game:shapes/entity/humanoid/seraph/clothing/foot/surgeon.json"
  },
  {
    "op": "replace",
    "path": "/elements/1/children/0/faces/west/uv/1",
    "value": 14.5,
    "file": "game:shapes/entity/humanoid/seraph/clothing/foot/surgeon.json"
  },
  {
    "op": "replace",
    "path": "/elements/1/children/0/faces/west/uv/2",
    "value": 10.0,
    "file": "game:shapes/entity/humanoid/seraph/clothing/foot/surgeon.json"
  },
  {
    "op": "replace",
    "path": "/elements/1/children/0/name",
    "value": "shoe 19",
    "file": "game:shapes/entity/humanoid/seraph/clothing/foot/surgeon.json"
  },
  {
    "op": "replace",
    "path": "/elements/1/children/0/to/0",
    "value": 1.3,
    "file": "game:shapes/entity/humanoid/seraph/clothing/foot/surgeon.json"
  },
  {
    "op": "replace",
    "path": "/elements/1/children/0/to/1",
    "value": 1.4,
    "file": "game:shapes/entity/humanoid/seraph/clothing/foot/surgeon.json"
  },
  {
    "op": "replace",
    "path": "/elements/1/stepParentName",
    "value": "PawR",
    "file": "game:shapes/entity/humanoid/seraph/clothing/foot/surgeon.json"
  }
]