[
  {
    "op": "add",
    "path": "/elements/0/children/1/children/0/rotationZ",
    "value": -4.0,
    "file": "game:shapes/entity/humanoid/seraph/armor/brigandine/head-meteoriciron.json"
  },
  {
    "op": "add",
    "path": "/elements/0/children/1/children/0/children/0/rotationY",
    "value": 75.0,
    "file": "game:shapes/entity/humanoid/seraph/armor/brigandine/head-meteoriciron.json"
  },
  {
    "op": "remove",
    "path": "/elements/0/children/1/children/0/children/0/faces/east",
    "file": "game:shapes/entity/humanoid/seraph/armor/brigandine/head-meteoriciron.json"
  },
  {
    "op": "add",
    "path": "/elements/0/children/1/children/0/children/1/rotationY",
    "value": -75.0,
    "file": "game:shapes/entity/humanoid/seraph/armor/brigandine/head-meteoriciron.json"
  },
  {
    "op": "remove",
    "path": "/elements/0/children/1/children/0/children/1/faces/east",
    "file": "game:shapes/entity/humanoid/seraph/armor/brigandine/head-meteoriciron.json"
  },
  {
    "op": "remove",
    "path": "/elements/0/children/1/children/0/children/2/faces/east",
    "file": "game:shapes/entity/humanoid/seraph/armor/brigandine/head-meteoriciron.json"
  },
  {
    "op": "remove",
    "path": "/elements/0/children/1/children/0/children/2/faces/up",
    "file": "game:shapes/entity/humanoid/seraph/armor/brigandine/head-meteoriciron.json"
  },
  {
    "op": "remove",
    "path": "/elements/0/children/1/children/0/children/3/faces/east",
    "file": "game:shapes/entity/humanoid/seraph/armor/brigandine/head-meteoriciron.json"
  },
  {
    "op": "remove",
    "path": "/elements/0/children/1/children/0/children/3/faces/up",
    "file": "game:shapes/entity/humanoid/seraph/armor/brigandine/head-meteoriciron.json"
  },
  {
    "op": "remove",
    "path": "/elements/0/children/1/children/0/faces/east",
    "file": "game:shapes/entity/humanoid/seraph/armor/brigandine/head-meteoriciron.json"
  },
  {
    "op": "remove",
    "path": "/elements/0/children/1/children/0/faces/up",
    "file": "game:shapes/entity/humanoid/seraph/armor/brigandine/head-meteoriciron.json"
  },
  {
    "op": "remove",
    "path": "/elements/0/children/1/faces/east",
    "file": "game:shapes/entity/humanoid/seraph/armor/brigandine/head-meteoriciron.json"
  },
  {
    "op": "remove",
    "path": "/elements/0/children/2/faces/down",
    "file": "game:shapes/entity/humanoid/seraph/armor/brigandine/head-meteoriciron.json"
  }
]