[
  {
    "op": "add",
    "path": "/animations",
    "value": [
      {
        "name": "Walk",
        "code": "walk",
        "quantityframes": 25,
        "onActivityStopped": "Rewind",
        "onAnimationEnd": "Repeat",
        "keyframes": []
      }
    ],
    "file": "game:shapes/entity/humanoid/seraph/clothing/foot/survivor.json"
  },
  {
    "op": "remove",
    "path": "/editor/backDropShape",
    "file": "game:shapes/entity/humanoid/seraph/clothing/foot/survivor.json"
  },
  {
    "op": "replace",
    "path": "/editor/collapsedPaths",
    "value": "Root/shoe L/front fold 26/LwoolW1,Root/ShoeR/RflapN/RwoolN1,Root/ShoeR,Root/shoe R/RbackFold,Root/shoe R/RflapN/RwoolN1,Root/shoe R/front 1,Root/shoe R/RflapW,Root/shoe R/RflapS,Root/shoe R/RflapN,Root/shoe L/front fold 26,Root/ShoeL/Lback fold 25,Root/ShoeR/RflapS,Root/shoe L/N fold 23,Root/shoe L/back fold 25,Root/KneeFlapR/LbackWool6,Root/shoe R/RflapE,Root/shoe L/Lback fold 25,Root/shoe L/N fold 23/LfoldN1,Root/shoe L/LacesR1,Root/shoe L/S fold 24/LWoolS1,Root/shoe L/LacesL1,Root/shoe L/front16,Root/ShoeR/RflapE,Root/ShoeR/RflapN,Root/ShoeL/S fold 24,Root/shoe L/front 26,Root/ShoeL/N fold 23,Root/KneeFlapL/LwoolW1",
    "file": "game:shapes/entity/humanoid/seraph/clothing/foot/survivor.json"
  },
  {
    "op": "replace",
    "path": "/editor/entityTextureMode",
    "value": true,
    "file": "game:shapes/entity/humanoid/seraph/clothing/foot/survivor.json"
  },
  {
    "op": "replace",
    "path": "/elements",
    "value": [
      {
        "name": "shoe R",
        "stepParentName": "LowerFootR",
        "from": [
          -0.2,
          -0.1,
          -0.1
        ],
        "to": [
          3.3,
          2.9,
          3.1
        ],
        "uv": [
          0.0,
          0.5
        ],
        "rotationOrigin": [
          -0.1,
          -0.1,
          -0.1
        ],
        "faces": {
          "north": {
            "texture": "#shoes",
            "uv": [
              3.0,
              21.0,
              6.5,
              24.0
            ],
            "windMode": [
              -1,
              -1,
              -1,
              -1
            ]
          },
          "east": {
            "texture": "#shoes",
            "uv": [
              0.0,
              21.0,
              3.0,
              24.0
            ]
          },
          "south": {
            "texture": "#shoes",
            "uv": [
              10.0,
              21.0,
              13.5,
              24.0
            ]
          },
          "west": {
            "texture": "#shoes",
            "uv": [
              6.5,
              21.0,
              9.5,
              24.0
            ]
          },
          "up": {
            "texture": "#shoes",
            "uv": [
              8.5,
              0.5,
              12.0,
              3.5
            ]
          },
          "down": {
            "texture": "#shoes",
            "uv": [
              0.0,
              4.0,
              3.0,
              7.5
            ],
            "rotation": 90
          }
        },
        "children": [
          {
            "name": "RflapW",
            "from": [
              0.0,
              3.0,
              -0.5
            ],
            "to": [
              3.5,
              5.0,
              -0.3
            ],
            "uv": [
              2.5,
              18.5
            ],
            "rotationOrigin": [
              0.0,
              7.0,
              0.2
            ],
            "rotationX": -6.0,
            "faces": {
              "north": {
                "texture": "#shoes",
                "uv": [
                  2.5,
                  19.0,
                  6.0,
                  21.0
                ]
              },
              "east": {
                "texture": "#shoes",
                "uv": [
                  6.0,
                  19.0,
                  6.5,
                  21.0
                ]
              },
              "south": {
                "texture": "#shoes",
                "uv": [
                  6.5,
                  19.0,
                  10.0,
                  21.0
                ]
              },
              "west": {
                "texture": "#shoes",
                "uv": [
                  10.0,
                  19.0,
                  10.5,
                  21.0
                ]
              },
              "up": {
                "texture": "#shoes",
                "uv": [
                  2.5,
                  18.5,
                  6.0,
                  19.0
                ]
              }
            }
          },
          {
            "name": "RflapS",
            "from": [
              0.0,
              3.0,
              3.55
            ],
            "to": [
              4.2,
              5.0,
              3.75
            ],
            "uv": [
              7.0,
              1.5
            ],
            "rotationOrigin": [
              0.0,
              7.0,
              3.0
            ],
            "rotationX": 8.0,
            "faces": {
              "north": {
                "texture": "#shoes",
                "uv": [
                  7.0,
                  1.5,
                  11.0,
                  3.5
                ]
              },
              "east": {
                "texture": "#shoes",
                "uv": [
                  13.5,
                  19.0,
                  14.0,
                  21.0
                ]
              },
              "south": {
                "texture": "#shoes",
                "uv": [
                  10.0,
                  19.0,
                  14.0,
                  21.0
                ]
              },
              "west": {
                "texture": "#shoes",
                "uv": [
                  9.5,
                  19.0,
                  10.0,
                  21.0
                ]
              },
              "up": {
                "texture": "#shoes",
                "uv": [
                  10.0,
                  9.0,
                  14.0,
                  9.5
                ]
              }
            }
          },
          {
            "name": "RflapE",
            "from": [
              3.9,
              3.0,
              0.0
            ],
            "to": [
              4.1,
              5.0,
              3.2
            ],
            "uv": [
              0.0,
              2.0
            ],
            "rotationOrigin": [
              4.0,
              7.0,
              0.0
            ],
            "rotationZ": -7.0,
            "faces": {
              "north": {
                "texture": "#shoes",
                "uv": [
                  1.5,
                  26.0,
                  2.0,
                  28.0
                ]
              },
              "east": {
                "texture": "#shoes",
                "uv": [
                  0.0,
                  19.0,
                  3.0,
                  21.0
                ]
              },
              "south": {
                "texture": "#shoes",
                "uv": [
                  0.0,
                  26.0,
                  0.5,
                  28.0
                ]
              },
              "west": {
                "texture": "#shoes",
                "uv": [
                  0.0,
                  2.0,
                  3.0,
                  4.0
                ]
              },
              "up": {
                "texture": "#shoes",
                "uv": [
                  0.0,
                  19.0,
                  3.0,
                  19.5
                ],
                "rotation": 270
              }
            }
          },
          {
            "name": "RflapN",
            "from": [
              -0.6,
              3.0,
              0.0
            ],
            "to": [
              -0.4,
              5.0,
              3.2
            ],
            "uv": [
              7.0,
              9.0
            ],
            "rotationOrigin": [
              0.2,
              7.0,
              0.0
            ],
            "rotationZ": 8.0,
            "faces": {
              "north": {
                "texture": "#shoes",
                "uv": [
                  7.0,
                  19.0,
                  7.5,
                  21.0
                ]
              },
              "east": {
                "texture": "#shoes",
                "uv": [
                  8.0,
                  19.0,
                  11.0,
                  21.0
                ]
              },
              "south": {
                "texture": "#shoes",
                "uv": [
                  7.5,
                  17.5,
                  8.0,
                  19.5
                ]
              },
              "west": {
                "texture": "#shoes",
                "uv": [
                  7.0,
                  9.0,
                  10.0,
                  11.0
                ]
              },
              "up": {
                "texture": "#shoes",
                "uv": [
                  7.0,
                  19.0,
                  10.0,
                  19.5
                ],
                "rotation": 90
              }
            }
          },
          {
            "name": "Rpatch1",
            "from": [
              -0.1,
              0.0,
              -0.1
            ],
            "to": [
              1.1,
              2.5,
              1.1
            ],
            "uv": [
              6.0,
              23.5
            ],
            "rotationOrigin": [
              -0.1,
              0.0,
              -0.1
            ],
            "faces": {
              "north": {
                "texture": "#shoes",
                "uv": [
                  6.0,
                  25.5,
                  7.0,
                  29.0
                ]
              },
              "east": {
                "texture": "#shoes",
                "uv": [
                  6.0,
                  23.5,
                  7.0,
                  27.0
                ]
              },
              "south": {
                "texture": "#shoes",
                "uv": [
                  6.0,
                  27.5,
                  7.0,
                  31.0
                ]
              },
              "west": {
                "texture": "#shoes",
                "uv": [
                  6.5,
                  23.5,
                  7.5,
                  27.0
                ]
              },
              "up": {
                "texture": "#shoes",
                "uv": [
                  6.0,
                  28.0,
                  7.0,
                  29.0
                ]
              },
              "down": {
                "texture": "#shoes",
                "uv": [
                  6.0,
                  27.0,
                  7.0,
                  28.0
                ]
              }
            }
          },
          {
            "name": "Rpatch2",
            "from": [
              3.0,
              0.5,
              -0.1
            ],
            "to": [
              3.7,
              4.0,
              1.6
            ],
            "uv": [
              1.5,
              20.5
            ],
            "rotationOrigin": [
              3.6,
              3.5,
              -0.1
            ],
            "faces": {
              "north": {
                "texture": "#shoes",
                "uv": [
                  6.0,
                  25.5,
                  6.5,
                  29.0
                ]
              },
              "east": {
                "texture": "#shoes",
                "uv": [
                  1.5,
                  21.0,
                  3.0,
                  24.5
                ]
              },
              "south": {
                "texture": "#shoes",
                "uv": [
                  6.0,
                  27.5,
                  6.5,
                  31.0
                ]
              },
              "west": {
                "texture": "#shoes",
                "uv": [
                  6.5,
                  23.5,
                  8.0,
                  27.0
                ]
              },
              "up": {
                "texture": "#shoes",
                "uv": [
                  2.0,
                  20.5,
                  2.5,
                  22.0
                ]
              },
              "down": {
                "texture": "#shoes",
                "uv": [
                  2.0,
                  22.5,
                  2.5,
                  24.0
                ]
              }
            }
          }
        ]
      },
      {
        "name": "shoe L",
        "stepParentName": "LowerFootL",
        "from": [
          -0.2,
          -0.1,
          -0.1
        ],
        "to": [
          3.3,
          2.9,
          3.1
        ],
        "uv": [
          0.0,
          0.5
        ],
        "rotationOrigin": [
          -0.1,
          -0.1,
          -0.1
        ],
        "faces": {
          "north": {
            "texture": "#shoes",
            "uv": [
              0.0,
              11.0,
              3.5,
              14.0
            ]
          },
          "east": {
            "texture": "#shoes",
            "uv": [
              11.0,
              11.0,
              14.0,
              14.0
            ]
          },
          "south": {
            "texture": "#shoes",
            "uv": [
              7.0,
              11.0,
              10.5,
              14.0
            ]
          },
          "west": {
            "texture": "#shoes",
            "uv": [
              4.0,
              11.0,
              7.0,
              14.0
            ]
          },
          "up": {
            "texture": "#shoes",
            "uv": [
              1.5,
              0.5,
              5.5,
              3.5
            ],
            "autoUv": false
          },
          "down": {
            "texture": "#shoes",
            "uv": [
              4.0,
              4.0,
              7.0,
              7.5
            ],
            "rotation": 90
          }
        },
        "children": [
          {
            "name": "LflapN",
            "from": [
              0.0,
              3.0,
              -0.6
            ],
            "to": [
              4.2,
              5.0,
              -0.4
            ],
            "uv": [
              0.0,
              1.0
            ],
            "rotationOrigin": [
              0.0,
              7.0,
              0.2
            ],
            "rotationX": -8.0,
            "faces": {
              "north": {
                "texture": "#shoes",
                "uv": [
                  0.0,
                  9.0,
                  4.0,
                  11.0
                ]
              },
              "east": {
                "texture": "#shoes",
                "uv": [
                  0.0,
                  9.0,
                  0.5,
                  11.0
                ]
              },
              "south": {
                "texture": "#shoes",
                "uv": [
                  0.0,
                  1.0,
                  4.0,
                  3.0
                ]
              },
              "west": {
                "texture": "#shoes",
                "uv": [
                  3.5,
                  9.0,
                  4.0,
                  11.0
                ]
              },
              "up": {
                "texture": "#shoes",
                "uv": [
                  0.0,
                  9.0,
                  4.0,
                  9.5
                ]
              }
            }
          },
          {
            "name": "LflapS",
            "from": [
              0.0,
              3.0,
              3.5
            ],
            "to": [
              3.5,
              5.0,
              3.7
            ],
            "uv": [
              7.0,
              2.0
            ],
            "rotationOrigin": [
              0.0,
              7.0,
              3.0
            ],
            "rotationX": 8.0,
            "faces": {
              "north": {
                "texture": "#shoes",
                "uv": [
                  9.5,
                  2.0,
                  13.0,
                  4.0
                ]
              },
              "east": {
                "texture": "#shoes",
                "uv": [
                  10.5,
                  9.0,
                  11.0,
                  11.0
                ]
              },
              "south": {
                "texture": "#shoes",
                "uv": [
                  7.0,
                  9.0,
                  10.5,
                  11.0
                ]
              },
              "west": {
                "texture": "#shoes",
                "uv": [
                  7.0,
                  9.0,
                  7.5,
                  11.0
                ]
              },
              "up": {
                "texture": "#shoes",
                "uv": [
                  7.0,
                  9.0,
                  10.5,
                  9.5
                ]
              }
            }
          },
          {
            "name": "LflapE",
            "from": [
              3.8,
              2.75,
              0.0
            ],
            "to": [
              4.0,
              4.75,
              3.2
            ],
            "uv": [
              6.5,
              2.5
            ],
            "rotationOrigin": [
              4.0,
              7.0,
              0.0
            ],
            "rotationZ": -7.0,
            "faces": {
              "north": {
                "texture": "#shoes",
                "uv": [
                  13.5,
                  9.0,
                  14.0,
                  11.0
                ]
              },
              "east": {
                "texture": "#shoes",
                "uv": [
                  11.0,
                  9.0,
                  14.0,
                  11.0
                ]
              },
              "south": {
                "texture": "#shoes",
                "uv": [
                  11.0,
                  9.0,
                  11.5,
                  11.0
                ]
              },
              "west": {
                "texture": "#shoes",
                "uv": [
                  6.5,
                  2.5,
                  9.5,
                  4.5
                ]
              },
              "up": {
                "texture": "#shoes",
                "uv": [
                  11.0,
                  9.0,
                  14.0,
                  9.5
                ],
                "rotation": 270
              }
            }
          },
          {
            "name": "LflapW",
            "from": [
              -0.6,
              3.0,
              0.0
            ],
            "to": [
              -0.4,
              5.0,
              3.2
            ],
            "uv": [
              4.0,
              2.0
            ],
            "rotationOrigin": [
              0.2,
              7.0,
              0.0
            ],
            "rotationZ": 8.0,
            "faces": {
              "north": {
                "texture": "#shoes",
                "uv": [
                  4.0,
                  9.0,
                  4.5,
                  11.0
                ]
              },
              "east": {
                "texture": "#shoes",
                "uv": [
                  9.5,
                  2.0,
                  12.5,
                  4.0
                ]
              },
              "south": {
                "texture": "#shoes",
                "uv": [
                  6.0,
                  9.0,
                  6.5,
                  11.0
                ]
              },
              "west": {
                "texture": "#shoes",
                "uv": [
                  4.0,
                  9.0,
                  7.0,
                  11.0
                ]
              },
              "up": {
                "texture": "#shoes",
                "uv": [
                  4.0,
                  9.0,
                  7.0,
                  9.5
                ],
                "rotation": 90
              }
            }
          },
          {
            "name": "Lpatch1",
            "from": [
              -0.1,
              0.5,
              2.7
            ],
            "to": [
              2.1,
              5.0,
              3.3
            ],
            "uv": [
              6.5,
              11.0
            ],
            "rotationOrigin": [
              -0.1,
              2.5,
              2.7
            ],
            "faces": {
              "north": {
                "texture": "#shoes",
                "uv": [
                  6.5,
                  11.0,
                  8.5,
                  15.5
                ]
              },
              "east": {
                "texture": "#shoes",
                "uv": [
                  6.5,
                  11.0,
                  7.0,
                  15.5
                ]
              },
              "south": {
                "texture": "#shoes",
                "uv": [
                  7.0,
                  11.0,
                  9.0,
                  15.5
                ]
              },
              "west": {
                "texture": "#shoes",
                "uv": [
                  6.5,
                  11.0,
                  7.0,
                  15.5
                ]
              },
              "up": {
                "texture": "#shoes",
                "uv": [
                  7.0,
                  11.0,
                  9.0,
                  11.5
                ]
              },
              "down": {
                "texture": "#shoes",
                "uv": [
                  7.0,
                  15.0,
                  9.0,
                  15.5
                ]
              }
            }
          }
        ]
      },
      {
        "name": "shoe L2",
        "stepParentName": "PawL",
        "from": [
          -0.2,
          -0.1,
          -0.1
        ],
        "to": [
          3.1,
          7.1,
          2.9
        ],
        "autoUnwrap": false,
        "uv": [
          0.0,
          18.0
        ],
        "rotationOrigin": [
          -0.1,
          -0.1,
          -0.1
        ],
        "faces": {
          "north": {
            "texture": "#shoes",
            "uv": [
              0.0,
              21.0,
              3.0,
              28.0
            ]
          },
          "east": {
            "texture": "#shoes",
            "uv": [
              3.0,
              21.0,
              6.0,
              28.0
            ]
          },
          "south": {
            "texture": "#shoes",
            "uv": [
              6.0,
              21.0,
              9.0,
              28.0
            ]
          },
          "west": {
            "texture": "#shoes",
            "uv": [
              9.0,
              21.0,
              12.0,
              28.0
            ]
          },
          "up": {
            "texture": "#shoes",
            "uv": [
              11.0,
              21.5,
              14.0,
              24.5
            ],
            "windMode": [
              -1,
              -1,
              -1,
              -1
            ]
          },
          "down": {
            "texture": "#shoes",
            "uv": [
              11.0,
              24.5,
              14.0,
              27.5
            ],
            "rotation": 90
          }
        }
      },
      {
        "name": "shoe R2",
        "stepParentName": "PawR",
        "from": [
          -0.2,
          -0.1,
          -0.1
        ],
        "to": [
          3.1,
          7.1,
          2.9
        ],
        "autoUnwrap": false,
        "uv": [
          0.0,
          8.0
        ],
        "rotationOrigin": [
          -0.1,
          -0.1,
          -0.1
        ],
        "faces": {
          "north": {
            "texture": "#shoes",
            "uv": [
              0.0,
              11.0,
              3.0,
              18.0
            ]
          },
          "east": {
            "texture": "#shoes",
            "uv": [
              3.0,
              11.0,
              6.0,
              18.0
            ]
          },
          "south": {
            "texture": "#shoes",
            "uv": [
              6.0,
              11.0,
              9.0,
              18.0
            ]
          },
          "west": {
            "texture": "#shoes",
            "uv": [
              9.0,
              11.0,
              12.0,
              18.0
            ]
          },
          "up": {
            "texture": "#shoes",
            "uv": [
              1.5,
              14.5,
              5.5,
              10.5
            ],
            "autoUv": false
          },
          "down": {
            "texture": "#shoes",
            "uv": [
              8.5,
              25.0,
              11.5,
              28.0
            ],
            "rotation": 90
          }
        }
      }
    ],
    "file": "game:shapes/entity/humanoid/seraph/clothing/foot/survivor.json"
  }
]