[
  {
    "op": "remove",
    "path": "/editor/collapsedPaths",
    "file": "game:shapes/entity/humanoid/seraph/clothing/head/alchemist.json"
  },
  {
    "op": "add",
    "path": "/elements/0/children/0/children/0/children/0/faces/up",
    "value": {
      "texture": "#hat-alchemist",
      "uv": [
        19.0,
        10.0,
        22.0,
        13.0
      ],
      "enabled": false
    },
    "file": "game:shapes/entity/humanoid/seraph/clothing/head/alchemist.json"
  },
  {
    "op": "add",
    "path": "/elements/0/children/0/faces/down",
    "value": {
      "texture": "#hat-alchemist",
      "uv": [
        0.0,
        0.0,
        7.0,
        6.0
      ],
      "enabled": false
    },
    "file": "game:shapes/entity/humanoid/seraph/clothing/head/alchemist.json"
  },
  {
    "op": "replace",
    "path": "/elements/0/from/0",
    "value": -0.8,
    "file": "game:shapes/entity/humanoid/seraph/clothing/head/alchemist.json"
  },
  {
    "op": "replace",
    "path": "/elements/0/rotationOrigin/0",
    "value": 3.1,
    "file": "game:shapes/entity/humanoid/seraph/clothing/head/alchemist.json"
  },
  {
    "op": "replace",
    "path": "/elements/0/to/0",
    "value": 6.7,
    "file": "game:shapes/entity/humanoid/seraph/clothing/head/alchemist.json"
  }
]