[
  {
    "op": "add",
    "path": "/animations",
    "value": [
      {
        "name": "Walk",
        "code": "walk",
        "quantityframes": 25,
        "onActivityStopped": "Rewind",
        "onAnimationEnd": "Repeat",
        "keyframes": []
      }
    ],
    "file": "game:shapes/entity/humanoid/seraph/clothing/foot/tigh-high-boots.json"
  },
  {
    "op": "remove",
    "path": "/editor/backDropShape",
    "file": "game:shapes/entity/humanoid/seraph/clothing/foot/tigh-high-boots.json"
  },
  {
    "op": "replace",
    "path": "/editor/collapsedPaths",
    "value": "Root/shoe L/front fold 26/LwoolW1,Root/ShoeR/RflapN/RwoolN1,Root/ShoeR,Root/shoe R/RbackFold,Root/shoe R/RflapN/RwoolN1,Root/shoe R/front 1,Root/shoe R/RflapW,Root/shoe R/RflapS,Root/shoe R/RflapN,Root/shoe L/front fold 26,Root/ShoeL/Lback fold 25,Root/ShoeR/RflapS,Root/shoe L/N fold 23,Root/UpperFootRight,Root/shoe L/back fold 25,Root/KneeFlapR/LbackWool6,Root/shoe R/RflapE,Root/shoe L/Lback fold 25,Root/shoe L/N fold 23/LfoldN1,Root/shoe L/LacesR1,Root/shoe L/S fold 24/LWoolS1,Root/shoe L/LacesL1,Root/shoe L/front16,Root/ShoeR/RflapE,Root/ShoeR/RflapN,Root/ShoeL/S fold 24,Root/shoe L/front 26,Root/ShoeL/N fold 23,Root/KneeFlapL/LwoolW1,Root/shoe R,Root/shoe L,Root/UpperFootLeft",
    "file": "game:shapes/entity/humanoid/seraph/clothing/foot/tigh-high-boots.json"
  },
  {
    "op": "replace",
    "path": "/elements",
    "value": [
      {
        "name": "shoe R",
        "stepParentName": "PawR",
        "from": [
          -0.1,
          -0.1,
          -0.2
        ],
        "to": [
          3.1,
          7.1,
          3.0
        ],
        "unwrapMode": 4,
        "uv": [
          2.0,
          10.0
        ],
        "rotationOrigin": [
          -0.1,
          -0.1,
          -0.1
        ],
        "faces": {
          "north": {
            "texture": "#shoes",
            "uv": [
              2.0,
              13.0,
              5.0,
              20.0
            ]
          },
          "east": {
            "texture": "#shoes",
            "uv": [
              11.0,
              13.0,
              14.0,
              20.0
            ]
          },
          "south": {
            "texture": "#shoes",
            "uv": [
              8.0,
              13.0,
              11.0,
              20.0
            ]
          },
          "west": {
            "texture": "#shoes",
            "uv": [
              5.0,
              13.0,
              8.0,
              20.0
            ]
          },
          "up": {
            "texture": "#shoes",
            "uv": [
              5.0,
              10.0,
              8.0,
              13.0
            ],
            "rotation": 90
          },
          "down": {
            "texture": "#shoes",
            "uv": [
              5.0,
              20.0,
              8.0,
              23.0
            ],
            "rotation": 90
          }
        },
        "children": [
          {
            "name": "Rbuckle1Bottom",
            "from": [
              0.5,
              1.55,
              -0.2
            ],
            "to": [
              3.2,
              2.05,
              0.0
            ],
            "unwrapMode": 1,
            "uv": [
              11.5,
              21.5
            ],
            "rotationOrigin": [
              0.5,
              1.5,
              -0.2
            ],
            "faces": {
              "north": {
                "texture": "#shoes",
                "uv": [
                  12.0,
                  22.0,
                  14.5,
                  22.5
                ]
              },
              "east": {
                "texture": "#shoes",
                "uv": [
                  11.5,
                  22.0,
                  12.0,
                  22.5
                ]
              },
              "west": {
                "texture": "#shoes",
                "uv": [
                  14.5,
                  22.0,
                  15.0,
                  22.5
                ]
              },
              "up": {
                "texture": "#shoes",
                "uv": [
                  12.0,
                  21.5,
                  14.5,
                  22.0
                ],
                "rotation": 180
              },
              "down": {
                "texture": "#shoes",
                "uv": [
                  12.0,
                  22.5,
                  14.5,
                  23.0
                ]
              }
            },
            "children": [
              {
                "name": "Rbuckle2",
                "from": [
                  0.0,
                  3.05,
                  0.0
                ],
                "to": [
                  2.7,
                  3.55,
                  0.2
                ],
                "unwrapMode": 1,
                "uv": [
                  11.5,
                  21.5
                ],
                "rotationOrigin": [
                  0.0,
                  3.05,
                  0.0
                ],
                "faces": {
                  "north": {
                    "texture": "#shoes",
                    "uv": [
                      12.0,
                      22.0,
                      14.5,
                      22.5
                    ]
                  },
                  "east": {
                    "texture": "#shoes",
                    "uv": [
                      11.5,
                      22.0,
                      12.0,
                      22.5
                    ]
                  },
                  "west": {
                    "texture": "#shoes",
                    "uv": [
                      14.5,
                      22.0,
                      15.0,
                      22.5
                    ]
                  },
                  "up": {
                    "texture": "#shoes",
                    "uv": [
                      12.0,
                      21.5,
                      14.5,
                      22.0
                    ],
                    "rotation": 180
                  },
                  "down": {
                    "texture": "#shoes",
                    "uv": [
                      12.0,
                      22.5,
                      14.5,
                      23.0
                    ]
                  }
                }
              }
            ]
          }
        ]
      },
      {
        "name": "shoe L",
        "stepParentName": "PawL",
        "from": [
          -0.1,
          -0.1,
          -0.2
        ],
        "to": [
          3.1,
          7.1,
          3.0
        ],
        "unwrapMode": 4,
        "uv": [
          17.0,
          10.0
        ],
        "rotationOrigin": [
          -0.1,
          -0.1,
          -0.1
        ],
        "faces": {
          "north": {
            "texture": "#shoes",
            "uv": [
              17.0,
              13.0,
              20.0,
              20.0
            ]
          },
          "east": {
            "texture": "#shoes",
            "uv": [
              26.0,
              13.0,
              29.0,
              20.0
            ]
          },
          "south": {
            "texture": "#shoes",
            "uv": [
              23.0,
              13.0,
              26.0,
              20.0
            ]
          },
          "west": {
            "texture": "#shoes",
            "uv": [
              20.0,
              13.0,
              23.0,
              20.0
            ]
          },
          "up": {
            "texture": "#shoes",
            "uv": [
              20.0,
              10.0,
              23.0,
              13.0
            ],
            "rotation": 90
          },
          "down": {
            "texture": "#shoes",
            "uv": [
              20.0,
              20.0,
              23.0,
              23.0
            ],
            "rotation": 90,
            "windMode": [
              -1,
              -1,
              -1,
              -1
            ]
          }
        },
        "children": [
          {
            "name": "Lbuckle1Bottom",
            "from": [
              0.5,
              1.55,
              3.2
            ],
            "to": [
              3.2,
              2.05,
              3.4
            ],
            "unwrapMode": 3,
            "uv": [
              11.5,
              21.5
            ],
            "rotationOrigin": [
              0.5,
              1.5,
              3.2
            ],
            "faces": {
              "east": {
                "texture": "#shoes",
                "uv": [
                  14.5,
                  22.0,
                  15.0,
                  22.5
                ]
              },
              "south": {
                "texture": "#shoes",
                "uv": [
                  12.0,
                  22.0,
                  14.5,
                  22.5
                ]
              },
              "west": {
                "texture": "#shoes",
                "uv": [
                  11.5,
                  22.0,
                  12.0,
                  22.5
                ]
              },
              "up": {
                "texture": "#shoes",
                "uv": [
                  12.0,
                  21.5,
                  14.5,
                  22.0
                ]
              },
              "down": {
                "texture": "#shoes",
                "uv": [
                  12.0,
                  22.5,
                  14.5,
                  23.0
                ],
                "rotation": 180
              }
            },
            "children": [
              {
                "name": "Lbuckle2",
                "from": [
                  0.0,
                  3.05,
                  0.0
                ],
                "to": [
                  2.7,
                  3.55,
                  0.2
                ],
                "unwrapMode": 3,
                "uv": [
                  11.5,
                  21.5
                ],
                "rotationOrigin": [
                  0.0,
                  3.05,
                  0.0
                ],
                "faces": {
                  "east": {
                    "texture": "#shoes",
                    "uv": [
                      14.5,
                      22.0,
                      15.0,
                      22.5
                    ]
                  },
                  "south": {
                    "texture": "#shoes",
                    "uv": [
                      12.0,
                      22.0,
                      14.5,
                      22.5
                    ]
                  },
                  "west": {
                    "texture": "#shoes",
                    "uv": [
                      11.5,
                      22.0,
                      12.0,
                      22.5
                    ]
                  },
                  "up": {
                    "texture": "#shoes",
                    "uv": [
                      12.0,
                      21.5,
                      14.5,
                      22.0
                    ]
                  },
                  "down": {
                    "texture": "#shoes",
                    "uv": [
                      12.0,
                      22.5,
                      14.5,
                      23.0
                    ],
                    "rotation": 180
                  }
                }
              }
            ]
          }
        ]
      },
      {
        "name": "UpperFootRight",
        "stepParentName": "UpperFootR",
        "from": [
          -0.1,
          -0.1,
          -0.1
        ],
        "to": [
          4.3,
          4.4,
          3.3
        ],
        "unwrapMode": 4,
        "uv": [
          1.0,
          1.5
        ],
        "rotationOrigin": [
          -0.1,
          -0.1,
          -0.1
        ],
        "faces": {
          "north": {
            "texture": "#shoes",
            "uv": [
              1.0,
              1.5,
              5.0,
              6.0
            ]
          },
          "east": {
            "texture": "#shoes",
            "uv": [
              12.0,
              1.5,
              15.0,
              6.0
            ]
          },
          "south": {
            "texture": "#shoes",
            "uv": [
              8.0,
              1.5,
              12.0,
              6.0
            ]
          },
          "west": {
            "texture": "#shoes",
            "uv": [
              5.0,
              1.5,
              8.0,
              6.0
            ]
          },
          "down": {
            "texture": "#shoes",
            "uv": [
              5.0,
              6.0,
              8.0,
              10.0
            ],
            "rotation": 90
          }
        },
        "children": [
          {
            "name": "BuckleRightUpper",
            "from": [
              0.55,
              1.5,
              -0.2
            ],
            "to": [
              3.25,
              2.0,
              0.0
            ],
            "unwrapMode": 1,
            "uv": [
              11.5,
              21.5
            ],
            "rotationOrigin": [
              0.55,
              1.5,
              -0.2
            ],
            "faces": {
              "north": {
                "texture": "#shoes",
                "uv": [
                  12.0,
                  22.0,
                  14.5,
                  22.5
                ]
              },
              "east": {
                "texture": "#shoes",
                "uv": [
                  11.5,
                  22.0,
                  12.0,
                  22.5
                ]
              },
              "west": {
                "texture": "#shoes",
                "uv": [
                  14.5,
                  22.0,
                  15.0,
                  22.5
                ]
              },
              "up": {
                "texture": "#shoes",
                "uv": [
                  12.0,
                  21.5,
                  14.5,
                  22.0
                ],
                "rotation": 180
              },
              "down": {
                "texture": "#shoes",
                "uv": [
                  12.0,
                  22.5,
                  14.5,
                  23.0
                ]
              }
            }
          },
          {
            "name": "LLinerN2",
            "from": [
              -0.004,
              0.0,
              0.0
            ],
            "to": [
              4.396,
              4.5,
              0.2
            ],
            "unwrapMode": 3,
            "uv": [
              16.0,
              11.0
            ],
            "rotationOrigin": [
              -0.004,
              0.0,
              0.0
            ],
            "faces": {
              "south": {
                "texture": "#shoes",
                "uv": [
                  16.0,
                  11.5,
                  20.0,
                  16.0
                ]
              },
              "up": {
                "texture": "#shoes",
                "uv": [
                  16.0,
                  11.0,
                  20.0,
                  11.5
                ]
              }
            },
            "children": [
              {
                "name": "LLinerW2",
                "from": [
                  0.0,
                  0.0,
                  0.2
                ],
                "to": [
                  0.2,
                  4.5,
                  3.2
                ],
                "unwrapMode": 2,
                "uv": [
                  16.0,
                  11.0
                ],
                "rotationOrigin": [
                  0.0,
                  0.0,
                  0.2
                ],
                "faces": {
                  "east": {
                    "texture": "#shoes",
                    "uv": [
                      16.0,
                      11.5,
                      19.0,
                      16.0
                    ]
                  },
                  "up": {
                    "texture": "#shoes",
                    "uv": [
                      16.0,
                      11.0,
                      19.0,
                      11.5
                    ],
                    "rotation": 270
                  }
                }
              },
              {
                "name": "LLinerS2",
                "from": [
                  0.0,
                  0.0,
                  3.2
                ],
                "to": [
                  4.4,
                  4.5,
                  3.4
                ],
                "unwrapMode": 1,
                "uv": [
                  16.0,
                  10.0
                ],
                "rotationOrigin": [
                  0.0,
                  0.0,
                  3.2
                ],
                "faces": {
                  "north": {
                    "texture": "#shoes",
                    "uv": [
                      16.0,
                      10.5,
                      20.0,
                      15.0
                    ]
                  },
                  "up": {
                    "texture": "#shoes",
                    "uv": [
                      16.0,
                      10.0,
                      20.0,
                      10.5
                    ],
                    "rotation": 180
                  }
                }
              },
              {
                "name": "LLinerE2",
                "from": [
                  4.2,
                  0.0,
                  0.2
                ],
                "to": [
                  4.4,
                  4.5,
                  3.2
                ],
                "unwrapMode": 4,
                "uv": [
                  16.0,
                  11.0
                ],
                "rotationOrigin": [
                  4.2,
                  0.0,
                  0.2
                ],
                "faces": {
                  "west": {
                    "texture": "#shoes",
                    "uv": [
                      16.0,
                      11.5,
                      19.0,
                      16.0
                    ]
                  },
                  "up": {
                    "texture": "#shoes",
                    "uv": [
                      16.0,
                      11.0,
                      19.0,
                      11.5
                    ],
                    "rotation": 90
                  }
                }
              }
            ]
          }
        ]
      },
      {
        "name": "UpperFootLeft",
        "stepParentName": "UpperFootL",
        "from": [
          -0.1,
          -0.1,
          -0.1
        ],
        "to": [
          4.3,
          4.4,
          3.3
        ],
        "unwrapMode": 4,
        "uv": [
          16.0,
          1.5
        ],
        "rotationOrigin": [
          -0.1,
          -0.1,
          -0.1
        ],
        "faces": {
          "north": {
            "texture": "#shoes",
            "uv": [
              16.0,
              1.5,
              20.0,
              6.0
            ]
          },
          "east": {
            "texture": "#shoes",
            "uv": [
              27.0,
              1.5,
              30.0,
              6.0
            ]
          },
          "south": {
            "texture": "#shoes",
            "uv": [
              23.0,
              1.5,
              27.0,
              6.0
            ]
          },
          "west": {
            "texture": "#shoes",
            "uv": [
              20.0,
              1.5,
              23.0,
              6.0
            ]
          },
          "down": {
            "texture": "#shoes",
            "uv": [
              20.0,
              6.0,
              23.0,
              10.0
            ],
            "rotation": 90
          }
        },
        "children": [
          {
            "name": "BuckleLeftUpper",
            "from": [
              0.55,
              1.5,
              3.4
            ],
            "to": [
              3.25,
              2.0,
              3.6
            ],
            "unwrapMode": 3,
            "uv": [
              26.5,
              21.5
            ],
            "rotationOrigin": [
              0.55,
              1.5,
              3.4
            ],
            "faces": {
              "east": {
                "texture": "#shoes",
                "uv": [
                  29.5,
                  22.0,
                  30.0,
                  22.5
                ]
              },
              "south": {
                "texture": "#shoes",
                "uv": [
                  27.0,
                  22.0,
                  29.5,
                  22.5
                ]
              },
              "west": {
                "texture": "#shoes",
                "uv": [
                  26.5,
                  22.0,
                  27.0,
                  22.5
                ]
              },
              "up": {
                "texture": "#shoes",
                "uv": [
                  27.0,
                  21.5,
                  29.5,
                  22.0
                ]
              },
              "down": {
                "texture": "#shoes",
                "uv": [
                  27.0,
                  22.5,
                  29.5,
                  23.0
                ],
                "rotation": 180
              }
            }
          },
          {
            "name": "LLinerN",
            "from": [
              0.0,
              0.0,
              0.0
            ],
            "to": [
              4.4,
              4.5,
              0.2
            ],
            "unwrapMode": 3,
            "uv": [
              16.0,
              11.0
            ],
            "faces": {
              "south": {
                "texture": "#shoes",
                "uv": [
                  16.0,
                  11.5,
                  20.0,
                  16.0
                ],
                "windMode": [
                  -1,
                  -1,
                  -1,
                  -1
                ]
              },
              "up": {
                "texture": "#shoes",
                "uv": [
                  16.0,
                  11.0,
                  20.0,
                  11.5
                ]
              }
            },
            "children": [
              {
                "name": "LLinerW",
                "from": [
                  0.0,
                  0.0,
                  0.2
                ],
                "to": [
                  0.2,
                  4.5,
                  3.2
                ],
                "unwrapMode": 2,
                "uv": [
                  16.0,
                  11.0
                ],
                "rotationOrigin": [
                  0.0,
                  0.0,
                  0.2
                ],
                "faces": {
                  "east": {
                    "texture": "#shoes",
                    "uv": [
                      16.0,
                      11.5,
                      19.0,
                      16.0
                    ],
                    "windMode": [
                      -1,
                      -1,
                      -1,
                      -1
                    ]
                  },
                  "up": {
                    "texture": "#shoes",
                    "uv": [
                      16.0,
                      11.0,
                      19.0,
                      11.5
                    ],
                    "rotation": 270
                  }
                }
              },
              {
                "name": "LLinerS",
                "from": [
                  0.0,
                  0.0,
                  3.2
                ],
                "to": [
                  4.4,
                  4.5,
                  3.4
                ],
                "unwrapMode": 1,
                "uv": [
                  16.0,
                  10.0
                ],
                "rotationOrigin": [
                  0.0,
                  0.0,
                  3.2
                ],
                "faces": {
                  "north": {
                    "texture": "#shoes",
                    "uv": [
                      16.0,
                      10.5,
                      20.0,
                      15.0
                    ]
                  },
                  "up": {
                    "texture": "#shoes",
                    "uv": [
                      16.0,
                      10.0,
                      20.0,
                      10.5
                    ],
                    "rotation": 180
                  }
                }
              },
              {
                "name": "LLinerE",
                "from": [
                  4.2,
                  0.0,
                  0.2
                ],
                "to": [
                  4.4,
                  4.5,
                  3.2
                ],
                "unwrapMode": 4,
                "uv": [
                  16.0,
                  11.0
                ],
                "rotationOrigin": [
                  4.2,
                  0.0,
                  0.2
                ],
                "faces": {
                  "west": {
                    "texture": "#shoes",
                    "uv": [
                      16.0,
                      11.5,
                      19.0,
                      16.0
                    ],
                    "windMode": [
                      -1,
                      -1,
                      -1,
                      -1
                    ]
                  },
                  "up": {
                    "texture": "#shoes",
                    "uv": [
                      16.0,
                      11.0,
                      19.0,
                      11.5
                    ],
                    "rotation": 90
                  }
                }
              }
            ]
          }
        ]
      },
      {
        "name": "shoe L2",
        "stepParentName": "LowerFootL",
        "from": [
          -0.2,
          -0.1,
          -0.15
        ],
        "to": [
          3.1,
          7.1,
          3.15
        ],
        "unwrapMode": 4,
        "uv": [
          17.0,
          8.0
        ],
        "rotationOrigin": [
          -0.1,
          -0.1,
          -0.1
        ],
        "faces": {
          "north": {
            "texture": "#shoes",
            "uv": [
              17.0,
              11.0,
              20.0,
              18.0
            ]
          },
          "east": {
            "texture": "#shoes",
            "uv": [
              26.0,
              11.0,
              29.0,
              18.0
            ]
          },
          "south": {
            "texture": "#shoes",
            "uv": [
              23.0,
              11.0,
              26.0,
              18.0
            ]
          },
          "west": {
            "texture": "#shoes",
            "uv": [
              20.0,
              11.0,
              23.0,
              18.0
            ]
          },
          "up": {
            "texture": "#shoes",
            "uv": [
              20.0,
              8.0,
              23.0,
              11.0
            ],
            "rotation": 90
          },
          "down": {
            "texture": "#shoes",
            "uv": [
              20.0,
              18.0,
              23.0,
              21.0
            ],
            "rotation": 90
          }
        },
        "children": [
          {
            "name": "Lbuckle1Bottom2",
            "from": [
              0.5,
              2.58,
              3.2
            ],
            "to": [
              3.2,
              3.08,
              3.4
            ],
            "unwrapMode": 3,
            "uv": [
              11.5,
              21.5
            ],
            "rotationOrigin": [
              0.5,
              1.5,
              3.2
            ],
            "faces": {
              "east": {
                "texture": "#shoes",
                "uv": [
                  14.5,
                  22.0,
                  15.0,
                  22.5
                ]
              },
              "south": {
                "texture": "#shoes",
                "uv": [
                  12.0,
                  22.0,
                  14.5,
                  22.5
                ]
              },
              "west": {
                "texture": "#shoes",
                "uv": [
                  11.5,
                  22.0,
                  12.0,
                  22.5
                ]
              },
              "up": {
                "texture": "#shoes",
                "uv": [
                  12.0,
                  21.5,
                  14.5,
                  22.0
                ]
              },
              "down": {
                "texture": "#shoes",
                "uv": [
                  12.0,
                  22.5,
                  14.5,
                  23.0
                ],
                "rotation": 180
              }
            }
          }
        ]
      },
      {
        "name": "shoe R2",
        "stepParentName": "LowerFootR",
        "from": [
          -0.2,
          -0.1,
          -0.15
        ],
        "to": [
          3.1,
          7.1,
          3.15
        ],
        "unwrapMode": 4,
        "uv": [
          2.0,
          7.5
        ],
        "rotationOrigin": [
          -0.1,
          -0.1,
          -0.1
        ],
        "faces": {
          "north": {
            "texture": "#shoes",
            "uv": [
              2.0,
              10.5,
              5.0,
              17.5
            ]
          },
          "east": {
            "texture": "#shoes",
            "uv": [
              11.0,
              10.5,
              14.0,
              17.5
            ]
          },
          "south": {
            "texture": "#shoes",
            "uv": [
              8.0,
              10.5,
              11.0,
              17.5
            ]
          },
          "west": {
            "texture": "#shoes",
            "uv": [
              5.0,
              10.5,
              8.0,
              17.5
            ]
          },
          "up": {
            "texture": "#shoes",
            "uv": [
              5.0,
              7.5,
              8.0,
              10.5
            ],
            "rotation": 90
          },
          "down": {
            "texture": "#shoes",
            "uv": [
              5.0,
              17.5,
              8.0,
              20.5
            ],
            "rotation": 90
          }
        },
        "children": [
          {
            "name": "Lbuckle1Bottom3",
            "from": [
              -2.23,
              2.1,
              6.4
            ],
            "to": [
              0.47,
              2.6,
              6.6
            ],
            "unwrapMode": 3,
            "uv": [
              11.5,
              21.5
            ],
            "rotationOrigin": [
              0.5,
              1.5,
              3.2
            ],
            "rotationY": 180.0,
            "faces": {
              "east": {
                "texture": "#shoes",
                "uv": [
                  14.5,
                  22.0,
                  15.0,
                  22.5
                ]
              },
              "south": {
                "texture": "#shoes",
                "uv": [
                  12.0,
                  22.0,
                  14.5,
                  22.5
                ]
              },
              "west": {
                "texture": "#shoes",
                "uv": [
                  11.5,
                  22.0,
                  12.0,
                  22.5
                ]
              },
              "up": {
                "texture": "#shoes",
                "uv": [
                  12.0,
                  21.5,
                  14.5,
                  22.0
                ]
              },
              "down": {
                "texture": "#shoes",
                "uv": [
                  12.0,
                  22.5,
                  14.5,
                  23.0
                ],
                "rotation": 180
              }
            }
          }
        ]
      }
    ],
    "file": "game:shapes/entity/humanoid/seraph/clothing/foot/tigh-high-boots.json"
  }
]