[
  {
    "op": "remove",
    "path": "/elements/0/children/6",
    "file": "game:shapes/entity/humanoid/seraph/clothing/face/hummingbird.json"
  },
  {
    "op": "remove",
    "path": "/elements/0/faces/down",
    "file": "game:shapes/entity/humanoid/seraph/clothing/face/hummingbird.json"
  },
  {
    "op": "remove",
    "path": "/elements/0/faces/east",
    "file": "game:shapes/entity/humanoid/seraph/clothing/face/hummingbird.json"
  },
  {
    "op": "remove",
    "path": "/elements/0/faces/north",
    "file": "game:shapes/entity/humanoid/seraph/clothing/face/hummingbird.json"
  },
  {
    "op": "remove",
    "path": "/elements/0/faces/south",
    "file": "game:shapes/entity/humanoid/seraph/clothing/face/hummingbird.json"
  },
  {
    "op": "remove",
    "path": "/elements/0/faces/up",
    "file": "game:shapes/entity/humanoid/seraph/clothing/face/hummingbird.json"
  },
  {
    "op": "remove",
    "path": "/elements/0/faces/west",
    "file": "game:shapes/entity/humanoid/seraph/clothing/face/hummingbird.json"
  },
  {
    "op": "replace",
    "path": "/elements/0/from/0",
    "value": -3.5,
    "file": "game:shapes/entity/humanoid/seraph/clothing/face/hummingbird.json"
  },
  {
    "op": "replace",
    "path": "/elements/0/rotationOrigin/0",
    "value": -3.5,
    "file": "game:shapes/entity/humanoid/seraph/clothing/face/hummingbird.json"
  },
  {
    "op": "replace",
    "path": "/elements/0/to/0",
    "value": -3.5,
    "file": "game:shapes/entity/humanoid/seraph/clothing/face/hummingbird.json"
  }
]