[
  {
    "op": "remove",
    "path": "/elements/0/children/1/children/0/faces/east",
    "file": "game:shapes/entity/humanoid/seraph/armor/chain/head-bronze.json"
  },
  {
    "op": "remove",
    "path": "/elements/0/children/1/children/0/faces/up",
    "file": "game:shapes/entity/humanoid/seraph/armor/chain/head-bronze.json"
  },
  {
    "op": "remove",
    "path": "/elements/0/children/1/faces/east",
    "file": "game:shapes/entity/humanoid/seraph/armor/chain/head-bronze.json"
  }
]