[
  {
    "op": "remove",
    "path": "/editor/backDropShape",
    "file": "game:shapes/entity/humanoid/seraph/armor/antique/forlorn-pristine/legs.json"
  },
  {
    "op": "remove",
    "path": "/elements/2",
    "file": "game:shapes/entity/humanoid/seraph/armor/antique/forlorn-pristine/legs.json"
  },
  {
    "op": "replace",
    "path": "/elements/2",
    "value": {
      "name": "ArmorLowerLegR",
      "stepParentName": "LowerFootR",
      "from": [
        -0.3,
        -0.2,
        -0.25
      ],
      "to": [
        3.2,
        5.3,
        3.25
      ],
      "autoUnwrap": false,
      "uv": [
        16.0,
        44.0
      ],
      "rotationOrigin": [
        -0.3,
        -0.2,
        -0.4
      ],
      "faces": {
        "north": {
          "texture": "#forlornhopeWIP",
          "uv": [
            16.0,
            45.0,
            19.5,
            50.5
          ]
        },
        "east": {
          "texture": "#forlornhopeWIP",
          "uv": [
            28.5,
            45.0,
            32.0,
            50.5
          ]
        },
        "south": {
          "texture": "#forlornhopeWIP",
          "uv": [
            24.0,
            45.0,
            27.5,
            50.5
          ]
        },
        "west": {
          "texture": "#forlornhopeWIP",
          "uv": [
            20.5,
            45.0,
            24.0,
            50.5
          ]
        },
        "up": {
          "texture": "#forlornhopeWIP",
          "uv": [
            16.0,
            41.5,
            19.5,
            45.0
          ]
        },
        "down": {
          "texture": "#forlornhopeWIP",
          "uv": [
            24.0,
            41.5,
            27.5,
            45.0
          ]
        }
      },
      "children": [
        {
          "name": "ArmorKneeR",
          "from": [
            -0.5,
            1.0,
            0.2
          ],
          "to": [
            0.5,
            4.0,
            3.2
          ],
          "autoUnwrap": false,
          "uv": [
            19.5,
            56.0
          ],
          "rotationOrigin": [
            -0.5,
            2.5,
            1.7
          ],
          "rotationX": 45.0,
          "faces": {
            "north": {
              "texture": "#forlornhopeWIP",
              "uv": [
                20.0,
                58.5,
                21.0,
                61.5
              ]
            },
            "south": {
              "texture": "#forlornhopeWIP",
              "uv": [
                24.0,
                58.5,
                25.0,
                61.5
              ]
            },
            "west": {
              "texture": "#forlornhopeWIP",
              "uv": [
                21.0,
                58.5,
                24.0,
                61.5
              ]
            },
            "up": {
              "texture": "#forlornhopeWIP",
              "uv": [
                21.0,
                57.5,
                24.0,
                58.5
              ],
              "rotation": 90
            },
            "down": {
              "texture": "#forlornhopeWIP",
              "uv": [
                21.0,
                61.5,
                24.0,
                62.5
              ],
              "rotation": 90
            }
          }
        }
      ]
    },
    "file": "game:shapes/entity/humanoid/seraph/armor/antique/forlorn-pristine/legs.json"
  },
  {
    "op": "add",
    "path": "/elements/3",
    "value": {
      "name": "ArmorLowerLegL",
      "stepParentName": "LowerFootL",
      "from": [
        -0.3,
        -0.2,
        -0.25
      ],
      "to": [
        3.2,
        5.3,
        3.25
      ],
      "autoUnwrap": false,
      "uv": [
        0.0,
        44.0
      ],
      "rotationOrigin": [
        -0.3,
        -0.2,
        -0.4
      ],
      "faces": {
        "north": {
          "texture": "#forlornhopeWIP",
          "uv": [
            0.0,
            45.0,
            3.5,
            50.5
          ]
        },
        "east": {
          "texture": "#forlornhopeWIP",
          "uv": [
            12.5,
            45.0,
            16.0,
            50.5
          ]
        },
        "south": {
          "texture": "#forlornhopeWIP",
          "uv": [
            8.0,
            45.0,
            11.5,
            50.5
          ]
        },
        "west": {
          "texture": "#forlornhopeWIP",
          "uv": [
            4.5,
            45.0,
            8.0,
            50.5
          ]
        },
        "up": {
          "texture": "#forlornhopeWIP",
          "uv": [
            0.0,
            41.5,
            3.5,
            45.0
          ]
        },
        "down": {
          "texture": "#forlornhopeWIP",
          "uv": [
            8.0,
            41.5,
            11.5,
            45.0
          ]
        }
      },
      "children": [
        {
          "name": "ArmorKneeL",
          "from": [
            -0.5,
            1.0,
            0.3
          ],
          "to": [
            0.5,
            4.0,
            3.3
          ],
          "autoUnwrap": false,
          "uv": [
            2.5,
            57.5
          ],
          "rotationOrigin": [
            0.5,
            2.5,
            1.8
          ],
          "rotationX": -45.0,
          "faces": {
            "north": {
              "texture": "#forlornhopeWIP",
              "uv": [
                3.5,
                58.5,
                4.5,
                61.5
              ]
            },
            "south": {
              "texture": "#forlornhopeWIP",
              "uv": [
                7.5,
                58.5,
                8.5,
                61.5
              ]
            },
            "west": {
              "texture": "#forlornhopeWIP",
              "uv": [
                4.5,
                58.5,
                7.5,
                61.5
              ]
            },
            "up": {
              "texture": "#forlornhopeWIP",
              "uv": [
                4.5,
                57.5,
                7.5,
                58.5
              ],
              "rotation": 90
            },
            "down": {
              "texture": "#forlornhopeWIP",
              "uv": [
                4.5,
                61.5,
                7.5,
                62.5
              ],
              "rotation": 90
            }
          }
        }
      ]
    },
    "file": "game:shapes/entity/humanoid/seraph/armor/antique/forlorn-pristine/legs.json"
  },
  {
    "op": "add",
    "path": "/elements/4",
    "value": {
      "name": "ArmorLowerLegL2",
      "stepParentName": "PawL",
      "from": [
        -0.3,
        -0.2,
        -0.25
      ],
      "to": [
        3.2,
        7.3,
        3.25
      ],
      "autoUnwrap": false,
      "uv": [
        0.0,
        44.0
      ],
      "rotationOrigin": [
        -0.3,
        -0.2,
        -0.4
      ],
      "faces": {
        "north": {
          "texture": "#forlornhopeWIP",
          "uv": [
            0.0,
            45.0,
            3.5,
            52.5
          ]
        },
        "east": {
          "texture": "#forlornhopeWIP",
          "uv": [
            12.5,
            45.0,
            16.0,
            52.5
          ]
        },
        "south": {
          "texture": "#forlornhopeWIP",
          "uv": [
            8.0,
            45.0,
            11.5,
            52.5
          ]
        },
        "west": {
          "texture": "#forlornhopeWIP",
          "uv": [
            4.5,
            45.0,
            8.0,
            52.5
          ]
        },
        "up": {
          "texture": "#forlornhopeWIP",
          "uv": [
            0.0,
            41.5,
            3.5,
            45.0
          ]
        },
        "down": {
          "texture": "#forlornhopeWIP",
          "uv": [
            8.0,
            41.5,
            11.5,
            45.0
          ]
        }
      },
      "children": [
        {
          "name": "ArmorAnkleL2",
          "from": [
            1.0,
            1.9,
            -0.2
          ],
          "to": [
            4.0,
            2.9,
            3.6
          ],
          "autoUnwrap": false,
          "uv": [
            19.5,
            59.0
          ],
          "rotationOrigin": [
            3.0,
            2.9,
            1.7
          ],
          "rotationZ": 22.5,
          "faces": {
            "north": {
              "texture": "#forlornhopeWIP",
              "uv": [
                48.5,
                24.0,
                51.5,
                25.0
              ]
            },
            "east": {
              "texture": "#forlornhopeWIP",
              "uv": [
                51.5,
                24.0,
                55.0,
                25.0
              ]
            },
            "south": {
              "texture": "#forlornhopeWIP",
              "uv": [
                55.0,
                24.0,
                58.0,
                25.0
              ]
            },
            "west": {
              "texture": "#forlornhopeWIP",
              "uv": [
                51.5,
                25.0,
                55.0,
                26.0
              ]
            },
            "up": {
              "texture": "#forlornhopeWIP",
              "uv": [
                51.5,
                21.0,
                55.0,
                24.0
              ],
              "rotation": 90
            },
            "down": {
              "texture": "#forlornhopeWIP",
              "uv": [
                51.5,
                21.0,
                55.0,
                24.0
              ],
              "rotation": 270
            }
          },
          "children": [
            {
              "name": "ArmorSpurL2",
              "from": [
                2.8,
                0.1,
                1.5
              ],
              "to": [
                4.8,
                0.9,
                2.3
              ],
              "uv": [
                17.0,
                2.0
              ],
              "rotationOrigin": [
                2.8,
                0.4,
                1.9
              ],
              "rotationZ": -22.5,
              "faces": {
                "north": {
                  "texture": "#forlornhopeWIP",
                  "uv": [
                    17.0,
                    2.5,
                    19.0,
                    3.0
                  ]
                },
                "east": {
                  "texture": "#forlornhopeWIP",
                  "uv": [
                    19.0,
                    2.5,
                    19.5,
                    3.0
                  ]
                },
                "south": {
                  "texture": "#forlornhopeWIP",
                  "uv": [
                    19.5,
                    2.5,
                    21.5,
                    3.0
                  ]
                },
                "up": {
                  "texture": "#forlornhopeWIP",
                  "uv": [
                    17.0,
                    2.0,
                    19.0,
                    2.5
                  ]
                },
                "down": {
                  "texture": "#forlornhopeWIP",
                  "uv": [
                    19.0,
                    2.0,
                    21.0,
                    2.5
                  ]
                }
              }
            }
          ]
        },
        {
          "name": "ArmorKneeL2",
          "from": [
            -0.5,
            7.0,
            0.3
          ],
          "to": [
            0.5,
            10.0,
            3.3
          ],
          "autoUnwrap": false,
          "uv": [
            2.5,
            57.5
          ],
          "rotationOrigin": [
            0.5,
            8.5,
            1.8
          ],
          "rotationX": -45.0,
          "faces": {
            "north": {
              "texture": "#forlornhopeWIP",
              "uv": [
                3.5,
                58.5,
                4.5,
                61.5
              ]
            },
            "south": {
              "texture": "#forlornhopeWIP",
              "uv": [
                7.5,
                58.5,
                8.5,
                61.5
              ]
            },
            "west": {
              "texture": "#forlornhopeWIP",
              "uv": [
                4.5,
                58.5,
                7.5,
                61.5
              ]
            },
            "up": {
              "texture": "#forlornhopeWIP",
              "uv": [
                4.5,
                57.5,
                7.5,
                58.5
              ],
              "rotation": 90
            },
            "down": {
              "texture": "#forlornhopeWIP",
              "uv": [
                4.5,
                61.5,
                7.5,
                62.5
              ],
              "rotation": 90
            }
          }
        },
        {
          "name": "ArmorAnkleFrontL2",
          "from": [
            -1.0,
            1.9,
            -0.2
          ],
          "to": [
            1.0,
            2.9,
            3.6
          ],
          "autoUnwrap": false,
          "uv": [
            4.0,
            60.5
          ],
          "rotationOrigin": [
            1.0,
            2.9,
            1.7
          ],
          "rotationZ": 22.5,
          "faces": {
            "north": {
              "texture": "#forlornhopeWIP",
              "uv": [
                2.5,
                56.5,
                4.5,
                57.5
              ]
            },
            "east": {
              "texture": "#forlornhopeWIP",
              "uv": [
                10.0,
                56.5,
                13.5,
                57.5
              ]
            },
            "south": {
              "texture": "#forlornhopeWIP",
              "uv": [
                8.0,
                56.5,
                10.0,
                57.5
              ]
            },
            "west": {
              "texture": "#forlornhopeWIP",
              "uv": [
                4.5,
                56.5,
                8.0,
                57.5
              ]
            },
            "up": {
              "texture": "#forlornhopeWIP",
              "uv": [
                4.5,
                54.5,
                8.0,
                56.5
              ],
              "rotation": 90
            },
            "down": {
              "texture": "#forlornhopeWIP",
              "uv": [
                4.5,
                54.5,
                8.0,
                56.5
              ],
              "rotation": 270
            }
          }
        }
      ]
    },
    "file": "game:shapes/entity/humanoid/seraph/armor/antique/forlorn-pristine/legs.json"
  },
  {
    "op": "add",
    "path": "/elements/5",
    "value": {
      "name": "ArmorLowerLegR2",
      "stepParentName": "PawR",
      "from": [
        -0.3,
        -0.2,
        -0.25
      ],
      "to": [
        3.2,
        7.3,
        3.25
      ],
      "autoUnwrap": false,
      "uv": [
        16.0,
        44.0
      ],
      "rotationOrigin": [
        -0.3,
        -0.2,
        -0.4
      ],
      "faces": {
        "north": {
          "texture": "#forlornhopeWIP",
          "uv": [
            16.0,
            45.0,
            19.5,
            52.5
          ]
        },
        "east": {
          "texture": "#forlornhopeWIP",
          "uv": [
            28.5,
            45.0,
            32.0,
            52.5
          ]
        },
        "south": {
          "texture": "#forlornhopeWIP",
          "uv": [
            24.0,
            45.0,
            27.5,
            52.5
          ]
        },
        "west": {
          "texture": "#forlornhopeWIP",
          "uv": [
            20.5,
            45.0,
            24.0,
            52.5
          ]
        },
        "up": {
          "texture": "#forlornhopeWIP",
          "uv": [
            16.0,
            41.5,
            19.5,
            45.0
          ]
        },
        "down": {
          "texture": "#forlornhopeWIP",
          "uv": [
            24.0,
            41.5,
            27.5,
            45.0
          ]
        }
      },
      "children": [
        {
          "name": "ArmorAnkleR2",
          "from": [
            0.7,
            1.7,
            -0.4
          ],
          "to": [
            3.7,
            2.7,
            3.4
          ],
          "autoUnwrap": false,
          "uv": [
            3.0,
            58.5
          ],
          "rotationOrigin": [
            2.7,
            2.7,
            1.5
          ],
          "rotationZ": 22.5,
          "faces": {
            "north": {
              "texture": "#forlornhopeWIP",
              "uv": [
                37.0,
                24.0,
                40.0,
                25.0
              ]
            },
            "east": {
              "texture": "#forlornhopeWIP",
              "uv": [
                40.0,
                24.0,
                43.5,
                25.0
              ]
            },
            "south": {
              "texture": "#forlornhopeWIP",
              "uv": [
                43.5,
                24.0,
                46.5,
                25.0
              ]
            },
            "west": {
              "texture": "#forlornhopeWIP",
              "uv": [
                40.0,
                25.0,
                43.5,
                26.0
              ]
            },
            "up": {
              "texture": "#forlornhopeWIP",
              "uv": [
                40.0,
                21.0,
                43.5,
                24.0
              ],
              "rotation": 90
            },
            "down": {
              "texture": "#forlornhopeWIP",
              "uv": [
                40.0,
                21.0,
                43.5,
                24.0
              ],
              "rotation": 270
            }
          },
          "children": [
            {
              "name": "ArmorSpurR2",
              "from": [
                2.8,
                0.1,
                1.4
              ],
              "to": [
                4.8,
                0.9,
                2.2
              ],
              "uv": [
                11.5,
                2.0
              ],
              "rotationOrigin": [
                2.8,
                0.5,
                1.8
              ],
              "rotationZ": -22.5,
              "faces": {
                "north": {
                  "texture": "#forlornhopeWIP",
                  "uv": [
                    11.5,
                    2.5,
                    13.5,
                    3.0
                  ]
                },
                "east": {
                  "texture": "#forlornhopeWIP",
                  "uv": [
                    13.5,
                    2.5,
                    14.0,
                    3.0
                  ]
                },
                "south": {
                  "texture": "#forlornhopeWIP",
                  "uv": [
                    14.0,
                    2.5,
                    16.0,
                    3.0
                  ]
                },
                "up": {
                  "texture": "#forlornhopeWIP",
                  "uv": [
                    11.5,
                    2.0,
                    13.5,
                    2.5
                  ]
                },
                "down": {
                  "texture": "#forlornhopeWIP",
                  "uv": [
                    13.5,
                    2.0,
                    15.5,
                    2.5
                  ]
                }
              }
            }
          ]
        },
        {
          "name": "ArmorKneeR2",
          "from": [
            -0.5,
            7.0,
            0.2
          ],
          "to": [
            0.5,
            10.0,
            3.2
          ],
          "autoUnwrap": false,
          "uv": [
            19.5,
            56.0
          ],
          "rotationOrigin": [
            -0.5,
            8.5,
            1.7
          ],
          "rotationX": 45.0,
          "faces": {
            "north": {
              "texture": "#forlornhopeWIP",
              "uv": [
                20.0,
                58.5,
                21.0,
                61.5
              ]
            },
            "south": {
              "texture": "#forlornhopeWIP",
              "uv": [
                24.0,
                58.5,
                25.0,
                61.5
              ]
            },
            "west": {
              "texture": "#forlornhopeWIP",
              "uv": [
                21.0,
                58.5,
                24.0,
                61.5
              ]
            },
            "up": {
              "texture": "#forlornhopeWIP",
              "uv": [
                21.0,
                57.5,
                24.0,
                58.5
              ],
              "rotation": 90
            },
            "down": {
              "texture": "#forlornhopeWIP",
              "uv": [
                21.0,
                61.5,
                24.0,
                62.5
              ],
              "rotation": 90
            }
          }
        },
        {
          "name": "ArmorAnkleFrontR2",
          "from": [
            -0.9,
            2.0,
            -0.1
          ],
          "to": [
            1.1,
            3.0,
            3.7
          ],
          "autoUnwrap": false,
          "uv": [
            20.5,
            54.5
          ],
          "rotationOrigin": [
            1.1,
            3.0,
            1.8
          ],
          "rotationZ": 22.5,
          "faces": {
            "north": {
              "texture": "#forlornhopeWIP",
              "uv": [
                18.5,
                56.5,
                20.5,
                57.5
              ]
            },
            "east": {
              "texture": "#forlornhopeWIP",
              "uv": [
                26.0,
                56.5,
                29.5,
                57.5
              ]
            },
            "south": {
              "texture": "#forlornhopeWIP",
              "uv": [
                24.0,
                56.5,
                26.0,
                57.5
              ]
            },
            "west": {
              "texture": "#forlornhopeWIP",
              "uv": [
                20.5,
                56.5,
                24.0,
                57.5
              ]
            },
            "up": {
              "texture": "#forlornhopeWIP",
              "uv": [
                20.5,
                54.5,
                24.0,
                56.5
              ],
              "rotation": 90
            },
            "down": {
              "texture": "#forlornhopeWIP",
              "uv": [
                20.5,
                54.5,
                24.0,
                56.5
              ],
              "rotation": 270
            }
          }
        }
      ]
    },
    "file": "game:shapes/entity/humanoid/seraph/armor/antique/forlorn-pristine/legs.json"
  }
]