[
  {
    "op": "add",
    "path": "/textureSizes",
    "value": {},
    "file": "game:shapes/entity/humanoid/seraph/armor/leather/body.json"
  },
  {
    "op": "remove",
    "path": "/editor/singleTexture",
    "file": "game:shapes/entity/humanoid/seraph/armor/leather/body.json"
  },
  {
    "op": "add",
    "path": "/editor/entityTextureMode",
    "value": true,
    "file": "game:shapes/entity/humanoid/seraph/armor/leather/body.json"
  },
  {
    "op": "remove",
    "path": "/elements/1",
    "file": "game:shapes/entity/humanoid/seraph/armor/leather/body.json"
  },
  {
    "op": "remove",
    "path": "/elements/1",
    "file": "game:shapes/entity/humanoid/seraph/armor/leather/body.json"
  },
  {
    "op": "remove",
    "path": "/elements/1",
    "file": "game:shapes/entity/humanoid/seraph/armor/leather/body.json"
  },
  {
    "op": "remove",
    "path": "/elements/1",
    "file": "game:shapes/entity/humanoid/seraph/armor/leather/body.json"
  },
  {
    "op": "remove",
    "path": "/elements/1",
    "file": "game:shapes/entity/humanoid/seraph/armor/leather/body.json"
  },
  {
    "op": "remove",
    "path": "/elements/1",
    "file": "game:shapes/entity/humanoid/seraph/armor/leather/body.json"
  },
  {
    "op": "replace",
    "path": "/elements/1",
    "value": {
      "name": "ArmorUpperArmR",
      "stepParentName": "UpperArmR",
      "from": [
        -0.2,
        0.5,
        -0.2
      ],
      "to": [
        3.2,
        6.5,
        1.3
      ],
      "unwrapMode": 1,
      "uv": [
        10.0,
        24.5
      ],
      "rotationOrigin": [
        -0.2,
        0.5,
        -0.2
      ],
      "faces": {
        "north": {
          "texture": "#material",
          "uv": [
            11.5,
            26.0,
            14.5,
            32.0
          ]
        },
        "east": {
          "texture": "#material",
          "uv": [
            10.0,
            26.0,
            11.5,
            32.0
          ]
        },
        "south": {
          "texture": "#material",
          "uv": [
            16.0,
            26.0,
            19.0,
            32.0
          ]
        },
        "west": {
          "texture": "#material",
          "uv": [
            14.5,
            26.0,
            16.0,
            32.0
          ]
        },
        "up": {
          "texture": "#material",
          "uv": [
            11.5,
            24.5,
            14.5,
            26.0
          ],
          "rotation": 180
        },
        "down": {
          "texture": "#material",
          "uv": [
            11.5,
            32.0,
            14.5,
            33.5
          ]
        }
      },
      "children": [
        {
          "name": "ArmorUpperArmRStrap1",
          "from": [
            0.1,
            3.5,
            1.5
          ],
          "to": [
            2.8,
            4.0,
            2.3
          ],
          "uv": [
            47.0,
            26.0
          ],
          "rotationOrigin": [
            0.1,
            3.5,
            2.0
          ],
          "faces": {
            "east": {
              "texture": "#material",
              "uv": [
                47.0,
                26.5,
                47.5,
                27.0
              ]
            },
            "south": {
              "texture": "#material",
              "uv": [
                47.5,
                26.5,
                50.0,
                27.0
              ]
            },
            "west": {
              "texture": "#material",
              "uv": [
                50.0,
                26.5,
                50.5,
                27.0
              ]
            },
            "up": {
              "texture": "#material",
              "uv": [
                47.0,
                26.0,
                49.5,
                26.5
              ]
            },
            "down": {
              "texture": "#material",
              "uv": [
                49.5,
                26.0,
                52.0,
                26.5
              ]
            }
          }
        },
        {
          "name": "ArmorUpperArmRStrap2",
          "from": [
            0.1,
            0.5,
            1.5
          ],
          "to": [
            2.8,
            1.0,
            2.3
          ],
          "uv": [
            46.5,
            26.0
          ],
          "rotationOrigin": [
            0.1,
            0.5,
            2.0
          ],
          "faces": {
            "east": {
              "texture": "#material",
              "uv": [
                46.5,
                26.5,
                47.0,
                27.0
              ]
            },
            "south": {
              "texture": "#material",
              "uv": [
                47.0,
                26.5,
                49.5,
                27.0
              ]
            },
            "west": {
              "texture": "#material",
              "uv": [
                49.5,
                26.5,
                50.0,
                27.0
              ]
            },
            "up": {
              "texture": "#material",
              "uv": [
                46.5,
                26.0,
                49.0,
                26.5
              ]
            },
            "down": {
              "texture": "#material",
              "uv": [
                49.0,
                26.0,
                51.5,
                26.5
              ]
            }
          }
        },
        {
          "name": "ArmorUpperArmRPauldron",
          "from": [
            -0.2,
            5.8,
            0.1
          ],
          "to": [
            3.6,
            6.8,
            1.7
          ],
          "unwrapMode": 5,
          "uv": [
            25.0,
            23.0
          ],
          "rotationOrigin": [
            -0.2,
            5.8,
            0.1
          ],
          "faces": {
            "north": {
              "texture": "#material",
              "uv": [
                26.0,
                23.0,
                29.5,
                24.0
              ],
              "rotation": 180
            },
            "east": {
              "texture": "#material",
              "uv": [
                29.5,
                24.0,
                30.5,
                25.5
              ],
              "rotation": 90
            },
            "south": {
              "texture": "#material",
              "uv": [
                26.0,
                25.5,
                29.5,
                26.5
              ]
            },
            "west": {
              "texture": "#material",
              "uv": [
                25.0,
                24.0,
                26.0,
                25.5
              ],
              "rotation": 270
            },
            "up": {
              "texture": "#material",
              "uv": [
                26.0,
                24.0,
                29.5,
                25.5
              ]
            },
            "down": {
              "texture": "#material",
              "uv": [
                30.5,
                24.0,
                34.0,
                25.5
              ]
            }
          }
        }
      ]
    },
    "file": "game:shapes/entity/humanoid/seraph/armor/leather/body.json"
  },
  {
    "op": "add",
    "path": "/elements/2",
    "value": {
      "name": "ArmorUpperArmL",
      "stepParentName": "UpperArmL",
      "from": [
        -0.2,
        0.5,
        0.7
      ],
      "to": [
        3.2,
        6.5,
        2.2
      ],
      "unwrapMode": 3,
      "uv": [
        0.5,
        24.5
      ],
      "rotationOrigin": [
        -0.2,
        0.5,
        0.7
      ],
      "faces": {
        "north": {
          "texture": "#material",
          "uv": [
            6.5,
            26.0,
            9.5,
            32.0
          ]
        },
        "east": {
          "texture": "#material",
          "uv": [
            5.0,
            26.0,
            6.5,
            32.0
          ]
        },
        "south": {
          "texture": "#material",
          "uv": [
            2.0,
            26.0,
            5.0,
            32.0
          ]
        },
        "west": {
          "texture": "#material",
          "uv": [
            0.5,
            26.0,
            2.0,
            32.0
          ]
        },
        "up": {
          "texture": "#material",
          "uv": [
            2.0,
            24.5,
            5.0,
            26.0
          ]
        },
        "down": {
          "texture": "#material",
          "uv": [
            2.0,
            32.0,
            5.0,
            33.5
          ],
          "rotation": 180
        }
      },
      "children": [
        {
          "name": "ArmorUpperArmLStrap2",
          "from": [
            0.1,
            0.5,
            -0.8
          ],
          "to": [
            2.8,
            1.0,
            0.0
          ],
          "uv": [
            47.0,
            26.0
          ],
          "rotationOrigin": [
            0.1,
            0.5,
            -0.3
          ],
          "faces": {
            "north": {
              "texture": "#material",
              "uv": [
                47.0,
                26.5,
                49.5,
                27.0
              ]
            },
            "east": {
              "texture": "#material",
              "uv": [
                49.5,
                26.5,
                50.0,
                27.0
              ]
            },
            "west": {
              "texture": "#material",
              "uv": [
                50.0,
                26.5,
                50.5,
                27.0
              ]
            },
            "up": {
              "texture": "#material",
              "uv": [
                47.0,
                26.0,
                49.5,
                26.5
              ]
            },
            "down": {
              "texture": "#material",
              "uv": [
                49.5,
                26.0,
                52.0,
                26.5
              ]
            }
          }
        },
        {
          "name": "ArmorUpperArmLStrap1",
          "from": [
            0.1,
            3.5,
            -0.8
          ],
          "to": [
            2.8,
            4.0,
            0.0
          ],
          "uv": [
            46.5,
            26.0
          ],
          "rotationOrigin": [
            0.1,
            3.5,
            -0.3
          ],
          "faces": {
            "north": {
              "texture": "#material",
              "uv": [
                46.5,
                26.5,
                49.0,
                27.0
              ]
            },
            "east": {
              "texture": "#material",
              "uv": [
                49.0,
                26.5,
                49.5,
                27.0
              ]
            },
            "west": {
              "texture": "#material",
              "uv": [
                49.5,
                26.5,
                50.0,
                27.0
              ]
            },
            "up": {
              "texture": "#material",
              "uv": [
                46.5,
                26.0,
                49.0,
                26.5
              ]
            },
            "down": {
              "texture": "#material",
              "uv": [
                49.0,
                26.0,
                51.5,
                26.5
              ]
            }
          }
        },
        {
          "name": "ArmorUpperArmLPauldron",
          "from": [
            -0.2,
            5.8,
            -0.2
          ],
          "to": [
            3.6,
            6.8,
            1.4
          ],
          "unwrapMode": 5,
          "uv": [
            25.0,
            26.5
          ],
          "rotationOrigin": [
            -0.2,
            5.8,
            -0.2
          ],
          "faces": {
            "north": {
              "texture": "#material",
              "uv": [
                26.0,
                26.5,
                29.5,
                27.5
              ],
              "rotation": 180
            },
            "east": {
              "texture": "#material",
              "uv": [
                29.5,
                27.5,
                30.5,
                29.0
              ],
              "rotation": 90
            },
            "south": {
              "texture": "#material",
              "uv": [
                26.0,
                29.0,
                29.5,
                30.0
              ]
            },
            "west": {
              "texture": "#material",
              "uv": [
                25.0,
                27.5,
                26.0,
                29.0
              ],
              "rotation": 270
            },
            "up": {
              "texture": "#material",
              "uv": [
                26.0,
                27.5,
                29.5,
                29.0
              ]
            },
            "down": {
              "texture": "#material",
              "uv": [
                30.5,
                27.5,
                34.0,
                29.0
              ]
            }
          }
        }
      ]
    },
    "file": "game:shapes/entity/humanoid/seraph/armor/leather/body.json"
  },
  {
    "op": "add",
    "path": "/elements/3",
    "value": {
      "name": "ArmorLowerArmR",
      "stepParentName": "LowerArmR",
      "from": [
        -0.2,
        1.8,
        -0.25
      ],
      "to": [
        2.8,
        6.8,
        1.25
      ],
      "unwrapMode": 1,
      "uv": [
        10.0,
        34.0
      ],
      "rotationOrigin": [
        -0.2,
        1.8,
        -0.4
      ],
      "faces": {
        "north": {
          "texture": "#material",
          "uv": [
            11.5,
            35.5,
            14.5,
            40.5
          ]
        },
        "east": {
          "texture": "#material",
          "uv": [
            10.0,
            35.5,
            11.5,
            40.5
          ]
        },
        "south": {
          "texture": "#material",
          "uv": [
            16.0,
            35.5,
            19.0,
            40.5
          ]
        },
        "west": {
          "texture": "#material",
          "uv": [
            14.5,
            35.5,
            16.0,
            40.5
          ]
        },
        "up": {
          "texture": "#material",
          "uv": [
            11.5,
            34.0,
            14.5,
            35.5
          ],
          "rotation": 180
        },
        "down": {
          "texture": "#material",
          "uv": [
            11.5,
            40.5,
            14.5,
            42.0
          ]
        }
      },
      "children": [
        {
          "name": "ArmorLowerArmRStrap1",
          "from": [
            0.1,
            4.0,
            1.5
          ],
          "to": [
            2.8,
            4.5,
            2.3
          ],
          "uv": [
            46.5,
            26.0
          ],
          "rotationOrigin": [
            0.1,
            4.0,
            1.45
          ],
          "faces": {
            "east": {
              "texture": "#material",
              "uv": [
                46.5,
                26.5,
                47.0,
                27.0
              ]
            },
            "south": {
              "texture": "#material",
              "uv": [
                47.0,
                26.5,
                49.5,
                27.0
              ]
            },
            "west": {
              "texture": "#material",
              "uv": [
                49.5,
                26.5,
                50.0,
                27.0
              ]
            },
            "up": {
              "texture": "#material",
              "uv": [
                46.5,
                26.0,
                49.0,
                26.5
              ]
            },
            "down": {
              "texture": "#material",
              "uv": [
                49.0,
                26.0,
                51.5,
                26.5
              ]
            }
          }
        },
        {
          "name": "ArmorLowerArmRStrap2",
          "from": [
            0.1,
            0.5,
            1.5
          ],
          "to": [
            2.8,
            1.0,
            2.3
          ],
          "uv": [
            46.5,
            26.0
          ],
          "rotationOrigin": [
            0.1,
            0.5,
            1.45
          ],
          "faces": {
            "east": {
              "texture": "#material",
              "uv": [
                46.5,
                26.5,
                47.0,
                27.0
              ]
            },
            "south": {
              "texture": "#material",
              "uv": [
                47.0,
                26.5,
                49.5,
                27.0
              ]
            },
            "west": {
              "texture": "#material",
              "uv": [
                49.5,
                26.5,
                50.0,
                27.0
              ]
            },
            "up": {
              "texture": "#material",
              "uv": [
                46.5,
                26.0,
                49.0,
                26.5
              ]
            },
            "down": {
              "texture": "#material",
              "uv": [
                49.0,
                26.0,
                51.5,
                26.5
              ]
            }
          }
        }
      ]
    },
    "file": "game:shapes/entity/humanoid/seraph/armor/leather/body.json"
  },
  {
    "op": "add",
    "path": "/elements/4",
    "value": {
      "name": "ArmorLowerArmL",
      "stepParentName": "LowerArmL",
      "from": [
        -0.2,
        1.8,
        0.75
      ],
      "to": [
        2.8,
        6.8,
        2.25
      ],
      "unwrapMode": 3,
      "uv": [
        0.5,
        34.0
      ],
      "rotationOrigin": [
        -0.2,
        1.8,
        0.7
      ],
      "faces": {
        "north": {
          "texture": "#material",
          "uv": [
            6.5,
            35.5,
            9.5,
            40.5
          ]
        },
        "east": {
          "texture": "#material",
          "uv": [
            5.0,
            35.5,
            6.5,
            40.5
          ]
        },
        "south": {
          "texture": "#material",
          "uv": [
            2.0,
            35.5,
            5.0,
            40.5
          ]
        },
        "west": {
          "texture": "#material",
          "uv": [
            0.5,
            35.5,
            2.0,
            40.5
          ]
        },
        "up": {
          "texture": "#material",
          "uv": [
            2.0,
            34.0,
            5.0,
            35.5
          ]
        },
        "down": {
          "texture": "#material",
          "uv": [
            2.0,
            40.5,
            5.0,
            42.0
          ],
          "rotation": 180
        }
      },
      "children": [
        {
          "name": "ArmorLowerArmLStrap1",
          "from": [
            0.1,
            4.0,
            -0.8
          ],
          "to": [
            2.8,
            4.5,
            0.0
          ],
          "uv": [
            47.0,
            26.0
          ],
          "rotationOrigin": [
            0.1,
            4.0,
            -0.85
          ],
          "faces": {
            "north": {
              "texture": "#material",
              "uv": [
                47.0,
                26.5,
                49.5,
                27.0
              ]
            },
            "east": {
              "texture": "#material",
              "uv": [
                49.5,
                26.5,
                50.0,
                27.0
              ]
            },
            "west": {
              "texture": "#material",
              "uv": [
                50.0,
                26.5,
                50.5,
                27.0
              ]
            },
            "up": {
              "texture": "#material",
              "uv": [
                47.0,
                26.0,
                49.5,
                26.5
              ]
            },
            "down": {
              "texture": "#material",
              "uv": [
                49.5,
                26.0,
                52.0,
                26.5
              ]
            }
          }
        },
        {
          "name": "ArmorLowerArmLStrap2",
          "from": [
            0.1,
            0.5,
            -0.8
          ],
          "to": [
            2.8,
            1.0,
            0.0
          ],
          "uv": [
            46.5,
            26.0
          ],
          "rotationOrigin": [
            0.1,
            0.5,
            -0.85
          ],
          "faces": {
            "north": {
              "texture": "#material",
              "uv": [
                46.5,
                26.5,
                49.0,
                27.0
              ]
            },
            "east": {
              "texture": "#material",
              "uv": [
                49.0,
                26.5,
                49.5,
                27.0
              ]
            },
            "west": {
              "texture": "#material",
              "uv": [
                49.5,
                26.5,
                50.0,
                27.0
              ]
            },
            "up": {
              "texture": "#material",
              "uv": [
                46.5,
                26.0,
                49.0,
                26.5
              ]
            },
            "down": {
              "texture": "#material",
              "uv": [
                49.0,
                26.0,
                51.5,
                26.5
              ]
            }
          }
        }
      ]
    },
    "file": "game:shapes/entity/humanoid/seraph/armor/leather/body.json"
  },
  {
    "op": "add",
    "path": "/elements/5",
    "value": {
      "name": "ArmorLowerTorsoFront",
      "stepParentName": "LowerTorso",
      "from": [
        -0.2,
        -0.2,
        -0.2
      ],
      "to": [
        1.3,
        5.7,
        6.2
      ],
      "unwrapMode": 4,
      "uv": [
        18.0,
        8.5
      ],
      "rotationOrigin": [
        -0.2,
        1.8,
        -0.2
      ],
      "faces": {
        "north": {
          "texture": "#material",
          "uv": [
            18.0,
            10.0,
            19.5,
            15.5
          ]
        },
        "east": {
          "texture": "#material",
          "uv": [
            27.0,
            10.0,
            33.0,
            15.5
          ]
        },
        "south": {
          "texture": "#material",
          "uv": [
            25.5,
            10.0,
            27.0,
            15.5
          ]
        },
        "west": {
          "texture": "#material",
          "uv": [
            19.5,
            10.0,
            25.5,
            15.5
          ]
        },
        "up": {
          "texture": "#material",
          "uv": [
            19.5,
            8.5,
            25.5,
            10.0
          ],
          "rotation": 90
        },
        "down": {
          "texture": "#material",
          "uv": [
            19.5,
            15.5,
            25.5,
            17.0
          ],
          "rotation": 90
        }
      },
      "children": [
        {
          "name": "ArmorLowerTorsoBack",
          "from": [
            3.6,
            0.0,
            0.0
          ],
          "to": [
            5.3,
            5.4,
            6.4
          ],
          "unwrapMode": 2,
          "uv": [
            18.0,
            0.5
          ],
          "rotationOrigin": [
            3.6,
            0.0,
            0.0
          ],
          "faces": {
            "north": {
              "texture": "#material",
              "uv": [
                25.5,
                2.0,
                27.0,
                7.0
              ]
            },
            "east": {
              "texture": "#material",
              "uv": [
                19.5,
                2.0,
                25.5,
                7.0
              ]
            },
            "south": {
              "texture": "#material",
              "uv": [
                18.0,
                2.0,
                19.5,
                7.0
              ]
            },
            "west": {
              "texture": "#material",
              "uv": [
                27.0,
                2.0,
                33.0,
                7.0
              ]
            },
            "up": {
              "texture": "#material",
              "uv": [
                19.5,
                0.5,
                25.5,
                2.0
              ],
              "rotation": 270
            },
            "down": {
              "texture": "#material",
              "uv": [
                19.5,
                7.0,
                25.5,
                8.5
              ],
              "rotation": 270
            }
          }
        },
        {
          "name": "ArmorLowerTorsoStrap1",
          "from": [
            1.5,
            2.2,
            0.0
          ],
          "to": [
            3.6,
            2.7,
            6.4
          ],
          "uv": [
            46.0,
            20.5
          ],
          "rotationOrigin": [
            1.5,
            2.2,
            0.5
          ],
          "faces": {
            "north": {
              "texture": "#material",
              "uv": [
                46.0,
                26.5,
                48.0,
                27.0
              ]
            },
            "east": {
              "texture": "#material",
              "uv": [
                48.0,
                26.5,
                54.0,
                27.0
              ]
            },
            "south": {
              "texture": "#material",
              "uv": [
                54.0,
                26.5,
                56.0,
                27.0
              ]
            },
            "west": {
              "texture": "#material",
              "uv": [
                56.0,
                26.5,
                62.0,
                27.0
              ]
            },
            "up": {
              "texture": "#material",
              "uv": [
                46.0,
                20.5,
                48.0,
                26.5
              ]
            },
            "down": {
              "texture": "#material",
              "uv": [
                48.0,
                20.5,
                50.0,
                26.5
              ]
            }
          }
        },
        {
          "name": "ArmorLowerTorsoStrap2",
          "from": [
            1.5,
            4.2,
            0.0
          ],
          "to": [
            3.6,
            4.7,
            6.4
          ],
          "autoUnwrap": false,
          "uv": [
            46.0,
            20.5
          ],
          "rotationOrigin": [
            1.5,
            4.2,
            0.5
          ],
          "faces": {
            "north": {
              "texture": "#material",
              "uv": [
                46.0,
                26.5,
                48.0,
                27.0
              ]
            },
            "east": {
              "texture": "#material",
              "uv": [
                48.0,
                26.5,
                54.0,
                27.0
              ]
            },
            "south": {
              "texture": "#material",
              "uv": [
                54.0,
                26.5,
                56.0,
                27.0
              ]
            },
            "west": {
              "texture": "#material",
              "uv": [
                54.0,
                26.0,
                60.0,
                26.5
              ]
            },
            "up": {
              "texture": "#material",
              "uv": [
                46.0,
                20.5,
                48.0,
                26.5
              ]
            },
            "down": {
              "texture": "#material",
              "uv": [
                48.0,
                20.5,
                50.0,
                26.5
              ]
            }
          }
        }
      ]
    },
    "file": "game:shapes/entity/humanoid/seraph/armor/leather/body.json"
  },
  {
    "op": "add",
    "path": "/elements/6",
    "value": {
      "name": "ArmorLegR",
      "stepParentName": "UpperFootR",
      "from": [
        -0.9,
        3.2,
        -0.3
      ],
      "to": [
        4.8,
        9.2,
        1.7
      ],
      "unwrapMode": 1,
      "uv": [
        49.0,
        28.5
      ],
      "rotationOrigin": [
        -0.9,
        9.2,
        -0.2
      ],
      "rotationX": 3.0,
      "faces": {
        "north": {
          "texture": "#material",
          "uv": [
            51.0,
            30.5,
            56.5,
            36.5
          ]
        },
        "east": {
          "texture": "#material",
          "uv": [
            49.0,
            30.5,
            51.0,
            36.5
          ]
        },
        "south": {
          "texture": "#material",
          "uv": [
            58.5,
            30.5,
            64.0,
            36.5
          ]
        },
        "west": {
          "texture": "#material",
          "uv": [
            56.5,
            30.5,
            58.5,
            36.5
          ]
        },
        "up": {
          "texture": "#material",
          "uv": [
            51.0,
            28.5,
            56.5,
            30.5
          ],
          "rotation": 180
        },
        "down": {
          "texture": "#material",
          "uv": [
            51.0,
            36.5,
            56.5,
            38.5
          ]
        }
      },
      "children": [
        {
          "name": "ArmorLegRFringe1",
          "from": [
            0.0,
            0.003,
            2.0
          ],
          "to": [
            5.7,
            6.003,
            3.0
          ],
          "unwrapMode": 4,
          "uv": [
            43.0,
            40.5
          ],
          "rotationOrigin": [
            0.0,
            6.0,
            2.0
          ],
          "rotationX": -5.0,
          "faces": {
            "north": {
              "texture": "#material",
              "uv": [
                43.0,
                46.0,
                48.5,
                52.0
              ]
            },
            "east": {
              "texture": "#material",
              "uv": [
                55.0,
                46.0,
                56.0,
                52.0
              ]
            },
            "south": {
              "texture": "#material",
              "uv": [
                49.5,
                46.0,
                55.0,
                52.0
              ]
            },
            "west": {
              "texture": "#material",
              "uv": [
                48.5,
                46.0,
                49.5,
                52.0
              ]
            },
            "up": {
              "texture": "#material",
              "uv": [
                48.5,
                40.5,
                49.5,
                46.0
              ],
              "rotation": 90
            },
            "down": {
              "texture": "#material",
              "uv": [
                48.5,
                52.0,
                49.5,
                57.5
              ],
              "rotation": 90
            }
          }
        },
        {
          "name": "ArmorLegRFringe2",
          "from": [
            0.0,
            -0.4,
            3.0
          ],
          "to": [
            5.7,
            6.1,
            4.0
          ],
          "unwrapMode": 4,
          "uv": [
            34.0,
            46.5
          ],
          "rotationOrigin": [
            0.0,
            5.6,
            3.0
          ],
          "rotationX": -5.0,
          "faces": {
            "north": {
              "texture": "#material",
              "uv": [
                34.0,
                52.0,
                39.5,
                58.5
              ]
            },
            "east": {
              "texture": "#material",
              "uv": [
                46.0,
                52.0,
                47.0,
                58.5
              ]
            },
            "south": {
              "texture": "#material",
              "uv": [
                40.5,
                52.0,
                46.0,
                58.5
              ]
            },
            "west": {
              "texture": "#material",
              "uv": [
                39.5,
                52.0,
                40.5,
                58.5
              ]
            },
            "up": {
              "texture": "#material",
              "uv": [
                39.5,
                46.5,
                40.5,
                52.0
              ],
              "rotation": 90
            },
            "down": {
              "texture": "#material",
              "uv": [
                39.5,
                58.5,
                40.5,
                64.0
              ],
              "rotation": 90
            }
          }
        }
      ]
    },
    "file": "game:shapes/entity/humanoid/seraph/armor/leather/body.json"
  },
  {
    "op": "add",
    "path": "/elements/7",
    "value": {
      "name": "ArmorLegL",
      "stepParentName": "UpperFootL",
      "from": [
        -0.9,
        3.2,
        1.5
      ],
      "to": [
        4.8,
        9.2,
        3.5
      ],
      "unwrapMode": 3,
      "uv": [
        33.5,
        28.5
      ],
      "rotationOrigin": [
        -0.9,
        9.2,
        3.5
      ],
      "rotationX": -3.0,
      "faces": {
        "north": {
          "texture": "#material",
          "uv": [
            43.0,
            30.5,
            48.5,
            36.5
          ]
        },
        "east": {
          "texture": "#material",
          "uv": [
            41.0,
            30.5,
            43.0,
            36.5
          ]
        },
        "south": {
          "texture": "#material",
          "uv": [
            35.5,
            30.5,
            41.0,
            36.5
          ]
        },
        "west": {
          "texture": "#material",
          "uv": [
            33.5,
            30.5,
            35.5,
            36.5
          ]
        },
        "up": {
          "texture": "#material",
          "uv": [
            35.5,
            28.5,
            41.0,
            30.5
          ]
        },
        "down": {
          "texture": "#material",
          "uv": [
            35.5,
            36.5,
            41.0,
            38.5
          ],
          "rotation": 180
        }
      },
      "children": [
        {
          "name": "ArmorLegLFringe1",
          "from": [
            0.0,
            0.0,
            -1.0
          ],
          "to": [
            5.7,
            6.0,
            0.0
          ],
          "unwrapMode": 4,
          "uv": [
            51.0,
            47.0
          ],
          "rotationOrigin": [
            0.0,
            6.0,
            0.0
          ],
          "rotationX": 5.0,
          "faces": {
            "north": {
              "texture": "#material",
              "uv": [
                51.0,
                52.5,
                56.5,
                58.5
              ]
            },
            "east": {
              "texture": "#material",
              "uv": [
                63.0,
                52.5,
                64.0,
                58.5
              ]
            },
            "south": {
              "texture": "#material",
              "uv": [
                57.5,
                52.5,
                63.0,
                58.5
              ]
            },
            "west": {
              "texture": "#material",
              "uv": [
                56.5,
                52.5,
                57.5,
                58.5
              ]
            },
            "up": {
              "texture": "#material",
              "uv": [
                56.5,
                47.0,
                57.5,
                52.5
              ],
              "rotation": 90
            },
            "down": {
              "texture": "#material",
              "uv": [
                56.5,
                58.5,
                57.5,
                64.0
              ],
              "rotation": 90
            }
          }
        }
      ]
    },
    "file": "game:shapes/entity/humanoid/seraph/armor/leather/body.json"
  },
  {
    "op": "add",
    "path": "/elements/8",
    "value": {
      "name": "ArmorUpperTorsoBack2",
      "stepParentName": "Tail1",
      "from": [
        1.3,
        0.0,
        -0.1
      ],
      "to": [
        6.3,
        4.2,
        4.1
      ],
      "unwrapMode": 2,
      "autoUnwrap": false,
      "uv": [
        0.0,
        0.0
      ],
      "rotationOrigin": [
        1.3,
        0.0,
        -0.1
      ],
      "faces": {
        "north": {
          "texture": "#material",
          "uv": [
            0.0,
            35.5,
            4.0,
            40.5
          ],
          "rotation": 270
        },
        "south": {
          "texture": "#material",
          "uv": [
            0.0,
            35.5,
            4.0,
            40.5
          ],
          "rotation": 270
        },
        "up": {
          "texture": "#material",
          "uv": [
            1.5,
            35.5,
            5.5,
            40.5
          ],
          "rotation": 270
        }
      }
    },
    "file": "game:shapes/entity/humanoid/seraph/armor/leather/body.json"
  },
  {
    "op": "add",
    "path": "/elements/9",
    "value": {
      "name": "ArmorUpperTorsoBack3",
      "stepParentName": "Tail2",
      "from": [
        0.7,
        0.0,
        -0.1
      ],
      "to": [
        5.7,
        3.2,
        3.1
      ],
      "unwrapMode": 2,
      "autoUnwrap": false,
      "uv": [
        0.0,
        0.0
      ],
      "rotationOrigin": [
        0.7,
        0.0,
        -0.1
      ],
      "faces": {
        "north": {
          "texture": "#material",
          "uv": [
            0.0,
            35.5,
            3.0,
            40.5
          ],
          "rotation": 270
        },
        "south": {
          "texture": "#material",
          "uv": [
            0.0,
            35.5,
            3.0,
            40.5
          ],
          "rotation": 270
        },
        "up": {
          "texture": "#material",
          "uv": [
            1.5,
            35.5,
            4.5,
            40.5
          ],
          "rotation": 270
        }
      }
    },
    "file": "game:shapes/entity/humanoid/seraph/armor/leather/body.json"
  }
]