[
  {
    "op": "add",
    "path": "/editor/backDropShape",
    "value": "shapes/entity/humanoid/seraph",
    "file": "game:shapes/entity/humanoid/seraph/armor/plate/head-meteoriciron.json"
  },
  {
    "op": "remove",
    "path": "/elements/0/children/0/children/0/faces/down",
    "file": "game:shapes/entity/humanoid/seraph/armor/plate/head-meteoriciron.json"
  },
  {
    "op": "remove",
    "path": "/elements/0/children/0/children/0/faces/east",
    "file": "game:shapes/entity/humanoid/seraph/armor/plate/head-meteoriciron.json"
  },
  {
    "op": "remove",
    "path": "/elements/0/children/0/faces/down",
    "file": "game:shapes/entity/humanoid/seraph/armor/plate/head-meteoriciron.json"
  },
  {
    "op": "remove",
    "path": "/elements/0/children/0/faces/east",
    "file": "game:shapes/entity/humanoid/seraph/armor/plate/head-meteoriciron.json"
  },
  {
    "op": "replace",
    "path": "/elements/0/children/0/from/1",
    "value": 1.4,
    "file": "game:shapes/entity/humanoid/seraph/armor/plate/head-meteoriciron.json"
  },
  {
    "op": "replace",
    "path": "/elements/0/children/0/rotationOrigin/1",
    "value": 2.9,
    "file": "game:shapes/entity/humanoid/seraph/armor/plate/head-meteoriciron.json"
  },
  {
    "op": "replace",
    "path": "/elements/0/children/0/to/1",
    "value": 4.4,
    "file": "game:shapes/entity/humanoid/seraph/armor/plate/head-meteoriciron.json"
  },
  {
    "op": "remove",
    "path": "/elements/1/faces/down",
    "file": "game:shapes/entity/humanoid/seraph/armor/plate/head-meteoriciron.json"
  },
  {
    "op": "remove",
    "path": "/elements/1/faces/up",
    "file": "game:shapes/entity/humanoid/seraph/armor/plate/head-meteoriciron.json"
  }
]