[
  {
    "op": "add",
    "path": "/animations",
    "value": [
      {
        "name": "Walk",
        "code": "walk",
        "quantityframes": 25,
        "onActivityStopped": "Rewind",
        "onAnimationEnd": "Repeat",
        "keyframes": []
      }
    ],
    "file": "game:shapes/entity/humanoid/seraph/clothing/foot/nomad-boots.json"
  },
  {
    "op": "replace",
    "path": "/editor/collapsedPaths",
    "value": "Root/shoe L/front fold 26/LwoolW1,Root/ShoeR/RflapN/RwoolN1,Root/ShoeR,Root/shoe R/RbackFold,Root/shoe R/RflapN/RwoolN1,Root/shoe R/front 1,Root/shoe R/RflapW,Root/shoe R/RflapS,Root/shoe R/RflapN,Root/shoe L/front fold 26,Root/ShoeL/Lback fold 25,Root/ShoeR/RflapS,Root/shoe L/N fold 23,Root/shoe L/back fold 25,Root/KneeFlapR/LbackWool6,Root/shoe R/RflapE,Root/shoe L/Lback fold 25,Root/shoe L/N fold 23/LfoldN1,Root/shoe L/LacesR1,Root/shoe L/S fold 24/LWoolS1,Root/shoe L/LacesL1,Root/shoe L/front16,Root/ShoeR/RflapE,Root/ShoeR/RflapN,Root/ShoeL/S fold 24,Root/shoe L/front 26,Root/ShoeL/N fold 23,Root/KneeFlapL/LwoolW1,Root/shoe R,Root/shoe L",
    "file": "game:shapes/entity/humanoid/seraph/clothing/foot/nomad-boots.json"
  },
  {
    "op": "replace",
    "path": "/elements",
    "value": [
      {
        "name": "shoe R",
        "stepParentName": "LowerFootR",
        "from": [
          -0.2,
          -0.1,
          -0.1
        ],
        "to": [
          3.03,
          2.9,
          3.1
        ],
        "unwrapMode": 4,
        "autoUnwrap": false,
        "uv": [
          1.0,
          16.5
        ],
        "rotationOrigin": [
          -0.1,
          -0.1,
          -0.1
        ],
        "faces": {
          "north": {
            "texture": "#shoes",
            "uv": [
              1.0,
              21.0,
              4.0,
              24.0
            ],
            "windMode": [
              -1,
              -1,
              -1,
              -1
            ]
          },
          "east": {
            "texture": "#shoes",
            "uv": [
              12.0,
              21.0,
              15.0,
              24.0
            ]
          },
          "south": {
            "texture": "#shoes",
            "uv": [
              8.0,
              21.0,
              11.0,
              24.0
            ]
          },
          "west": {
            "texture": "#shoes",
            "uv": [
              5.0,
              21.0,
              8.0,
              24.0
            ]
          },
          "up": {
            "texture": "#shoes",
            "uv": [
              13.0,
              0.0,
              16.0,
              3.0
            ],
            "rotation": 90
          },
          "down": {
            "texture": "#shoes",
            "uv": [
              0.0,
              4.0,
              3.0,
              7.0
            ],
            "rotation": 90
          }
        },
        "children": [
          {
            "name": "RightLipMover",
            "from": [
              0.0,
              3.0,
              0.0
            ],
            "to": [
              1.0,
              4.0,
              1.0
            ],
            "uv": [
              4.0,
              0.0
            ],
            "rotationOrigin": [
              0.0,
              7.0,
              0.0
            ],
            "faces": {},
            "children": [
              {
                "name": "LlipELower2",
                "from": [
                  3.01,
                  -0.15,
                  0.0
                ],
                "to": [
                  3.21,
                  1.35,
                  3.2
                ],
                "unwrapMode": 2,
                "autoUnwrap": false,
                "uv": [
                  11.5,
                  19.0
                ],
                "rotationOrigin": [
                  4.0,
                  0.0,
                  0.0
                ],
                "rotationZ": -8.0,
                "faces": {
                  "north": {
                    "texture": "#shoes",
                    "uv": [
                      15.0,
                      19.5,
                      15.5,
                      21.0
                    ]
                  },
                  "east": {
                    "texture": "#shoes",
                    "uv": [
                      12.0,
                      19.5,
                      15.0,
                      21.0
                    ]
                  },
                  "south": {
                    "texture": "#shoes",
                    "uv": [
                      11.5,
                      19.5,
                      12.0,
                      21.0
                    ]
                  },
                  "west": {
                    "texture": "#shoes",
                    "uv": [
                      4.0,
                      1.0,
                      7.0,
                      2.5
                    ]
                  },
                  "up": {
                    "texture": "#shoes",
                    "uv": [
                      12.0,
                      19.0,
                      15.0,
                      19.5
                    ],
                    "rotation": 270
                  }
                }
              },
              {
                "name": "LlipSLower2",
                "from": [
                  0.0,
                  -0.01,
                  3.0
                ],
                "to": [
                  3.2,
                  1.49,
                  3.2
                ],
                "unwrapMode": 3,
                "autoUnwrap": false,
                "uv": [
                  7.5,
                  19.0
                ],
                "rotationOrigin": [
                  0.0,
                  0.0,
                  3.0
                ],
                "rotationX": 8.0,
                "faces": {
                  "north": {
                    "texture": "#shoes",
                    "uv": [
                      4.0,
                      2.0,
                      7.0,
                      3.5
                    ]
                  },
                  "east": {
                    "texture": "#shoes",
                    "uv": [
                      12.0,
                      19.5,
                      12.5,
                      21.0
                    ]
                  },
                  "south": {
                    "texture": "#shoes",
                    "uv": [
                      8.0,
                      19.5,
                      11.0,
                      21.0
                    ]
                  },
                  "west": {
                    "texture": "#shoes",
                    "uv": [
                      7.5,
                      19.5,
                      8.0,
                      21.0
                    ]
                  },
                  "up": {
                    "texture": "#shoes",
                    "uv": [
                      8.0,
                      19.0,
                      11.0,
                      19.5
                    ]
                  }
                }
              },
              {
                "name": "LLipNLower2",
                "from": [
                  0.0,
                  -0.01,
                  0.0
                ],
                "to": [
                  3.2,
                  1.49,
                  0.2
                ],
                "unwrapMode": 1,
                "autoUnwrap": false,
                "uv": [
                  0.5,
                  18.5
                ],
                "rotationOrigin": [
                  0.0,
                  -0.01,
                  0.2
                ],
                "rotationX": -8.0,
                "faces": {
                  "north": {
                    "texture": "#shoes",
                    "uv": [
                      1.0,
                      19.5,
                      4.0,
                      21.0
                    ]
                  },
                  "east": {
                    "texture": "#shoes",
                    "uv": [
                      0.5,
                      19.5,
                      1.0,
                      21.0
                    ]
                  },
                  "south": {
                    "texture": "#shoes",
                    "uv": [
                      4.0,
                      0.0,
                      7.0,
                      1.5
                    ]
                  },
                  "west": {
                    "texture": "#shoes",
                    "uv": [
                      5.0,
                      19.5,
                      5.5,
                      21.0
                    ]
                  },
                  "up": {
                    "texture": "#shoes",
                    "uv": [
                      1.0,
                      19.0,
                      4.0,
                      19.5
                    ],
                    "rotation": 180
                  }
                }
              },
              {
                "name": "LlipWLower2",
                "from": [
                  0.0,
                  0.0,
                  0.0
                ],
                "to": [
                  0.2,
                  1.5,
                  3.3
                ],
                "unwrapMode": 4,
                "autoUnwrap": false,
                "uv": [
                  4.5,
                  19.0
                ],
                "rotationOrigin": [
                  0.2,
                  0.0,
                  0.0
                ],
                "rotationZ": 8.0,
                "faces": {
                  "north": {
                    "texture": "#shoes",
                    "uv": [
                      4.5,
                      19.5,
                      5.0,
                      21.0
                    ]
                  },
                  "east": {
                    "texture": "#shoes",
                    "uv": [
                      4.0,
                      2.5,
                      7.0,
                      4.0
                    ]
                  },
                  "south": {
                    "texture": "#shoes",
                    "uv": [
                      8.0,
                      19.5,
                      8.5,
                      21.0
                    ]
                  },
                  "west": {
                    "texture": "#shoes",
                    "uv": [
                      5.0,
                      19.5,
                      8.0,
                      21.0
                    ]
                  },
                  "up": {
                    "texture": "#shoes",
                    "uv": [
                      5.0,
                      19.0,
                      8.0,
                      19.5
                    ],
                    "rotation": 90
                  }
                },
                "children": [
                  {
                    "name": "LlipWLower3",
                    "from": [
                      0.0,
                      1.5,
                      1.1
                    ],
                    "to": [
                      0.2,
                      2.0,
                      2.1
                    ],
                    "unwrapMode": 4,
                    "uv": [
                      5.5,
                      18.5
                    ],
                    "rotationOrigin": [
                      0.2,
                      1.5,
                      1.1
                    ],
                    "faces": {
                      "north": {
                        "texture": "#shoes",
                        "uv": [
                          5.5,
                          19.0,
                          6.0,
                          19.5
                        ]
                      },
                      "east": {
                        "texture": "#shoes",
                        "uv": [
                          7.5,
                          19.0,
                          8.5,
                          19.5
                        ]
                      },
                      "south": {
                        "texture": "#shoes",
                        "uv": [
                          7.0,
                          19.0,
                          7.5,
                          19.5
                        ]
                      },
                      "west": {
                        "texture": "#shoes",
                        "uv": [
                          6.0,
                          19.0,
                          7.0,
                          19.5
                        ]
                      },
                      "up": {
                        "texture": "#shoes",
                        "uv": [
                          6.0,
                          18.5,
                          7.0,
                          19.0
                        ],
                        "rotation": 90
                      }
                    }
                  }
                ]
              }
            ]
          },
          {
            "name": "RLacemover",
            "from": [
              0.0,
              -4.0,
              0.0
            ],
            "to": [
              1.0,
              -3.0,
              1.0
            ],
            "uv": [
              0.0,
              0.0
            ],
            "faces": {},
            "children": [
              {
                "name": "RLaceW5",
                "from": [
                  -0.2,
                  6.5,
                  -0.3
                ],
                "to": [
                  0.1,
                  6.8,
                  3.5
                ],
                "unwrapMode": 4,
                "uv": [
                  7.0,
                  5.0
                ],
                "rotationOrigin": [
                  -0.2,
                  6.5,
                  1.6
                ],
                "rotationX": -12.0,
                "faces": {
                  "north": {
                    "texture": "#shoes",
                    "uv": [
                      7.0,
                      5.5,
                      7.5,
                      6.0
                    ]
                  },
                  "east": {
                    "texture": "#shoes",
                    "uv": [
                      11.5,
                      5.5,
                      15.0,
                      6.0
                    ]
                  },
                  "south": {
                    "texture": "#shoes",
                    "uv": [
                      11.0,
                      5.5,
                      11.5,
                      6.0
                    ]
                  },
                  "west": {
                    "texture": "#shoes",
                    "uv": [
                      7.5,
                      5.5,
                      11.0,
                      6.0
                    ]
                  },
                  "up": {
                    "texture": "#shoes",
                    "uv": [
                      7.5,
                      5.0,
                      11.0,
                      5.5
                    ],
                    "rotation": 90
                  },
                  "down": {
                    "texture": "#shoes",
                    "uv": [
                      7.5,
                      6.0,
                      11.0,
                      6.5
                    ],
                    "rotation": 90
                  }
                },
                "children": [
                  {
                    "name": "RLaceWS5",
                    "from": [
                      0.3,
                      0.0,
                      3.5
                    ],
                    "to": [
                      3.3,
                      0.3,
                      3.8
                    ],
                    "uv": [
                      7.5,
                      5.0
                    ],
                    "rotationOrigin": [
                      0.3,
                      0.0,
                      3.5
                    ],
                    "rotationY": -4.0,
                    "rotationZ": 12.0,
                    "faces": {
                      "north": {
                        "texture": "#shoes",
                        "uv": [
                          7.5,
                          5.5,
                          10.5,
                          6.0
                        ]
                      },
                      "east": {
                        "texture": "#shoes",
                        "uv": [
                          10.5,
                          5.5,
                          11.0,
                          6.0
                        ]
                      },
                      "south": {
                        "texture": "#shoes",
                        "uv": [
                          11.0,
                          5.5,
                          14.0,
                          6.0
                        ]
                      },
                      "west": {
                        "texture": "#shoes",
                        "uv": [
                          14.0,
                          5.5,
                          14.5,
                          6.0
                        ]
                      },
                      "up": {
                        "texture": "#shoes",
                        "uv": [
                          7.5,
                          5.0,
                          10.5,
                          5.5
                        ]
                      },
                      "down": {
                        "texture": "#shoes",
                        "uv": [
                          10.5,
                          5.0,
                          13.5,
                          5.5
                        ]
                      }
                    }
                  },
                  {
                    "name": "RLaceWN5",
                    "from": [
                      0.3,
                      0.0,
                      0.0
                    ],
                    "to": [
                      2.6,
                      0.3,
                      0.3
                    ],
                    "uv": [
                      11.0,
                      4.5
                    ],
                    "rotationOrigin": [
                      0.3,
                      0.3,
                      0.0
                    ],
                    "rotationZ": -12.0,
                    "faces": {
                      "north": {
                        "texture": "#shoes",
                        "uv": [
                          11.0,
                          5.0,
                          13.0,
                          5.5
                        ]
                      },
                      "east": {
                        "texture": "#shoes",
                        "uv": [
                          13.0,
                          5.0,
                          13.5,
                          5.5
                        ]
                      },
                      "south": {
                        "texture": "#shoes",
                        "uv": [
                          13.5,
                          5.0,
                          15.5,
                          5.5
                        ]
                      },
                      "west": {
                        "texture": "#shoes",
                        "uv": [
                          15.5,
                          5.0,
                          16.0,
                          5.5
                        ]
                      },
                      "up": {
                        "texture": "#shoes",
                        "uv": [
                          11.0,
                          4.5,
                          13.0,
                          5.0
                        ]
                      },
                      "down": {
                        "texture": "#shoes",
                        "uv": [
                          13.0,
                          4.5,
                          15.0,
                          5.0
                        ]
                      }
                    }
                  }
                ]
              },
              {
                "name": "RLaceW6",
                "from": [
                  -0.2,
                  4.7,
                  -0.3
                ],
                "to": [
                  0.1,
                  5.0,
                  3.5
                ],
                "unwrapMode": 4,
                "uv": [
                  8.0,
                  5.0
                ],
                "rotationOrigin": [
                  -0.2,
                  4.7,
                  1.6
                ],
                "rotationX": -13.0,
                "faces": {
                  "north": {
                    "texture": "#shoes",
                    "uv": [
                      8.0,
                      5.5,
                      8.5,
                      6.0
                    ]
                  },
                  "east": {
                    "texture": "#shoes",
                    "uv": [
                      12.5,
                      5.5,
                      16.0,
                      6.0
                    ]
                  },
                  "south": {
                    "texture": "#shoes",
                    "uv": [
                      12.0,
                      5.5,
                      12.5,
                      6.0
                    ]
                  },
                  "west": {
                    "texture": "#shoes",
                    "uv": [
                      8.5,
                      5.5,
                      12.0,
                      6.0
                    ]
                  },
                  "up": {
                    "texture": "#shoes",
                    "uv": [
                      8.5,
                      5.0,
                      12.0,
                      5.5
                    ],
                    "rotation": 90
                  },
                  "down": {
                    "texture": "#shoes",
                    "uv": [
                      8.5,
                      6.0,
                      12.0,
                      6.5
                    ],
                    "rotation": 90
                  }
                },
                "children": [
                  {
                    "name": "RLaceWS6",
                    "from": [
                      0.3,
                      0.0,
                      3.5
                    ],
                    "to": [
                      2.8,
                      0.3,
                      3.8
                    ],
                    "uv": [
                      7.0,
                      5.0
                    ],
                    "rotationOrigin": [
                      0.3,
                      0.0,
                      3.5
                    ],
                    "rotationY": -4.0,
                    "rotationZ": 12.0,
                    "faces": {
                      "north": {
                        "texture": "#shoes",
                        "uv": [
                          7.0,
                          5.5,
                          9.5,
                          6.0
                        ]
                      },
                      "east": {
                        "texture": "#shoes",
                        "uv": [
                          9.5,
                          5.5,
                          10.0,
                          6.0
                        ]
                      },
                      "south": {
                        "texture": "#shoes",
                        "uv": [
                          10.0,
                          5.5,
                          12.5,
                          6.0
                        ]
                      },
                      "west": {
                        "texture": "#shoes",
                        "uv": [
                          12.5,
                          5.5,
                          13.0,
                          6.0
                        ]
                      },
                      "up": {
                        "texture": "#shoes",
                        "uv": [
                          7.0,
                          5.0,
                          9.5,
                          5.5
                        ]
                      },
                      "down": {
                        "texture": "#shoes",
                        "uv": [
                          9.5,
                          5.0,
                          12.0,
                          5.5
                        ]
                      }
                    }
                  },
                  {
                    "name": "RLaceWN6",
                    "from": [
                      0.3,
                      0.0,
                      0.0
                    ],
                    "to": [
                      3.3,
                      0.3,
                      0.3
                    ],
                    "uv": [
                      9.0,
                      6.5
                    ],
                    "rotationOrigin": [
                      0.3,
                      0.3,
                      0.0
                    ],
                    "rotationZ": -14.0,
                    "faces": {
                      "north": {
                        "texture": "#shoes",
                        "uv": [
                          9.0,
                          7.0,
                          12.0,
                          7.5
                        ]
                      },
                      "east": {
                        "texture": "#shoes",
                        "uv": [
                          12.0,
                          7.0,
                          12.5,
                          7.5
                        ]
                      },
                      "south": {
                        "texture": "#shoes",
                        "uv": [
                          12.5,
                          7.0,
                          15.5,
                          7.5
                        ]
                      },
                      "west": {
                        "texture": "#shoes",
                        "uv": [
                          15.5,
                          7.0,
                          16.0,
                          7.5
                        ]
                      },
                      "up": {
                        "texture": "#shoes",
                        "uv": [
                          9.0,
                          6.5,
                          12.0,
                          7.0
                        ]
                      },
                      "down": {
                        "texture": "#shoes",
                        "uv": [
                          12.0,
                          6.5,
                          15.0,
                          7.0
                        ]
                      }
                    }
                  }
                ]
              },
              {
                "name": "RLaceW7",
                "from": [
                  -0.1,
                  4.7,
                  -0.3
                ],
                "to": [
                  0.2,
                  5.0,
                  3.5
                ],
                "unwrapMode": 4,
                "uv": [
                  7.0,
                  5.0
                ],
                "rotationOrigin": [
                  -0.1,
                  4.7,
                  1.6
                ],
                "rotationX": 14.0,
                "faces": {
                  "north": {
                    "texture": "#shoes",
                    "uv": [
                      7.0,
                      5.5,
                      7.5,
                      6.0
                    ]
                  },
                  "east": {
                    "texture": "#shoes",
                    "uv": [
                      11.5,
                      5.5,
                      15.0,
                      6.0
                    ]
                  },
                  "south": {
                    "texture": "#shoes",
                    "uv": [
                      11.0,
                      5.5,
                      11.5,
                      6.0
                    ]
                  },
                  "west": {
                    "texture": "#shoes",
                    "uv": [
                      7.5,
                      5.5,
                      11.0,
                      6.0
                    ]
                  },
                  "up": {
                    "texture": "#shoes",
                    "uv": [
                      7.5,
                      5.0,
                      11.0,
                      5.5
                    ],
                    "rotation": 90
                  },
                  "down": {
                    "texture": "#shoes",
                    "uv": [
                      7.5,
                      6.0,
                      11.0,
                      6.5
                    ],
                    "rotation": 90
                  }
                },
                "children": [
                  {
                    "name": "LLaceWS7",
                    "from": [
                      0.3,
                      0.0,
                      3.5
                    ],
                    "to": [
                      3.2,
                      0.3,
                      3.8
                    ],
                    "uv": [
                      7.0,
                      4.0
                    ],
                    "rotationOrigin": [
                      0.3,
                      0.3,
                      3.8
                    ],
                    "rotationZ": -14.0,
                    "faces": {
                      "north": {
                        "texture": "#shoes",
                        "uv": [
                          7.0,
                          4.5,
                          9.5,
                          5.0
                        ]
                      },
                      "east": {
                        "texture": "#shoes",
                        "uv": [
                          9.5,
                          4.5,
                          10.0,
                          5.0
                        ]
                      },
                      "south": {
                        "texture": "#shoes",
                        "uv": [
                          10.0,
                          4.5,
                          12.5,
                          5.0
                        ]
                      },
                      "west": {
                        "texture": "#shoes",
                        "uv": [
                          12.5,
                          4.5,
                          13.0,
                          5.0
                        ]
                      },
                      "up": {
                        "texture": "#shoes",
                        "uv": [
                          7.0,
                          4.0,
                          9.5,
                          4.5
                        ]
                      },
                      "down": {
                        "texture": "#shoes",
                        "uv": [
                          9.5,
                          4.0,
                          12.0,
                          4.5
                        ]
                      }
                    }
                  },
                  {
                    "name": "LLaceWN7",
                    "from": [
                      0.3,
                      0.0,
                      0.0
                    ],
                    "to": [
                      2.6,
                      0.3,
                      0.3
                    ],
                    "uv": [
                      11.0,
                      4.5
                    ],
                    "rotationOrigin": [
                      0.3,
                      0.0,
                      0.0
                    ],
                    "rotationZ": 12.0,
                    "faces": {
                      "north": {
                        "texture": "#shoes",
                        "uv": [
                          11.0,
                          5.0,
                          13.0,
                          5.5
                        ]
                      },
                      "east": {
                        "texture": "#shoes",
                        "uv": [
                          13.0,
                          5.0,
                          13.5,
                          5.5
                        ]
                      },
                      "south": {
                        "texture": "#shoes",
                        "uv": [
                          13.5,
                          5.0,
                          15.5,
                          5.5
                        ]
                      },
                      "west": {
                        "texture": "#shoes",
                        "uv": [
                          15.5,
                          5.0,
                          16.0,
                          5.5
                        ]
                      },
                      "up": {
                        "texture": "#shoes",
                        "uv": [
                          11.0,
                          4.5,
                          13.0,
                          5.0
                        ]
                      },
                      "down": {
                        "texture": "#shoes",
                        "uv": [
                          13.0,
                          4.5,
                          15.0,
                          5.0
                        ]
                      }
                    }
                  }
                ]
              },
              {
                "name": "RLaceW8",
                "from": [
                  -0.1,
                  6.5,
                  -0.3
                ],
                "to": [
                  0.2,
                  6.8,
                  3.5
                ],
                "unwrapMode": 4,
                "uv": [
                  7.0,
                  4.0
                ],
                "rotationOrigin": [
                  -0.1,
                  6.5,
                  1.6
                ],
                "rotationX": 14.0,
                "faces": {
                  "north": {
                    "texture": "#shoes",
                    "uv": [
                      7.0,
                      4.5,
                      7.5,
                      5.0
                    ]
                  },
                  "east": {
                    "texture": "#shoes",
                    "uv": [
                      11.5,
                      4.5,
                      15.0,
                      5.0
                    ]
                  },
                  "south": {
                    "texture": "#shoes",
                    "uv": [
                      11.0,
                      4.5,
                      11.5,
                      5.0
                    ]
                  },
                  "west": {
                    "texture": "#shoes",
                    "uv": [
                      7.5,
                      4.5,
                      11.0,
                      5.0
                    ]
                  },
                  "up": {
                    "texture": "#shoes",
                    "uv": [
                      7.5,
                      4.0,
                      11.0,
                      4.5
                    ],
                    "rotation": 90
                  },
                  "down": {
                    "texture": "#shoes",
                    "uv": [
                      7.5,
                      5.0,
                      11.0,
                      5.5
                    ],
                    "rotation": 90
                  }
                },
                "children": [
                  {
                    "name": "RLaceWS8",
                    "from": [
                      0.3,
                      0.0,
                      3.5
                    ],
                    "to": [
                      2.7,
                      0.3,
                      3.8
                    ],
                    "uv": [
                      7.0,
                      4.0
                    ],
                    "rotationOrigin": [
                      0.3,
                      0.3,
                      3.8
                    ],
                    "rotationZ": -11.0,
                    "faces": {
                      "north": {
                        "texture": "#shoes",
                        "uv": [
                          7.0,
                          4.5,
                          9.0,
                          5.0
                        ]
                      },
                      "east": {
                        "texture": "#shoes",
                        "uv": [
                          9.0,
                          4.5,
                          9.5,
                          5.0
                        ]
                      },
                      "south": {
                        "texture": "#shoes",
                        "uv": [
                          9.5,
                          4.5,
                          11.5,
                          5.0
                        ]
                      },
                      "west": {
                        "texture": "#shoes",
                        "uv": [
                          11.5,
                          4.5,
                          12.0,
                          5.0
                        ]
                      },
                      "up": {
                        "texture": "#shoes",
                        "uv": [
                          7.0,
                          4.0,
                          9.0,
                          4.5
                        ]
                      },
                      "down": {
                        "texture": "#shoes",
                        "uv": [
                          9.0,
                          4.0,
                          11.0,
                          4.5
                        ]
                      }
                    }
                  },
                  {
                    "name": "RLaceWN8",
                    "from": [
                      0.3,
                      0.0,
                      0.0
                    ],
                    "to": [
                      3.1,
                      0.3,
                      0.3
                    ],
                    "uv": [
                      7.0,
                      7.0
                    ],
                    "rotationOrigin": [
                      0.3,
                      0.0,
                      0.0
                    ],
                    "rotationY": 5.0,
                    "rotationZ": 13.0,
                    "faces": {
                      "north": {
                        "texture": "#shoes",
                        "uv": [
                          7.0,
                          7.5,
                          9.5,
                          8.0
                        ]
                      },
                      "east": {
                        "texture": "#shoes",
                        "uv": [
                          9.5,
                          7.5,
                          10.0,
                          8.0
                        ]
                      },
                      "south": {
                        "texture": "#shoes",
                        "uv": [
                          10.0,
                          7.5,
                          12.5,
                          8.0
                        ]
                      },
                      "west": {
                        "texture": "#shoes",
                        "uv": [
                          12.5,
                          7.5,
                          13.0,
                          8.0
                        ]
                      },
                      "up": {
                        "texture": "#shoes",
                        "uv": [
                          7.0,
                          7.0,
                          9.5,
                          7.5
                        ]
                      },
                      "down": {
                        "texture": "#shoes",
                        "uv": [
                          9.5,
                          7.0,
                          12.0,
                          7.5
                        ]
                      }
                    }
                  }
                ]
              }
            ]
          }
        ]
      },
      {
        "name": "shoe L",
        "stepParentName": "LowerFootL",
        "from": [
          -0.2,
          -0.1,
          -0.1
        ],
        "to": [
          3.1,
          2.9,
          3.1
        ],
        "unwrapMode": 4,
        "autoUnwrap": false,
        "uv": [
          1.0,
          7.0
        ],
        "rotationOrigin": [
          -0.1,
          -0.1,
          -0.1
        ],
        "faces": {
          "north": {
            "texture": "#shoes",
            "uv": [
              1.0,
              11.0,
              4.0,
              14.0
            ]
          },
          "east": {
            "texture": "#shoes",
            "uv": [
              12.0,
              11.0,
              15.0,
              14.0
            ]
          },
          "south": {
            "texture": "#shoes",
            "uv": [
              8.0,
              11.0,
              11.0,
              14.0
            ]
          },
          "west": {
            "texture": "#shoes",
            "uv": [
              5.0,
              11.0,
              8.0,
              14.0
            ]
          },
          "up": {
            "texture": "#shoes",
            "uv": [
              10.0,
              0.0,
              13.0,
              3.0
            ],
            "rotation": 90
          },
          "down": {
            "texture": "#shoes",
            "uv": [
              4.0,
              4.0,
              7.0,
              7.0
            ],
            "rotation": 90
          }
        },
        "children": [
          {
            "name": "LeftLipMover",
            "from": [
              0.0,
              3.0,
              0.0
            ],
            "to": [
              1.0,
              4.0,
              1.0
            ],
            "uv": [
              3.0,
              1.5
            ],
            "rotationOrigin": [
              0.0,
              7.0,
              0.0
            ],
            "faces": {},
            "children": [
              {
                "name": "LlipELower",
                "from": [
                  3.15,
                  -0.15,
                  0.0
                ],
                "to": [
                  3.35,
                  1.35,
                  3.2
                ],
                "unwrapMode": 2,
                "autoUnwrap": false,
                "uv": [
                  11.5,
                  9.0
                ],
                "rotationOrigin": [
                  4.0,
                  0.0,
                  0.0
                ],
                "rotationZ": -8.0,
                "faces": {
                  "north": {
                    "texture": "#shoes",
                    "uv": [
                      15.0,
                      9.5,
                      15.5,
                      11.0
                    ]
                  },
                  "east": {
                    "texture": "#shoes",
                    "uv": [
                      12.0,
                      9.5,
                      15.0,
                      11.0
                    ]
                  },
                  "south": {
                    "texture": "#shoes",
                    "uv": [
                      11.5,
                      9.5,
                      12.0,
                      11.0
                    ]
                  },
                  "west": {
                    "texture": "#shoes",
                    "uv": [
                      0.0,
                      2.5,
                      3.0,
                      4.0
                    ]
                  },
                  "up": {
                    "texture": "#shoes",
                    "uv": [
                      12.0,
                      9.0,
                      15.0,
                      9.5
                    ],
                    "rotation": 270
                  }
                }
              },
              {
                "name": "LlipSLower",
                "from": [
                  0.0,
                  0.0,
                  3.0
                ],
                "to": [
                  3.2,
                  1.5,
                  3.2
                ],
                "unwrapMode": 3,
                "autoUnwrap": false,
                "uv": [
                  7.5,
                  9.0
                ],
                "rotationOrigin": [
                  0.0,
                  0.0,
                  3.0
                ],
                "rotationX": 8.0,
                "faces": {
                  "north": {
                    "texture": "#shoes",
                    "uv": [
                      0.0,
                      2.0,
                      3.0,
                      3.5
                    ]
                  },
                  "east": {
                    "texture": "#shoes",
                    "uv": [
                      12.0,
                      9.5,
                      12.5,
                      11.0
                    ]
                  },
                  "south": {
                    "texture": "#shoes",
                    "uv": [
                      8.0,
                      9.5,
                      11.0,
                      11.0
                    ]
                  },
                  "west": {
                    "texture": "#shoes",
                    "uv": [
                      7.5,
                      9.5,
                      8.0,
                      11.0
                    ]
                  },
                  "up": {
                    "texture": "#shoes",
                    "uv": [
                      8.0,
                      9.0,
                      11.0,
                      9.5
                    ]
                  }
                }
              },
              {
                "name": "LLipNLower",
                "from": [
                  0.0,
                  -0.01,
                  0.0
                ],
                "to": [
                  3.2,
                  1.49,
                  0.2
                ],
                "unwrapMode": 1,
                "autoUnwrap": false,
                "uv": [
                  0.5,
                  8.0
                ],
                "rotationOrigin": [
                  0.0,
                  -0.01,
                  0.2
                ],
                "rotationX": -8.0,
                "faces": {
                  "north": {
                    "texture": "#shoes",
                    "uv": [
                      1.0,
                      9.5,
                      4.0,
                      11.0
                    ]
                  },
                  "east": {
                    "texture": "#shoes",
                    "uv": [
                      0.5,
                      9.5,
                      1.0,
                      11.0
                    ]
                  },
                  "south": {
                    "texture": "#shoes",
                    "uv": [
                      0.0,
                      0.0,
                      3.0,
                      1.5
                    ]
                  },
                  "west": {
                    "texture": "#shoes",
                    "uv": [
                      5.0,
                      9.5,
                      5.5,
                      11.0
                    ]
                  },
                  "up": {
                    "texture": "#shoes",
                    "uv": [
                      1.0,
                      9.0,
                      4.0,
                      9.5
                    ],
                    "rotation": 180
                  }
                }
              },
              {
                "name": "LlipWLower",
                "from": [
                  0.0,
                  0.0,
                  0.0
                ],
                "to": [
                  0.2,
                  1.5,
                  3.2
                ],
                "unwrapMode": 4,
                "autoUnwrap": false,
                "uv": [
                  4.5,
                  9.0
                ],
                "rotationOrigin": [
                  0.2,
                  0.0,
                  0.0
                ],
                "rotationZ": 8.0,
                "faces": {
                  "north": {
                    "texture": "#shoes",
                    "uv": [
                      4.5,
                      9.5,
                      5.0,
                      11.0
                    ]
                  },
                  "east": {
                    "texture": "#shoes",
                    "uv": [
                      0.0,
                      1.0,
                      3.0,
                      2.5
                    ]
                  },
                  "south": {
                    "texture": "#shoes",
                    "uv": [
                      8.0,
                      9.5,
                      8.5,
                      11.0
                    ]
                  },
                  "west": {
                    "texture": "#shoes",
                    "uv": [
                      5.0,
                      9.5,
                      8.0,
                      11.0
                    ]
                  },
                  "up": {
                    "texture": "#shoes",
                    "uv": [
                      5.0,
                      9.0,
                      8.0,
                      9.5
                    ],
                    "rotation": 90
                  }
                },
                "children": [
                  {
                    "name": "LlipTopTab",
                    "from": [
                      0.0,
                      1.5,
                      1.1
                    ],
                    "to": [
                      0.2,
                      2.0,
                      2.1
                    ],
                    "unwrapMode": 4,
                    "uv": [
                      5.5,
                      8.4
                    ],
                    "rotationOrigin": [
                      0.2,
                      1.5,
                      1.1
                    ],
                    "faces": {
                      "north": {
                        "texture": "#shoes",
                        "uv": [
                          5.5,
                          9.0,
                          6.0,
                          9.5
                        ]
                      },
                      "east": {
                        "texture": "#shoes",
                        "uv": [
                          7.5,
                          9.0,
                          8.5,
                          9.5
                        ]
                      },
                      "south": {
                        "texture": "#shoes",
                        "uv": [
                          7.0,
                          9.0,
                          7.5,
                          9.5
                        ]
                      },
                      "west": {
                        "texture": "#shoes",
                        "uv": [
                          6.0,
                          9.0,
                          7.0,
                          9.5
                        ]
                      },
                      "up": {
                        "texture": "#shoes",
                        "uv": [
                          6.0,
                          8.5,
                          7.0,
                          9.0
                        ],
                        "rotation": 90
                      }
                    }
                  }
                ]
              }
            ]
          },
          {
            "name": "LLacemover",
            "from": [
              0.0,
              -4.0,
              0.0
            ],
            "to": [
              1.0,
              -3.0,
              1.0
            ],
            "uv": [
              0.0,
              0.0
            ],
            "faces": {},
            "children": [
              {
                "name": "LLaceW1",
                "from": [
                  -0.2,
                  6.5,
                  -0.3
                ],
                "to": [
                  0.1,
                  6.8,
                  3.5
                ],
                "unwrapMode": 4,
                "uv": [
                  7.0,
                  4.0
                ],
                "rotationOrigin": [
                  -0.2,
                  6.5,
                  1.6
                ],
                "rotationX": -12.0,
                "faces": {
                  "north": {
                    "texture": "#shoes",
                    "uv": [
                      7.0,
                      4.5,
                      7.5,
                      5.0
                    ]
                  },
                  "east": {
                    "texture": "#shoes",
                    "uv": [
                      11.5,
                      4.5,
                      15.0,
                      5.0
                    ]
                  },
                  "south": {
                    "texture": "#shoes",
                    "uv": [
                      11.0,
                      4.5,
                      11.5,
                      5.0
                    ]
                  },
                  "west": {
                    "texture": "#shoes",
                    "uv": [
                      7.5,
                      4.5,
                      11.0,
                      5.0
                    ]
                  },
                  "up": {
                    "texture": "#shoes",
                    "uv": [
                      7.5,
                      4.0,
                      11.0,
                      4.5
                    ],
                    "rotation": 90
                  },
                  "down": {
                    "texture": "#shoes",
                    "uv": [
                      7.5,
                      5.0,
                      11.0,
                      5.5
                    ],
                    "rotation": 90
                  }
                },
                "children": [
                  {
                    "name": "LLaceWS",
                    "from": [
                      0.3,
                      0.0,
                      3.5
                    ],
                    "to": [
                      3.3,
                      0.3,
                      3.8
                    ],
                    "uv": [
                      7.0,
                      4.0
                    ],
                    "rotationOrigin": [
                      0.3,
                      0.0,
                      3.5
                    ],
                    "rotationY": -4.0,
                    "rotationZ": 12.0,
                    "faces": {
                      "north": {
                        "texture": "#shoes",
                        "uv": [
                          7.0,
                          4.5,
                          10.0,
                          5.0
                        ]
                      },
                      "east": {
                        "texture": "#shoes",
                        "uv": [
                          10.0,
                          4.5,
                          10.5,
                          5.0
                        ]
                      },
                      "south": {
                        "texture": "#shoes",
                        "uv": [
                          10.5,
                          4.5,
                          13.5,
                          5.0
                        ]
                      },
                      "west": {
                        "texture": "#shoes",
                        "uv": [
                          13.5,
                          4.5,
                          14.0,
                          5.0
                        ]
                      },
                      "up": {
                        "texture": "#shoes",
                        "uv": [
                          7.0,
                          4.0,
                          10.0,
                          4.5
                        ]
                      },
                      "down": {
                        "texture": "#shoes",
                        "uv": [
                          10.0,
                          4.0,
                          13.0,
                          4.5
                        ]
                      }
                    }
                  },
                  {
                    "name": "LLaceWN",
                    "from": [
                      0.3,
                      0.0,
                      0.0
                    ],
                    "to": [
                      2.6,
                      0.3,
                      0.3
                    ],
                    "uv": [
                      11.0,
                      4.5
                    ],
                    "rotationOrigin": [
                      0.3,
                      0.3,
                      0.0
                    ],
                    "rotationZ": -12.0,
                    "faces": {
                      "north": {
                        "texture": "#shoes",
                        "uv": [
                          11.0,
                          5.0,
                          13.0,
                          5.5
                        ]
                      },
                      "east": {
                        "texture": "#shoes",
                        "uv": [
                          13.0,
                          5.0,
                          13.5,
                          5.5
                        ]
                      },
                      "south": {
                        "texture": "#shoes",
                        "uv": [
                          13.5,
                          5.0,
                          15.5,
                          5.5
                        ]
                      },
                      "west": {
                        "texture": "#shoes",
                        "uv": [
                          15.5,
                          5.0,
                          16.0,
                          5.5
                        ]
                      },
                      "up": {
                        "texture": "#shoes",
                        "uv": [
                          11.0,
                          4.5,
                          13.0,
                          5.0
                        ]
                      },
                      "down": {
                        "texture": "#shoes",
                        "uv": [
                          13.0,
                          4.5,
                          15.0,
                          5.0
                        ]
                      }
                    }
                  }
                ]
              },
              {
                "name": "LLaceW2",
                "from": [
                  -0.2,
                  4.7,
                  -0.3
                ],
                "to": [
                  0.1,
                  5.0,
                  3.5
                ],
                "unwrapMode": 4,
                "uv": [
                  8.0,
                  5.0
                ],
                "rotationOrigin": [
                  -0.2,
                  4.7,
                  1.6
                ],
                "rotationX": -13.0,
                "faces": {
                  "north": {
                    "texture": "#shoes",
                    "uv": [
                      8.0,
                      5.5,
                      8.5,
                      6.0
                    ]
                  },
                  "east": {
                    "texture": "#shoes",
                    "uv": [
                      12.5,
                      5.5,
                      16.0,
                      6.0
                    ]
                  },
                  "south": {
                    "texture": "#shoes",
                    "uv": [
                      12.0,
                      5.5,
                      12.5,
                      6.0
                    ]
                  },
                  "west": {
                    "texture": "#shoes",
                    "uv": [
                      8.5,
                      5.5,
                      12.0,
                      6.0
                    ]
                  },
                  "up": {
                    "texture": "#shoes",
                    "uv": [
                      8.5,
                      5.0,
                      12.0,
                      5.5
                    ],
                    "rotation": 90
                  },
                  "down": {
                    "texture": "#shoes",
                    "uv": [
                      8.5,
                      6.0,
                      12.0,
                      6.5
                    ],
                    "rotation": 90
                  }
                },
                "children": [
                  {
                    "name": "LLaceWS2",
                    "from": [
                      0.3,
                      0.0,
                      3.5
                    ],
                    "to": [
                      2.8,
                      0.3,
                      3.8
                    ],
                    "uv": [
                      7.0,
                      5.0
                    ],
                    "rotationOrigin": [
                      0.3,
                      0.0,
                      3.5
                    ],
                    "rotationY": -4.0,
                    "rotationZ": 12.0,
                    "faces": {
                      "north": {
                        "texture": "#shoes",
                        "uv": [
                          7.0,
                          5.5,
                          9.5,
                          6.0
                        ]
                      },
                      "east": {
                        "texture": "#shoes",
                        "uv": [
                          9.5,
                          5.5,
                          10.0,
                          6.0
                        ]
                      },
                      "south": {
                        "texture": "#shoes",
                        "uv": [
                          10.0,
                          5.5,
                          12.5,
                          6.0
                        ]
                      },
                      "west": {
                        "texture": "#shoes",
                        "uv": [
                          12.5,
                          5.5,
                          13.0,
                          6.0
                        ]
                      },
                      "up": {
                        "texture": "#shoes",
                        "uv": [
                          7.0,
                          5.0,
                          9.5,
                          5.5
                        ]
                      },
                      "down": {
                        "texture": "#shoes",
                        "uv": [
                          9.5,
                          5.0,
                          12.0,
                          5.5
                        ]
                      }
                    }
                  },
                  {
                    "name": "LLaceWN2",
                    "from": [
                      0.3,
                      0.0,
                      0.0
                    ],
                    "to": [
                      3.3,
                      0.3,
                      0.3
                    ],
                    "uv": [
                      9.0,
                      5.5
                    ],
                    "rotationOrigin": [
                      0.3,
                      0.3,
                      0.0
                    ],
                    "rotationZ": -14.0,
                    "faces": {
                      "north": {
                        "texture": "#shoes",
                        "uv": [
                          9.0,
                          6.0,
                          12.0,
                          6.5
                        ]
                      },
                      "east": {
                        "texture": "#shoes",
                        "uv": [
                          12.0,
                          6.0,
                          12.5,
                          6.5
                        ]
                      },
                      "south": {
                        "texture": "#shoes",
                        "uv": [
                          12.5,
                          6.0,
                          15.5,
                          6.5
                        ]
                      },
                      "west": {
                        "texture": "#shoes",
                        "uv": [
                          15.5,
                          6.0,
                          16.0,
                          6.5
                        ]
                      },
                      "up": {
                        "texture": "#shoes",
                        "uv": [
                          9.0,
                          5.5,
                          12.0,
                          6.0
                        ]
                      },
                      "down": {
                        "texture": "#shoes",
                        "uv": [
                          12.0,
                          5.5,
                          15.0,
                          6.0
                        ]
                      }
                    }
                  }
                ]
              },
              {
                "name": "LLaceW3",
                "from": [
                  -0.1,
                  4.7,
                  -0.3
                ],
                "to": [
                  0.2,
                  5.0,
                  3.5
                ],
                "unwrapMode": 4,
                "uv": [
                  7.0,
                  4.0
                ],
                "rotationOrigin": [
                  -0.1,
                  4.7,
                  1.6
                ],
                "rotationX": 14.0,
                "faces": {
                  "north": {
                    "texture": "#shoes",
                    "uv": [
                      7.0,
                      4.5,
                      7.5,
                      5.0
                    ]
                  },
                  "east": {
                    "texture": "#shoes",
                    "uv": [
                      11.5,
                      4.5,
                      15.0,
                      5.0
                    ]
                  },
                  "south": {
                    "texture": "#shoes",
                    "uv": [
                      11.0,
                      4.5,
                      11.5,
                      5.0
                    ]
                  },
                  "west": {
                    "texture": "#shoes",
                    "uv": [
                      7.5,
                      4.5,
                      11.0,
                      5.0
                    ]
                  },
                  "up": {
                    "texture": "#shoes",
                    "uv": [
                      7.5,
                      4.0,
                      11.0,
                      4.5
                    ],
                    "rotation": 90
                  },
                  "down": {
                    "texture": "#shoes",
                    "uv": [
                      7.5,
                      5.0,
                      11.0,
                      5.5
                    ],
                    "rotation": 90
                  }
                },
                "children": [
                  {
                    "name": "LLaceWS3",
                    "from": [
                      0.3,
                      0.0,
                      3.5
                    ],
                    "to": [
                      3.2,
                      0.3,
                      3.8
                    ],
                    "uv": [
                      7.0,
                      4.0
                    ],
                    "rotationOrigin": [
                      0.3,
                      0.3,
                      3.8
                    ],
                    "rotationZ": -14.0,
                    "faces": {
                      "north": {
                        "texture": "#shoes",
                        "uv": [
                          7.0,
                          4.5,
                          9.5,
                          5.0
                        ]
                      },
                      "east": {
                        "texture": "#shoes",
                        "uv": [
                          9.5,
                          4.5,
                          10.0,
                          5.0
                        ]
                      },
                      "south": {
                        "texture": "#shoes",
                        "uv": [
                          10.0,
                          4.5,
                          12.5,
                          5.0
                        ]
                      },
                      "west": {
                        "texture": "#shoes",
                        "uv": [
                          12.5,
                          4.5,
                          13.0,
                          5.0
                        ]
                      },
                      "up": {
                        "texture": "#shoes",
                        "uv": [
                          7.0,
                          4.0,
                          9.5,
                          4.5
                        ]
                      },
                      "down": {
                        "texture": "#shoes",
                        "uv": [
                          9.5,
                          4.0,
                          12.0,
                          4.5
                        ]
                      }
                    }
                  },
                  {
                    "name": "LLaceWN3",
                    "from": [
                      0.3,
                      0.0,
                      0.0
                    ],
                    "to": [
                      2.6,
                      0.3,
                      0.3
                    ],
                    "uv": [
                      11.0,
                      4.5
                    ],
                    "rotationOrigin": [
                      0.3,
                      0.0,
                      0.0
                    ],
                    "rotationZ": 12.0,
                    "faces": {
                      "north": {
                        "texture": "#shoes",
                        "uv": [
                          11.0,
                          5.0,
                          13.0,
                          5.5
                        ]
                      },
                      "east": {
                        "texture": "#shoes",
                        "uv": [
                          13.0,
                          5.0,
                          13.5,
                          5.5
                        ]
                      },
                      "south": {
                        "texture": "#shoes",
                        "uv": [
                          13.5,
                          5.0,
                          15.5,
                          5.5
                        ]
                      },
                      "west": {
                        "texture": "#shoes",
                        "uv": [
                          15.5,
                          5.0,
                          16.0,
                          5.5
                        ]
                      },
                      "up": {
                        "texture": "#shoes",
                        "uv": [
                          11.0,
                          4.5,
                          13.0,
                          5.0
                        ]
                      },
                      "down": {
                        "texture": "#shoes",
                        "uv": [
                          13.0,
                          4.5,
                          15.0,
                          5.0
                        ]
                      }
                    }
                  }
                ]
              },
              {
                "name": "LLaceW4",
                "from": [
                  -0.1,
                  6.5,
                  -0.3
                ],
                "to": [
                  0.2,
                  6.8,
                  3.5
                ],
                "unwrapMode": 4,
                "uv": [
                  7.0,
                  4.0
                ],
                "rotationOrigin": [
                  -0.1,
                  6.5,
                  1.6
                ],
                "rotationX": 14.0,
                "faces": {
                  "north": {
                    "texture": "#shoes",
                    "uv": [
                      7.0,
                      4.5,
                      7.5,
                      5.0
                    ]
                  },
                  "east": {
                    "texture": "#shoes",
                    "uv": [
                      11.5,
                      4.5,
                      15.0,
                      5.0
                    ]
                  },
                  "south": {
                    "texture": "#shoes",
                    "uv": [
                      11.0,
                      4.5,
                      11.5,
                      5.0
                    ]
                  },
                  "west": {
                    "texture": "#shoes",
                    "uv": [
                      7.5,
                      4.5,
                      11.0,
                      5.0
                    ]
                  },
                  "up": {
                    "texture": "#shoes",
                    "uv": [
                      7.5,
                      4.0,
                      11.0,
                      4.5
                    ],
                    "rotation": 90
                  },
                  "down": {
                    "texture": "#shoes",
                    "uv": [
                      7.5,
                      5.0,
                      11.0,
                      5.5
                    ],
                    "rotation": 90
                  }
                },
                "children": [
                  {
                    "name": "LLaceWS4",
                    "from": [
                      0.3,
                      0.0,
                      3.5
                    ],
                    "to": [
                      2.7,
                      0.3,
                      3.8
                    ],
                    "uv": [
                      7.0,
                      4.0
                    ],
                    "rotationOrigin": [
                      0.3,
                      0.3,
                      3.8
                    ],
                    "rotationZ": -11.0,
                    "faces": {
                      "north": {
                        "texture": "#shoes",
                        "uv": [
                          7.0,
                          4.5,
                          9.0,
                          5.0
                        ]
                      },
                      "east": {
                        "texture": "#shoes",
                        "uv": [
                          9.0,
                          4.5,
                          9.5,
                          5.0
                        ]
                      },
                      "south": {
                        "texture": "#shoes",
                        "uv": [
                          9.5,
                          4.5,
                          11.5,
                          5.0
                        ]
                      },
                      "west": {
                        "texture": "#shoes",
                        "uv": [
                          11.5,
                          4.5,
                          12.0,
                          5.0
                        ]
                      },
                      "up": {
                        "texture": "#shoes",
                        "uv": [
                          7.0,
                          4.0,
                          9.0,
                          4.5
                        ]
                      },
                      "down": {
                        "texture": "#shoes",
                        "uv": [
                          9.0,
                          4.0,
                          11.0,
                          4.5
                        ]
                      }
                    }
                  },
                  {
                    "name": "LLaceWN4",
                    "from": [
                      0.3,
                      0.0,
                      0.0
                    ],
                    "to": [
                      3.1,
                      0.3,
                      0.3
                    ],
                    "uv": [
                      10.0,
                      7.0
                    ],
                    "rotationOrigin": [
                      0.3,
                      0.0,
                      0.0
                    ],
                    "rotationY": 5.0,
                    "rotationZ": 13.0,
                    "faces": {
                      "north": {
                        "texture": "#shoes",
                        "uv": [
                          10.0,
                          7.5,
                          12.5,
                          8.0
                        ]
                      },
                      "east": {
                        "texture": "#shoes",
                        "uv": [
                          12.5,
                          7.5,
                          13.0,
                          8.0
                        ]
                      },
                      "south": {
                        "texture": "#shoes",
                        "uv": [
                          13.0,
                          7.5,
                          15.5,
                          8.0
                        ]
                      },
                      "west": {
                        "texture": "#shoes",
                        "uv": [
                          15.5,
                          7.5,
                          16.0,
                          8.0
                        ]
                      },
                      "up": {
                        "texture": "#shoes",
                        "uv": [
                          10.0,
                          7.0,
                          12.5,
                          7.5
                        ]
                      },
                      "down": {
                        "texture": "#shoes",
                        "uv": [
                          12.5,
                          7.0,
                          15.0,
                          7.5
                        ]
                      }
                    }
                  }
                ]
              }
            ]
          }
        ]
      },
      {
        "name": "shoe L2",
        "stepParentName": "PawL",
        "from": [
          -0.2,
          -0.1,
          -0.1
        ],
        "to": [
          3.1,
          7.1,
          3.1
        ],
        "unwrapMode": 4,
        "autoUnwrap": false,
        "uv": [
          1.0,
          7.0
        ],
        "rotationOrigin": [
          -0.1,
          -0.1,
          -0.1
        ],
        "faces": {
          "north": {
            "texture": "#shoes",
            "uv": [
              1.0,
              11.0,
              4.0,
              18.0
            ]
          },
          "east": {
            "texture": "#shoes",
            "uv": [
              12.0,
              11.0,
              15.0,
              18.0
            ]
          },
          "south": {
            "texture": "#shoes",
            "uv": [
              8.0,
              11.0,
              11.0,
              18.0
            ]
          },
          "west": {
            "texture": "#shoes",
            "uv": [
              5.0,
              11.0,
              8.0,
              18.0
            ]
          },
          "up": {
            "texture": "#shoes",
            "uv": [
              10.0,
              0.0,
              13.0,
              3.0
            ],
            "rotation": 90
          },
          "down": {
            "texture": "#shoes",
            "uv": [
              4.0,
              4.0,
              7.0,
              7.0
            ],
            "rotation": 90
          }
        }
      },
      {
        "name": "shoe R2",
        "stepParentName": "PawR",
        "from": [
          -0.2,
          -0.1,
          -0.1
        ],
        "to": [
          3.03,
          7.1,
          3.1
        ],
        "unwrapMode": 4,
        "autoUnwrap": false,
        "uv": [
          1.0,
          16.5
        ],
        "rotationOrigin": [
          -0.1,
          -0.1,
          -0.1
        ],
        "faces": {
          "north": {
            "texture": "#shoes",
            "uv": [
              1.0,
              21.0,
              4.0,
              28.0
            ]
          },
          "east": {
            "texture": "#shoes",
            "uv": [
              12.0,
              21.0,
              15.0,
              28.0
            ]
          },
          "south": {
            "texture": "#shoes",
            "uv": [
              8.0,
              21.0,
              11.0,
              28.0
            ]
          },
          "west": {
            "texture": "#shoes",
            "uv": [
              5.0,
              21.0,
              8.0,
              28.0
            ]
          },
          "up": {
            "texture": "#shoes",
            "uv": [
              13.0,
              0.0,
              16.0,
              3.0
            ],
            "rotation": 90
          },
          "down": {
            "texture": "#shoes",
            "uv": [
              0.0,
              4.0,
              3.0,
              7.0
            ],
            "rotation": 90
          }
        }
      }
    ],
    "file": "game:shapes/entity/humanoid/seraph/clothing/foot/nomad-boots.json"
  }
]