[
  {
    "op": "remove",
    "path": "/editor/collapsedPaths",
    "file": "game:shapes/entity/humanoid/seraph/armor/gambeson/head.json"
  },
  {
    "op": "replace",
    "path": "/editor/backDropShape",
    "value": "shapes/entity/humanoid/seraph",
    "file": "game:shapes/entity/humanoid/seraph/armor/gambeson/head.json"
  },
  {
    "op": "replace",
    "path": "/elements/0/children/0/from/2",
    "value": 0.2,
    "file": "game:shapes/entity/humanoid/seraph/armor/gambeson/head.json"
  },
  {
    "op": "replace",
    "path": "/elements/0/children/0/rotationOrigin/2",
    "value": 0.2,
    "file": "game:shapes/entity/humanoid/seraph/armor/gambeson/head.json"
  },
  {
    "op": "replace",
    "path": "/elements/0/children/0/to/2",
    "value": 6.1,
    "file": "game:shapes/entity/humanoid/seraph/armor/gambeson/head.json"
  },
  {
    "op": "add",
    "path": "/elements/0/children/1/faces/east",
    "value": {
      "texture": "#material",
      "uv": [
        40.0,
        40.0,
        46.0,
        42.0
      ],
      "enabled": false
    },
    "file": "game:shapes/entity/humanoid/seraph/armor/gambeson/head.json"
  }
]