[
  {
    "op": "remove",
    "path": "/editor/backDropShape",
    "file": "game:shapes/entity/humanoid/seraph/clothing/face/corroded.json"
  },
  {
    "op": "replace",
    "path": "/elements/0/children/2/children/0/children/0/children/0/from/2",
    "value": 0.0,
    "file": "game:shapes/entity/humanoid/seraph/clothing/face/corroded.json"
  },
  {
    "op": "replace",
    "path": "/elements/0/children/2/children/0/children/0/children/0/rotationOrigin/2",
    "value": 1.0,
    "file": "game:shapes/entity/humanoid/seraph/clothing/face/corroded.json"
  },
  {
    "op": "replace",
    "path": "/elements/0/children/2/children/0/children/0/children/0/to/2",
    "value": 1.0,
    "file": "game:shapes/entity/humanoid/seraph/clothing/face/corroded.json"
  },
  {
    "op": "replace",
    "path": "/elements/0/children/2/children/0/children/0/from/2",
    "value": 0.0,
    "file": "game:shapes/entity/humanoid/seraph/clothing/face/corroded.json"
  },
  {
    "op": "replace",
    "path": "/elements/0/children/2/children/0/children/0/rotationOrigin/2",
    "value": 1.5,
    "file": "game:shapes/entity/humanoid/seraph/clothing/face/corroded.json"
  },
  {
    "op": "replace",
    "path": "/elements/0/children/2/children/0/children/0/to/2",
    "value": 1.5,
    "file": "game:shapes/entity/humanoid/seraph/clothing/face/corroded.json"
  },
  {
    "op": "replace",
    "path": "/elements/0/children/2/children/0/from/2",
    "value": 0.0,
    "file": "game:shapes/entity/humanoid/seraph/clothing/face/corroded.json"
  },
  {
    "op": "replace",
    "path": "/elements/0/children/2/children/0/rotationOrigin/2",
    "value": 2.0,
    "file": "game:shapes/entity/humanoid/seraph/clothing/face/corroded.json"
  },
  {
    "op": "replace",
    "path": "/elements/0/children/2/children/0/to/2",
    "value": 2.0,
    "file": "game:shapes/entity/humanoid/seraph/clothing/face/corroded.json"
  },
  {
    "op": "replace",
    "path": "/elements/0/children/2/from/0",
    "value": -1.9,
    "file": "game:shapes/entity/humanoid/seraph/clothing/face/corroded.json"
  },
  {
    "op": "replace",
    "path": "/elements/0/children/2/from/2",
    "value": -4.2,
    "file": "game:shapes/entity/humanoid/seraph/clothing/face/corroded.json"
  },
  {
    "op": "replace",
    "path": "/elements/0/children/2/rotationOrigin/0",
    "value": -1.9,
    "file": "game:shapes/entity/humanoid/seraph/clothing/face/corroded.json"
  },
  {
    "op": "replace",
    "path": "/elements/0/children/2/rotationOrigin/2",
    "value": -1.7,
    "file": "game:shapes/entity/humanoid/seraph/clothing/face/corroded.json"
  },
  {
    "op": "replace",
    "path": "/elements/0/children/2/rotationY",
    "value": -90.0,
    "file": "game:shapes/entity/humanoid/seraph/clothing/face/corroded.json"
  },
  {
    "op": "replace",
    "path": "/elements/0/children/2/to/0",
    "value": -1.4,
    "file": "game:shapes/entity/humanoid/seraph/clothing/face/corroded.json"
  },
  {
    "op": "replace",
    "path": "/elements/0/children/2/to/2",
    "value": -1.7,
    "file": "game:shapes/entity/humanoid/seraph/clothing/face/corroded.json"
  },
  {
    "op": "replace",
    "path": "/elements/0/children/3/children/0/children/0/children/0/from/2",
    "value": 0.5,
    "file": "game:shapes/entity/humanoid/seraph/clothing/face/corroded.json"
  },
  {
    "op": "replace",
    "path": "/elements/0/children/3/children/0/children/0/children/0/rotationOrigin/2",
    "value": 0.5,
    "file": "game:shapes/entity/humanoid/seraph/clothing/face/corroded.json"
  },
  {
    "op": "replace",
    "path": "/elements/0/children/3/children/0/children/0/children/0/to/2",
    "value": 1.5,
    "file": "game:shapes/entity/humanoid/seraph/clothing/face/corroded.json"
  },
  {
    "op": "replace",
    "path": "/elements/0/children/3/children/0/children/0/from/2",
    "value": 0.5,
    "file": "game:shapes/entity/humanoid/seraph/clothing/face/corroded.json"
  },
  {
    "op": "replace",
    "path": "/elements/0/children/3/children/0/children/0/rotationOrigin/2",
    "value": 0.5,
    "file": "game:shapes/entity/humanoid/seraph/clothing/face/corroded.json"
  },
  {
    "op": "replace",
    "path": "/elements/0/children/3/children/0/children/0/to/2",
    "value": 2.0,
    "file": "game:shapes/entity/humanoid/seraph/clothing/face/corroded.json"
  },
  {
    "op": "replace",
    "path": "/elements/0/children/3/children/0/from/2",
    "value": 0.6,
    "file": "game:shapes/entity/humanoid/seraph/clothing/face/corroded.json"
  },
  {
    "op": "replace",
    "path": "/elements/0/children/3/children/0/rotationOrigin/2",
    "value": 0.6,
    "file": "game:shapes/entity/humanoid/seraph/clothing/face/corroded.json"
  },
  {
    "op": "replace",
    "path": "/elements/0/children/3/children/0/to/2",
    "value": 2.6,
    "file": "game:shapes/entity/humanoid/seraph/clothing/face/corroded.json"
  },
  {
    "op": "replace",
    "path": "/elements/0/children/3/from/0",
    "value": -1.9,
    "file": "game:shapes/entity/humanoid/seraph/clothing/face/corroded.json"
  },
  {
    "op": "replace",
    "path": "/elements/0/children/3/from/2",
    "value": 2.1,
    "file": "game:shapes/entity/humanoid/seraph/clothing/face/corroded.json"
  },
  {
    "op": "replace",
    "path": "/elements/0/children/3/rotationOrigin/0",
    "value": -1.9,
    "file": "game:shapes/entity/humanoid/seraph/clothing/face/corroded.json"
  },
  {
    "op": "replace",
    "path": "/elements/0/children/3/rotationOrigin/2",
    "value": 2.1,
    "file": "game:shapes/entity/humanoid/seraph/clothing/face/corroded.json"
  },
  {
    "op": "replace",
    "path": "/elements/0/children/3/rotationY",
    "value": 90.0,
    "file": "game:shapes/entity/humanoid/seraph/clothing/face/corroded.json"
  },
  {
    "op": "replace",
    "path": "/elements/0/children/3/to/0",
    "value": -1.4,
    "file": "game:shapes/entity/humanoid/seraph/clothing/face/corroded.json"
  },
  {
    "op": "replace",
    "path": "/elements/0/children/3/to/2",
    "value": 4.6,
    "file": "game:shapes/entity/humanoid/seraph/clothing/face/corroded.json"
  },
  {
    "op": "replace",
    "path": "/elements/0/children/4/from/0",
    "value": 0.0,
    "file": "game:shapes/entity/humanoid/seraph/clothing/face/corroded.json"
  },
  {
    "op": "replace",
    "path": "/elements/0/children/4/from/1",
    "value": -3.2,
    "file": "game:shapes/entity/humanoid/seraph/clothing/face/corroded.json"
  },
  {
    "op": "replace",
    "path": "/elements/0/children/4/rotationOrigin/0",
    "value": 0.0,
    "file": "game:shapes/entity/humanoid/seraph/clothing/face/corroded.json"
  },
  {
    "op": "replace",
    "path": "/elements/0/children/4/rotationOrigin/1",
    "value": -0.2,
    "file": "game:shapes/entity/humanoid/seraph/clothing/face/corroded.json"
  },
  {
    "op": "replace",
    "path": "/elements/0/children/4/rotationZ",
    "value": -90.0,
    "file": "game:shapes/entity/humanoid/seraph/clothing/face/corroded.json"
  },
  {
    "op": "replace",
    "path": "/elements/0/children/4/to/0",
    "value": 0.5,
    "file": "game:shapes/entity/humanoid/seraph/clothing/face/corroded.json"
  },
  {
    "op": "replace",
    "path": "/elements/0/children/4/to/1",
    "value": -0.2,
    "file": "game:shapes/entity/humanoid/seraph/clothing/face/corroded.json"
  },
  {
    "op": "remove",
    "path": "/elements/0/faces/north",
    "file": "game:shapes/entity/humanoid/seraph/clothing/face/corroded.json"
  }
]