{
	"editor": {
		"allAngles": true,
		"entityTextureMode": false
	},
	"textureWidth": 16,
	"textureHeight": 16,
	"textureSizes": {
		"pendants1": [16,16]
	},
	"textures": {
		"pendants1": "entity/humanoid/seraphclothes/neck/pendants1"
	},
	"elements": [
		{
			"name": "origin",
			"stepParentName": "Neck",
			"from": [ 1.0, 2.0, 1.3 ], 
			"to": [ 1.0, 2.0, 1.3 ], 
			"rotationOrigin": [ 1.0, 2.0, 1.3 ],
			"rotationZ": -9.0,
			"faces": {
				"north": { "texture": "#pendants1", "uv": [ 0.0, 0.0, 0.5, 0.5 ], "enabled": false },
				"east": { "texture": "#pendants1", "uv": [ 0.0, 0.0, 0.5, 0.5 ], "enabled": false },
				"south": { "texture": "#pendants1", "uv": [ 0.0, 0.0, 0.5, 0.5 ], "enabled": false },
				"west": { "texture": "#pendants1", "uv": [ 0.0, 0.0, 0.5, 0.5 ], "enabled": false },
				"up": { "texture": "#pendants1", "uv": [ 0.0, 0.0, 0.5, 0.5 ], "enabled": false },
				"down": { "texture": "#pendants1", "uv": [ 0.0, 0.0, 0.5, 0.5 ], "enabled": false }
			},
			"children": [
				{
					"name": "Cube19",
					"from": [ -1.0, -0.7, -1.5 ], 
					"to": [ 2.0, -0.2, -1.0 ], 
					"rotationOrigin": [ -1.0, -0.7, -1.0 ],
					"rotationZ": 9.0,
					"faces": {
						"north": { "texture": "#pendants1", "uv": [ 3.0, 12.0, 6.0, 12.5 ] },
						"east": { "texture": "#pendants1", "uv": [ 4.0, 12.0, 4.5, 12.5 ] },
						"south": { "texture": "#pendants1", "uv": [ 4.0, 12.0, 7.0, 12.5 ] },
						"west": { "texture": "#pendants1", "uv": [ 6.5, 12.0, 7.0, 12.5 ] },
						"up": { "texture": "#pendants1", "uv": [ 5.0, 12.0, 8.0, 12.5 ] },
						"down": { "texture": "#pendants1", "uv": [ 5.0, 12.5, 8.0, 13.0 ] }
					}
				},
				{
					"name": "Cube3",
					"from": [ -1.0, -0.7, 1.4 ], 
					"to": [ 2.0, -0.2, 1.9 ], 
					"rotationOrigin": [ -1.0, -0.7, 1.4 ],
					"rotationZ": 9.0,
					"faces": {
						"north": { "texture": "#pendants1", "uv": [ 4.0, 12.0, 7.0, 12.5 ] },
						"east": { "texture": "#pendants1", "uv": [ 2.5, 12.0, 3.0, 12.5 ] },
						"south": { "texture": "#pendants1", "uv": [ 7.0, 12.0, 10.0, 12.5 ] },
						"west": { "texture": "#pendants1", "uv": [ 3.5, 12.0, 4.0, 12.5 ] },
						"up": { "texture": "#pendants1", "uv": [ 4.5, 12.0, 7.5, 12.5 ] },
						"down": { "texture": "#pendants1", "uv": [ 6.0, 12.5, 9.0, 13.0 ] }
					}
				},
				{
					"name": "Cube1",
					"from": [ -1.2, -0.8, -1.3 ], 
					"to": [ -0.7, -0.2, 1.7 ], 
					"rotationOrigin": [ -1.2, -0.8, -1.3 ],
					"faces": {
						"north": { "texture": "#pendants1", "uv": [ 5.0, 12.0, 5.5, 12.5 ] },
						"east": { "texture": "#pendants1", "uv": [ 5.0, 12.0, 8.0, 12.5 ] },
						"south": { "texture": "#pendants1", "uv": [ 5.0, 12.0, 5.5, 12.5 ] },
						"west": { "texture": "#pendants1", "uv": [ 8.0, 12.0, 11.0, 12.5 ] },
						"up": { "texture": "#pendants1", "uv": [ 9.5, 12.0, 12.5, 12.5 ], "rotation": 90 },
						"down": { "texture": "#pendants1", "uv": [ 9.0, 12.5, 12.0, 13.0 ], "rotation": 90 }
					}
				},
				{
					"name": "Cube5",
					"from": [ 1.7, -0.3, -1.4 ], 
					"to": [ 2.2, 0.2, 1.8 ], 
					"rotationOrigin": [ 1.7, -0.3, -1.4 ],
					"rotationZ": 9.0,
					"faces": {
						"north": { "texture": "#pendants1", "uv": [ 0.5, 12.0, 1.0, 12.5 ] },
						"east": { "texture": "#pendants1", "uv": [ 0.5, 12.0, 3.5, 12.5 ] },
						"south": { "texture": "#pendants1", "uv": [ 1.0, 12.0, 1.5, 12.5 ] },
						"west": { "texture": "#pendants1", "uv": [ 1.0, 12.0, 4.0, 12.5 ] },
						"up": { "texture": "#pendants1", "uv": [ 4.5, 12.0, 7.5, 12.5 ], "rotation": 90 },
						"down": { "texture": "#pendants1", "uv": [ 7.0, 12.5, 10.0, 13.0 ], "rotation": 90 }
					}
				}
			]
		},
		{
			"name": "hideme-chest",
			"stepParentName": "UpperTorso",
			"from": [ 1.2, 8.4, 4.7 ], 
			"to": [ 1.2, 8.4, 4.7 ], 
			"rotationOrigin": [ 0.0, 5.0, 3.1 ],
			"rotationZ": 4.0,
			"faces": {
				"north": { "texture": "#pendants1", "uv": [ 0.0, 0.0, 0.5, 0.5 ], "enabled": false },
				"east": { "texture": "#pendants1", "uv": [ 0.0, 0.0, 0.5, 0.5 ], "enabled": false },
				"south": { "texture": "#pendants1", "uv": [ 0.0, 0.0, 0.5, 0.5 ], "enabled": false },
				"west": { "texture": "#pendants1", "uv": [ 0.0, 0.0, 0.5, 0.5 ], "enabled": false },
				"up": { "texture": "#pendants1", "uv": [ 0.0, 0.0, 0.5, 0.5 ], "enabled": false },
				"down": { "texture": "#pendants1", "uv": [ 0.0, 0.0, 0.5, 0.5 ], "enabled": false }
			},
			"children": [
				{
					"name": "pendant",
					"from": [ -1.8447, -5.9794, -1.6 ], 
					"to": [ -1.3447, -4.9794, -0.6 ], 
					"rotationOrigin": [ -1.8447, -4.9794, -1.6 ],
					"rotationX": 44.645,
					"rotationY": -6.351,
					"rotationZ": -6.39,
					"faces": {
						"north": { "texture": "#pendants1", "uv": [ 0.0, 0.0, 0.5, 1.0 ], "enabled": false },
						"east": { "texture": "#pendants1", "uv": [ 1.5, 14.5, 2.5, 15.5 ] },
						"south": { "texture": "#pendants1", "uv": [ 0.0, 0.0, 0.5, 1.0 ], "enabled": false },
						"west": { "texture": "#pendants1", "uv": [ 1.5, 14.5, 2.5, 15.5 ] },
						"up": { "texture": "#pendants1", "uv": [ 0.0, 0.0, 0.5, 1.0 ], "enabled": false },
						"down": { "texture": "#pendants1", "uv": [ 0.0, 0.0, 0.5, 1.0 ], "enabled": false }
					},
					"children": [
						{
							"name": "Cube11",
							"from": [ 0.0, 1.0, 0.0 ], 
							"to": [ 0.5, 1.5, 1.0 ], 
							"rotationOrigin": [ 0.0, 1.0, 0.0 ],
							"rotationZ": -10.0,
							"faces": {
								"north": { "texture": "#pendants1", "uv": [ 1.5, 14.0, 2.0, 14.5 ] },
								"east": { "texture": "#pendants1", "uv": [ 1.5, 14.0, 2.5, 14.5 ] },
								"south": { "texture": "#pendants1", "uv": [ 2.0, 14.0, 2.5, 14.5 ] },
								"west": { "texture": "#pendants1", "uv": [ 1.5, 14.0, 2.5, 14.5 ] },
								"up": { "texture": "#pendants1", "uv": [ 1.5, 14.0, 2.5, 14.5 ], "rotation": 90 },
								"down": { "texture": "#pendants1", "uv": [ 0.0, 0.0, 0.5, 1.0 ], "enabled": false }
							}
						},
						{
							"name": "Cube12",
							"from": [ 0.0, -0.5, 0.0 ], 
							"to": [ 0.5, 0.0, 1.5 ], 
							"faces": {
								"north": { "texture": "#pendants1", "uv": [ 1.5, 15.5, 2.0, 16.0 ] },
								"east": { "texture": "#pendants1", "uv": [ 1.5, 15.5, 3.0, 16.0 ] },
								"south": { "texture": "#pendants1", "uv": [ 2.0, 15.5, 2.5, 16.0 ] },
								"west": { "texture": "#pendants1", "uv": [ 1.5, 15.5, 3.0, 16.0 ] },
								"up": { "texture": "#pendants1", "uv": [ 0.0, 0.0, 0.5, 1.5 ], "enabled": false },
								"down": { "texture": "#pendants1", "uv": [ 1.5, 15.5, 3.0, 16.0 ], "rotation": 90 }
							}
						},
						{
							"name": "Cube13",
							"from": [ 0.0, 0.0, -0.5 ], 
							"to": [ 0.5, 1.0, 0.0 ], 
							"rotationOrigin": [ 0.0, 0.0, 0.0 ],
							"rotationY": -10.0,
							"faces": {
								"north": { "texture": "#pendants1", "uv": [ 1.0, 14.5, 1.5, 15.5 ] },
								"east": { "texture": "#pendants1", "uv": [ 1.0, 14.5, 1.5, 15.5 ] },
								"south": { "texture": "#pendants1", "uv": [ 0.0, 0.0, 0.5, 1.0 ], "enabled": false },
								"west": { "texture": "#pendants1", "uv": [ 1.0, 14.5, 1.5, 15.5 ] },
								"up": { "texture": "#pendants1", "uv": [ 1.0, 14.5, 1.5, 15.0 ] },
								"down": { "texture": "#pendants1", "uv": [ 1.0, 15.0, 1.5, 15.5 ] }
							}
						},
						{
							"name": "Cube14",
							"from": [ 0.0, 0.0, 1.0 ], 
							"to": [ 0.5, 1.0, 1.5 ], 
							"rotationOrigin": [ 0.0, 0.0, 1.0 ],
							"faces": {
								"north": { "texture": "#pendants1", "uv": [ 2.5, 14.5, 3.0, 15.5 ] },
								"east": { "texture": "#pendants1", "uv": [ 2.5, 14.5, 3.0, 15.5 ] },
								"south": { "texture": "#pendants1", "uv": [ 2.5, 14.5, 3.0, 15.5 ] },
								"west": { "texture": "#pendants1", "uv": [ 2.5, 14.5, 3.0, 15.5 ] },
								"up": { "texture": "#pendants1", "uv": [ 2.5, 14.5, 3.0, 15.0 ] },
								"down": { "texture": "#pendants1", "uv": [ 2.5, 14.5, 3.0, 15.0 ] }
							}
						}
					]
				},
				{
					"name": "Cube8",
					"from": [ -1.1318, -3.6748, -0.7 ], 
					"to": [ -0.1318, -3.1748, -0.2 ], 
					"rotationOrigin": [ -1.1318, -3.6748, -0.7 ],
					"rotationZ": 9.0,
					"faces": {
						"north": { "texture": "#pendants1", "uv": [ 3.5, 12.0, 4.5, 12.5 ] },
						"east": { "texture": "#pendants1", "uv": [ 3.5, 12.0, 4.0, 12.5 ] },
						"south": { "texture": "#pendants1", "uv": [ 4.5, 12.0, 5.5, 12.5 ] },
						"west": { "texture": "#pendants1", "uv": [ 10.5, 12.0, 11.0, 12.5 ] },
						"up": { "texture": "#pendants1", "uv": [ 4.5, 12.0, 5.5, 12.5 ] },
						"down": { "texture": "#pendants1", "uv": [ 5.5, 12.0, 6.5, 12.5 ] }
					},
					"children": [
						{
							"name": "Cube9",
							"from": [ -2.7, 0.1, 0.0 ], 
							"to": [ -0.2, 0.6, 0.5 ], 
							"rotationOrigin": [ -0.2, 0.6, 0.0 ],
							"rotationX": 20.0,
							"rotationZ": 74.0,
							"faces": {
								"north": { "texture": "#pendants1", "uv": [ 3.5, 12.5, 6.0, 13.0 ] },
								"east": { "texture": "#pendants1", "uv": [ 5.5, 12.5, 6.0, 13.0 ] },
								"south": { "texture": "#pendants1", "uv": [ 8.5, 12.5, 11.0, 13.0 ] },
								"west": { "texture": "#pendants1", "uv": [ 4.5, 12.5, 5.0, 13.0 ] },
								"up": { "texture": "#pendants1", "uv": [ 10.5, 12.5, 13.0, 13.0 ] },
								"down": { "texture": "#pendants1", "uv": [ 9.0, 12.5, 11.5, 13.0 ] }
							}
						}
					]
				},
				{
					"name": "Cube6",
					"from": [ -1.1318, -3.6748, -3.0 ], 
					"to": [ -0.1318, -3.1748, -2.5 ], 
					"rotationOrigin": [ -1.1318, -3.6748, -2.5 ],
					"rotationZ": 9.0,
					"faces": {
						"north": { "texture": "#pendants1", "uv": [ 4.0, 12.0, 5.0, 12.5 ] },
						"east": { "texture": "#pendants1", "uv": [ 6.0, 12.0, 6.5, 12.5 ] },
						"south": { "texture": "#pendants1", "uv": [ 5.5, 12.0, 6.5, 12.5 ] },
						"west": { "texture": "#pendants1", "uv": [ 9.5, 12.0, 10.0, 12.5 ] },
						"up": { "texture": "#pendants1", "uv": [ 5.5, 12.0, 6.5, 12.5 ] },
						"down": { "texture": "#pendants1", "uv": [ 7.0, 12.5, 8.0, 13.0 ] }
					},
					"children": [
						{
							"name": "Cube7",
							"from": [ -2.7, 0.1, 0.0 ], 
							"to": [ -0.2, 0.6, 0.5 ], 
							"rotationOrigin": [ -0.2, 0.6, 0.5 ],
							"rotationX": -20.0,
							"rotationZ": 74.0,
							"faces": {
								"north": { "texture": "#pendants1", "uv": [ 5.5, 12.5, 8.0, 13.0 ] },
								"east": { "texture": "#pendants1", "uv": [ 4.0, 12.5, 4.5, 13.0 ] },
								"south": { "texture": "#pendants1", "uv": [ 6.5, 12.5, 9.0, 13.0 ] },
								"west": { "texture": "#pendants1", "uv": [ 4.5, 12.5, 5.0, 13.0 ] },
								"up": { "texture": "#pendants1", "uv": [ 8.5, 12.5, 11.0, 13.0 ] },
								"down": { "texture": "#pendants1", "uv": [ 7.5, 12.5, 10.0, 13.0 ] }
							}
						}
					]
				}
			]
		}
	]}