{
	"editor": {
		"allAngles": true,
		"entityTextureMode": false
	},
	"textureWidth": 16,
	"textureHeight": 16,
	"textureSizes": {
		"pendants1": [16,16]
	},
	"textures": {
		"pendants1": "entity/humanoid/seraphclothes/neck/pendants1"
	},
	"elements": [
		{
			"name": "origin",
			"stepParentName": "UpperTorso",
			"from": [ 2.0, 5.7, 3.1 ], 
			"to": [ 2.0, 5.7, 3.1 ], 
			"rotationOrigin": [ 1.0, 5.0, 3.3 ],
			"faces": {
				"north": { "texture": "#pendants1", "uv": [ 0.0, 0.0, 0.5, 0.5 ], "enabled": false },
				"east": { "texture": "#pendants1", "uv": [ 0.0, 0.0, 0.5, 0.5 ], "enabled": false },
				"south": { "texture": "#pendants1", "uv": [ 0.0, 0.0, 0.5, 0.5 ], "enabled": false },
				"west": { "texture": "#pendants1", "uv": [ 0.0, 0.0, 0.5, 0.5 ], "enabled": false },
				"up": { "texture": "#pendants1", "uv": [ 0.0, 0.0, 0.5, 0.5 ], "enabled": false },
				"down": { "texture": "#pendants1", "uv": [ 0.0, 0.0, 0.5, 0.5 ], "enabled": false }
			},
			"children": [
				{
					"name": "Cube19",
					"from": [ -1.2, -0.8, -1.5 ], 
					"to": [ 1.8, -0.3, -1.0 ], 
					"rotationOrigin": [ -1.2, -0.8, -1.0 ],
					"rotationZ": 9.0,
					"faces": {
						"north": { "texture": "#pendants1", "uv": [ 6.5, 8.0, 9.5, 8.5 ] },
						"east": { "texture": "#pendants1", "uv": [ 4.0, 8.0, 4.5, 8.5 ] },
						"south": { "texture": "#pendants1", "uv": [ 5.0, 8.0, 8.0, 8.5 ] },
						"west": { "texture": "#pendants1", "uv": [ 6.5, 8.0, 7.0, 8.5 ] },
						"up": { "texture": "#pendants1", "uv": [ 4.5, 8.0, 7.5, 8.5 ] },
						"down": { "texture": "#pendants1", "uv": [ 6.5, 8.5, 9.5, 9.0 ] }
					}
				},
				{
					"name": "Cube3",
					"from": [ -1.2, -0.8, 1.4 ], 
					"to": [ 1.8, -0.3, 1.9 ], 
					"rotationOrigin": [ -1.2, -0.8, 1.4 ],
					"rotationZ": 9.0,
					"faces": {
						"north": { "texture": "#pendants1", "uv": [ 2.5, 8.0, 5.5, 8.5 ] },
						"east": { "texture": "#pendants1", "uv": [ 4.0, 8.0, 4.5, 8.5 ] },
						"south": { "texture": "#pendants1", "uv": [ 5.5, 8.0, 8.5, 8.5 ] },
						"west": { "texture": "#pendants1", "uv": [ 9.5, 8.0, 10.0, 8.5 ] },
						"up": { "texture": "#pendants1", "uv": [ 10.5, 8.0, 13.5, 8.5 ] },
						"down": { "texture": "#pendants1", "uv": [ 7.5, 8.0, 10.5, 8.5 ] }
					}
				},
				{
					"name": "Cube5",
					"from": [ 1.7, -0.4, -1.4 ], 
					"to": [ 2.2, 0.1, 1.8 ], 
					"rotationOrigin": [ 1.7, -0.4, -1.4 ],
					"rotationZ": 10.0,
					"faces": {
						"north": { "texture": "#pendants1", "uv": [ 0.5, 8.0, 1.0, 8.5 ] },
						"east": { "texture": "#pendants1", "uv": [ 2.5, 8.0, 5.5, 8.5 ] },
						"south": { "texture": "#pendants1", "uv": [ 1.5, 8.0, 2.0, 8.5 ] },
						"west": { "texture": "#pendants1", "uv": [ 1.5, 8.0, 4.5, 8.5 ] },
						"up": { "texture": "#pendants1", "uv": [ 4.5, 8.0, 7.5, 8.5 ], "rotation": 90 },
						"down": { "texture": "#pendants1", "uv": [ 7.0, 8.0, 10.0, 8.5 ], "rotation": 90 }
					}
				},
				{
					"name": "Cube6",
					"from": [ -2.0, -1.0, -1.2 ], 
					"to": [ -1.0, -0.5, -0.7 ], 
					"rotationOrigin": [ -2.0, -1.0, -0.7 ],
					"rotationY": 20.0,
					"rotationZ": 13.0,
					"faces": {
						"north": { "texture": "#pendants1", "uv": [ 5.0, 8.0, 6.0, 8.5 ] },
						"east": { "texture": "#pendants1", "uv": [ 4.0, 8.0, 4.5, 8.5 ] },
						"south": { "texture": "#pendants1", "uv": [ 6.0, 8.0, 7.0, 8.5 ] },
						"west": { "texture": "#pendants1", "uv": [ 9.0, 8.0, 9.5, 8.5 ] },
						"up": { "texture": "#pendants1", "uv": [ 7.0, 8.0, 8.0, 8.5 ] },
						"down": { "texture": "#pendants1", "uv": [ 7.0, 8.0, 8.0, 8.5 ] }
					},
					"children": [
						{
							"name": "Cube7",
							"from": [ -2.6, 0.0, -0.1 ], 
							"to": [ -0.1, 0.5, 0.4 ], 
							"rotationOrigin": [ -0.1, 0.5, 0.4 ],
							"rotationX": -23.0,
							"rotationZ": 68.0,
							"faces": {
								"north": { "texture": "#pendants1", "uv": [ 6.5, 8.0, 9.0, 8.5 ] },
								"east": { "texture": "#pendants1", "uv": [ 3.0, 8.5, 3.5, 9.0 ] },
								"south": { "texture": "#pendants1", "uv": [ 8.5, 8.0, 11.0, 8.5 ] },
								"west": { "texture": "#pendants1", "uv": [ 4.5, 8.5, 5.0, 9.0 ] },
								"up": { "texture": "#pendants1", "uv": [ 8.5, 8.0, 11.0, 8.5 ] },
								"down": { "texture": "#pendants1", "uv": [ 5.0, 8.0, 7.5, 8.5 ] }
							}
						}
					]
				},
				{
					"name": "Cube8",
					"from": [ -2.0, -1.0, 1.1 ], 
					"to": [ -1.0, -0.5, 1.6 ], 
					"rotationOrigin": [ -2.0, -1.0, 1.1 ],
					"rotationY": -20.0,
					"rotationZ": 13.0,
					"faces": {
						"north": { "texture": "#pendants1", "uv": [ 3.5, 8.0, 4.5, 8.5 ] },
						"east": { "texture": "#pendants1", "uv": [ 4.5, 8.0, 5.0, 8.5 ] },
						"south": { "texture": "#pendants1", "uv": [ 5.5, 8.0, 6.5, 8.5 ] },
						"west": { "texture": "#pendants1", "uv": [ 13.5, 8.0, 14.0, 8.5 ] },
						"up": { "texture": "#pendants1", "uv": [ 3.5, 8.0, 4.5, 8.5 ] },
						"down": { "texture": "#pendants1", "uv": [ 6.5, 8.0, 7.5, 8.5 ] }
					},
					"children": [
						{
							"name": "Cube9",
							"from": [ -2.6, 0.0, 0.1 ], 
							"to": [ -0.1, 0.5, 0.6 ], 
							"rotationOrigin": [ -0.1, 0.5, 0.1 ],
							"rotationX": 23.0,
							"rotationZ": 68.0,
							"faces": {
								"north": { "texture": "#pendants1", "uv": [ 8.0, 8.0, 10.5, 8.5 ] },
								"east": { "texture": "#pendants1", "uv": [ 4.0, 8.0, 4.5, 8.5 ] },
								"south": { "texture": "#pendants1", "uv": [ 8.5, 8.0, 11.0, 8.5 ] },
								"west": { "texture": "#pendants1", "uv": [ 5.0, 8.0, 5.5, 8.5 ] },
								"up": { "texture": "#pendants1", "uv": [ 7.0, 8.0, 9.5, 8.5 ] },
								"down": { "texture": "#pendants1", "uv": [ 6.5, 8.0, 9.0, 8.5 ] }
							}
						}
					]
				},
				{
					"name": "pendant",
					"from": [ -2.5, -4.0, -0.3 ], 
					"to": [ -2.0, -3.0, 0.7 ], 
					"rotationOrigin": [ -2.5, -4.0, -0.3 ],
					"rotationZ": -4.0,
					"faces": {
						"north": { "texture": "#pendants1", "uv": [ 0.0, 0.0, 0.5, 1.0 ], "enabled": false },
						"east": { "texture": "#pendants1", "uv": [ 1.5, 6.5, 2.5, 7.5 ] },
						"south": { "texture": "#pendants1", "uv": [ 0.0, 0.0, 0.5, 1.0 ], "enabled": false },
						"west": { "texture": "#pendants1", "uv": [ 1.5, 6.5, 2.5, 7.5 ] },
						"up": { "texture": "#pendants1", "uv": [ 0.0, 0.0, 0.5, 1.0 ], "enabled": false },
						"down": { "texture": "#pendants1", "uv": [ 0.0, 0.0, 0.5, 1.0 ], "enabled": false }
					},
					"children": [
						{
							"name": "Cube12",
							"from": [ 0.0, -1.0, 0.0 ], 
							"to": [ 0.5, 1.5, 1.0 ], 
							"rotationOrigin": [ 0.0, -0.5, 0.0 ],
							"rotationZ": 4.0,
							"faces": {
								"north": { "texture": "#pendants1", "uv": [ 1.5, 9.5, 2.0, 12.0 ] },
								"east": { "texture": "#pendants1", "uv": [ 1.5, 9.5, 2.5, 12.0 ] },
								"south": { "texture": "#pendants1", "uv": [ 2.0, 9.5, 2.5, 12.0 ] },
								"west": { "texture": "#pendants1", "uv": [ 1.5, 9.5, 2.5, 12.0 ] },
								"up": { "texture": "#pendants1", "uv": [ 1.5, 9.5, 2.5, 10.0 ], "rotation": 90 },
								"down": { "texture": "#pendants1", "uv": [ 1.5, 11.5, 2.5, 12.0 ], "rotation": 90 }
							}
						},
						{
							"name": "Cube13",
							"from": [ 0.0, 0.0, -0.5 ], 
							"to": [ 0.5, 1.0, 0.0 ], 
							"rotationOrigin": [ 0.0, 0.0, 0.0 ],
							"rotationY": -15.0,
							"rotationZ": 6.0,
							"faces": {
								"north": { "texture": "#pendants1", "uv": [ 1.0, 10.0, 1.5, 11.0 ] },
								"east": { "texture": "#pendants1", "uv": [ 1.0, 10.0, 1.5, 11.0 ] },
								"south": { "texture": "#pendants1", "uv": [ 0.0, 0.0, 0.5, 1.0 ], "enabled": false },
								"west": { "texture": "#pendants1", "uv": [ 1.0, 10.0, 1.5, 11.0 ] },
								"up": { "texture": "#pendants1", "uv": [ 1.0, 10.0, 1.5, 10.5 ] },
								"down": { "texture": "#pendants1", "uv": [ 1.0, 10.5, 1.5, 11.0 ] }
							}
						},
						{
							"name": "Cube14",
							"from": [ 0.0, 0.0, 1.0 ], 
							"to": [ 0.5, 1.0, 1.5 ], 
							"rotationOrigin": [ 0.0, 0.0, 1.0 ],
							"rotationY": 15.0,
							"rotationZ": 4.0,
							"faces": {
								"north": { "texture": "#pendants1", "uv": [ 2.5, 10.0, 3.0, 11.0 ] },
								"east": { "texture": "#pendants1", "uv": [ 2.5, 10.0, 3.0, 11.0 ] },
								"south": { "texture": "#pendants1", "uv": [ 2.5, 10.0, 3.0, 11.0 ] },
								"west": { "texture": "#pendants1", "uv": [ 2.5, 10.0, 3.0, 11.0 ] },
								"up": { "texture": "#pendants1", "uv": [ 2.5, 10.0, 3.0, 10.5 ] },
								"down": { "texture": "#pendants1", "uv": [ 2.5, 10.5, 3.0, 11.0 ] }
							}
						}
					]
				}
			]
		}
	]}