{
	"editor": {
		"allAngles": true,
		"entityTextureMode": false
	},
	"textureWidth": 16,
	"textureHeight": 16,
	"textureSizes": {
		"noble-necklace": [16,16]
	},
	"textures": {
		"noble-necklace": "entity/humanoid/seraphclothes/neck/pendants2"
	},
	"elements": [
		{
			"name": "origin",
			"stepParentName": "UpperTorso",
			"from": [ 1.9, 6.0, 2.8 ], 
			"to": [ 1.9, 6.0, 2.8 ], 
			"rotationOrigin": [ 1.0, 5.0, 3.1 ],
			"faces": {
				"north": { "texture": "#noble-necklace", "uv": [ 0.0, 0.0, 0.5, 0.5 ], "enabled": false },
				"east": { "texture": "#noble-necklace", "uv": [ 0.0, 0.0, 0.5, 0.5 ], "enabled": false },
				"south": { "texture": "#noble-necklace", "uv": [ 0.0, 0.0, 0.5, 0.5 ], "enabled": false },
				"west": { "texture": "#noble-necklace", "uv": [ 0.0, 0.0, 0.5, 0.5 ], "enabled": false },
				"up": { "texture": "#noble-necklace", "uv": [ 0.0, 0.0, 0.5, 0.5 ], "enabled": false },
				"down": { "texture": "#noble-necklace", "uv": [ 0.0, 0.0, 0.5, 0.5 ], "enabled": false }
			},
			"children": [
				{
					"name": "Cube19",
					"from": [ -1.2, -1.0, -1.7 ], 
					"to": [ 2.3, -0.5, -1.2 ], 
					"rotationOrigin": [ 2.3, -1.0, -1.2 ],
					"rotationY": -10.0,
					"rotationZ": -1.0,
					"faces": {
						"north": { "texture": "#noble-necklace", "uv": [ 4.0, 4.0, 7.5, 4.5 ] },
						"east": { "texture": "#noble-necklace", "uv": [ 4.0, 4.0, 4.5, 4.5 ] },
						"south": { "texture": "#noble-necklace", "uv": [ 5.0, 4.0, 8.5, 4.5 ] },
						"west": { "texture": "#noble-necklace", "uv": [ 6.5, 4.0, 7.0, 4.5 ] },
						"up": { "texture": "#noble-necklace", "uv": [ 4.5, 4.0, 8.0, 4.5 ] },
						"down": { "texture": "#noble-necklace", "uv": [ 5.0, 4.0, 8.5, 4.5 ] }
					}
				},
				{
					"name": "Cube3",
					"from": [ -1.2, -1.0, 1.6 ], 
					"to": [ 2.3, -0.5, 2.1 ], 
					"rotationOrigin": [ 2.3, -1.0, 1.6 ],
					"rotationY": 10.0,
					"rotationZ": -1.0,
					"faces": {
						"north": { "texture": "#noble-necklace", "uv": [ 2.0, 4.0, 5.5, 4.5 ] },
						"east": { "texture": "#noble-necklace", "uv": [ 3.0, 4.0, 3.5, 4.5 ] },
						"south": { "texture": "#noble-necklace", "uv": [ 7.0, 4.0, 10.5, 4.5 ] },
						"west": { "texture": "#noble-necklace", "uv": [ 1.5, 4.0, 2.0, 4.5 ] },
						"up": { "texture": "#noble-necklace", "uv": [ 3.5, 4.0, 7.0, 4.5 ] },
						"down": { "texture": "#noble-necklace", "uv": [ 5.5, 4.0, 9.0, 4.5 ] }
					}
				},
				{
					"name": "Cube5",
					"from": [ 1.9, -0.9, -1.6 ], 
					"to": [ 2.4, -0.4, 0.4 ], 
					"rotationOrigin": [ 1.9, -0.9, -1.6 ],
					"rotationX": -1.0,
					"rotationY": 15.0,
					"rotationZ": -6.0,
					"faces": {
						"north": { "texture": "#noble-necklace", "uv": [ 0.5, 4.0, 1.0, 4.5 ] },
						"east": { "texture": "#noble-necklace", "uv": [ 0.0, 4.0, 2.0, 4.5 ] },
						"south": { "texture": "#noble-necklace", "uv": [ 0.5, 4.0, 1.0, 4.5 ] },
						"west": { "texture": "#noble-necklace", "uv": [ 1.0, 4.0, 3.0, 4.5 ] },
						"up": { "texture": "#noble-necklace", "uv": [ 2.5, 4.0, 4.5, 4.5 ], "rotation": 90 },
						"down": { "texture": "#noble-necklace", "uv": [ 7.0, 4.0, 9.0, 4.5 ], "rotation": 90 }
					}
				},
				{
					"name": "Cube6",
					"from": [ -2.3, -1.0, -1.8 ], 
					"to": [ -0.8, -0.5, -1.3 ], 
					"rotationOrigin": [ -2.3, -1.0, -1.3 ],
					"rotationY": 20.0,
					"rotationZ": 3.0,
					"faces": {
						"north": { "texture": "#noble-necklace", "uv": [ 3.5, 4.5, 5.0, 5.0 ] },
						"east": { "texture": "#noble-necklace", "uv": [ 3.5, 4.5, 4.0, 5.0 ] },
						"south": { "texture": "#noble-necklace", "uv": [ 5.0, 4.5, 6.5, 5.0 ] },
						"west": { "texture": "#noble-necklace", "uv": [ 9.0, 4.0, 9.5, 4.5 ] },
						"up": { "texture": "#noble-necklace", "uv": [ 7.0, 4.0, 8.5, 4.5 ] },
						"down": { "texture": "#noble-necklace", "uv": [ 7.0, 4.5, 8.5, 5.0 ] }
					},
					"children": [
						{
							"name": "Cube7",
							"from": [ -2.6, -0.4, 0.2 ], 
							"to": [ 0.4, 0.1, 0.7 ], 
							"rotationOrigin": [ -0.1, 0.1, 0.7 ],
							"rotationX": -29.0,
							"rotationZ": 80.0,
							"faces": {
								"north": { "texture": "#noble-necklace", "uv": [ 4.0, 4.0, 7.0, 4.5 ] },
								"east": { "texture": "#noble-necklace", "uv": [ 2.0, 4.0, 2.5, 4.5 ] },
								"south": { "texture": "#noble-necklace", "uv": [ 5.5, 4.0, 8.5, 4.5 ] },
								"west": { "texture": "#noble-necklace", "uv": [ 4.0, 4.0, 4.5, 4.5 ] },
								"up": { "texture": "#noble-necklace", "uv": [ 12.5, 4.5, 15.5, 5.0 ] },
								"down": { "texture": "#noble-necklace", "uv": [ 5.0, 4.0, 8.0, 4.5 ] }
							}
						},
						{
							"name": "Cube16",
							"from": [ -0.5, -0.1, -0.4 ], 
							"to": [ 0.0, 0.4, 0.1 ], 
							"rotationOrigin": [ 0.0, 0.4, 0.1 ],
							"rotationX": -29.0,
							"rotationZ": 80.0,
							"faces": {
								"north": { "texture": "#noble-necklace", "uv": [ 5.0, 4.0, 5.5, 4.5 ] },
								"east": { "texture": "#noble-necklace", "uv": [ 12.5, 4.5, 13.0, 5.0 ] },
								"south": { "texture": "#noble-necklace", "uv": [ 13.0, 4.5, 13.5, 5.0 ] },
								"west": { "texture": "#noble-necklace", "uv": [ 10.0, 4.5, 10.5, 5.0 ] },
								"up": { "texture": "#noble-necklace", "uv": [ 10.0, 4.0, 10.5, 4.5 ] },
								"down": { "texture": "#noble-necklace", "uv": [ 5.0, 4.0, 5.5, 4.5 ] }
							}
						},
						{
							"name": "Cube17",
							"from": [ -0.7, -1.6, 0.3 ], 
							"to": [ -0.2, -1.1, 0.8 ], 
							"rotationOrigin": [ -0.2, -1.1, 0.8 ],
							"rotationX": -29.0,
							"rotationZ": 80.0,
							"faces": {
								"north": { "texture": "#noble-necklace", "uv": [ 4.0, 4.0, 4.5, 4.5 ] },
								"east": { "texture": "#noble-necklace", "uv": [ 2.0, 4.0, 2.5, 4.5 ] },
								"south": { "texture": "#noble-necklace", "uv": [ 5.5, 4.0, 6.0, 4.5 ] },
								"west": { "texture": "#noble-necklace", "uv": [ 13.0, 4.5, 13.5, 5.0 ] },
								"up": { "texture": "#noble-necklace", "uv": [ 11.0, 4.0, 11.5, 4.5 ] },
								"down": { "texture": "#noble-necklace", "uv": [ 5.0, 4.0, 5.5, 4.5 ] }
							}
						},
						{
							"name": "Cube18",
							"from": [ 1.2, 0.0, -0.4 ], 
							"to": [ 1.7, 0.5, 0.1 ], 
							"rotationOrigin": [ 1.7, 0.5, 0.1 ],
							"rotationY": -11.0,
							"faces": {
								"north": { "texture": "#noble-necklace", "uv": [ 1.5, 6.5, 2.0, 7.0 ] },
								"east": { "texture": "#noble-necklace", "uv": [ 1.5, 6.5, 2.0, 7.0 ] },
								"south": { "texture": "#noble-necklace", "uv": [ 1.5, 6.5, 2.0, 7.0 ] },
								"west": { "texture": "#noble-necklace", "uv": [ 1.5, 6.5, 2.0, 7.0 ] },
								"up": { "texture": "#noble-necklace", "uv": [ 1.5, 6.5, 2.0, 7.0 ] },
								"down": { "texture": "#noble-necklace", "uv": [ 2.0, 6.5, 2.5, 7.0 ] }
							}
						},
						{
							"name": "Cube20",
							"from": [ 3.1, -0.1, 0.7 ], 
							"to": [ 3.6, 0.4, 1.2 ], 
							"rotationOrigin": [ 3.6, 0.4, 1.2 ],
							"rotationY": -29.0,
							"faces": {
								"north": { "texture": "#noble-necklace", "uv": [ 12.0, 4.5, 12.5, 5.0 ] },
								"east": { "texture": "#noble-necklace", "uv": [ 6.0, 4.5, 6.5, 5.0 ] },
								"south": { "texture": "#noble-necklace", "uv": [ 6.0, 4.5, 6.5, 5.0 ] },
								"west": { "texture": "#noble-necklace", "uv": [ 6.0, 4.5, 6.5, 5.0 ] },
								"up": { "texture": "#noble-necklace", "uv": [ 12.0, 4.5, 12.5, 5.0 ] },
								"down": { "texture": "#noble-necklace", "uv": [ 12.0, 4.5, 12.5, 5.0 ] }
							}
						}
					]
				},
				{
					"name": "Cube8",
					"from": [ -2.3, -1.0, 1.8 ], 
					"to": [ -0.8, -0.5, 2.3 ], 
					"rotationOrigin": [ -2.3, -1.0, 1.8 ],
					"rotationY": -20.0,
					"rotationZ": 3.0,
					"faces": {
						"north": { "texture": "#noble-necklace", "uv": [ 2.5, 4.5, 4.0, 5.0 ] },
						"east": { "texture": "#noble-necklace", "uv": [ 3.5, 4.5, 4.0, 5.0 ] },
						"south": { "texture": "#noble-necklace", "uv": [ 3.5, 4.5, 5.0, 5.0 ] },
						"west": { "texture": "#noble-necklace", "uv": [ 10.0, 4.0, 10.5, 4.5 ] },
						"up": { "texture": "#noble-necklace", "uv": [ 2.5, 4.5, 4.0, 5.0 ] },
						"down": { "texture": "#noble-necklace", "uv": [ 4.0, 4.5, 5.5, 5.0 ] }
					},
					"children": [
						{
							"name": "Cube9",
							"from": [ -2.6, -0.4, -0.2 ], 
							"to": [ 0.4, 0.1, 0.3 ], 
							"rotationOrigin": [ -0.1, 0.1, -0.2 ],
							"rotationX": 29.0,
							"rotationZ": 80.0,
							"faces": {
								"north": { "texture": "#noble-necklace", "uv": [ 3.0, 4.0, 6.0, 4.5 ] },
								"east": { "texture": "#noble-necklace", "uv": [ 4.0, 4.0, 4.5, 4.5 ] },
								"south": { "texture": "#noble-necklace", "uv": [ 13.0, 4.5, 16.0, 5.0 ] },
								"west": { "texture": "#noble-necklace", "uv": [ 3.0, 4.0, 3.5, 4.5 ] },
								"up": { "texture": "#noble-necklace", "uv": [ 12.5, 4.5, 15.5, 5.0 ] },
								"down": { "texture": "#noble-necklace", "uv": [ 10.0, 4.5, 13.0, 5.0 ] }
							}
						},
						{
							"name": "Cube21",
							"from": [ -0.7, -1.6, -0.3 ], 
							"to": [ -0.2, -1.1, 0.2 ], 
							"rotationOrigin": [ -0.2, -1.1, -0.3 ],
							"rotationX": 29.0,
							"rotationZ": 80.0,
							"faces": {
								"north": { "texture": "#noble-necklace", "uv": [ 3.0, 4.0, 3.5, 4.5 ] },
								"east": { "texture": "#noble-necklace", "uv": [ 4.0, 4.0, 4.5, 4.5 ] },
								"south": { "texture": "#noble-necklace", "uv": [ 8.0, 4.0, 8.5, 4.5 ] },
								"west": { "texture": "#noble-necklace", "uv": [ 3.0, 4.0, 3.5, 4.5 ] },
								"up": { "texture": "#noble-necklace", "uv": [ 10.5, 4.0, 11.0, 4.5 ] },
								"down": { "texture": "#noble-necklace", "uv": [ 9.0, 4.0, 9.5, 4.5 ] }
							}
						},
						{
							"name": "Cube22",
							"from": [ -0.5, -0.1, 0.4 ], 
							"to": [ 0.0, 0.4, 0.9 ], 
							"rotationOrigin": [ 0.0, 0.4, 0.4 ],
							"rotationX": 29.0,
							"rotationZ": 80.0,
							"faces": {
								"north": { "texture": "#noble-necklace", "uv": [ 3.0, 4.0, 3.5, 4.5 ] },
								"east": { "texture": "#noble-necklace", "uv": [ 13.0, 4.5, 13.5, 5.0 ] },
								"south": { "texture": "#noble-necklace", "uv": [ 14.0, 4.5, 14.5, 5.0 ] },
								"west": { "texture": "#noble-necklace", "uv": [ 12.5, 4.5, 13.0, 5.0 ] },
								"up": { "texture": "#noble-necklace", "uv": [ 13.0, 4.0, 13.5, 4.5 ] },
								"down": { "texture": "#noble-necklace", "uv": [ 12.5, 4.5, 13.0, 5.0 ] }
							}
						},
						{
							"name": "Cube23",
							"from": [ 1.2, 0.0, 0.3 ], 
							"to": [ 1.7, 0.5, 0.8 ], 
							"rotationOrigin": [ 1.7, 0.5, 0.3 ],
							"rotationY": 11.0,
							"faces": {
								"north": { "texture": "#noble-necklace", "uv": [ 6.0, 4.5, 6.5, 5.0 ] },
								"east": { "texture": "#noble-necklace", "uv": [ 4.0, 4.0, 4.5, 4.5 ] },
								"south": { "texture": "#noble-necklace", "uv": [ 14.5, 4.0, 15.0, 4.5 ] },
								"west": { "texture": "#noble-necklace", "uv": [ 2.0, 4.0, 2.5, 4.5 ] },
								"up": { "texture": "#noble-necklace", "uv": [ 10.5, 4.0, 11.0, 4.5 ] },
								"down": { "texture": "#noble-necklace", "uv": [ 12.0, 4.5, 12.5, 5.0 ] }
							}
						},
						{
							"name": "Cube24",
							"from": [ 3.1, -0.1, -0.8 ], 
							"to": [ 3.6, 0.4, -0.3 ], 
							"rotationOrigin": [ 3.6, 0.4, -0.8 ],
							"rotationY": 29.0,
							"faces": {
								"north": { "texture": "#noble-necklace", "uv": [ 13.0, 4.5, 13.5, 5.0 ] },
								"east": { "texture": "#noble-necklace", "uv": [ 13.0, 4.5, 13.5, 5.0 ] },
								"south": { "texture": "#noble-necklace", "uv": [ 12.5, 4.5, 13.0, 5.0 ] },
								"west": { "texture": "#noble-necklace", "uv": [ 5.0, 4.0, 5.5, 4.5 ] },
								"up": { "texture": "#noble-necklace", "uv": [ 12.5, 4.5, 13.0, 5.0 ] },
								"down": { "texture": "#noble-necklace", "uv": [ 12.5, 4.0, 13.0, 4.5 ] }
							}
						}
					]
				},
				{
					"name": "Cube15",
					"from": [ 1.9, -0.9, 0.0 ], 
					"to": [ 2.4, -0.4, 2.0 ], 
					"rotationOrigin": [ 1.9, -0.9, 2.0 ],
					"rotationX": 1.0,
					"rotationY": -15.0,
					"rotationZ": -6.0,
					"faces": {
						"north": { "texture": "#noble-necklace", "uv": [ 0.5, 4.0, 1.0, 4.5 ] },
						"east": { "texture": "#noble-necklace", "uv": [ 0.0, 4.0, 2.0, 4.5 ] },
						"south": { "texture": "#noble-necklace", "uv": [ 0.5, 4.0, 1.0, 4.5 ] },
						"west": { "texture": "#noble-necklace", "uv": [ 1.0, 4.0, 3.0, 4.5 ] },
						"up": { "texture": "#noble-necklace", "uv": [ 2.5, 4.0, 4.5, 4.5 ], "rotation": 90 },
						"down": { "texture": "#noble-necklace", "uv": [ 7.0, 4.0, 9.0, 4.5 ], "rotation": 90 }
					}
				},
				{
					"name": "pendant19",
					"from": [ -2.4, -4.6, -0.6 ], 
					"to": [ -1.9, -3.0, 1.0 ], 
					"rotationOrigin": [ -2.4, -3.0, -0.6 ],
					"faces": {
						"north": { "texture": "#noble-necklace", "uv": [ 4.5, 6.0, 5.0, 7.5 ] },
						"east": { "texture": "#noble-necklace", "uv": [ 4.0, 6.0, 5.5, 7.5 ] },
						"south": { "texture": "#noble-necklace", "uv": [ 4.0, 6.0, 4.5, 7.5 ] },
						"west": { "texture": "#noble-necklace", "uv": [ 4.0, 6.0, 5.5, 7.5 ] },
						"up": { "texture": "#noble-necklace", "uv": [ 4.5, 6.0, 5.0, 7.5 ] },
						"down": { "texture": "#noble-necklace", "uv": [ 5.5, 6.0, 6.0, 7.5 ] }
					},
					"children": [
						{
							"name": "pendant",
							"from": [ -0.2, 0.3, 0.3 ], 
							"to": [ 0.3, 1.3, 1.3 ], 
							"rotationOrigin": [ -0.2, 1.3, 0.3 ],
							"faces": {
								"north": { "texture": "#noble-necklace", "uv": [ 0.0, 0.0, 0.5, 1.0 ], "enabled": false },
								"east": { "texture": "#noble-necklace", "uv": [ 1.5, 6.5, 2.5, 7.5 ] },
								"south": { "texture": "#noble-necklace", "uv": [ 0.0, 0.0, 0.5, 1.0 ], "enabled": false },
								"west": { "texture": "#noble-necklace", "uv": [ 1.5, 6.5, 2.5, 7.5 ] },
								"up": { "texture": "#noble-necklace", "uv": [ 0.0, 0.0, 0.5, 1.0 ], "enabled": false },
								"down": { "texture": "#noble-necklace", "uv": [ 0.0, 0.0, 0.5, 1.0 ], "enabled": false }
							}
						}
					]
				}
			]
		}
	]}