{
	"code": "mic",
	"class": "mic",
	"behaviors": [{
		"name": "GroundStorable",
		"properties": { 
			"layout": "Quadrants",
			"collisionBox": { "x1": 0, "y1": 0, "z1": 0, "x2": 1, "y2": 0.125, "z2": 1 }
		}
	}],
	"shape": { "base": "item/mic" },
	"attributes": {
		"rackable": true,
		"shelvable": true,
		"displaycaseable": true,
		"toolrackTransform": {
			"rotation": {
				"x": -90,
				"z": -90
			},
			"translation": {
				"x": 0.3
			},
			"scale": 1.25
		},
		"onDisplayTransform": {
			"translation": { "x": 0.05, "y": 0, "z": 0.08 },
			"rotation": { "x": 80, "y": -6, "z": 60 },
			"origin": { "x": 0.55, "y": 0.17, "z": 0.37 },
			"scale": 0.8
		},
		"groundStorageTransform": {
			"translation": { "x": 0.07, "y": 0, "z": 0.05 },
			"rotation": { "x": 80, "y": -6, "z": 40 },
			"origin": { "x": 0.55, "y": 0.17, "z": 0.37 },
			"scale": 0.85
		},
		"handbook": {
			"extraSections": [
				{
					"title": "",
					"text": "Gives you the courage to sing out loud!"
				}
			]
		}
	},
	"creativeinventory": {
		"general": [ "*" ],
		"items": [ "*" ],
		"instruments": [ "*" ]
	},
	"guiTransform": {
		"translation": {
			"x": 0,
			"y": 0,
			"z": 0
		},
		"rotation": {
			"x": 146,
			"y": -45,
			"z": 0
		},
		"origin": {
			"x": 0.5,
			"y": 0.3,
			"z": 0.6
		},
		"scale": 1.8
	},
	"fpHandTransform": {
		"translation": {
			"x": 0.7,
			"y": 0.2,
			"z": 0.2
		},
		"rotation": {
			"x": 43,
			"y": -3,
			"z": 6
		},
		"origin": {
			"x": 1,
			"y": 0.4,
			"z": 0.5
		},
		"scale": 3.4
	},
	"groundTransform": {
		"translation": {
			"x": 0,
			"y": 0,
			"z": 0
		},
		"rotation": {
			"x": 0,
			"y": 0,
			"z": 0
		},
		"origin": {
			"x": 1,
			"y": 0,
			"z": 0.5
		},
		"scale": 4.17
	},
	"tpHandTransform": {
		"translation": {
			"x": -0.47,
			"y": 0,
			"z": -0.6
		},
		"rotation": {
			"x": 0,
			"y": -0.5,
			"z": -90
		},
		"origin": {
			"x": 0.5,
			"y": 0,
			"z": 0.5
		},
		"scale": 0.8
	},
	"heldTpUseAnimation": "holdinglanternrighthand"
}