{
	"editor": {
		"allAngles": true,
		"entityTextureMode": true
	},
	"textureWidth": 64,
	"textureHeight": 64,
	"textureSizes": {
	},
	"textures": {
		"meteoric": "entity/humanoid/serapharmor/scale/meteoriciron"
	},
	"elements": [
		{
			"name": "ArmorHelmet",
			"stepParentName": "Head",
			"from": [ 0.1, 0.3, -0.6 ],
			"to": [ 6.6, 5.8, 5.7 ],
			"unwrapMode": 1,
			"uv": [ 36.0, 17.5 ],
			"rotationOrigin": [ 0.1, 0.3, -0.6 ],
			"faces": {
				"north": { "texture": "#meteoric", "uv": [ 42.0, 23.5, 48.5, 29.0 ] },
				"east": { "texture": "#meteoric", "uv": [ 36.0, 23.5, 42.0, 29.0 ] },
				"south": { "texture": "#meteoric", "uv": [ 54.5, 23.5, 61.0, 29.0 ] },
				"west": { "texture": "#meteoric", "uv": [ 48.5, 23.5, 54.5, 29.0 ] },
				"up": { "texture": "#meteoric", "uv": [ 42.0, 17.5, 48.5, 23.5 ], "rotation": 180 },
				"down": { "texture": "#meteoric", "uv": [ 42.0, 29.0, 48.5, 35.0 ] }
			},
			"children": [
				{
					"name": "ArmorHelmetstrap",
					"from": [ 0.5, -0.5, 0.2 ],
					"to": [ 2.0, 0.5, 6.1 ],
					"unwrapMode": 5,
					"uv": [ 46.5, 1.0 ],
					"rotationOrigin": [ 0.5, -0.5, 0.2 ],
					"faces": {
						"north": { "texture": "#meteoric", "uv": [ 47.5, 1.0, 49.0, 2.0 ], "rotation": 180 },
						"east": { "texture": "#meteoric", "uv": [ 49.0, 2.0, 50.0, 7.5 ], "rotation": 90 },
						"south": { "texture": "#meteoric", "uv": [ 47.5, 7.5, 49.0, 8.5 ] },
						"west": { "texture": "#meteoric", "uv": [ 46.5, 2.0, 47.5, 7.5 ], "rotation": 270 },
						"up": { "texture": "#meteoric", "uv": [ 47.5, 2.0, 49.0, 7.5 ] },
						"down": { "texture": "#meteoric", "uv": [ 50.0, 2.0, 51.5, 7.5 ] }
					}
				},
				{
					"name": "ArmorHelmetFace",
					"from": [ -0.7, 2.8, 0.0 ],
					"to": [ 0.0, 5.5, 6.3 ],
					"unwrapMode": 1,
					"uv": [ 32.0, 35.5 ],
					"rotationOrigin": [ -0.5, 2.8, 0.0 ],
					"faces": {
						"north": { "texture": "#meteoric", "uv": [ 32.0, 41.5, 32.5, 44.0 ] },
						"south": { "texture": "#meteoric", "uv": [ 38.5, 41.5, 39.0, 44.0 ] },
						"west": { "texture": "#meteoric", "uv": [ 32.5, 41.5, 38.5, 44.0 ] },
						"up": { "texture": "#meteoric", "uv": [ 32.0, 35.5, 32.5, 41.5 ], "rotation": 180 },
						"down": { "texture": "#meteoric", "uv": [ 32.0, 44.0, 32.5, 50.0 ] }
					},
					"children": [
						{
							"name": "ArmorHelmetNasal",
							"from": [ 0.0, -2.5, 2.6 ],
							"to": [ 0.5, 0.0, 3.6 ],
							"unwrapMode": 1,
							"uv": [ 32.5, 35.5 ],
							"rotationOrigin": [ 0.0, -1.5, 2.6 ],
							"faces": {
								"north": { "texture": "#meteoric", "uv": [ 32.5, 35.5, 33.0, 38.0 ] },
								"south": { "texture": "#meteoric", "uv": [ 34.0, 35.5, 34.5, 38.0 ] },
								"west": { "texture": "#meteoric", "uv": [ 33.0, 35.5, 34.0, 38.0 ] },
								"down": { "texture": "#meteoric", "uv": [ 32.5, 38.0, 33.0, 39.0 ] }
							},
							"children": [
								{
									"name": "ArmorOcularL",
									"from": [ 0.0, 0.5, 1.0 ],
									"to": [ 0.5, 1.5, 3.0 ],
									"autoUnwrap": false,
									"uv": [ 42.0, 36.5 ],
									"rotationOrigin": [ 0.0, 0.5, 1.0 ],
									"faces": {
										"north": { "texture": "#meteoric", "uv": [ 33.5, 35.0, 34.0, 36.0 ] },
										"south": { "texture": "#meteoric", "uv": [ 32.0, 49.0, 32.5, 50.0 ] },
										"west": { "texture": "#meteoric", "uv": [ 46.5, 20.0, 48.5, 21.0 ] },
										"up": { "texture": "#meteoric", "uv": [ 32.0, 46.5, 32.5, 48.5 ] },
										"down": { "texture": "#meteoric", "uv": [ 32.0, 44.5, 32.5, 46.5 ] }
									}
								},
								{
									"name": "ArmorOcularR",
									"from": [ 0.0, 0.5, -2.0 ],
									"to": [ 0.5, 1.5, 0.0 ],
									"autoUnwrap": false,
									"uv": [ 41.5, 18.0 ],
									"rotationOrigin": [ 0.0, 0.5, 0.0 ],
									"faces": {
										"north": { "texture": "#meteoric", "uv": [ 32.0, 45.5, 32.5, 46.5 ] },
										"south": { "texture": "#meteoric", "uv": [ 38.5, 33.5, 39.0, 34.5 ] },
										"west": { "texture": "#meteoric", "uv": [ 42.5, 20.0, 44.5, 21.0 ] },
										"up": { "texture": "#meteoric", "uv": [ 35.5, 42.0, 36.0, 44.0 ] },
										"down": { "texture": "#meteoric", "uv": [ 38.5, 30.5, 39.0, 32.5 ] }
									}
								},
								{
									"name": "R",
									"from": [ 0.0, 1.0, -2.5 ],
									"to": [ 0.7, 2.5, -2.0 ],
									"autoUnwrap": false,
									"uv": [ 37.0, 21.0 ],
									"rotationOrigin": [ 0.0, 1.0, -2.5 ],
									"faces": {
										"north": { "texture": "#meteoric", "uv": [ 39.0, 24.0, 39.5, 25.5 ] },
										"south": { "texture": "#meteoric", "uv": [ 33.5, 35.5, 34.0, 37.0 ] },
										"west": { "texture": "#meteoric", "uv": [ 39.0, 25.5, 39.5, 27.0 ] },
										"down": { "texture": "#meteoric", "uv": [ 39.0, 24.5, 39.5, 25.0 ] }
									}
								},
								{
									"name": "L",
									"from": [ 0.0, 1.0, 3.0 ],
									"to": [ 0.7, 2.5, 3.5 ],
									"autoUnwrap": false,
									"uv": [ 37.0, 21.0 ],
									"rotationOrigin": [ 0.0, 1.0, 3.0 ],
									"faces": {
										"north": { "texture": "#meteoric", "uv": [ 39.0, 24.0, 39.5, 25.5 ] },
										"south": { "texture": "#meteoric", "uv": [ 33.5, 35.5, 34.0, 37.0 ] },
										"west": { "texture": "#meteoric", "uv": [ 39.0, 25.5, 39.5, 27.0 ] },
										"down": { "texture": "#meteoric", "uv": [ 39.0, 24.5, 39.5, 25.0 ] }
									}
								}
							]
						},
						{
							"name": "ArmorHelmetNasal2",
							"from": [ -1.0, -1.7, 2.6 ],
							"to": [ -0.5, 0.8, 3.6 ],
							"unwrapMode": 1,
							"uv": [ 32.5, 35.5 ],
							"rotationOrigin": [ -1.0, -0.7, 2.6 ],
							"rotationZ": -90.0,
							"faces": {
								"north": { "texture": "#meteoric", "uv": [ 32.5, 35.5, 33.0, 38.0 ] },
								"south": { "texture": "#meteoric", "uv": [ 34.0, 35.5, 34.5, 38.0 ] },
								"west": { "texture": "#meteoric", "uv": [ 33.0, 35.5, 34.0, 38.0 ] },
								"down": { "texture": "#meteoric", "uv": [ 32.5, 38.0, 33.0, 39.0 ] }
							}
						}
					]
				},
				{
					"name": "ArmorHelmetTop",
					"from": [ 0.5, 5.5, 0.5 ],
					"to": [ 6.0, 6.3, 5.7 ],
					"unwrapMode": 1,
					"uv": [ 31.0, 30.0 ],
					"rotationOrigin": [ 0.5, 5.5, 0.5 ],
					"faces": {
						"north": { "texture": "#meteoric", "uv": [ 36.0, 35.0, 41.5, 35.5 ] },
						"east": { "texture": "#meteoric", "uv": [ 31.0, 35.0, 36.0, 35.5 ] },
						"south": { "texture": "#meteoric", "uv": [ 46.5, 35.0, 52.0, 35.5 ] },
						"west": { "texture": "#meteoric", "uv": [ 41.5, 35.0, 46.5, 35.5 ] },
						"up": { "texture": "#meteoric", "uv": [ 36.0, 30.0, 41.5, 35.0 ], "rotation": 180 }
					}
				}
			]
		}
	]}