{
    "code": "banner",
    "class": "Flags.BlockBanner",
    "entityClass": "Flags.Banner",
    "attributes": {
        "patternGroups": ["basic"],
        "shapes": {
            "normal-groundsimple": { "base": "flags:block/wood/banner/normal-groundsimple" },
            "normal-ground": { "base": "flags:block/wood/banner/normal-ground" },
            "normal-wall": { "base": "flags:block/wood/banner/normal-wall" },

            "compact-groundsimple": { "base": "flags:block/wood/banner/compact-groundsimple" },
            "compact-ground": { "base": "flags:block/wood/banner/compact-ground" },
            "compact-wall": { "base": "flags:block/wood/banner/compact-wall" },

            "segment-groundsimple": { "base": "flags:block/wood/banner/segment-groundsimple" },
            "segment-wall": { "base": "flags:block/wood/banner/segment-wall" },

            "bed-vanilla-hay": { "base": "flags:block/bannercontainable/bed/vanilla-hay" },
            "bed-vanilla-wood": { "base": "flags:block/bannercontainable/bed/vanilla-wood" },
            "bed-vanilla-woodaged": { "base": "flags:block/bannercontainable/bed/vanilla-woodaged" }
        },
        "ignoredTextureCodesForOverlays": {
            "topsymbol": ["hhb", "bs", "bl", "br", "bt", "bts"],
            "botsymbol": ["hh", "ts", "tl", "tr", "tt", "tts"]
        },
        "textureCodesForOverlays": ["topsymbol", "botsymbol"],
        "textures": {
            "topsymbol": { "base": "game:block/cloth/linen/plain" },
            "botsymbol": { "base": "game:block/cloth/linen/plain" },
            "topsides": { "base": "game:block/cloth/linen/plain" },
            "botsides": { "base": "game:block/cloth/linen/plain" },
            "oak": { "base": "game:block/wood/debarked/oak" },
            "lead": { "base": "game:block/metal/plate/lead" },
            "bark": { "base": "game:block/wood/bark/aged" },
            "string": { "base": "game:block/cloth/banner/magnolia" },

            // #####################
            // ### Patterns (MC) ###
            // #####################

            "topsymbol-b": { "base": "game:block/cloth/linen/{color}" },
            "botsymbol-b": { "base": "game:block/cloth/linen/{color}" },

            "botsymbol-bs": { "base": "flags:block/banner/pattern/mc/stripe_bottom/{color}" },

            "topsymbol-ts": { "base": "flags:block/banner/pattern/mc/stripe_top/{color}" },

            "topsymbol-ls": { "base": "flags:block/banner/pattern/mc/stripe_left/{color}" },
            "botsymbol-ls": { "base": "flags:block/banner/pattern/mc/stripe_left/{color}" },

            "topsymbol-rs": { "base": "flags:block/banner/pattern/mc/stripe_right/{color}" },
            "botsymbol-rs": { "base": "flags:block/banner/pattern/mc/stripe_right/{color}" },

            "topsymbol-cs": { "base": "flags:block/banner/pattern/mc/stripe_center/{color}" },
            "botsymbol-cs": { "base": "flags:block/banner/pattern/mc/stripe_center/{color}" },

            "topsymbol-ms": { "base": "flags:block/banner/pattern/mc/stripe_middle/{color}-top" },
            "botsymbol-ms": { "base": "flags:block/banner/pattern/mc/stripe_middle/{color}-bot" },

            "topsymbol-drs": { "base": "flags:block/banner/pattern/mc/stripe_downright/{color}-top" },
            "botsymbol-drs": { "base": "flags:block/banner/pattern/mc/stripe_downright/{color}-bot" },

            "topsymbol-dls": { "base": "flags:block/banner/pattern/mc/stripe_downleft/{color}-top" },
            "botsymbol-dls": { "base": "flags:block/banner/pattern/mc/stripe_downleft/{color}-bot" },

            "topsymbol-ss": { "base": "flags:block/banner/pattern/mc/small_stripes/{color}" },
            "botsymbol-ss": { "base": "flags:block/banner/pattern/mc/small_stripes/{color}" },

            "topsymbol-cr": { "base": "flags:block/banner/pattern/mc/cross/{color}-top" },
            "botsymbol-cr": { "base": "flags:block/banner/pattern/mc/cross/{color}-bot" },

            "topsymbol-sc": { "base": "flags:block/banner/pattern/mc/straight_cross/{color}-top" },
            "botsymbol-sc": { "base": "flags:block/banner/pattern/mc/straight_cross/{color}-bot" },

            "topsymbol-ld": { "base": "flags:block/banner/pattern/mc/diagonal_left/{color}-top" },
            "botsymbol-ld": { "base": "flags:block/banner/pattern/mc/diagonal_left/{color}-bot" },

            "topsymbol-rud": { "base": "flags:block/banner/pattern/mc/diagonal_right/{color}-top" },
            "botsymbol-rud": { "base": "flags:block/banner/pattern/mc/diagonal_right/{color}-bot" },

            "topsymbol-lud": { "base": "flags:block/banner/pattern/mc/diagonal_up_left/{color}-top" },
            "botsymbol-lud": { "base": "flags:block/banner/pattern/mc/diagonal_up_left/{color}-bot" },

            "topsymbol-rd": { "base": "flags:block/banner/pattern/mc/diagonal_up_right/{color}-top" },
            "botsymbol-rd": { "base": "flags:block/banner/pattern/mc/diagonal_up_right/{color}-bot" },

            "topsymbol-vh": { "base": "flags:block/banner/pattern/mc/half_vertical/{color}" },
            "botsymbol-vh": { "base": "flags:block/banner/pattern/mc/half_vertical/{color}" },

            "topsymbol-vhr": { "base": "flags:block/banner/pattern/mc/half_vertical_right/{color}" },
            "botsymbol-vhr": { "base": "flags:block/banner/pattern/mc/half_vertical_right/{color}" },

            "topsymbol-hh": { "base": "game:block/cloth/linen/{color}" },

            "botsymbol-hhb": { "base": "game:block/cloth/linen/{color}" },

            "botsymbol-bl": { "base": "flags:block/banner/pattern/mc/square_bottom_left/{color}" },

            "botsymbol-br": { "base": "flags:block/banner/pattern/mc/square_bottom_right/{color}" },

            "topsymbol-tl": { "base": "flags:block/banner/pattern/mc/square_top_left/{color}" },

            "topsymbol-tr": { "base": "flags:block/banner/pattern/mc/square_top_right/{color}" },

            "botsymbol-bt": { "base": "flags:block/banner/pattern/mc/triangle_bottom/{color}" },

            "topsymbol-tt": { "base": "flags:block/banner/pattern/mc/triangle_top/{color}" },

            "botsymbol-bts": { "base": "flags:block/banner/pattern/mc/triangles_bottom/{color}" },

            "topsymbol-tts": { "base": "flags:block/banner/pattern/mc/triangles_top/{color}" },

            "topsymbol-mc": { "base": "flags:block/banner/pattern/mc/circle/{color}-top" },
            "botsymbol-mc": { "base": "flags:block/banner/pattern/mc/circle/{color}-bot" },

            "topsymbol-mr": { "base": "flags:block/banner/pattern/mc/rhombus/{color}-top" },
            "botsymbol-mr": { "base": "flags:block/banner/pattern/mc/rhombus/{color}-bot" },

            "topsymbol-bo": { "base": "flags:block/banner/pattern/mc/border/{color}-top" },
            "botsymbol-bo": { "base": "flags:block/banner/pattern/mc/border/{color}-bot" },

            "topsymbol-cbo": { "base": "flags:block/banner/pattern/mc/curly_border/{color}-top" },
            "botsymbol-cbo": { "base": "flags:block/banner/pattern/mc/curly_border/{color}-bot" },

            "topsymbol-bri": { "base": "flags:block/banner/pattern/mc/bricks/{color}" },
            "botsymbol-bri": { "base": "flags:block/banner/pattern/mc/bricks/{color}" },

            "topsymbol-gra": { "base": "flags:block/banner/pattern/mc/gradient/{color}-top" },
            "botsymbol-gra": { "base": "flags:block/banner/pattern/mc/gradient/{color}-bot" },

            "topsymbol-gru": { "base": "flags:block/banner/pattern/mc/gradient_up/{color}-top" },
            "botsymbol-gru": { "base": "flags:block/banner/pattern/mc/gradient_up/{color}-bot" },

            // #########################
            // ### Patterns (Other) ###
            // #########################

            "topsymbol-checker2x4": { "base": "flags:block/banner/pattern/other/checkered/2x4/{color}" },
            "botsymbol-checker2x4": { "base": "flags:block/banner/pattern/other/checkered/2x4/{color}" },

            "topsymbol-checker2x4i": { "base": "flags:block/banner/pattern/other/checkered/2x4_inverted/{color}" },
            "botsymbol-checker2x4i": { "base": "flags:block/banner/pattern/other/checkered/2x4_inverted/{color}" },

            "topsymbol-checker4x8": { "base": "flags:block/banner/pattern/other/checkered/4x8/{color}" },
            "botsymbol-checker4x8": { "base": "flags:block/banner/pattern/other/checkered/4x8/{color}" },

            "topsymbol-checker4x8i": { "base": "flags:block/banner/pattern/other/checkered/4x8_inverted/{color}" },
            "botsymbol-checker4x8i": { "base": "flags:block/banner/pattern/other/checkered/4x8_inverted/{color}" },

            "topsymbol-checker5x10": { "base": "flags:block/banner/pattern/other/checkered/5x10/{color}" },
            "botsymbol-checker5x10": { "base": "flags:block/banner/pattern/other/checkered/5x10_inverted/{color}" },

            "topsymbol-checker5x10i": { "base": "flags:block/banner/pattern/other/checkered/5x10_inverted/{color}" },
            "botsymbol-checker5x10i": { "base": "flags:block/banner/pattern/other/checkered/5x10/{color}" },

            "topsymbol-checker8x16": { "base": "flags:block/banner/pattern/other/checkered/8x16/{color}" },
            "botsymbol-checker8x16": { "base": "flags:block/banner/pattern/other/checkered/8x16/{color}" },

            "topsymbol-checker8x16i": { "base": "flags:block/banner/pattern/other/checkered/8x16_inverted/{color}" },
            "botsymbol-checker8x16i": { "base": "flags:block/banner/pattern/other/checkered/8x16_inverted/{color}" },

            "topsymbol-ssh": { "base": "flags:block/banner/pattern/other/small_stripes_horizontal/{color}" },
            "botsymbol-ssh": { "base": "flags:block/banner/pattern/other/small_stripes_horizontal/{color}" },

            "topsymbol-yang": { "base": "flags:block/banner/pattern/other/yinyang/yang/{color}-top" },
            "botsymbol-yang": { "base": "flags:block/banner/pattern/other/yinyang/yang/{color}-bot" },

            "topsymbol-yin": { "base": "flags:block/banner/pattern/other/yinyang/yin/{color}-top" },
            "botsymbol-yin": { "base": "flags:block/banner/pattern/other/yinyang/yin/{color}-bot" },

            "topsymbol-rt_b": { "base": "flags:block/banner/pattern/other/regular_triangle/bot/{color}-top" },
            "botsymbol-rt_b": { "base": "flags:block/banner/pattern/other/regular_triangle/bot/{color}-bot" },

            "topsymbol-rt_t": { "base": "flags:block/banner/pattern/other/regular_triangle/top/{color}-top" },
            "botsymbol-rt_t": { "base": "flags:block/banner/pattern/other/regular_triangle/top/{color}-bot" },

            "topsymbol-crescent_left": { "base": "flags:block/banner/pattern/other/crescent/left/{color}-top" },
            "botsymbol-crescent_left": { "base": "flags:block/banner/pattern/other/crescent/left/{color}-bot" },

            "topsymbol-crescent_right": { "base": "flags:block/banner/pattern/other/crescent/right/{color}-top" },
            "botsymbol-crescent_right": { "base": "flags:block/banner/pattern/other/crescent/right/{color}-bot" },

            "topsymbol-circle_large": { "base": "flags:block/banner/pattern/other/circle_large/{color}-top" },
            "botsymbol-circle_large": { "base": "flags:block/banner/pattern/other/circle_large/{color}-bot" },

            "topsymbol-globe": { "base": "flags:block/banner/pattern/other/globe/{color}-top" },
            "botsymbol-globe": { "base": "flags:block/banner/pattern/other/globe/{color}-bot" },

            "topsymbol-fleur_de_lis": { "base": "flags:block/banner/pattern/other/fleur_de_lis/{color}-top" },
            "botsymbol-fleur_de_lis": { "base": "flags:block/banner/pattern/other/fleur_de_lis/{color}-bot" },

            "topsymbol-flower": { "base": "flags:block/banner/pattern/other/flower/{color}-top" },
            "botsymbol-flower": { "base": "flags:block/banner/pattern/other/flower/{color}-bot" },

            "topsymbol-moby_dick": { "base": "flags:block/banner/pattern/other/moby_dick/{color}-top" },
            "botsymbol-moby_dick": { "base": "flags:block/banner/pattern/other/moby_dick/{color}-bot" },

            "topsymbol-sad_catfish": { "base": "flags:block/banner/pattern/other/sad_catfish/{color}-top" },
            "botsymbol-sad_catfish": { "base": "flags:block/banner/pattern/other/sad_catfish/{color}-bot" },

            "topsymbol-skull": { "base": "flags:block/banner/pattern/other/skull/{color}-top" },
            "botsymbol-skull": { "base": "flags:block/banner/pattern/other/skull/{color}-bot" },

            "topsymbol-suit_clubs": { "base": "flags:block/banner/pattern/other/suit_clubs/{color}-top" },
            "botsymbol-suit_clubs": { "base": "flags:block/banner/pattern/other/suit_clubs/{color}-bot" },

            "topsymbol-suit_hearts": { "base": "flags:block/banner/pattern/other/suit_hearts/{color}-top" },
            "botsymbol-suit_hearts": { "base": "flags:block/banner/pattern/other/suit_hearts/{color}-bot" },

            "topsymbol-suit_spades": { "base": "flags:block/banner/pattern/other/suit_spades/{color}-top" },
            "botsymbol-suit_spades": { "base": "flags:block/banner/pattern/other/suit_spades/{color}-bot" },

            "topsymbol-lion_left": { "base": "flags:block/banner/pattern/other/lion/left/{color}-top" },
            "botsymbol-lion_left": { "base": "flags:block/banner/pattern/other/lion/left/{color}-bot" },

            "topsymbol-lion_right": { "base": "flags:block/banner/pattern/other/lion/right/{color}-top" },
            "botsymbol-lion_right": { "base": "flags:block/banner/pattern/other/lion/right/{color}-bot" },

            // #####################
            // ### Patterns (VS) ###
            // #####################

            "topsymbol-hansa_fish": { "base": "flags:block/banner/pattern/vs/hansa/fish/{color}-top" },
            "botsymbol-hansa_fish": { "base": "flags:block/banner/pattern/vs/hansa/fish/{color}-bot" },

            "topsymbol-hansa_keys": { "base": "flags:block/banner/pattern/vs/hansa/keys/{color}-top" },
            "botsymbol-hansa_keys": { "base": "flags:block/banner/pattern/vs/hansa/keys/{color}-bot" },

            "topsymbol-hansa_largefish": { "base": "flags:block/banner/pattern/vs/hansa/largefish/{color}-top" },
            "botsymbol-hansa_largefish": { "base": "flags:block/banner/pattern/vs/hansa/largefish/{color}-bot" },

            "topsymbol-hansa_ship": { "base": "flags:block/banner/pattern/vs/hansa/ship/{color}-top" },
            "botsymbol-hansa_ship": { "base": "flags:block/banner/pattern/vs/hansa/ship/{color}-bot" },

            "topsymbol-hansa_town": { "base": "flags:block/banner/pattern/vs/hansa/town/{color}-top" },
            "botsymbol-hansa_town": { "base": "flags:block/banner/pattern/vs/hansa/town/{color}-bot" },

            "topsymbol-vs_cookie": { "base": "flags:block/banner/pattern/vs/cookie/{color}-top" },
            "botsymbol-vs_cookie": { "base": "flags:block/banner/pattern/vs/cookie/{color}-bot" },

            "topsymbol-vs_drifter": { "base": "flags:block/banner/pattern/vs/drifter/{color}-top" },
            "botsymbol-vs_drifter": { "base": "flags:block/banner/pattern/vs/drifter/{color}-bot" },

            "topsymbol-vs_eidolon": { "base": "flags:block/banner/pattern/vs/eidolon/{color}-top" },
            "botsymbol-vs_eidolon": { "base": "flags:block/banner/pattern/vs/eidolon/{color}-bot" },

            "topsymbol-vs_elk": { "base": "flags:block/banner/pattern/vs/elk/{color}-top" },
            "botsymbol-vs_elk": { "base": "flags:block/banner/pattern/vs/elk/{color}-bot" },

            "topsymbol-vs_falx_left": { "base": "flags:block/banner/pattern/vs/falx/left/{color}-top" },
            "botsymbol-vs_falx_left": { "base": "flags:block/banner/pattern/vs/falx/left/{color}-bot" },

            "topsymbol-vs_falx_right": { "base": "flags:block/banner/pattern/vs/falx/right/{color}-top" },
            "botsymbol-vs_falx_right": { "base": "flags:block/banner/pattern/vs/falx/right/{color}-bot" },

            "topsymbol-vs_logo": { "base": "flags:block/banner/pattern/vs/logo/{color}-top" },
            "botsymbol-vs_logo": { "base": "flags:block/banner/pattern/vs/logo/{color}-bot" }
        },
        "selectionBoxes": {
            "normal-wall": [{ "x1": 0, "y1": 0, "z1": 0, "x2": 1, "y2": 1, "z2": 0.125 }],
            "normal-ground": [{ "x1": 0.3125, "y1": 0, "z1": 0.3125, "x2": 0.6875, "y2": 1, "z2": 0.6875 }],
            "normal-groundsimple": [{ "x1": 0, "y1": 0, "z1": 0.4375, "x2": 1, "y2": 1, "z2": 0.5625 }],

            "compact-wall": [{ "x1": 0, "y1": 0, "z1": 0, "x2": 1, "y2": 1, "z2": 0.125 }],
            "compact-ground": [{ "x1": 0.3125, "y1": 0, "z1": 0.3125, "x2": 0.6875, "y2": 1, "z2": 0.6875 }],
            "compact-groundsimple": [{ "x1": 0, "y1": 0, "z1": 0.4375, "x2": 1, "y2": 1, "z2": 0.5625 }],

            "segment-wall": [{ "x1": 0, "y1": 0, "z1": 0, "x2": 1, "y2": 1, "z2": 0.125 }],
            "segment-groundsimple": [{ "x1": 0, "y1": 0, "z1": 0.4375, "x2": 1, "y2": 1, "z2": 0.5625 }]
        },
        "collisionBoxes": { "*": [{ "x1": 0, "y1": 0, "z1": 0, "x2": 0, "y2": 0, "z2": 0 }] },
        "defaultPlacement": "compact-wall",
        "defaultHorizontalPlacement": "compact-wall",
        "defaultVerticalPlacement": "compact-groundsimple",
        "defaultModes": {
            // "displayonmap": "off",
            "pickup": "off",
            "wind": "on",
            "editmode": "on",
            "saverotations": "off"
        },

        "bannerPreviewHudTransform": {
          "rotation": { "x": 0, "y": 180, "z": 0 },
          "origin": { "x": 0.5, "y": 0, "z": 0 },
          "scaleXyz": { "x": -0.85, "y": 0.85, "z": 0.85 }
        },

        "bannerOnBoatTransform": {
            "translation": { "x": 0, "y": 0, "z": 0 },
            "rotation": { "x": 0, "y": 0, "z": 0 },
            "origin": { "x": 0.5, "y": 0, "z": 0 },
            "scale": 1
        },

        "bannerOnBoatTransformByBoat": {
            "@sailboat:crude.*": {
              "translation": { "x": -0.045, "y": 2.92, "z": 2.095 },
              "rotation": { "x": 0, "y": 90, "z": 0 },
              "origin": { "x": 0.5, "y": 0, "z": 0 }
            },
            "@sailboat:(cargosailboat|sailboat).*": {
              "translation": { "x": -0.04, "y": 3.2, "z": 1.905 },
              "rotation": { "x": 0, "y": 90, "z": 0 },
              "origin": { "x": 0.5, "y": 0, "z": 0 }
            },

            "@game:boat-raft.*bamboo": {
              "translation": { "x": 0, "y": 0.4, "z": 0.1 },
              "origin": { "x": 0.5, "y": 0, "z": 0 }
            },
            "@game:boat-raft.*": {
              "translation": { "x": 0, "y": 0.4, "z": -0.025 },
              "origin": { "x": 0.5, "y": 0, "z": 0 }
            }
        },
        
        "placementByBoat": {
            "@game:boat-raft.*": "compact-groundsimple"
        },

        // "showDebugInfo": true,
        // all of these attributes below are used only to pregenerate textures with command
        "colors": ["blue", "brown", "gray", "black", "green", "orange", "pink", "purple", "red", "white", "yellow"],
        "topTexturePrefix": "game:block/cloth/linen/",
        "ignoredTextureCodesForGeneratingTextures": ["topsymbol", "botsymbol", "topsides", "botsides", "oak", "lead", "bark", "string"]
    },
    "creativeInventoryStacks": [
        {
            "tabs": ["general", "decorative", "flags"],
            "stacks": [
                // ###################
                // ### Base Colors ###
                // ###################

                { "type": "block", "code": "banner", "attributes": { "banner": { "layers": { "0-b": "plain" } } } },
                { "type": "block", "code": "banner", "attributes": { "banner": { "layers": { "0-b": "blue" } } } },
                { "type": "block", "code": "banner", "attributes": { "banner": { "layers": { "0-b": "brown" } } } },
                { "type": "block", "code": "banner", "attributes": { "banner": { "layers": { "0-b": "gray" } } } },
                { "type": "block", "code": "banner", "attributes": { "banner": { "layers": { "0-b": "black" } } } },
                { "type": "block", "code": "banner", "attributes": { "banner": { "layers": { "0-b": "green" } } } },
                { "type": "block", "code": "banner", "attributes": { "banner": { "layers": { "0-b": "orange" } } } },
                { "type": "block", "code": "banner", "attributes": { "banner": { "layers": { "0-b": "pink" } } } },
                { "type": "block", "code": "banner", "attributes": { "banner": { "layers": { "0-b": "purple" } } } },
                { "type": "block", "code": "banner", "attributes": { "banner": { "layers": { "0-b": "red" } } } },
                { "type": "block", "code": "banner", "attributes": { "banner": { "layers": { "0-b": "white" } } } },
                { "type": "block", "code": "banner", "attributes": { "banner": { "layers": { "0-b": "yellow" } } } },

                // #####################
                // ### Patterns (MC) ###
                // #####################

                { "type": "block", "code": "banner", "attributes": { "banner": { "layers": { "0-b": "plain", "1-bs": "black" } } } },
                { "type": "block", "code": "banner", "attributes": { "banner": { "layers": { "0-b": "plain", "1-ts": "black" } } } },
                { "type": "block", "code": "banner", "attributes": { "banner": { "layers": { "0-b": "plain", "1-ls": "black" } } } },
                { "type": "block", "code": "banner", "attributes": { "banner": { "layers": { "0-b": "plain", "1-rs": "black" } } } },
                { "type": "block", "code": "banner", "attributes": { "banner": { "layers": { "0-b": "plain", "1-cs": "black" } } } },
                { "type": "block", "code": "banner", "attributes": { "banner": { "layers": { "0-b": "plain", "1-ms": "black" } } } },
                { "type": "block", "code": "banner", "attributes": { "banner": { "layers": { "0-b": "plain", "1-drs": "black" } } } },
                { "type": "block", "code": "banner", "attributes": { "banner": { "layers": { "0-b": "plain", "1-dls": "black" } } } },
                { "type": "block", "code": "banner", "attributes": { "banner": { "layers": { "0-b": "plain", "1-ss": "black" } } } },
                { "type": "block", "code": "banner", "attributes": { "banner": { "layers": { "0-b": "plain", "1-cr": "black" } } } },
                { "type": "block", "code": "banner", "attributes": { "banner": { "layers": { "0-b": "plain", "1-sc": "black" } } } },
                { "type": "block", "code": "banner", "attributes": { "banner": { "layers": { "0-b": "plain", "1-ld": "black" } } } },
                { "type": "block", "code": "banner", "attributes": { "banner": { "layers": { "0-b": "plain", "1-rud": "black" } } } },
                { "type": "block", "code": "banner", "attributes": { "banner": { "layers": { "0-b": "plain", "1-lud": "black" } } } },
                { "type": "block", "code": "banner", "attributes": { "banner": { "layers": { "0-b": "plain", "1-rd": "black" } } } },
                { "type": "block", "code": "banner", "attributes": { "banner": { "layers": { "0-b": "plain", "1-vh": "black" } } } },
                { "type": "block", "code": "banner", "attributes": { "banner": { "layers": { "0-b": "plain", "1-vhr": "black" } } } },
                { "type": "block", "code": "banner", "attributes": { "banner": { "layers": { "0-b": "plain", "1-hh": "black" } } } },
                { "type": "block", "code": "banner", "attributes": { "banner": { "layers": { "0-b": "plain", "1-hhb": "black" } } } },
                { "type": "block", "code": "banner", "attributes": { "banner": { "layers": { "0-b": "plain", "1-bl": "black" } } } },
                { "type": "block", "code": "banner", "attributes": { "banner": { "layers": { "0-b": "plain", "1-br": "black" } } } },
                { "type": "block", "code": "banner", "attributes": { "banner": { "layers": { "0-b": "plain", "1-tl": "black" } } } },
                { "type": "block", "code": "banner", "attributes": { "banner": { "layers": { "0-b": "plain", "1-tr": "black" } } } },
                { "type": "block", "code": "banner", "attributes": { "banner": { "layers": { "0-b": "plain", "1-bt": "black" } } } },
                { "type": "block", "code": "banner", "attributes": { "banner": { "layers": { "0-b": "plain", "1-tt": "black" } } } },
                { "type": "block", "code": "banner", "attributes": { "banner": { "layers": { "0-b": "plain", "1-bts": "black" } } } },
                { "type": "block", "code": "banner", "attributes": { "banner": { "layers": { "0-b": "plain", "1-tts": "black" } } } },
                { "type": "block", "code": "banner", "attributes": { "banner": { "layers": { "0-b": "plain", "1-mc": "black" } } } },
                { "type": "block", "code": "banner", "attributes": { "banner": { "layers": { "0-b": "plain", "1-mr": "black" } } } },
                { "type": "block", "code": "banner", "attributes": { "banner": { "layers": { "0-b": "plain", "1-bo": "black" } } } },
                { "type": "block", "code": "banner", "attributes": { "banner": { "layers": { "0-b": "plain", "1-cbo": "black" } } } },
                { "type": "block", "code": "banner", "attributes": { "banner": { "layers": { "0-b": "plain", "1-bri": "black" } } } },
                { "type": "block", "code": "banner", "attributes": { "banner": { "layers": { "0-b": "plain", "1-gra": "black" } } } },
                { "type": "block", "code": "banner", "attributes": { "banner": { "layers": { "0-b": "plain", "1-gru": "black" } } } },

                // ########################
                // ### Patterns (Other) ###
                // ########################

                { "type": "block", "code": "banner", "attributes": { "banner": { "layers": { "0-b": "plain", "1-ssh": "black" } } } },
                { "type": "block", "code": "banner", "attributes": { "banner": { "layers": { "0-b": "plain", "1-rt_b": "black" } } } },
                { "type": "block", "code": "banner", "attributes": { "banner": { "layers": { "0-b": "plain", "1-rt_t": "black" } } } },
                { "type": "block", "code": "banner", "attributes": { "banner": { "layers": { "0-b": "plain", "1-circle_large": "black" } } } },

                // #############################
                // ### Rare Patterns (Other) ###
                // #############################

                { "type": "block", "code": "banner", "attributes": { "banner": { "layers": { "0-b": "plain", "1-checker2x4": "black" } } } },
                { "type": "block", "code": "banner", "attributes": { "banner": { "layers": { "0-b": "plain", "1-checker2x4i": "black" } } } },
                { "type": "block", "code": "banner", "attributes": { "banner": { "layers": { "0-b": "plain", "1-checker4x8": "black" } } } },
                { "type": "block", "code": "banner", "attributes": { "banner": { "layers": { "0-b": "plain", "1-checker4x8i": "black" } } } },
                { "type": "block", "code": "banner", "attributes": { "banner": { "layers": { "0-b": "plain", "1-checker5x10": "black" } } } },
                { "type": "block", "code": "banner", "attributes": { "banner": { "layers": { "0-b": "plain", "1-checker5x10i": "black" } } } },
                { "type": "block", "code": "banner", "attributes": { "banner": { "layers": { "0-b": "plain", "1-checker8x16": "black" } } } },
                { "type": "block", "code": "banner", "attributes": { "banner": { "layers": { "0-b": "plain", "1-checker8x16i": "black" } } } },
                { "type": "block", "code": "banner", "attributes": { "banner": { "layers": { "0-b": "plain", "1-yang": "black" } } } },
                { "type": "block", "code": "banner", "attributes": { "banner": { "layers": { "0-b": "plain", "1-yin": "black" } } } },
                { "type": "block", "code": "banner", "attributes": { "banner": { "layers": { "0-b": "plain", "1-crescent_left": "black" } } } },
                { "type": "block", "code": "banner", "attributes": { "banner": { "layers": { "0-b": "plain", "1-crescent_right": "black" } } } },
                { "type": "block", "code": "banner", "attributes": { "banner": { "layers": { "0-b": "plain", "1-globe": "black" } } } },
                { "type": "block", "code": "banner", "attributes": { "banner": { "layers": { "0-b": "plain", "1-fleur_de_lis": "black" } } } },
                { "type": "block", "code": "banner", "attributes": { "banner": { "layers": { "0-b": "plain", "1-flower": "black" } } } },
                { "type": "block", "code": "banner", "attributes": { "banner": { "layers": { "0-b": "plain", "1-moby_dick": "black" } } } },
                { "type": "block", "code": "banner", "attributes": { "banner": { "layers": { "0-b": "plain", "1-sad_catfish": "black" } } } },
                { "type": "block", "code": "banner", "attributes": { "banner": { "layers": { "0-b": "plain", "1-skull": "black" } } } },
                { "type": "block", "code": "banner", "attributes": { "banner": { "layers": { "0-b": "plain", "1-suit_clubs": "black" } } } },
                { "type": "block", "code": "banner", "attributes": { "banner": { "layers": { "0-b": "plain", "1-suit_hearts": "black" } } } },
                { "type": "block", "code": "banner", "attributes": { "banner": { "layers": { "0-b": "plain", "1-suit_spades": "black" } } } },
                { "type": "block", "code": "banner", "attributes": { "banner": { "layers": { "0-b": "plain", "1-lion_left": "black" } } } },
                { "type": "block", "code": "banner", "attributes": { "banner": { "layers": { "0-b": "plain", "1-lion_right": "black" } } } },

                // ##########################
                // ### Rare Patterns (VS) ###
                // ##########################

                { "type": "block", "code": "banner", "attributes": { "banner": { "layers": { "0-b": "plain", "1-hansa_fish": "black" } } } },
                { "type": "block", "code": "banner", "attributes": { "banner": { "layers": { "0-b": "plain", "1-hansa_keys": "black" } } } },
                { "type": "block", "code": "banner", "attributes": { "banner": { "layers": { "0-b": "plain", "1-hansa_largefish": "black" } } } },
                { "type": "block", "code": "banner", "attributes": { "banner": { "layers": { "0-b": "plain", "1-hansa_ship": "black" } } } },
                { "type": "block", "code": "banner", "attributes": { "banner": { "layers": { "0-b": "plain", "1-hansa_town": "black" } } } },

                { "type": "block", "code": "banner", "attributes": { "banner": { "layers": { "0-b": "plain", "1-vs_cookie": "black" } } } },
                { "type": "block", "code": "banner", "attributes": { "banner": { "layers": { "0-b": "plain", "1-vs_drifter": "black" } } } },
                { "type": "block", "code": "banner", "attributes": { "banner": { "layers": { "0-b": "plain", "1-vs_eidolon": "black" } } } },
                { "type": "block", "code": "banner", "attributes": { "banner": { "layers": { "0-b": "plain", "1-vs_elk": "black" } } } },
                { "type": "block", "code": "banner", "attributes": { "banner": { "layers": { "0-b": "plain", "1-vs_falx_left": "black" } } } },
                { "type": "block", "code": "banner", "attributes": { "banner": { "layers": { "0-b": "plain", "1-vs_falx_right": "black" } } } },
                { "type": "block", "code": "banner", "attributes": { "banner": { "layers": { "0-b": "plain", "1-vs_logo": "black" } } } }
            ]
        }
    ],
    "entityBehaviors": [
        { "name": "Flags.Banner.Rotatable" },
        {
            "name": "Flags.Banner.WrenchOrientable",
            "properties": {
                "placements": {
                    "group0": ["normal-ground", "compact-ground", "normal-groundsimple", "compact-groundsimple", "segment-groundsimple"],
                    "group1": ["normal-wall", "compact-wall", "segment-wall"]
                },
                "placementBaseCodes": {
                    "normal-ground": "group0",
                    "compact-ground": "group0",
                    "normal-groundsimple": "group0",
                    "compact-groundsimple": "group0",
                    "segment-groundsimple": "group0",

                    "normal-wall": "group1",
                    "compact-wall": "group1",
                    "segment-wall": "group1"
                }
            }
        }
    ],
    "behaviors": [
        {
            "name": "Flags.BannerName",
            "properties": {
                "parts": ["flags:block-banner", " (", "color-color_placeholder", ")"],
                "replacePart": "color_placeholder",
                "defaultName": "flags:block-banner"
            }
        },
        { "name": "Flags.BannerInteractions" },
        {
            "name": "Flags.BannerToolModes",
            "properties": {
                /*
                    Possible values:
                    - displayonmap       = on, off, group
                    - editmode          = on, off
                    - pickup            = on, off
                    - saverotations     = on, off
                    - wind              = on, off
                */
                "toolModes": [
                    {
                        "icon": "flags:textures/icons/toolmode/pickup-on.svg",
                        "SetAttribute": { "Key": "pickup", "Value": "on" }
                    },
                    {
                        "icon": "flags:textures/icons/toolmode/pickup-off.svg",
                        "SetAttribute": { "Key": "pickup", "Value": "off" }
                    },
                    {
                        "icon": "flags:textures/icons/toolmode/wind-on.svg",
                        "SetAttribute": { "Key": "wind", "Value": "on" },
                        "linebreak": true
                    },
                    {
                        "icon": "flags:textures/icons/toolmode/wind-off.svg",
                        "SetAttribute": { "Key": "wind", "Value": "off" }
                    },
                    {
                        "icon": "flags:textures/icons/toolmode/editmode-on.svg",
                        "SetAttribute": { "Key": "editmode", "Value": "on" },
                        "linebreak": true
                    },
                    {
                        "icon": "flags:textures/icons/toolmode/editmode-off.svg",
                        "SetAttribute": { "Key": "editmode", "Value": "off" }
                    },
                    {
                        "icon": "flags:textures/icons/toolmode/saverotations-on.svg",
                        "SetAttribute": { "Key": "saverotations", "Value": "on" },
                        "linebreak": true
                    },
                    {
                        "icon": "flags:textures/icons/toolmode/saverotations-off.svg",
                        "SetAttribute": { "Key": "saverotations", "Value": "off" }
                    }
                ]
            }
        }
    ],
    "maxStackSize": 16,
    "blockmaterial": "Wood",
    "replaceable": 900,
    "resistance": 1.5,
    "lightAbsorption": 0,
    "rainPermeable": true,
    "sidesolid": { "all": false },
    "sideopaque": { "all": false },
    "emitSideAo": { "all": false },
    "sounds": {
        "place": "game:block/planks",
        "hit": "game:block/planks",
        "break": "game:block/planks",
        "walk": "game:walk/wood"
    },
    "combustibleProps": {
        "burnTemperature": 400,
        "burnDuration": 15
    },
    "materialDensity": 200,
    "guiTransform": {
        "rotation": { "x": 22, "y": -145, "z": 0 },
        "origin": { "x": 0.5, "y": 0, "z": 0 },
        "scaleXyz": { "x": -0.85, "y": 0.85, "z": 0.85 }
    },
    "tpHandTransform": {
        "translation": { "x": -1.725, "y": -2.1, "z": -2.1 },
        "rotation": { "x": 0, "y": 0, "z": 0 }
    },
    "groundTransform": {
        "translation": { "x": 0, "y": 0, "z": 0 },
        "rotation": { "x": -90, "y": 0, "z": 0 },
        "origin": { "x": 0, "y": 0, "z": 0 },
        "scale": 5
    },
    "collisionBoxes": [{ "x1": 0, "y1": 0, "z1": 0, "x2": 0, "y2": 0, "z2": 0 }]
}
