{
    "code": "coloredleadfrit",
	"variantgroups": [
		{ "code": "type", "states": [ "blue", "red", "yellow", "purple", "green", "orange", "black", "gray", "pink", "white" ] }
	],

	"attributes": {	},
	"shape": { "base": "ceramos:item/resource/crushed/powder" },
    "texture": { "base": "ceramos:item/resource/leadfrit/colored/{type}" },
    "creativeinventory": { "general": ["*"], "items": ["*"], "ceramos": ["*"] },
			
	"maxstacksize": 64,
    "materialDensity": 500,
	"guiTransform": {
		"translation": { "x": -2, "y": 1, "z": -25 },
		"rotation": { "x": 158, "y": 28, "z": 3 },
		"origin": { "x": 0.29, "y": -0.05, "z": 0.8 },
		"scale": 2.5
	},

	"fpHandTransform": {
		"translation": { "x": 0.1, "y": 0.16, "z": 0 },
		"rotation": { "x": 37, "y": 77, "z": 2 },
		"origin": { "x": 0.5, "y": 0.1, "z": 0.5 },
		"scale": 1.95
	},

	"tpHandTransform": {
		"translation": { "x": -1.53, "y": -1.1, "z": -0.7 },
		"rotation": { "x": 19, "y": 26, "z": -83 },
		"scale": 0.48
	},
	
	"groundTransform": {
		"translation": { "x": 0, "y": 0, "z": 0 },
		"rotation": { "x": 3, "y": 1, "z": 0 },
		"origin": { "x": 0.5, "y": 0, "z": 0.5 },
		"scale": 2.65	
	}
}
