{
	"editor": {
		"collapsedPaths": "Root/LowerTorso/UpperTorso/UpperArmR/LowerArmR/origin/billhook/ferule,Root/LowerTorso/UpperTorso/UpperArmR/LowerArmR/origin,Root/LowerTorso/UpperTorso/UpperArmR/LowerArmR/billhook,Root/LowerTorso/UpperTorso/UpperArmR/LowerArmR/origin/billhook/handle,Root/LowerTorso/UpperTorso/UpperArmR/LowerArmR/origin/voulge/ferule",
		"allAngles": true,
		"entityTextureMode": false
	},
	"textureWidth": 64,
	"textureHeight": 64,
	"textureSizes": {
		"seraph": [64,64]
	},
	"textures": {
		"rusty-iron": "block/currency/rusty-iron",
		"oak": "block/wood/debarked/oak",
		"looter": "entity/bandit/looter",
		"string": "item/tool/material/string"
	},
	"elements": [
		{
			"name": "LowerTorso",
			"from": [ 6.0, 15.1, 5.2 ],
			"to": [ 11.0, 19.4, 11.2 ],
			"rotationOrigin": [ 8.0, 15.1, 8.2 ],
			"rotationZ": 3.0,
			"faces": {
				"north": { "texture": "#looter", "uv": [ 25.0, 10.0, 46.0, 15.0 ], "autoUv": false },
				"east": { "texture": "#looter", "uv": [ 57.0, 10.0, 63.0, 15.0 ], "autoUv": false },
				"south": { "texture": "#looter", "uv": [ 52.0, 10.0, 57.0, 15.0 ], "autoUv": false },
				"west": { "texture": "#looter", "uv": [ 46.0, 10.0, 52.0, 15.0 ], "autoUv": false },
				"up": { "texture": "#looter", "uv": [ 48.0, 6.5, 42.0, 9.5 ], "rotation": 90, "autoUv": false },
				"down": { "texture": "#looter", "uv": [ 46.0, 15.0, 40.0, 15.0 ], "rotation": 90, "autoUv": false }
			},
			"children": [
				{
					"name": "UpperTorso",
					"from": [ 0.0, 4.3, -0.15 ],
					"to": [ 5.3, 9.3, 6.15 ],
					"rotationOrigin": [ 2.0, 5.0, 3.0 ],
					"rotationZ": -6.0,
					"faces": {
						"north": { "texture": "#looter", "uv": [ 41.0, 5.0, 46.0, 10.0 ], "autoUv": false },
						"east": { "texture": "#looter", "uv": [ 57.0, 5.0, 63.0, 10.0 ], "autoUv": false },
						"south": { "texture": "#looter", "uv": [ 52.0, 5.0, 57.0, 10.0 ], "autoUv": false },
						"west": { "texture": "#looter", "uv": [ 46.0, 5.0, 52.0, 10.0 ], "autoUv": false },
						"up": { "texture": "#looter", "uv": [ 46.0, 0.0, 52.0, 5.0 ], "rotation": 90, "autoUv": false },
						"down": { "texture": "#looter", "uv": [ 53.5, 5.5, 59.5, 10.5 ], "rotation": 90, "autoUv": false }
					},
					"children": [
						{
							"name": "UpperArmR",
							"from": [ 1.0, -2.1, -1.2 ],
							"to": [ 4.0, 4.9, 0.8 ],
							"rotationOrigin": [ 2.0, 4.7, 0.8 ],
							"rotationX": 10.0,
							"faces": {
								"north": { "texture": "#looter", "uv": [ 33.0, 41.5, 36.0, 48.5 ] },
								"east": { "texture": "#looter", "uv": [ 31.0, 41.5, 33.0, 48.5 ] },
								"south": { "texture": "#looter", "uv": [ 38.0, 41.5, 41.0, 48.5 ] },
								"west": { "texture": "#looter", "uv": [ 36.0, 41.5, 38.0, 48.5 ] },
								"up": { "texture": "#looter", "uv": [ 36.0, 38.5, 38.0, 41.5 ], "rotation": 90 },
								"down": { "texture": "#looter", "uv": [ 36.0, 48.5, 38.0, 51.5 ], "rotation": 90 }
							},
							"children": [
								{
									"name": "LowerArmR",
									"from": [ 0.1, -7.3, 0.1 ],
									"to": [ 2.6, 0.7, 2.1 ],
									"rotationOrigin": [ 1.3, 0.7, 1.1 ],
									"rotationX": -8.0,
									"rotationZ": -6.0,
									"faces": {
										"north": { "texture": "#looter", "uv": [ 33.5, 51.5, 36.0, 59.5 ] },
										"east": { "texture": "#looter", "uv": [ 31.5, 51.5, 33.5, 59.5 ] },
										"south": { "texture": "#looter", "uv": [ 38.0, 51.5, 40.5, 59.5 ] },
										"west": { "texture": "#looter", "uv": [ 36.0, 51.5, 38.0, 59.5 ] },
										"up": { "texture": "#looter", "uv": [ 36.0, 49.0, 38.0, 51.5 ], "rotation": 90 },
										"down": { "texture": "#looter", "uv": [ 36.0, 59.5, 38.0, 62.0 ], "rotation": 90 }
									},
									"children": [
										{
											"name": "origin",
											"from": [ -5.5994, -0.7794, -2.6508 ],
											"to": [ -5.5994, -0.7794, 1.3492 ],
											"rotationOrigin": [ 1.4006, 0.7206, 1.3492 ],
											"rotationX": -1.989,
											"rotationY": -0.209,
											"rotationZ": -2.004,
											"faces": {
												"north": { "texture": "#oak", "uv": [ 0.0, 0.0, 0.5, 0.5 ] },
												"east": { "texture": "#oak", "uv": [ 0.0, 0.0, 4.0, 0.5 ] },
												"south": { "texture": "#oak", "uv": [ 0.0, 0.0, 0.5, 0.5 ] },
												"west": { "texture": "#oak", "uv": [ 0.0, 0.0, 4.0, 0.5 ] },
												"up": { "texture": "#oak", "uv": [ 0.0, 0.0, 0.5, 4.0 ] },
												"down": { "texture": "#oak", "uv": [ 0.0, 0.0, 0.5, 4.0 ] }
											},
											"children": [
												{
													"name": "oak",
													"from": [ 0.0, 1.5, 3.5 ],
													"to": [ 7.0, 2.5, 4.5 ],
													"rotationOrigin": [ 5.0, 2.0, 4.0 ],
													"rotationY": -180.0,
													"faces": {
														"north": { "texture": "#oak", "uv": [ 2.0, 0.0, 9.0, 1.0 ] },
														"east": { "texture": "#oak", "uv": [ 3.0, 2.0, 4.0, 3.0 ] },
														"south": { "texture": "#oak", "uv": [ 2.0, 0.0, 9.0, 1.0 ] },
														"west": { "texture": "#oak", "uv": [ 3.5, 0.5, 4.5, 1.5 ] },
														"up": { "texture": "#oak", "uv": [ 2.0, 0.0, 9.0, 1.0 ] },
														"down": { "texture": "#oak", "uv": [ 2.0, 0.0, 9.0, 1.0 ] }
													},
													"children": [
														{
															"name": "Cube1",
															"from": [ 7.0, -0.1, -0.4 ],
															"to": [ 12.0, 1.3, 1.0 ],
															"rotationOrigin": [ 11.0, 0.6, 0.2 ],
															"rotationX": 1.0,
															"rotationY": 2.0,
															"rotationZ": 1.0,
															"faces": {
																"north": { "texture": "#oak", "uv": [ 0.0, 0.0, 5.0, 1.0 ] },
																"east": { "texture": "#oak", "uv": [ 0.0, 0.0, 1.0, 1.0 ] },
																"south": { "texture": "#oak", "uv": [ 0.0, 0.0, 5.0, 1.0 ] },
																"west": { "texture": "#oak", "uv": [ 0.0, 0.0, 1.0, 1.0 ] },
																"up": { "texture": "#oak", "uv": [ 0.0, 0.0, 5.0, 1.0 ] },
																"down": { "texture": "#oak", "uv": [ 0.0, 0.0, 5.0, 1.0 ] }
															}
														},
														{
															"name": "Cube8",
															"from": [ 11.5, -0.1, -0.4 ],
															"to": [ 18.5, 1.7, 1.4 ],
															"rotationOrigin": [ 15.5, 0.6, 0.1 ],
															"rotationY": -3.0,
															"rotationZ": 2.0,
															"faces": {
																"north": { "texture": "#oak", "uv": [ 0.0, 0.0, 7.0, 1.5 ] },
																"east": { "texture": "#oak", "uv": [ 0.0, 0.0, 1.5, 1.5 ] },
																"south": { "texture": "#oak", "uv": [ 0.0, 0.0, 7.0, 1.5 ] },
																"west": { "texture": "#oak", "uv": [ 0.0, 0.0, 1.5, 1.5 ] },
																"up": { "texture": "#oak", "uv": [ 0.0, 0.0, 7.0, 1.5 ] },
																"down": { "texture": "#oak", "uv": [ 0.0, 0.0, 7.0, 1.5 ] }
															},
															"children": [
																{
																	"name": "nail",
																	"from": [ 1.05, -1.25, 0.28 ],
																	"to": [ 1.55, 2.85, 0.78 ],
																	"rotationOrigin": [ 1.0467, -1.2523, 0.2777 ],
																	"rotationX": 6.008,
																	"rotationY": 2.984,
																	"rotationZ": -0.314,
																	"faces": {
																		"north": { "texture": "#rusty-iron", "uv": [ 4.0, 2.25, 4.5, 6.25 ] },
																		"east": { "texture": "#rusty-iron", "uv": [ 4.0, 1.75, 4.5, 5.75 ] },
																		"south": { "texture": "#rusty-iron", "uv": [ 6.5, 3.0, 7.0, 7.0 ] },
																		"west": { "texture": "#rusty-iron", "uv": [ 3.5, 1.75, 4.0, 5.75 ] },
																		"up": { "texture": "#rusty-iron", "uv": [ 4.0, 1.0, 4.5, 1.5 ] },
																		"down": { "texture": "#rusty-iron", "uv": [ 11.5, 2.75, 12.0, 3.25 ] }
																	}
																},
																{
																	"name": "nail13",
																	"from": [ 5.05, -0.75, 2.28 ],
																	"to": [ 5.55, 3.35, 2.78 ],
																	"rotationOrigin": [ 5.0467, -0.7523, 2.2777 ],
																	"rotationX": -42.0,
																	"rotationY": 11.0,
																	"rotationZ": -0.314,
																	"faces": {
																		"north": { "texture": "#rusty-iron", "uv": [ 4.0, 2.25, 4.5, 6.25 ] },
																		"east": { "texture": "#rusty-iron", "uv": [ 4.0, 1.75, 4.5, 5.75 ] },
																		"south": { "texture": "#rusty-iron", "uv": [ 6.5, 3.0, 7.0, 7.0 ] },
																		"west": { "texture": "#rusty-iron", "uv": [ 3.5, 1.75, 4.0, 5.75 ] },
																		"up": { "texture": "#rusty-iron", "uv": [ 4.0, 1.0, 4.5, 1.5 ] },
																		"down": { "texture": "#rusty-iron", "uv": [ 11.5, 2.75, 12.0, 3.25 ] }
																	}
																},
																{
																	"name": "nail14",
																	"from": [ 3.05, -0.75, -0.72 ],
																	"to": [ 3.55, 3.35, -0.22 ],
																	"rotationOrigin": [ 3.0467, -0.7523, -0.7223 ],
																	"rotationX": 33.0,
																	"rotationY": 11.0,
																	"rotationZ": -0.314,
																	"faces": {
																		"north": { "texture": "#rusty-iron", "uv": [ 4.0, 2.25, 4.5, 6.25 ] },
																		"east": { "texture": "#rusty-iron", "uv": [ 4.0, 1.75, 4.5, 5.75 ] },
																		"south": { "texture": "#rusty-iron", "uv": [ 6.5, 3.0, 7.0, 7.0 ] },
																		"west": { "texture": "#rusty-iron", "uv": [ 3.5, 1.75, 4.0, 5.75 ] },
																		"up": { "texture": "#rusty-iron", "uv": [ 4.0, 1.0, 4.5, 1.5 ] },
																		"down": { "texture": "#rusty-iron", "uv": [ 11.5, 2.75, 12.0, 3.25 ] }
																	}
																},
																{
																	"name": "nail15",
																	"from": [ 2.05, 0.75, 2.98 ],
																	"to": [ 2.55, 4.85, 3.48 ],
																	"rotationOrigin": [ 2.0467, 0.7477, 2.9777 ],
																	"rotationX": -89.0,
																	"rotationY": 2.984,
																	"rotationZ": -0.314,
																	"faces": {
																		"north": { "texture": "#rusty-iron", "uv": [ 4.0, 2.25, 4.5, 6.25 ] },
																		"east": { "texture": "#rusty-iron", "uv": [ 4.0, 1.75, 4.5, 5.75 ] },
																		"south": { "texture": "#rusty-iron", "uv": [ 6.5, 3.0, 7.0, 7.0 ] },
																		"west": { "texture": "#rusty-iron", "uv": [ 3.5, 1.75, 4.0, 5.75 ] },
																		"up": { "texture": "#rusty-iron", "uv": [ 4.0, 1.0, 4.5, 1.5 ] },
																		"down": { "texture": "#rusty-iron", "uv": [ 11.5, 2.75, 12.0, 3.25 ] }
																	}
																}
															]
														},
														{
															"name": "wrap27",
															"from": [ 5.0, -0.1, -0.1 ],
															"to": [ 6.0, 1.1, 1.1 ],
															"rotationOrigin": [ 5.0, 0.5, -0.1 ],
															"faces": {
																"north": { "texture": "#string", "uv": [ 5.0, 4.5, 6.0, 5.5 ] },
																"east": { "texture": "#string", "uv": [ 7.0, 9.0, 8.0, 10.0 ] },
																"south": { "texture": "#string", "uv": [ 7.0, 6.0, 8.0, 7.0 ] },
																"west": { "texture": "#string", "uv": [ 3.0, 5.5, 4.0, 6.5 ] },
																"up": { "texture": "#string", "uv": [ 6.0, 6.5, 7.0, 7.5 ] },
																"down": { "texture": "#string", "uv": [ 5.5, 3.0, 6.5, 4.0 ] }
															},
															"children": [
																{
																	"name": "wrap28",
																	"from": [ -3.8, 0.0, 0.0 ],
																	"to": [ -3.5, 1.2, 1.2 ],
																	"rotationOrigin": [ -3.8, 0.0, 0.0 ],
																	"faces": {
																		"north": { "texture": "#string", "uv": [ 3.5, 3.0, 4.0, 4.0 ] },
																		"east": { "texture": "#string", "uv": [ 3.5, 3.5, 4.5, 4.5 ] },
																		"south": { "texture": "#string", "uv": [ 3.0, 2.5, 3.5, 3.5 ] },
																		"west": { "texture": "#string", "uv": [ 3.5, 3.0, 4.5, 4.0 ] },
																		"up": { "texture": "#string", "uv": [ 4.0, 2.5, 4.5, 3.5 ] },
																		"down": { "texture": "#string", "uv": [ 5.5, 5.0, 6.0, 6.0 ] }
																	}
																},
																{
																	"name": "wrap8",
																	"from": [ -3.5, 0.0, 0.0 ],
																	"to": [ -3.2, 1.2, 1.2 ],
																	"rotationOrigin": [ -3.5, 0.0, 0.0 ],
																	"rotationY": 11.0,
																	"faces": {
																		"north": { "texture": "#string", "uv": [ 0.0, 0.0, 0.25, 1.0 ] },
																		"east": { "texture": "#string", "uv": [ 0.0, 0.0, 1.0, 1.0 ] },
																		"south": { "texture": "#string", "uv": [ 0.0, 0.0, 0.25, 1.0 ] },
																		"west": { "texture": "#string", "uv": [ 0.0, 0.0, 1.0, 1.0 ] },
																		"up": { "texture": "#string", "uv": [ 0.0, 0.0, 0.25, 1.0 ] },
																		"down": { "texture": "#string", "uv": [ 0.0, 0.0, 0.25, 1.0 ] }
																	}
																},
																{
																	"name": "wrap11",
																	"from": [ -1.1, 0.0, 0.0 ],
																	"to": [ -0.8, 1.2, 1.2 ],
																	"rotationOrigin": [ -1.1, 0.0, 0.0 ],
																	"rotationY": -11.0,
																	"faces": {
																		"north": { "texture": "#string", "uv": [ 0.0, 0.0, 0.25, 1.0 ] },
																		"east": { "texture": "#string", "uv": [ 0.0, 0.0, 1.0, 1.0 ] },
																		"south": { "texture": "#string", "uv": [ 0.0, 0.0, 0.25, 1.0 ] },
																		"west": { "texture": "#string", "uv": [ 0.0, 0.0, 1.0, 1.0 ] },
																		"up": { "texture": "#string", "uv": [ 0.0, 0.0, 0.25, 1.0 ] },
																		"down": { "texture": "#string", "uv": [ 0.0, 0.0, 0.25, 1.0 ] }
																	}
																},
																{
																	"name": "wrap9",
																	"from": [ -2.9, 0.0, 0.0 ],
																	"to": [ -2.6, 1.2, 1.2 ],
																	"rotationOrigin": [ -2.9, 0.0, 0.0 ],
																	"rotationY": -11.0,
																	"faces": {
																		"north": { "texture": "#string", "uv": [ 2.0, 1.0, 2.5, 2.0 ] },
																		"east": { "texture": "#string", "uv": [ 3.0, 3.0, 4.0, 4.0 ] },
																		"south": { "texture": "#string", "uv": [ 2.5, 2.5, 3.0, 3.5 ] },
																		"west": { "texture": "#string", "uv": [ 2.5, 1.5, 3.5, 2.5 ] },
																		"up": { "texture": "#string", "uv": [ 3.5, 4.5, 4.0, 5.5 ] },
																		"down": { "texture": "#string", "uv": [ 4.0, 3.5, 4.5, 4.5 ] }
																	}
																},
																{
																	"name": "wrap13",
																	"from": [ -2.6, 0.01, 0.0 ],
																	"to": [ -2.3, 1.21, 1.8 ],
																	"rotationOrigin": [ -2.6, 0.0, 0.0 ],
																	"rotationY": 50.0,
																	"faces": {
																		"north": { "texture": "#string", "uv": [ 2.0, 1.5, 2.5, 2.5 ] },
																		"east": { "texture": "#string", "uv": [ 3.5, 1.0, 5.0, 2.0 ] },
																		"south": { "texture": "#string", "uv": [ 0.5, 0.5, 1.0, 1.5 ] },
																		"west": { "texture": "#string", "uv": [ 0.0, 0.0, 1.5, 1.0 ] },
																		"up": { "texture": "#string", "uv": [ 0.0, 0.0, 0.5, 1.5 ] },
																		"down": { "texture": "#string", "uv": [ 0.0, 0.0, 0.5, 1.5 ] }
																	}
																},
																{
																	"name": "wrap12",
																	"from": [ -2.7, 0.0, 0.0 ],
																	"to": [ -2.4, 1.2, 1.2 ],
																	"rotationOrigin": [ -2.7, 0.0, 0.0 ],
																	"rotationY": 8.0,
																	"faces": {
																		"north": { "texture": "#string", "uv": [ 4.5, 4.0, 5.0, 5.0 ] },
																		"east": { "texture": "#string", "uv": [ 3.5, 3.0, 4.5, 4.0 ] },
																		"south": { "texture": "#string", "uv": [ 4.0, 3.0, 4.5, 4.0 ] },
																		"west": { "texture": "#string", "uv": [ 2.5, 3.0, 3.5, 4.0 ] },
																		"up": { "texture": "#string", "uv": [ 4.0, 6.0, 4.5, 7.0 ] },
																		"down": { "texture": "#string", "uv": [ 8.5, 5.5, 9.0, 6.5 ] }
																	}
																},
																{
																	"name": "wrap10",
																	"from": [ -1.8, 0.01, 0.4 ],
																	"to": [ -1.5, 1.21, 2.1 ],
																	"rotationOrigin": [ -1.8, 0.0, -0.1 ],
																	"rotationY": 53.0,
																	"faces": {
																		"north": { "texture": "#string", "uv": [ 0.0, 0.0, 0.25, 1.0 ] },
																		"east": { "texture": "#string", "uv": [ 0.0, 0.0, 1.5, 1.0 ] },
																		"south": { "texture": "#string", "uv": [ 0.0, 0.0, 0.25, 1.0 ] },
																		"west": { "texture": "#string", "uv": [ 0.0, 0.0, 1.5, 1.0 ] },
																		"up": { "texture": "#string", "uv": [ 0.0, 0.0, 0.25, 1.5 ] },
																		"down": { "texture": "#string", "uv": [ 0.0, 0.0, 0.25, 1.5 ] }
																	}
																}
															]
														}
													]
												}
											]
										}
									],
									"attachmentpoints": [
										{
											"code": "RightHand",
											"posX": "1.0","posY": "1.0","posZ": "1.0",
											"rotationX": "0.0","rotationY": "-180.0","rotationZ": "0.0"
										}
									]
								}
							]
						},
						{
							"name": "UpperArmL",
							"from": [ 1.0, -2.1, 5.4 ],
							"to": [ 4.0, 4.9, 7.4 ],
							"rotationOrigin": [ 2.0, 4.7, 5.2 ],
							"rotationX": -10.0,
							"faces": {
								"north": { "texture": "#looter", "uv": [ 42.0, 41.5, 45.0, 48.5 ] },
								"east": { "texture": "#looter", "uv": [ 50.0, 41.5, 52.0, 48.5 ] },
								"south": { "texture": "#looter", "uv": [ 47.0, 41.5, 50.0, 48.5 ] },
								"west": { "texture": "#looter", "uv": [ 45.0, 41.5, 47.0, 48.5 ] },
								"up": { "texture": "#looter", "uv": [ 45.0, 38.5, 47.0, 41.5 ], "rotation": 90 },
								"down": { "texture": "#looter", "uv": [ 45.0, 48.5, 47.0, 51.5 ], "rotation": 90 }
							},
							"children": [
								{
									"name": "LowerArmL",
									"from": [ 0.2, -7.3, -0.1 ],
									"to": [ 2.7, 0.7, 1.9 ],
									"rotationOrigin": [ 1.4, 0.7, 0.9 ],
									"rotationX": 8.0,
									"rotationZ": -6.0,
									"faces": {
										"north": { "texture": "#looter", "uv": [ 42.5, 51.5, 45.0, 59.5 ] },
										"east": { "texture": "#looter", "uv": [ 49.5, 51.5, 51.5, 59.5 ] },
										"south": { "texture": "#looter", "uv": [ 47.0, 51.5, 49.5, 59.5 ] },
										"west": { "texture": "#looter", "uv": [ 45.0, 51.5, 47.0, 59.5 ] },
										"up": { "texture": "#looter", "uv": [ 45.0, 49.0, 47.0, 51.5 ], "rotation": 90 },
										"down": { "texture": "#looter", "uv": [ 45.0, 59.5, 47.0, 62.0 ], "rotation": 90 }
									},
									"attachmentpoints": [
										{
											"code": "LeftHand",
											"posX": "1.0","posY": "1.0","posZ": "1.0",
											"rotationX": "0.0","rotationY": "-180.0","rotationZ": "0.0"
										}
									]
								}
							]
						},
						{
							"name": "Neck",
							"from": [ 1.5, 3.9, 1.6 ],
							"to": [ 4.5, 7.9, 4.6 ],
							"rotationOrigin": [ 3.2, 3.6, 3.1 ],
							"rotationZ": 12.0,
							"faces": {
								"north": { "texture": "#looter", "uv": [ 12.0, 1.0, 15.0, 5.0 ] },
								"east": { "texture": "#looter", "uv": [ 21.0, 1.0, 24.0, 5.0 ] },
								"south": { "texture": "#looter", "uv": [ 18.0, 1.0, 21.0, 5.0 ] },
								"west": { "texture": "#looter", "uv": [ 15.0, 1.0, 18.0, 5.0 ] }
							},
							"children": [
								{
									"name": "Head",
									"from": [ -1.7, 2.0, -1.0 ],
									"to": [ 4.3, 7.0, 4.0 ],
									"rotationOrigin": [ 2.7, 2.0, 1.5 ],
									"rotationZ": -7.0,
									"faces": {
										"north": { "texture": "#looter", "uv": [ 0.0, 6.0, 6.0, 11.0 ] },
										"east": { "texture": "#looter", "uv": [ 17.0, 6.0, 22.0, 11.0 ] },
										"south": { "texture": "#looter", "uv": [ 11.0, 6.0, 17.0, 11.0 ] },
										"west": { "texture": "#looter", "uv": [ 6.0, 6.0, 11.0, 11.0 ] },
										"up": { "texture": "#looter", "uv": [ 6.0, 0.0, 11.0, 6.0 ], "rotation": 90 },
										"down": { "texture": "#looter", "uv": [ 6.0, 11.0, 11.0, 17.0 ], "rotation": 90 }
									},
									"children": [
										{
											"name": "Hair",
											"from": [ -0.2, -3.1, -0.2 ],
											"to": [ 6.2, 5.3, 5.2 ],
											"rotationOrigin": [ 1.9, 2.0, 1.9 ],
											"faces": {
												"north": { "texture": "#looter", "uv": [ 8.0, 19.0, 14.0, 27.0 ] },
												"east": { "texture": "#looter", "uv": [ 25.0, 19.0, 30.0, 27.0 ] },
												"south": { "texture": "#looter", "uv": [ 19.0, 19.0, 25.0, 27.0 ] },
												"west": { "texture": "#looter", "uv": [ 14.0, 19.0, 19.0, 27.0 ] },
												"up": { "texture": "#looter", "uv": [ 14.0, 13.0, 18.375, 19.375 ], "rotation": 90, "autoUv": false }
											}
										},
										{
											"name": "R eye",
											"from": [ -0.01, 1.75, 0.85 ],
											"to": [ 0.09, 2.7, 2.05 ],
											"rotationOrigin": [ -0.1, 1.8, 0.5 ],
											"faces": {
												"north": { "texture": "#looter", "uv": [ 55.5, 0.5, 56.0, 1.0 ] },
												"south": { "texture": "#looter", "uv": [ 57.0, 0.5, 57.5, 1.0 ] },
												"west": { "texture": "#looter", "uv": [ 56.0, 0.5, 57.0, 1.0 ] },
												"up": { "texture": "#looter", "uv": [ 56.0, 0.0, 57.0, 0.5 ], "rotation": 90 },
												"down": { "texture": "#looter", "uv": [ 56.0, 1.0, 57.0, 1.5 ], "rotation": 90 }
											},
											"children": [
												{
													"name": "R pupil",
													"from": [ -0.03, 0.15, 0.15 ],
													"to": [ 0.07, 0.85, 1.05 ],
													"rotationOrigin": [ -0.1, 0.2, 0.2 ],
													"faces": {
														"north": { "texture": "#looter", "uv": [ 60.5, 0.5, 61.0, 1.0 ] },
														"south": { "texture": "#looter", "uv": [ 61.5, 0.5, 62.0, 1.0 ] },
														"west": { "texture": "#looter", "uv": [ 61.0, 0.5, 61.5, 1.0 ] },
														"up": { "texture": "#looter", "uv": [ 61.0, 0.0, 61.5, 0.5 ], "rotation": 90 },
														"down": { "texture": "#looter", "uv": [ 61.0, 1.0, 61.5, 1.5 ], "rotation": 90 }
													},
													"children": [
														{
															"name": "shine large 1",
															"from": [ -0.01, 0.37, 0.6 ],
															"to": [ 0.09, 0.57, 0.8 ],
															"rotationOrigin": [ -0.07, 0.5, 0.6 ],
															"faces": {
																"north": { "texture": "#looter", "uv": [ 52.0, 1.0, 52.5, 1.5 ] },
																"south": { "texture": "#looter", "uv": [ 53.0, 1.0, 53.5, 1.5 ] },
																"west": { "texture": "#looter", "uv": [ 52.5, 1.0, 53.0, 1.5 ] },
																"up": { "texture": "#looter", "uv": [ 52.5, 0.5, 53.0, 1.0 ], "rotation": 90 },
																"down": { "texture": "#looter", "uv": [ 52.5, 1.5, 53.0, 2.0 ], "rotation": 90 }
															}
														},
														{
															"name": "shine small 1",
															"from": [ -0.01, 0.33, 0.45 ],
															"to": [ 0.09, 0.43, 0.55 ],
															"rotationOrigin": [ -0.07, 0.5, 0.4 ],
															"faces": {
																"north": { "texture": "#looter", "uv": [ 52.0, 0.5, 52.5, 1.0 ] },
																"south": { "texture": "#looter", "uv": [ 53.0, 0.5, 53.5, 1.0 ] },
																"west": { "texture": "#looter", "uv": [ 52.5, 0.5, 53.0, 1.0 ] },
																"up": { "texture": "#looter", "uv": [ 52.5, 0.0, 53.0, 0.5 ], "rotation": 90 },
																"down": { "texture": "#looter", "uv": [ 52.5, 1.0, 53.0, 1.5 ], "rotation": 90 }
															}
														}
													]
												}
											]
										},
										{
											"name": "L eye2",
											"from": [ -0.01, 1.75, 2.95 ],
											"to": [ 0.09, 2.7, 4.15 ],
											"rotationOrigin": [ -0.1, 1.7, 3.1 ],
											"faces": {
												"north": { "texture": "#looter", "uv": [ 54.5, 2.5, 55.0, 3.0 ] },
												"south": { "texture": "#looter", "uv": [ 56.0, 2.5, 56.5, 3.0 ] },
												"west": { "texture": "#looter", "uv": [ 55.0, 2.5, 56.0, 3.0 ] },
												"up": { "texture": "#looter", "uv": [ 55.0, 2.0, 56.0, 2.5 ], "rotation": 90 },
												"down": { "texture": "#looter", "uv": [ 55.0, 3.0, 56.0, 3.5 ], "rotation": 90 }
											},
											"children": [
												{
													"name": "L pupil",
													"from": [ -0.03, 0.15, 0.15 ],
													"to": [ 0.07, 0.85, 1.05 ],
													"rotationOrigin": [ -0.1, 0.3, 0.2 ],
													"faces": {
														"north": { "texture": "#looter", "uv": [ 60.5, 0.5, 61.0, 1.0 ] },
														"south": { "texture": "#looter", "uv": [ 61.5, 0.5, 62.0, 1.0 ] },
														"west": { "texture": "#looter", "uv": [ 61.0, 0.5, 61.5, 1.0 ] },
														"up": { "texture": "#looter", "uv": [ 61.0, 0.0, 61.5, 0.5 ], "rotation": 90 },
														"down": { "texture": "#looter", "uv": [ 61.0, 1.0, 61.5, 1.5 ], "rotation": 90 }
													},
													"children": [
														{
															"name": "shine small 2",
															"from": [ -0.01, 0.33, 0.45 ],
															"to": [ 0.09, 0.43, 0.55 ],
															"rotationOrigin": [ -0.07, 0.5, 0.4 ],
															"faces": {
																"north": { "texture": "#looter", "uv": [ 52.0, 0.5, 52.5, 1.0 ] },
																"south": { "texture": "#looter", "uv": [ 53.0, 0.5, 53.5, 1.0 ] },
																"west": { "texture": "#looter", "uv": [ 52.5, 0.5, 53.0, 1.0 ] },
																"up": { "texture": "#looter", "uv": [ 52.5, 0.0, 53.0, 0.5 ], "rotation": 90 },
																"down": { "texture": "#looter", "uv": [ 52.5, 1.0, 53.0, 1.5 ], "rotation": 90 }
															}
														},
														{
															"name": "shine large 2",
															"from": [ -0.01, 0.37, 0.6 ],
															"to": [ 0.09, 0.57, 0.8 ],
															"rotationOrigin": [ -0.07, 0.5, 0.6 ],
															"faces": {
																"north": { "texture": "#looter", "uv": [ 52.0, 2.0, 52.5, 2.5 ] },
																"south": { "texture": "#looter", "uv": [ 53.0, 2.0, 53.5, 2.5 ] },
																"west": { "texture": "#looter", "uv": [ 52.5, 2.0, 53.0, 2.5 ] },
																"up": { "texture": "#looter", "uv": [ 52.5, 1.5, 53.0, 2.0 ], "rotation": 90 },
																"down": { "texture": "#looter", "uv": [ 52.5, 2.5, 53.0, 3.0 ], "rotation": 90 }
															}
														}
													]
												}
											]
										},
										{
											"name": "R eyebrow 1",
											"from": [ -0.1, 2.95, 1.2 ],
											"to": [ 0.1, 3.25, 2.2 ],
											"rotationOrigin": [ 0.9, 2.9, 2.2 ],
											"faces": {
												"north": { "texture": "#looter", "uv": [ 34.5, 1.5, 35.0, 2.0 ] },
												"south": { "texture": "#looter", "uv": [ 36.0, 1.5, 36.5, 2.0 ] },
												"west": { "texture": "#looter", "uv": [ 35.0, 1.5, 36.0, 2.0 ] },
												"up": { "texture": "#looter", "uv": [ 35.0, 1.0, 36.0, 1.5 ], "rotation": 90 },
												"down": { "texture": "#looter", "uv": [ 35.0, 2.0, 36.0, 2.5 ], "rotation": 90 }
											},
											"children": [
												{
													"name": "R eyebrow 2",
													"from": [ 0.0, 0.0, -0.9 ],
													"to": [ 0.2, 0.3, 0.1 ],
													"rotationOrigin": [ 1.0, 0.0, 0.1 ],
													"rotationX": -2.0,
													"faces": {
														"north": { "texture": "#looter", "uv": [ 37.5, 2.5, 38.0, 3.0 ] },
														"south": { "texture": "#looter", "uv": [ 39.0, 2.5, 39.5, 3.0 ] },
														"west": { "texture": "#looter", "uv": [ 38.0, 2.5, 39.0, 3.0 ] },
														"up": { "texture": "#looter", "uv": [ 38.0, 2.0, 39.0, 2.5 ], "rotation": 90 },
														"down": { "texture": "#looter", "uv": [ 38.0, 3.0, 39.0, 3.5 ], "rotation": 90 }
													}
												}
											]
										},
										{
											"name": "L eyebrow 1",
											"from": [ -0.1, 2.95, 2.8 ],
											"to": [ 0.1, 3.25, 3.8 ],
											"rotationOrigin": [ 0.9, 2.9, 2.8 ],
											"faces": {
												"north": { "texture": "#looter", "uv": [ 35.5, 2.5, 36.0, 3.0 ] },
												"south": { "texture": "#looter", "uv": [ 37.0, 2.5, 37.5, 3.0 ] },
												"west": { "texture": "#looter", "uv": [ 36.0, 2.5, 37.0, 3.0 ] },
												"up": { "texture": "#looter", "uv": [ 36.0, 2.0, 37.0, 2.5 ], "rotation": 90 },
												"down": { "texture": "#looter", "uv": [ 36.0, 3.0, 37.0, 3.5 ], "rotation": 90 }
											},
											"children": [
												{
													"name": "L eyebrow 2",
													"from": [ 0.0, 0.0, 0.9 ],
													"to": [ 0.2, 0.3, 1.9 ],
													"rotationOrigin": [ 1.0, 0.0, 0.9 ],
													"rotationX": 2.0,
													"faces": {
														"north": { "texture": "#looter", "uv": [ 40.5, 1.5, 41.0, 2.0 ] },
														"south": { "texture": "#looter", "uv": [ 42.0, 1.5, 42.5, 2.0 ] },
														"west": { "texture": "#looter", "uv": [ 41.0, 1.5, 42.0, 2.0 ] },
														"up": { "texture": "#looter", "uv": [ 41.0, 1.0, 42.0, 1.5 ], "rotation": 90 },
														"down": { "texture": "#looter", "uv": [ 41.0, 2.0, 42.0, 2.5 ], "rotation": 90 }
													}
												}
											]
										},
										{
											"name": "mouth",
											"from": [ -0.1, 0.65, 2.0 ],
											"to": [ 0.1, 0.95, 3.0 ],
											"rotationOrigin": [ 0.9, 0.6, 3.0 ],
											"faces": {
												"north": { "texture": "#looter", "uv": [ 39.0, 1.0, 39.5, 1.5 ] },
												"south": { "texture": "#looter", "uv": [ 40.5, 1.0, 41.0, 1.5 ] },
												"west": { "texture": "#looter", "uv": [ 39.5, 1.0, 40.5, 1.5 ] },
												"up": { "texture": "#looter", "uv": [ 39.5, 0.5, 40.5, 1.0 ], "rotation": 90 },
												"down": { "texture": "#looter", "uv": [ 39.5, 1.5, 40.5, 2.0 ], "rotation": 90 }
											},
											"children": [
												{
													"name": "mouth L",
													"from": [ 0.05, -0.01, -0.5 ],
													"to": [ 0.25, 0.29, 0.8 ],
													"rotationOrigin": [ 1.0, 0.0, 0.5 ],
													"rotationX": 1.0,
													"faces": {
														"north": { "texture": "#looter", "uv": [ 31.0, 1.5, 31.5, 2.0 ] },
														"south": { "texture": "#looter", "uv": [ 32.5, 1.5, 33.0, 2.0 ] },
														"west": { "texture": "#looter", "uv": [ 31.5, 1.5, 32.5, 2.0 ] },
														"up": { "texture": "#looter", "uv": [ 31.5, 1.0, 32.5, 1.5 ], "rotation": 90 },
														"down": { "texture": "#looter", "uv": [ 31.5, 2.0, 32.5, 2.5 ], "rotation": 90 }
													}
												},
												{
													"name": "mouth R",
													"from": [ 0.05, -0.01, 0.4 ],
													"to": [ 0.25, 0.29, 1.5 ],
													"rotationOrigin": [ 1.1, 0.0, 0.4 ],
													"rotationX": -1.0,
													"faces": {
														"north": { "texture": "#looter", "uv": [ 28.0, 0.5, 28.5, 1.0 ] },
														"south": { "texture": "#looter", "uv": [ 29.5, 0.5, 30.0, 1.0 ] },
														"west": { "texture": "#looter", "uv": [ 28.5, 0.5, 29.5, 1.0 ] },
														"up": { "texture": "#looter", "uv": [ 28.5, 0.0, 29.5, 0.5 ], "rotation": 90 },
														"down": { "texture": "#looter", "uv": [ 28.5, 1.0, 29.5, 1.5 ], "rotation": 90 }
													}
												}
											]
										},
										{
											"name": "eyelid r",
											"from": [ -0.05, 2.0, 0.9 ],
											"to": [ 0.01, 2.15, 2.25 ],
											"rotationOrigin": [ -0.2, 2.4, 1.5 ],
											"rotationX": 180.0,
											"faces": {
												"north": { "texture": "#looter", "uv": [ 32.5, 0.5, 33.0, 1.0 ] },
												"south": { "texture": "#looter", "uv": [ 34.0, 0.5, 34.5, 1.0 ] },
												"west": { "texture": "#looter", "uv": [ 33.0, 0.5, 34.0, 1.0 ] },
												"up": { "texture": "#looter", "uv": [ 33.0, 0.0, 34.0, 0.5 ], "rotation": 90 },
												"down": { "texture": "#looter", "uv": [ 33.0, 1.0, 34.0, 1.5 ], "rotation": 90 }
											}
										},
										{
											"name": "eyelid l",
											"from": [ -0.05, 2.0, 3.15 ],
											"to": [ 0.01, 2.15, 4.5 ],
											"rotationOrigin": [ -0.2, 2.4, 3.7 ],
											"rotationX": 180.0,
											"faces": {
												"north": { "texture": "#looter", "uv": [ 30.0, 0.5, 30.5, 1.0 ] },
												"south": { "texture": "#looter", "uv": [ 31.5, 0.5, 32.0, 1.0 ] },
												"west": { "texture": "#looter", "uv": [ 30.5, 0.5, 31.5, 1.0 ] },
												"up": { "texture": "#looter", "uv": [ 30.5, 0.0, 31.5, 0.5 ], "rotation": 90 },
												"down": { "texture": "#looter", "uv": [ 30.5, 1.0, 31.5, 1.5 ], "rotation": 90 }
											}
										}
									],
									"attachmentpoints": [
										{
											"code": "Eyes",
											"posX": "1.3","posY": "3.5","posZ": "2.5",
											"rotationX": "0.0","rotationY": "-90.0","rotationZ": "0.0"
										}
									]
								}
							]
						},
						{
							"name": "UpperButtons",
							"from": [ -0.1, 0.0, 2.3 ],
							"to": [ -0.1, 5.0, 3.9 ],
							"rotationOrigin": [ -0.1, 5.0, 2.8 ],
							"faces": {
								"west": { "texture": "#looter", "uv": [ 0.0, 0.0, 1.5, 5.0 ] }
							}
						}
					],
					"attachmentpoints": [
						{
							"code": "Back",
							"posX": "5.0","posY": "3.0","posZ": "3.0",
							"rotationX": "0.0","rotationY": "0.0","rotationZ": "0.0"
						}
					]
				},
				{
					"name": "UpperFootL",
					"from": [ 0.4, -6.0, 3.0 ],
					"to": [ 4.6, 1.5, 6.2 ],
					"rotationOrigin": [ 1.5, 0.5, 4.3 ],
					"rotationX": -3.0,
					"rotationZ": -5.0,
					"faces": {
						"north": { "texture": "#looter", "uv": [ 16.0, 37.0, 20.0, 44.5 ] },
						"east": { "texture": "#looter", "uv": [ 27.0, 37.0, 30.0, 44.5 ] },
						"south": { "texture": "#looter", "uv": [ 23.0, 37.0, 27.0, 44.5 ] },
						"west": { "texture": "#looter", "uv": [ 20.0, 37.0, 23.0, 44.5 ] },
						"up": { "texture": "#looter", "uv": [ 20.0, 33.0, 23.0, 37.0 ], "rotation": 90 },
						"down": { "texture": "#looter", "uv": [ 20.0, 44.5, 23.0, 48.5 ], "rotation": 90 }
					},
					"children": [
						{
							"name": "LowerFootL",
							"from": [ 0.1, -9.0, 0.1 ],
							"to": [ 4.1, 1.0, 3.1 ],
							"rotationOrigin": [ 2.1, 0.5, 1.4 ],
							"rotationX": 2.0,
							"rotationZ": 2.0,
							"faces": {
								"north": { "texture": "#looter", "uv": [ 16.0, 50.0, 20.0, 60.0 ] },
								"east": { "texture": "#looter", "uv": [ 27.0, 50.0, 30.0, 60.0 ] },
								"south": { "texture": "#looter", "uv": [ 23.0, 50.0, 27.0, 60.0 ] },
								"west": { "texture": "#looter", "uv": [ 20.0, 50.0, 23.0, 60.0 ] },
								"up": { "texture": "#looter", "uv": [ 20.0, 46.0, 23.0, 50.0 ], "rotation": 90 },
								"down": { "texture": "#looter", "uv": [ 20.0, 60.0, 23.0, 64.0 ], "rotation": 90 }
							},
							"children": [
								{
									"name": "ButtonsR",
									"from": [ -0.1, 0.0, 0.7 ],
									"to": [ -0.1, 9.0, 2.3 ],
									"rotationOrigin": [ -0.1, 0.0, 1.5 ],
									"faces": {
										"west": { "texture": "#looter", "uv": [ 2.0, 11.0, 3.5, 20.0 ] }
									}
								}
							]
						}
					]
				},
				{
					"name": "UpperFootR",
					"from": [ 0.4, -6.0, -0.2 ],
					"to": [ 4.6, 1.3, 3.0 ],
					"rotationOrigin": [ 1.5, 0.5, 1.3 ],
					"rotationX": 3.0,
					"rotationZ": -5.0,
					"faces": {
						"north": { "texture": "#looter", "uv": [ 4.0, 37.0, 8.0, 44.0 ] },
						"east": { "texture": "#looter", "uv": [ 1.0, 37.0, 4.0, 44.0 ] },
						"south": { "texture": "#looter", "uv": [ 11.0, 37.0, 15.0, 44.0 ] },
						"west": { "texture": "#looter", "uv": [ 8.0, 37.0, 11.0, 44.0 ] },
						"up": { "texture": "#looter", "uv": [ 8.0, 33.0, 11.0, 37.0 ], "rotation": 90 },
						"down": { "texture": "#looter", "uv": [ 8.0, 46.0, 11.0, 50.0 ], "rotation": 90 }
					},
					"children": [
						{
							"name": "LowerFootR",
							"from": [ 0.1, -9.0, 0.1 ],
							"to": [ 4.1, 1.0, 3.1 ],
							"rotationOrigin": [ 2.1, 0.5, 1.4 ],
							"rotationX": -2.0,
							"rotationZ": 2.0,
							"faces": {
								"north": { "texture": "#looter", "uv": [ 4.0, 50.0, 8.0, 60.0 ] },
								"east": { "texture": "#looter", "uv": [ 1.0, 50.0, 4.0, 60.0 ] },
								"south": { "texture": "#looter", "uv": [ 11.0, 50.0, 15.0, 60.0 ] },
								"west": { "texture": "#looter", "uv": [ 8.0, 50.0, 11.0, 60.0 ] },
								"up": { "texture": "#looter", "uv": [ 8.0, 46.0, 11.0, 50.0 ], "rotation": 90 },
								"down": { "texture": "#looter", "uv": [ 8.0, 60.0, 11.0, 64.0 ], "rotation": 90 }
							},
							"children": [
								{
									"name": "ButtonsL",
									"from": [ -0.1, 0.0, 0.7 ],
									"to": [ -0.1, 9.0, 2.3 ],
									"rotationOrigin": [ -0.1, 0.0, 1.5 ],
									"faces": {
										"west": { "texture": "#looter", "uv": [ 0.0, 11.0, 1.5, 20.0 ] }
									}
								}
							]
						}
					]
				},
				{
					"name": "LowerButtons",
					"from": [ -0.1, -1.5, 2.2 ],
					"to": [ -0.1, 4.5, 3.8 ],
					"rotationOrigin": [ -0.1, 4.0, 3.0 ],
					"faces": {
						"west": { "texture": "#looter", "uv": [ 2.0, 0.0, 3.5, 6.0 ] }
					}
				}
			]
		}
	],
	"animations": [
		{
			"name": "walk",
			"code": "walk",
			"quantityframes": 40,
			"onActivityStopped": "EaseOut",
			"onAnimationEnd": "Repeat",
			"keyframes": [
				{
					"frame": 0,
					"elements": {
						"UpperFootL": { "rotationX": 0.0, "rotationY": 0.0, "rotationZ": 0.0 },
						"LowerFootL": { "rotationX": 0.0, "rotationY": 0.0, "rotationZ": 0.0 },
						"ButtonsR": { "rotationX": 0.0, "rotationY": 0.0, "rotationZ": 0.0 },
						"UpperFootR": { "rotationX": 0.0, "rotationY": 0.0, "rotationZ": 0.0 },
						"LowerFootR": { "rotationX": 0.0, "rotationY": 0.0, "rotationZ": 0.0 },
						"ButtonsL": { "rotationX": 0.0, "rotationY": 0.0, "rotationZ": 0.0 },
						"UpperArmR": { "rotationX": 0.0, "rotationY": 0.0, "rotationZ": 0.0 },
						"LowerArmL": { "rotationX": 0.0, "rotationY": 0.0, "rotationZ": 0.0 },
						"Head": { "offsetX": 0.0, "offsetY": 0.0, "offsetZ": 0.0 }
					}
				},
				{
					"frame": 9,
					"elements": {
						"LowerTorso": { "offsetX": 0.0, "offsetY": 0.3, "offsetZ": 0.0 },
						"LowerArmL": { "rotationX": 0.0, "rotationY": 0.0, "rotationZ": -25.0 }
					}
				},
				{
					"frame": 10,
					"elements": {
						"UpperFootL": { "rotationX": 0.0, "rotationY": 0.0, "rotationZ": -17.0 },
						"UpperFootR": { "rotationX": 0.0, "rotationY": -3.0, "rotationZ": 11.0 },
						"LowerFootR": { "rotationX": 0.0, "rotationY": 0.0, "rotationZ": 0.0 },
						"UpperArmR": { "rotationX": 0.0, "rotationY": 0.0, "rotationZ": -14.0 },
						"UpperArmL": { "rotationX": 0.0, "rotationY": 0.0, "rotationZ": 19.0 }
					}
				},
				{
					"frame": 15,
					"elements": {
						"LowerFootR": { "rotationX": 0.0, "rotationY": -3.0, "rotationZ": 19.0 },
						"Head": { "offsetX": 0.0, "offsetY": -0.2, "offsetZ": 0.0 }
					}
				},
				{
					"frame": 20,
					"elements": {
						"LowerTorso": { "offsetX": 0.0, "offsetY": 0.0, "offsetZ": 0.0 },
						"UpperFootR": { "rotationX": 0.0, "rotationY": 0.0, "rotationZ": 0.0 },
						"LowerFootR": { "rotationX": 0.0, "rotationY": 0.0, "rotationZ": 3.0 },
						"UpperFootL": { "rotationX": 0.0, "rotationY": 0.0, "rotationZ": 0.0 }
					}
				},
				{
					"frame": 24,
					"elements": {
						"LowerArmL": { "rotationX": 0.0, "rotationY": -19.0, "rotationZ": -28.0 }
					}
				},
				{
					"frame": 26,
					"elements": {
						"UpperArmR": { "rotationX": 0.0, "rotationY": 0.0, "rotationZ": 19.0 },
						"LowerArmL": { "rotationX": 0.0, "rotationY": -14.0, "rotationZ": -28.0 }
					}
				},
				{
					"frame": 30,
					"elements": {
						"LowerTorso": { "offsetX": 0.0, "offsetY": 0.4, "offsetZ": 0.0 },
						"UpperFootL": { "rotationX": 0.0, "rotationY": 0.0, "rotationZ": 14.0 },
						"LowerFootL": { "rotationX": 0.0, "rotationY": 0.0, "rotationZ": 0.0 },
						"UpperFootR": { "rotationX": 0.0, "rotationY": 0.0, "rotationZ": -14.0 },
						"LowerFootR": { "rotationX": 0.0, "rotationY": -6.0, "rotationZ": 0.0 },
						"ButtonsL": { "rotationX": 0.0, "rotationY": 0.0, "rotationZ": 0.0 },
						"UpperArmL": { "rotationX": 0.0, "rotationY": 0.0, "rotationZ": -14.0 },
						"Head": { "offsetX": 0.0, "offsetY": 0.0, "offsetZ": 0.0 }
					}
				},
				{
					"frame": 35,
					"elements": {
						"LowerFootL": { "rotationX": 0.0, "rotationY": 0.0, "rotationZ": 14.0 },
						"LowerArmL": { "rotationX": 0.0, "rotationY": -17.0, "rotationZ": -14.0 }
					}
				},
				{
					"frame": 39,
					"elements": {
						"LowerTorso": { "offsetX": 0.0, "offsetY": 0.0, "offsetZ": 0.0 },
						"UpperFootL": { "rotationX": 0.0, "rotationY": 0.0, "rotationZ": 0.0 },
						"LowerFootL": { "rotationX": 0.0, "rotationY": 0.0, "rotationZ": 0.0 }
					}
				}
			]
		},

		{
			"name": "die",
			"code": "die",
			"quantityframes": 30,
			"onActivityStopped": "PlayTillEnd",
			"onAnimationEnd": "Hold",
			"keyframes": [
				{
					"frame": 0,
					"elements": {
						"LowerTorso": { "offsetX": 0.0, "offsetY": 0.0, "offsetZ": 0.0, "rotationX": 0.0, "rotationY": 0.0, "rotationZ": 0.0 },
						"UpperTorso": { "rotationX": 0.0, "rotationY": 0.0, "rotationZ": 0.0 },
						"UpperArmL": { "offsetX": 0.0, "offsetY": 0.0, "offsetZ": 0.0, "rotationX": 0.0, "rotationY": 0.0, "rotationZ": 0.0 },
						"LowerArmL": { "rotationX": 0.0, "rotationY": 0.0, "rotationZ": 0.0 },
						"UpperArmR": { "offsetX": 0.0, "offsetY": 0.0, "offsetZ": 0.0, "rotationX": 0.0, "rotationY": 0.0, "rotationZ": 0.0 },
						"Head": { "rotationX": 0.0, "rotationY": 0.0, "rotationZ": 0.0 },
						"UpperFootL": { "rotationX": 0.0, "rotationY": 0.0, "rotationZ": 0.0 },
						"LowerFootL": { "offsetX": 0.0, "offsetY": 0.0, "offsetZ": 0.0, "rotationX": 0.0, "rotationY": 0.0, "rotationZ": 0.0 },
						"LowerFootR": { "rotationX": 0.0, "rotationY": 0.0, "rotationZ": 0.0 }
					}
				},
				{
					"frame": 5,
					"elements": {
						"LowerTorso": { "offsetX": 0.0, "offsetY": 0.0, "offsetZ": 0.0 }
					}
				},
				{
					"frame": 8,
					"elements": {
						"UpperArmL": { "rotationX": 0.0, "rotationY": 17.0, "rotationZ": -50.0 },
						"UpperArmR": { "rotationX": 0.0, "rotationY": 0.0, "rotationZ": 19.0 },
						"Head": { "rotationX": 0.0, "rotationY": -11.0, "rotationZ": -25.0 },
						"UpperFootL": { "rotationX": 0.0, "rotationY": 0.0, "rotationZ": -33.0 }
					}
				},
				{
					"frame": 10,
					"elements": {
						"LowerFootL": { "offsetX": 0.75, "offsetY": 1.0, "offsetZ": 0.0, "rotationX": -3.0, "rotationY": 0.0, "rotationZ": 64.0 }
					}
				},
				{
					"frame": 12,
					"elements": {
						"LowerTorso": { "offsetX": 8.0, "offsetY": 0.0, "offsetZ": 0.0 },
						"Neck": { "offsetX": 1.0, "offsetY": 0.0, "offsetZ": 0.0 }
					}
				},
				{
					"frame": 15,
					"elements": {
						"LowerFootR": { "rotationX": 0.0, "rotationY": 0.0, "rotationZ": -22.0 }
					}
				},
				{
					"frame": 16,
					"elements": {
						"LowerTorso": { "offsetX": 9.0, "offsetY": 1.0, "offsetZ": 0.0 },
						"UpperTorso": { "offsetX": 0.0, "offsetY": 0.0, "offsetZ": 0.0 }
					}
				},
				{
					"frame": 19,
					"elements": {
						"UpperArmL": { "rotationX": 0.0, "rotationY": 6.0, "rotationZ": -33.0 }
					}
				},
				{
					"frame": 22,
					"elements": {
						"LowerTorso": { "rotationX": 0.0, "rotationY": 0.0, "rotationZ": -89.0 },
						"Head": { "rotationX": 0.0, "rotationY": -50.0, "rotationZ": -14.0 }
					}
				},
				{
					"frame": 29,
					"elements": {
						"LowerTorso": { "offsetX": 13.2, "offsetY": -1.0, "offsetZ": 0.0, "rotationX": 0.0, "rotationY": 0.0, "rotationZ": -91.0 },
						"UpperTorso": { "rotationX": 0.0, "rotationY": 3.0, "rotationZ": 3.0 },
						"UpperArmL": { "offsetX": 0.0, "offsetY": 0.0, "offsetZ": 0.5, "rotationX": -8.0, "rotationY": -64.0, "rotationZ": -33.0 },
						"LowerArmL": { "rotationX": 3.0, "rotationY": -22.0, "rotationZ": -30.0 },
						"UpperArmR": { "offsetX": -0.0, "offsetY": -0.0, "offsetZ": -0.5, "rotationX": 55.0, "rotationY": -86.0, "rotationZ": 0.0 },
						"LowerArmR": { "rotationX": 6.0, "rotationY": 0.0, "rotationZ": 6.0 },
						"Neck": { "offsetX": -1.0, "offsetY": 0.0, "offsetZ": 0.0, "rotationX": 0.0, "rotationY": 0.0, "rotationZ": -8.0 },
						"Head": { "offsetX": 0.0, "offsetY": 0.0, "offsetZ": 0.1, "rotationX": 0.0, "rotationY": -69.0, "rotationZ": -22.0 },
						"Hair": { "offsetX": 0.0, "offsetY": 0.0, "offsetZ": 0.1 },
						"LowerFootR": { "rotationX": 8.0, "rotationY": 0.0, "rotationZ": 0.0 },
						"UpperFootL": { "rotationX": 0.0, "rotationY": 0.0, "rotationZ": -28.0 },
						"LowerFootL": { "offsetX": 0.4, "offsetY": 1.0, "offsetZ": 0.0, "rotationX": -3.0, "rotationY": 0.0, "rotationZ": 53.0 }
					}
				}
			]
		},

		{
			"name": "idle",
			"code": "idle",
			"quantityframes": 30,
			"onActivityStopped": "EaseOut",
			"onAnimationEnd": "Repeat",
			"keyframes": [
				{
					"frame": 0,
					"elements": {
						"LowerTorso": { "rotationX": 0.0, "rotationY": 0.0, "rotationZ": 14.0 },
						"Head": { "rotationX": 0.0, "rotationY": 0.0, "rotationZ": -11.0 },
						"UpperArmL": { "offsetX": 0.0, "offsetY": 0.0, "offsetZ": 0.0, "rotationX": 0.0, "rotationY": 0.0, "rotationZ": 0.0 },
						"LowerArmL": { "rotationX": 0.0, "rotationY": 0.0, "rotationZ": 0.0 },
						"UpperArmR": { "offsetX": 0.0, "offsetY": 0.0, "offsetZ": 0.0, "rotationX": 0.0, "rotationY": 0.0, "rotationZ": 0.0 },
						"UpperFootL": { "rotationX": 0.0, "rotationY": 0.0, "rotationZ": -14.0 },
						"LowerFootR": { "rotationX": 0.0, "rotationY": 0.0, "rotationZ": -14.0 }
					}
				},
				{
					"frame": 20,
					"elements": {
						"Head": { "rotationX": 0.0, "rotationY": -3.0, "rotationZ": -12.0 },
						"LowerArmL": { "rotationX": 0.0, "rotationY": 0.0, "rotationZ": 0.0 }
					}
				}
			]
		},

		{
			"name": "hurt",
			"code": "hurt",
			"quantityframes": 30,
			"onActivityStopped": "EaseOut",
			"onAnimationEnd": "Stop",
			"keyframes": [
				{
					"frame": 0,
					"elements": {
						"UpperTorso": { "rotationX": 0.0, "rotationY": 0.0, "rotationZ": 0.0 },
						"Neck": { "rotationX": 0.0, "rotationY": 0.0, "rotationZ": 0.0 },
						"UpperArmR": { "rotationX": 0.0, "rotationY": 0.0, "rotationZ": 0.0 },
						"LowerArmR": { "rotationX": 0.0, "rotationY": 0.0, "rotationZ": 0.0 },
						"UpperArmL": { "rotationX": 0.0, "rotationY": 0.0, "rotationZ": 0.0 },
						"LowerArmL": { "rotationX": 0.0, "rotationY": 0.0, "rotationZ": 0.0 }
					}
				},
				{
					"frame": 3,
					"elements": {
						"UpperTorso": { "rotationX": 0.0, "rotationY": 0.0, "rotationZ": 14.0 },
						"Neck": { "rotationX": 0.0, "rotationY": -11.0, "rotationZ": 8.0 },
						"UpperArmR": { "rotationX": 25.0, "rotationY": -8.0, "rotationZ": 0.0 },
						"UpperArmL": { "rotationX": -30.0, "rotationY": 11.0, "rotationZ": -17.0 },
						"LowerArmR": { "rotationX": 0.0, "rotationY": 0.0, "rotationZ": -64.0 },
						"LowerArmL": { "rotationX": 0.0, "rotationY": 0.0, "rotationZ": -30.0 }
					}
				},
				{
					"frame": 8,
					"elements": {

					}
				},
				{
					"frame": 12,
					"elements": {

					}
				},
				{
					"frame": 21,
					"elements": {

					}
				},
				{
					"frame": 29,
					"elements": {
						"UpperTorso": { "rotationX": 0.0, "rotationY": 0.0, "rotationZ": 0.0 },
						"Neck": { "rotationX": 0.0, "rotationY": 0.0, "rotationZ": 0.0 },
						"UpperArmR": { "rotationX": 0.0, "rotationY": 0.0, "rotationZ": 0.0 },
						"UpperArmL": { "rotationX": 0.0, "rotationY": 0.0, "rotationZ": 0.0 },
						"LowerArmR": { "rotationX": 0.0, "rotationY": 0.0, "rotationZ": 0.0 },
						"LowerArmL": { "rotationX": 0.0, "rotationY": 0.0, "rotationZ": 0.0 }
					}
				}
			]
		},

		{
			"name": "Sprint",
			"code": "sprint",
			"quantityframes": 24,
			"onActivityStopped": "EaseOut",
			"onAnimationEnd": "Repeat",
			"keyframes": [
				{
					"frame": 0,
					"elements": {
						"LowerTorso": { "offsetX": 0.0, "offsetY": -2.0, "offsetZ": 0.0, "rotationX": 3.0, "rotationY": 0.0, "rotationZ": 12.0 },
						"UpperTorso": { "rotationX": -3.0, "rotationY": -5.0, "rotationZ": -5.0 },
						"UpperArmR": { "offsetX": -1.0, "offsetY": 0.0, "offsetZ": 0.0, "rotationX": 0.0, "rotationY": 0.0, "rotationZ": 67.5 },
						"LowerArmR": { "offsetX": 0.0, "offsetY": 0.6, "offsetZ": 0.0, "rotationX": 0.0, "rotationY": 0.0, "rotationZ": -45.0 },
						"UpperArmL": { "offsetX": 0.0, "offsetY": 0.0, "offsetZ": 0.0, "rotationX": 0.0, "rotationY": 0.0, "rotationZ": -45.0 },
						"LowerArmL": { "offsetX": 0.0, "offsetY": 0.7, "offsetZ": 0.0, "rotationX": 0.0, "rotationY": 0.0, "rotationZ": -67.5 },
						"Head": { "rotationX": 0.0, "rotationY": 5.0, "rotationZ": 0.0 },
						"UpperFootR": { "offsetX": -1.0, "offsetY": 0.0, "offsetZ": 0.0, "rotationX": -3.0, "rotationY": 0.0, "rotationZ": -50.0 },
						"LowerFootR": { "offsetX": 0.0, "offsetY": 0.0, "offsetZ": 0.0, "rotationX": 0.0, "rotationY": 0.0, "rotationZ": 0.0 },
						"UpperFootL": { "offsetX": 0.0, "offsetY": 0.0, "offsetZ": 0.0, "rotationX": 0.0, "rotationY": 0.0, "rotationZ": 22.5 },
						"LowerFootL": { "offsetX": 0.0, "offsetY": 1.5, "offsetZ": 0.0, "rotationX": 0.0, "rotationY": 0.0, "rotationZ": 90.0 }
					}
				},
				{
					"frame": 2,
					"elements": {
						"LowerTorso": { "offsetX": 0.0, "offsetY": -3.0, "offsetZ": 0.0 },
						"UpperFootR": { "offsetX": -1.0, "offsetY": 0.0, "offsetZ": 0.0, "rotationX": 0.0, "rotationY": 0.0, "rotationZ": -60.0 },
						"LowerFootR": { "offsetX": 0.3, "offsetY": 0.7, "offsetZ": 0.0, "rotationX": 0.0, "rotationY": 0.0, "rotationZ": 45.0 },
						"UpperFootL": { "rotationX": 0.0, "rotationY": 0.0, "rotationZ": 0.0 },
						"LowerFootL": { "offsetX": 0.0, "offsetY": 1.5, "offsetZ": 0.0 }
					}
				},
				{
					"frame": 4,
					"elements": {
						"LowerTorso": { "offsetX": 0.0, "offsetY": -1.8, "offsetZ": 0.0 },
						"UpperArmR": { "offsetX": 0.0, "offsetY": -0.5, "offsetZ": 0.0, "rotationX": 0.0, "rotationY": 0.0, "rotationZ": 10.0 },
						"LowerArmR": { "offsetX": 0.0, "offsetY": 0.0, "offsetZ": 0.0, "rotationX": 0.0, "rotationY": 0.0, "rotationZ": -22.5 },
						"UpperArmL": { "offsetX": 0.0, "offsetY": -0.5, "offsetZ": 0.0 },
						"UpperFootR": { "rotationX": 0.0, "rotationY": 0.0, "rotationZ": -30.0 },
						"LowerFootR": { "offsetX": 0.3, "offsetY": 0.6, "offsetZ": 0.0, "rotationX": 0.0, "rotationY": 0.0, "rotationZ": 45.0 },
						"UpperFootL": { "rotationX": 0.0, "rotationY": 0.0, "rotationZ": -45.0 },
						"LowerFootL": { "offsetX": 0.0, "offsetY": 1.5, "offsetZ": 0.0, "rotationX": 0.0, "rotationY": 0.0, "rotationZ": 90.0 }
					}
				},
				{
					"frame": 6,
					"elements": {
						"LowerTorso": { "offsetX": 0.0, "offsetY": -1.5, "offsetZ": 0.0 },
						"UpperFootR": { "rotationX": 0.0, "rotationY": 0.0, "rotationZ": 0.0 },
						"LowerFootR": { "offsetX": 0.0, "offsetY": 0.0, "offsetZ": 0.0, "rotationX": 0.0, "rotationY": 0.0, "rotationZ": 22.5 },
						"UpperFootL": { "rotationX": 0.0, "rotationY": 0.0, "rotationZ": -45.0 },
						"LowerFootL": { "offsetX": 0.8, "offsetY": 1.3, "offsetZ": 0.0 },
						"UpperTorso": { "rotationX": 0.0, "rotationY": 0.0, "rotationZ": -2.0 },
						"LowerArmL": { "offsetX": 0.0, "offsetY": 0.2, "offsetZ": 0.0 },
						"LowerArmR": { "offsetX": 0.0, "offsetY": 0.4, "offsetZ": 0.0 },
						"Head": { "rotationX": 0.0, "rotationY": 0.0, "rotationZ": -5.0 }
					}
				},
				{
					"frame": 8,
					"elements": {
						"LowerTorso": { "offsetX": 0.0, "offsetY": -1.3, "offsetZ": 0.0 },
						"UpperFootR": { "rotationX": 0.0, "rotationY": 0.0, "rotationZ": 22.5 },
						"LowerFootR": { "rotationX": 0.0, "rotationY": 0.0, "rotationZ": 0.0 },
						"UpperFootL": { "rotationX": 0.0, "rotationY": 0.0, "rotationZ": -67.5 },
						"LowerFootL": { "offsetX": 0.3, "offsetY": 0.6, "offsetZ": 0.0, "rotationX": 0.0, "rotationY": 0.0, "rotationZ": 45.0 },
						"LowerArmR": { "rotationX": 0.0, "rotationY": 0.0, "rotationZ": -67.5 }
					}
				},
				{
					"frame": 10,
					"elements": {
						"UpperFootL": { "rotationX": 0.0, "rotationY": 0.0, "rotationZ": -67.5 },
						"LowerFootL": { "offsetX": 0.0, "offsetY": 0.0, "offsetZ": 0.0 },
						"LowerFootR": { "offsetX": 0.2, "offsetY": 0.6, "offsetZ": 0.0 },
						"UpperArmL": { "offsetX": -1.0, "offsetY": 0.0, "offsetZ": 0.0 },
						"UpperArmR": { "offsetX": 0.0, "offsetY": 0.0, "offsetZ": 0.0 }
					}
				},
				{
					"frame": 12,
					"elements": {
						"LowerTorso": { "offsetX": 0.0, "offsetY": -2.0, "offsetZ": 0.0, "rotationX": -3.0, "rotationY": 0.0, "rotationZ": 12.0 },
						"UpperFootL": { "offsetX": -0.5, "offsetY": 0.0, "offsetZ": 0.0, "rotationX": 3.0, "rotationY": 0.0, "rotationZ": -50.0 },
						"LowerFootL": { "offsetX": 0.0, "offsetY": 0.0, "offsetZ": 0.0, "rotationX": 0.0, "rotationY": 0.0, "rotationZ": 0.0 },
						"UpperFootR": { "offsetX": 0.0, "offsetY": 0.0, "offsetZ": 0.0, "rotationX": 3.0, "rotationY": 0.0, "rotationZ": 22.5 },
						"LowerFootR": { "offsetX": 0.0, "offsetY": 1.5, "offsetZ": 0.0, "rotationX": 0.0, "rotationY": 0.0, "rotationZ": 90.0 },
						"UpperTorso": { "rotationX": 3.0, "rotationY": 5.0, "rotationZ": -5.0 },
						"UpperArmL": { "rotationX": 0.0, "rotationY": 0.0, "rotationZ": 67.5 },
						"UpperArmR": { "rotationX": 0.0, "rotationY": 0.0, "rotationZ": -45.0 },
						"LowerArmR": { "offsetX": -0.3, "offsetY": 0.4, "offsetZ": 0.0, "rotationX": 0.0, "rotationY": 0.0, "rotationZ": -67.5 },
						"Head": { "rotationX": 0.0, "rotationY": -5.0, "rotationZ": 0.0 }
					}
				},
				{
					"frame": 14,
					"elements": {
						"LowerTorso": { "offsetX": 0.0, "offsetY": -3.0, "offsetZ": 0.0 },
						"UpperFootL": { "offsetX": -0.7, "offsetY": 0.0, "offsetZ": 0.0, "rotationX": 0.0, "rotationY": 0.0, "rotationZ": -60.0 },
						"LowerFootL": { "offsetX": 0.3, "offsetY": 0.7, "offsetZ": 0.0, "rotationX": 0.0, "rotationY": 0.0, "rotationZ": 45.0 },
						"LowerFootR": { "offsetX": 0.0, "offsetY": 1.5, "offsetZ": 0.0 }
					}
				},
				{
					"frame": 16,
					"elements": {
						"LowerTorso": { "offsetX": 0.0, "offsetY": -1.8, "offsetZ": 0.0 },
						"UpperFootL": { "offsetX": -0.5, "offsetY": 0.0, "offsetZ": 0.0, "rotationX": 0.0, "rotationY": 0.0, "rotationZ": -30.0 },
						"LowerFootL": { "rotationX": 0.0, "rotationY": 0.0, "rotationZ": 45.0 },
						"UpperFootR": { "rotationX": 0.0, "rotationY": 0.0, "rotationZ": -45.0 },
						"LowerFootR": { "offsetX": 0.0, "offsetY": 1.5, "offsetZ": 0.0, "rotationX": 0.0, "rotationY": 0.0, "rotationZ": 90.0 },
						"UpperArmR": { "offsetX": 0.0, "offsetY": -0.5, "offsetZ": 0.0 }
					}
				},
				{
					"frame": 18,
					"elements": {
						"LowerTorso": { "offsetX": 0.0, "offsetY": -1.5, "offsetZ": 0.0 },
						"UpperFootL": { "rotationX": 0.0, "rotationY": 0.0, "rotationZ": 0.0 },
						"LowerFootL": { "offsetX": 0.0, "offsetY": 0.0, "offsetZ": 0.0, "rotationX": 0.0, "rotationY": 0.0, "rotationZ": 22.5 },
						"UpperFootR": { "rotationX": 0.0, "rotationY": 0.0, "rotationZ": -45.0 },
						"LowerFootR": { "offsetX": 0.8, "offsetY": 1.3, "offsetZ": 0.0 },
						"UpperTorso": { "rotationX": 0.0, "rotationY": 0.0, "rotationZ": -2.0 },
						"Head": { "rotationX": 0.0, "rotationY": 0.0, "rotationZ": -5.0 },
						"UpperArmL": { "offsetX": 0.0, "offsetY": -0.8, "offsetZ": 0.0 }
					}
				},
				{
					"frame": 20,
					"elements": {
						"LowerTorso": { "offsetX": 0.0, "offsetY": -1.3, "offsetZ": 0.0 },
						"UpperFootL": { "offsetX": -0.3333333333333333, "offsetY": 0.0, "offsetZ": 0.0, "rotationX": 0.0, "rotationY": 0.0, "rotationZ": 22.5 },
						"LowerFootL": { "rotationX": 0.0, "rotationY": 0.0, "rotationZ": 0.0 },
						"UpperFootR": { "rotationX": 0.0, "rotationY": 0.0, "rotationZ": -67.5 },
						"LowerFootR": { "offsetX": 0.3, "offsetY": 0.6, "offsetZ": 0.0, "rotationX": 0.0, "rotationY": 0.0, "rotationZ": 45.0 }
					}
				},
				{
					"frame": 22,
					"elements": {
						"LowerTorso": { "offsetX": 0.0, "offsetY": -1.65, "offsetZ": 0.0 },
						"LowerFootL": { "offsetX": 0.2, "offsetY": 0.6, "offsetZ": 0.0 },
						"UpperFootR": { "rotationX": 0.0, "rotationY": 0.0, "rotationZ": -67.5 }
					}
				}
			]
		},

		{
			"name": "swim",
			"code": "swim",
			"quantityframes": 30,
			"onActivityStopped": "EaseOut",
			"onAnimationEnd": "Repeat",
			"keyframes": [
				{
					"frame": 0,
					"elements": {
						"LowerTorso": { "offsetX": -13.0, "offsetY": 0.0, "offsetZ": 0.0, "rotationX": 0.0, "rotationY": 0.0, "rotationZ": 90.0 },
						"UpperArmL": { "rotationX": 0.0, "rotationY": 0.0, "rotationZ": 0.0 },
						"LowerArmL": { "rotationX": 0.0, "rotationY": 0.0, "rotationZ": 0.0 },
						"UpperArmR": { "rotationX": 0.0, "rotationY": 0.0, "rotationZ": 0.0 },
						"LowerArmR": { "rotationX": 0.0, "rotationY": 0.0, "rotationZ": 0.0 },
						"Neck": { "offsetX": 0.0, "offsetY": -2.0, "offsetZ": 0.0, "rotationX": 0.0, "rotationY": 0.0, "rotationZ": 0.0 },
						"Head": { "offsetX": 1.0, "offsetY": 1.0, "offsetZ": 0.0, "rotationX": 0.0, "rotationY": 0.0, "rotationZ": -55.0 },
						"UpperFootR": { "rotationX": 0.0, "rotationY": 0.0, "rotationZ": 0.0 },
						"LowerFootR": { "rotationX": 0.0, "rotationY": 0.0, "rotationZ": 0.0 },
						"UpperFootL": { "rotationX": 0.0, "rotationY": 0.0, "rotationZ": 0.0 },
						"LowerFootL": { "rotationX": 0.0, "rotationY": 0.0, "rotationZ": 0.0 }
					}
				},
				{
					"frame": 10,
					"elements": {
						"UpperFootL": { "rotationX": -19.0, "rotationY": 0.0, "rotationZ": 0.0 },
						"LowerFootL": { "rotationX": 17.0, "rotationY": 0.0, "rotationZ": 0.0 },
						"UpperFootR": { "rotationX": 22.0, "rotationY": 0.0, "rotationZ": 0.0 },
						"LowerFootR": { "rotationX": -19.0, "rotationY": 0.0, "rotationZ": 0.0 },
						"UpperArmL": { "rotationX": 0.0, "rotationY": 0.0, "rotationZ": -97.0 },
						"LowerArmL": { "rotationX": 0.0, "rotationY": 0.0, "rotationZ": -89.0 },
						"UpperArmR": { "rotationX": 0.0, "rotationY": 0.0, "rotationZ": -105.0 },
						"LowerArmR": { "rotationX": 0.0, "rotationY": 0.0, "rotationZ": -83.0 }
					}
				},
				{
					"frame": 20,
					"elements": {
						"UpperArmL": { "rotationX": 0.0, "rotationY": 0.0, "rotationZ": -169.0 },
						"LowerArmL": { "rotationX": 0.0, "rotationY": 0.0, "rotationZ": -6.0 },
						"UpperArmR": { "rotationX": 0.0, "rotationY": 0.0, "rotationZ": -166.0 },
						"LowerArmR": { "rotationX": 0.0, "rotationY": 0.0, "rotationZ": -8.0 }
					}
				},
				{
					"frame": 25,
					"elements": {
						"UpperArmL": { "rotationX": 105.0, "rotationY": 180.0, "rotationZ": -180.0 }
					}
				}
			]
		},

		{
			"name": "attack",
			"code": "attack",
			"quantityframes": 30,
			"onActivityStopped": "PlayTillEnd",
			"onAnimationEnd": "Stop",
			"keyframes": [
				{
					"frame": 0,
					"elements": {
						"LowerTorso": { "rotationX": 0.0, "rotationY": 0.0, "rotationZ": 0.0 },
						"UpperTorso": { "rotationX": 0.0, "rotationY": 0.0, "rotationZ": 0.0 },
						"UpperArmR": { "rotationX": 0.0, "rotationY": 0.0, "rotationZ": 0.0 },
						"LowerArmR": { "rotationX": 0.0, "rotationY": 0.0, "rotationZ": 0.0 },
						"UpperArmL": { "rotationX": 0.0, "rotationY": 0.0, "rotationZ": 0.0 },
						"LowerArmL": { "rotationX": 0.0, "rotationY": 0.0, "rotationZ": 0.0 },
						"Neck": { "rotationX": 0.0, "rotationY": 0.0, "rotationZ": 0.0 }
					}
				},
				{
					"frame": 7,
					"elements": {
						"UpperArmR": { "rotationX": 0.0, "rotationY": -53.0, "rotationZ": 0.0 },
						"LowerArmR": { "rotationX": 0.0, "rotationY": -39.0, "rotationZ": -50.0 }
					}
				},
				{
					"frame": 8,
					"elements": {
						"UpperArmL": { "rotationX": 0.0, "rotationY": 0.0, "rotationZ": 19.0 },
						"LowerArmL": { "rotationX": 0.0, "rotationY": 0.0, "rotationZ": -36.0 }
					}
				},
				{
					"frame": 12,
					"elements": {
						"LowerTorso": { "rotationX": 0.0, "rotationY": 0.0, "rotationZ": 0.0 },
						"UpperTorso": { "rotationX": 0.0, "rotationY": -8.0, "rotationZ": 0.0 },
						"UpperArmR": { "rotationX": 0.0, "rotationY": -19.0, "rotationZ": -134.0 },
						"LowerArmR": { "rotationX": 0.0, "rotationY": -11.0, "rotationZ": -50.0 }
					}
				},
				{
					"frame": 13,
					"elements": {
						"UpperArmL": { "rotationX": 0.0, "rotationY": 0.0, "rotationZ": 42.0 },
						"LowerArmL": { "rotationX": 0.0, "rotationY": 0.0, "rotationZ": -55.0 }
					}
				},
				{
					"frame": 14,
					"elements": {
						"Neck": { "rotationX": 0.0, "rotationY": 6.0, "rotationZ": -6.0 }
					}
				},
				{
					"frame": 18,
					"elements": {
						"UpperTorso": { "rotationX": 0.0, "rotationY": 0.0, "rotationZ": 0.0 },
						"UpperArmR": { "rotationX": 0.0, "rotationY": 0.0, "rotationZ": 8.0 },
						"LowerArmR": { "rotationX": 0.0, "rotationY": 0.0, "rotationZ": 0.0 },
						"UpperArmL": { "rotationX": 0.0, "rotationY": 0.0, "rotationZ": 0.0 },
						"LowerArmL": { "rotationX": 0.0, "rotationY": 0.0, "rotationZ": -33.0 }
					}
				},
				{
					"frame": 25,
					"elements": {
						"UpperArmR": { "rotationX": 0.0, "rotationY": 0.0, "rotationZ": 17.0 },
						"LowerArmR": { "rotationX": 0.0, "rotationY": 0.0, "rotationZ": 19.0 },
						"LowerArmL": { "rotationX": 0.0, "rotationY": 0.0, "rotationZ": 0.0 }
					}
				},
				{
					"frame": 29,
					"elements": {
						"UpperArmR": { "rotationX": 0.0, "rotationY": 0.0, "rotationZ": 0.0 },
						"LowerArmR": { "rotationX": 0.0, "rotationY": 0.0, "rotationZ": 0.0 }
					}
				}
			]
		},

		{
			"name": "ThrowLeftHanded",
			"code": "throwlefthanded",
			"quantityframes": 15,
			"onActivityStopped": "EaseOut",
			"onAnimationEnd": "Stop",
			"keyframes": [
				{
					"frame": 0,
					"elements": {
						"UpperArmR": { "rotationX": 0.0, "rotationY": 0.0, "rotationZ": 0.0 },
						"LowerArmR": { "rotationX": 0.0, "rotationY": 0.0, "rotationZ": 0.0 },
						"UpperArmL": { "rotationX": 0.0, "rotationY": 0.0, "rotationZ": 0.0 },
						"LowerArmL": { "rotationX": 0.0, "rotationY": 0.0, "rotationZ": 0.0 }
					}
				},
				{
					"frame": 5,
					"elements": {
						"UpperTorso": { "rotationX": 0.0, "rotationY": 12.0, "rotationZ": -8.0 },
						"UpperArmR": { "offsetX": 1.0, "offsetY": 0.0, "offsetZ": 0.0, "rotationX": 11.0, "rotationY": -17.0, "rotationZ": -39.0 },
						"LowerArmR": { "offsetX": 0.0, "offsetY": 0.0, "offsetZ": 0.0, "rotationX": 0.0, "rotationY": 0.0, "rotationZ": -19.0 },
						"Head": { "rotationX": 0.0, "rotationY": 10.0, "rotationZ": 5.0 },
						"UpperArmL": { "rotationX": -3.0, "rotationY": 105.0, "rotationZ": -90.0 },
						"LowerArmL": { "offsetX": 0.51, "offsetY": 1.0, "offsetZ": 0.0, "rotationX": 57.0, "rotationY": 7.0, "rotationZ": -100.0 }
					}
				},
				{
					"frame": 10,
					"elements": {
						"UpperTorso": { "rotationX": 0.0, "rotationY": -8.0, "rotationZ": 5.0 },
						"UpperArmR": { "offsetX": 0.0, "offsetY": 0.0, "offsetZ": 0.0, "rotationX": 0.0, "rotationY": 0.0, "rotationZ": 0.0 },
						"LowerArmR": { "offsetX": 0.0, "offsetY": 0.0, "offsetZ": 0.0, "rotationX": 0.0, "rotationY": 0.0, "rotationZ": 0.0 },
						"Head": { "rotationX": 0.0, "rotationY": -5.0, "rotationZ": 0.0 },
						"UpperArmL": { "offsetX": 1.0, "offsetY": -1.0, "offsetZ": -1.0, "rotationX": 0.0, "rotationY": 0.0, "rotationZ": -90.0 },
						"LowerArmL": { "rotationX": 0.0, "rotationY": 0.0, "rotationZ": 0.0 }
					}
				},
				{
					"frame": 14,
					"elements": {
						"UpperArmL": { "offsetX": 0.0, "offsetY": 0.0, "offsetZ": 0.0, "rotationX": 0.0, "rotationY": 0.0, "rotationZ": 0.0 },
						"LowerArmL": { "offsetX": 0.0, "offsetY": 0.0, "offsetZ": 0.0, "rotationX": 0.0, "rotationY": 0.0, "rotationZ": 0.0 }
					}
				}
			]
		},

		{
			"name": "hurt",
			"code": "hurt",
			"quantityframes": 30,
			"onActivityStopped": "PlayTillEnd",
			"onAnimationEnd": "Stop",
			"keyframes": [
				{
					"frame": 0,
					"elements": {
						"UpperTorso": { "rotationX": 0.0, "rotationY": 0.0, "rotationZ": 0.0 },
						"UpperArmR": { "rotationX": 0.0, "rotationY": 0.0, "rotationZ": 0.0 },
						"LowerArmR": { "rotationX": 0.0, "rotationY": 0.0, "rotationZ": 0.0 },
						"UpperArmL": { "rotationX": 0.0, "rotationY": 0.0, "rotationZ": 0.0 },
						"LowerArmL": { "rotationX": 0.0, "rotationY": 0.0, "rotationZ": 0.0 },
						"Neck": { "rotationX": 0.0, "rotationY": 0.0, "rotationZ": 0.0 }
					}
				},
				{
					"frame": 1,
					"elements": {

					}
				},
				{
					"frame": 3,
					"elements": {
						"LowerTorso": { "rotationX": 0.0, "rotationY": 0.0, "rotationZ": -17.0 }
					}
				}
			]
		}
	]
}