[
  {
    "ingredientPattern": "P_P,LMN",
    "width": 3,
    "height": 2,
    "ingredients": {
      "P": {
        "type": "item",
        "code": "primitivesurvival:cordage",
        "quantity": 2
      },
      "L": {
        "type": "block",
        "code": "floralzonescaribbeanregion:log-*",
        "quantity": 3
      },
      "M": {
        "type": "block",
        "code": "floralzonescaribbeanregion:log-*",
        "quantity": 3
      },
      "N": {
        "type": "block",
        "code": "floralzonescaribbeanregion:log-*",
        "quantity": 3
      }
    },
    "output": {
      "type": "block",
      "code": "primitivesurvival:raft-north",
      "quantity": 1
    }
  }
]
