﻿[
  {
    "op": "addmerge",
    "path": "/ingredients/2/validStacks/-",
    "value": {
      "type": "item",
      "code": "expandedfoods:acorndumpling-raw",
            "shapeElement": "bowl/dumplings1/*",
     	    "textureMapping": [
       		    "dumpling",
        	    "dumpling"
     	    ]
    },
    "file": "recipes/cooking/vegetablestew.json",
    "side": "server",
    dependsOn: [{ "modid": "acorns" }]
  },
  {
    "op": "addmerge",
    "path": "/ingredients/3/validStacks/-",
    "value": {
      "type": "item",
      "code": "expandedfoods:acorndumpling-raw",
            "shapeElement": "bowl/dumplings2/*",
     	    "textureMapping": [
       		    "dumpling",
        	    "dumpling"
     	    ]
    },
    "file": "recipes/cooking/vegetablestew.json",
    "side": "server",
    dependsOn: [{ "modid": "acorns" }]
  },
]