{
  "code": "tamefox",
  "class": "EntityPet",
  "variantgroups": [
    {
      "code": "gender",
      "states": [
        "male",
        "female",
        "pup"
      ]
    },
    {
      "code": "type",
      "states": [
        "red",
        "arctic"
      ]
    }
  ],
  "hitboxSizeByType": {
    "*-pup-*": {
      "x": 0.4,
      "y": 0.4
    },
    "*": {
      "x": 0.75,
      "y": 0.5
    }
  },
  "deadHitboxSizeByType": {
    "*-pup-*": {
      "x": 0.4,
      "y": 0.2
    },
    "*": {
      "x": 0.75,
      "y": 0.3
    }
  },
  "eyeHeight": 0.7,
  "drops": [],
  "attributes": {
    "killedByInfoText": "deadcreature-eaten",
    "basketCatchableByType": {
      "*-pup": true
    },
    "handbook": {
      "groupcode": "creaturegroup-tamefox-{type}"
    }
  },
  "client": {
    "renderer": "Shape",
    "shapeByType": {
      "*": {
        "base": "game:entity/land/fox-{gender}"
      }
    },
    "textureByType": {
      "*": {
        "base": "game:entity/fox/{type}-{gender}"
      }
    },
    "behaviors": [
      {
        "code": "nametag"
      },
      {
        "code": "receivecommand",
        "availableCommands": [
          {
            "commandName": "sit",
            "commandType": "SIMPLE",
            "minObedience": 0.2
          },
          {
            "commandName": "lay",
            "commandType": "SIMPLE",
            "minObedience": 0.2
          },
          {
            "commandName": "stay",
            "commandType": "COMPLEX",
            "minObedience": 0.1
          },
          {
            "commandName": "followmaster",
            "commandType": "COMPLEX",
            "minObedience": 0.6
          }
        ]
      },
      {
        "code": "tameable",
        "size": "small",
        "disobediencePerDay": 0,
        "treat": [
          {
            "code": "fruit-blueberry",
            "progress": 0.1,
            "cooldown": 1
          },
          {
            "code": "fruit-redcurrant",
            "progress": 0.1,
            "cooldown": 1
          },
          {
            "code": "fruit-whitecurrant",
            "progress": 0.1,
            "cooldown": 1
          },
          {
            "code": "fruit-blackcurrant",
            "progress": 0.1,
            "cooldown": 1
          },
          {
            "code": "bushmeat-raw",
            "progress": 0.15,
            "cooldown": 2
          },
          {
            "code": "petcookie-meat-perfect",
            "domain": "petai",
            "progress": 0.8,
            "cooldown": 3
          },
          {
            "code": "redmeat-raw",
            "progress": 0.3,
            "cooldown": 3
          },
          {
            "code": "poultry-raw",
            "progress": 0.3,
            "cooldown": 3
          }
        ]
      },
      {
        "code": "mouthinventory",
        "acceptStacks": [
          {
            "type": "item",
            "code": "fruit-blueberry"
          },
          {
            "type": "item",
            "code": "fruit-redcurrant"
          },
          {
            "type": "item",
            "code": "fruit-whitecurrant"
          },
          {
            "type": "item",
            "code": "fruit-blackcurrant"
          },
          {
            "type": "item",
            "code": "bushmeat-raw"
          },
          {
            "type": "item",
            "code": "redmeat-raw"
          },
          {
            "type": "item",
            "code": "poultry-raw"
          },
          {
            "type": "item",
            "code": "petai:petcookie-meat-perfect"
          }
        ]
      },
      {
        "code": "repulseagents"
      },
      {
        "code": "controlledphysics",
        "stepHeight": 1.1251
      },
      {
        "code": "interpolateposition"
      },
      {
        "code": "floatupwhenstuck",
        "onlyWhenDead": true
      },
      {
        "code": "harvestable"
      },
      {
        "code": "multiply",
        "enabledByType": {
          "tamefox-female-*": true,
          "*": false
        }
      },
      {
        "code": "ropetieable",
        "minGeneration": 2
      }
    ],
    "animations": [
      {
        "code": "hurt",
        "animation": "hurt",
        "animationSpeed": 2.2,
        "weight": 10,
        "blendMode": "AddAverage"
      },
      {
        "code": "die",
        "animation": "death",
        "animationSpeed": 1.25,
        "weight": 10,
        "blendMode": "Average",
        "triggeredBy": {
          "onControls": [
            "dead"
          ]
        }
      },
      {
        "code": "idle",
        "animation": "idle",
        "blendMode": "AddAverage",
        "easeOutSpeed": 4,
        "triggeredBy": {
          "defaultAnim": true
        }
      },
      {
        "code": "sleep",
        "animation": "sleep",
        "easeInSpeed": 4,
        "easeOutSpeed": 4,
        "blendMode": "Average"
      },
      {
        "code": "sit",
        "animation": "sit",
        "easeInSpeed": 4,
        "easeOutSpeed": 4,
        "blendMode": "Average"
      }
    ]
  },
  "server": {
    "behaviors": [
      {
        "code": "nametag"
      },
      {
        "code": "receivecommand",
        "availableCommands": [
          {
            "commandName": "sit",
            "commandType": "SIMPLE",
            "minObedience": 0.2
          },
          {
            "commandName": "lay",
            "commandType": "SIMPLE",
            "minObedience": 0.2
          },
          {
            "commandName": "stay",
            "commandType": "COMPLEX",
            "minObedience": 0.1
          },
          {
            "commandName": "followmaster",
            "commandType": "COMPLEX",
            "minObedience": 0.6
          }
        ]
      },
      {
        "code": "tameable",
        "size": "small",
        "disobediencePerDay": 0,
        "treat": [
          {
            "code": "fruit-blueberry",
            "progress": 0.1,
            "cooldown": 1
          },
          {
            "code": "fruit-redcurrant",
            "progress": 0.1,
            "cooldown": 1
          },
          {
            "code": "fruit-whitecurrant",
            "progress": 0.1,
            "cooldown": 1
          },
          {
            "code": "fruit-blackcurrant",
            "progress": 0.1,
            "cooldown": 1
          },
          {
            "code": "bushmeat-raw",
            "progress": 0.15,
            "cooldown": 2
          },
          {
            "code": "petcookie-meat-perfect",
            "domain": "petai",
            "progress": 0.8,
            "cooldown": 3
          },
          {
            "code": "redmeat-raw",
            "progress": 0.3,
            "cooldown": 3
          },
          {
            "code": "poultry-raw",
            "progress": 0.3,
            "cooldown": 3
          }
        ]
      },
      {
        "code": "mouthinventory",
        "acceptStacks": [
          {
            "type": "item",
            "code": "fruit-blueberry"
          },
          {
            "type": "item",
            "code": "fruit-redcurrant"
          },
          {
            "type": "item",
            "code": "fruit-whitecurrant"
          },
          {
            "type": "item",
            "code": "fruit-blackcurrant"
          },
          {
            "type": "item",
            "code": "bushmeat-raw"
          },
          {
            "type": "item",
            "code": "redmeat-raw"
          },
          {
            "type": "item",
            "code": "poultry-raw"
          },
          {
            "type": "item",
            "code": "petai:petcookie-meat-perfect"
          }
        ]
      },
      {
        "code": "repulseagents"
      },
      {
        "code": "controlledphysics",
        "stepHeight": 1.1251
      },
      {
        "code": "health",
        "currenthealthByType": {
          "*-pup-*": 3,
          "*": 6
        },
        "maxhealthByType": {
          "*-pup-*": 3,
          "*": 6
        }
      },
      {
        "code": "deaddecay",
        "hoursToDecay": 96,
        "decayedBlockByType": {
          "*-pup-*": "carcass-tiny",
          "*": "carcass-small"
        }
      },
      {
        "code": "floatupwhenstuck",
        "onlyWhenDead": true
      },
      {
        "code": "harvestable",
        "drops": [
          {
            "type": "item",
            "code": "bushmeat-raw",
            "quantityByType": {
              "*-pup-*": {
                "avg": 0,
                "var": 0
              },
              "*": {
                "avg": 2,
                "var": 1
              }
            }
          },
          {
            "type": "item",
            "code": "hide-raw-small",
            "quantityByType": {
              "*-pup-*": {
                "avg": 1,
                "var": 0
              },
              "*": {
                "avg": 1,
                "var": 0
              }
            }
          },
          {
            "type": "item",
            "code": "fat",
            "quantityByType": {
              "*-pup-*": {
                "avg": 0.25,
                "var": 0
              },
              "*": {
                "avg": 0.25,
                "var": 0
              }
            }
          }
        ]
      },
      {
        "code": "breathe"
      },
      {
        "code": "multiply",
        "enabledByType": {
          "tamefox-female-*": true,
          "*": false
        },
        "spawnEntityCodeByType": {
          "tamefox-female-red": "foxtaming:tamefox-pup-red",
          "tamefox-female-arctic": "foxtaming:tamefox-pup-arctic"
        },
        "requiresNearbyEntityCodeByType": {
          "tamefox-female-red": "foxtaming:tamefox-male-red",
          "tamefox-female-arctic": "foxtaming:tamefox-male-arctic"
        },
        "requiresNearbyEntityRange": 10,
        "spawnQuantityMin": 1,
        "spawnQuantityMax": 2,
        "eatAnyway": true,
        "pregnancyDays": 10,
        "multiplyCooldownDaysMin": 6,
        "multiplyCooldownDaysMax": 13,
        "portionsEatenForMultiply": 6
      },
      {
        "code": "raisable",
        "enabledByType": {
          "tamefox-pup-*": true,
          "*": false
        },
        "hoursToGrow": 336,
        "adultEntityCodesByType": {
          "tamefox-pup-red": [
            "foxtaming:tamefox-male-red",
            "foxtaming:tamefox-female-red"
          ],
          "tamefox-pup-arctic": [
            "foxtaming:tamefox-male-arctic",
            "foxtaming:tamefox-female-arctic"
          ]
        }
      },
      {
        "code": "emotionstates",
        "states": [
          {
            "code": "aggressiveondamage",
            "duration": 15,
            "chance": 0.6,
            "slot": 0,
            "priority": 2,
            "accumType": "noaccum"
          },
          {
            "code": "fleeondamage",
            "duration": 10,
            "chance": 1,
            "slot": 0,
            "priority": 1,
            "accumType": "max"
          },
          {
            "code": "saturated",
            "duration": 1200,
            "chance": 1,
            "slot": 0,
            "priority": 1,
            "accumType": "sum"
          }
        ]
      },
      {
        "code": "taskai",
        "aitasks": [
          {
            "code": "stayclosetoentity",
            "enabledByType": {
              "*-pup-*": true,
              "*-female-*": true,
              "*": false
            },
            "priority": 1.4,
            "entityCodeByType": {
              "tamefox-pup-red": "foxtaming:tamefox-female-red",
              "tamefox-pup-arctic": "foxtaming:tamefox-female-arctic",
              "tamefox-female-red": "foxtaming:tamefox-male-red",
              "tamefox-female-arctic": "foxtaming:tamefox-male-arctic"
            },
            "movespeed": 0.02,
            "animationSpeed": 3,
            "maxDistance": 8,
            "searchRange": 25,
            "animationByType": {
              "*-pup-*": "Run",
              "*": "Walk"
            }
          },
          {
            "code": "fleeentity",
            "entityCodes": [
              "wolf-male",
              "wolf-female",
              "hyena-male",
              "hyena-female",
              "bear-*"
            ],
            "priority": 2,
            "movespeed": 0.03,
            "seekingRange": 14,
            "animation": "Run",
            "animationSpeed": 2.5
          },
          {
            "code": "meleeattack",
            "enabledByType": {
              "*-pup-*": false,
              "*": true
            },
            "entityCodes": [
              "chicken-*",
              "hare-*"
            ],
            "priority": 1.6,
            "damage": 4,
            "slot": 1,
            "mincooldown": 1500,
            "maxcooldown": 1500,
            "attackDurationMs": 800,
            "damagePlayerAtMs": 500,
            "animation": "Attack",
            "animationSpeed": 2.5,
            "sound": "game:creature/fox/attack",
            "whenNotInEmotionState": "saturated"
          },
          {
            "code": "seekentity",
            "entityCodes": [
              "chicken-rooster",
              "chicken-hen",
              "chicken-baby",
              "hare-*"
            ],
            "priority": 1.5,
            "movespeed": 0.04,
            "animationSpeed": 2,
            "seekingRange": 20,
            "animation": "Run",
            "sound": "game:creature/fox/growl",
            "whenNotInEmotionState": "saturated"
          },
          {
            "code": "getoutofwater",
            "priority": 1.4,
            "movespeed": 0.015,
            "animation": "Walk",
            "animationSpeed": 2.2
          },
          {
            "code": "useinventory",
            "animation": "eat",
            "animationSpeed": 0.75,
            "priority": 1.6,
            "priorityForCancel": 1.7,
            "eatItemCategories": [
              "Protein",
              "Fruit"
            ],
            "eatItemCodes": [
              "fruit-blueberry",
              "fruit-redcurrant",
              "fruit-whitecurrant",
              "fruit-blackcurrant",
              "bushmeat-raw",
              "redmeat-raw",
              "poultry-raw",
              "petai:petcookie-meat-perfect"
            ],
            "useTime": 1.5,
            "mincooldownHours": 1,
            "maxcooldownHours": 1.5
          },
          {
            "code": "seeknest",
            "priority": 1.56,
            "duringDayTimeFrames": [
              {
                "fromHour": 10,
                "toHour": 18
              },
              {
                "fromHour": 1,
                "toHour": 4
              }
            ],
            "movespeed": 0.006,
            "animation": "Walk"
          },
          {
            "code": "idle",
            "priority": 1.45,
            "minduration": 200000,
            "maxduration": 800000,
            "mincooldown": 10000,
            "maxcooldown": 30000,
            "priorityForCancel": 1.55,
            "animation": "Sleep",
            "whenNotInEmotionState": "aggressiveondamage",
            "duringDayTimeFrames": [
              {
                "fromHour": 10,
                "toHour": 18
              },
              {
                "fromHour": 1,
                "toHour": 4
              }
            ],
            "stopOnNearbyEntityCodes": [
              "wolf-male",
              "wolf-female",
              "drifter-*"
            ],
            "stopRange": 8,
            "stopOnHurt": true
          },
          {
            "code": "idle",
            "onBlockBelowCode": "snowblock",
            "priority": 1.35,
            "priorityForCancel": 5,
            "minduration": 2400,
            "maxduration": 2400,
            "mincooldown": 8000,
            "maxcooldown": 30000,
            "animation": "Dive",
            "animationSpeed": 1.25,
            "sound": "game:walk/deepsnow1",
            "soundStartMs": 950
          },
          {
            "code": "idle",
            "priority": 1.3,
            "priorityForCancel": 1.35,
            "minduration": 4680,
            "maxduration": 4680,
            "mincooldown": 80000,
            "maxcooldown": 400000,
            "animation": "yip",
            "animationSpeed": 0.25,
            "sound": "game:creature/fox/yip",
            "soundRange": 110
          },
          {
            "code": "idle",
            "enabledByType": {
              "*-pup-*": false,
              "*": true
            },
            "priority": 1.3,
            "priorityForCancel": 1.35,
            "minduration": 2500,
            "maxduration": 2500,
            "mincooldown": 10000,
            "maxcooldown": 50000,
            "animation": "Flop",
            "animationSpeed": 1
          },
          {
            "code": "idle",
            "priority": 1.2,
            "priorityForCancel": 1.35,
            "minduration": 2500,
            "maxduration": 2500,
            "mincooldown": 6000,
            "maxcooldown": 20000,
            "animation": "Sniff",
            "animationSpeed": 1.25
          },
          {
            "code": "wander",
            "priority": 1.0,
            "priorityForCancel": 1.35,
            "movespeed": 0.004,
            "animation": "Walk",
            "preferredLightLevel": 20
          },
          {
            "code": "idle",
            "priority": 0.9,
            "minduration": 5000,
            "maxduration": 30000,
            "mincooldown": 2000,
            "maxcooldown": 120000,
            "priorityForCancel": 1.39,
            "animation": "Sit",
            "stopRange": 5
          },
          {
            "code": "lookaround",
            "priority": 0.5
          },
          {
            "code": "simplecommand",
            "priority": 3,
            "minduration": 2000,
            "maxduration": 10000,
            "priorityForCancel": 2.8,
            "animation": "Sit",
            "command": "sit"
          },
          {
            "code": "simplecommand",
            "priority": 3,
            "minduration": 5000,
            "maxduration": 15000,
            "priorityForCancel": 2.8,
            "animation": "Lie",
            "animationSpeed": 0.8,
            "command": "lay"
          },
          {
            "code": "stay",
            "priority": 2,
            "priorityForCancel": 1.9,
            "command": "stay",
            "movespeed": 0.006,
            "maxDistance": 10,
            "searchRange": 40,
            "animation": "Walk"
          },
          {
            "code": "followmaster",
            "priority": 2,
            "priorityForCancel": 1.9,
            "command": "followmaster",
            "movespeed": 0.045,
            "animationSpeed": 2.2,
            "maxDistance": 8,
            "searchRange": 40,
            "animation": "Run",
            "allowTeleport": true
          }
        ]
      },
      {
        "code": "ropetieable",
        "minGeneration": 2
      },
      {
        "code": "pettableextended",
        "minGeneration": 0
      }
    ]
  },
  "sounds": {
    "hurt": "game:creature/fox/hurt",
    "death": "game:creature/fox/die",
    "idle": "game:creature/fox/yip"
  },
  "idleSoundChance": 0
}
