{
	"editor": {
		"backDropShape": "shapes/entity/humanoid/seraph",
		"allAngles": false,
		"entityTextureMode": true
	},
	"textureWidth": 64,
	"textureHeight": 64,
	"textureSizes": {
	},
	"textures": {
		"blackguard-damaged": "entity/humanoid/serapharmor/blackguard/blackguard-damaged"
	},
	"elements": [
		{
			"name": "ArmorHead",
			"stepParentName": "Head",
			"from": [ -0.1, -0.2, -0.2 ],
			"to": [ 6.1, 5.2, 5.2 ],
			"autoUnwrap": false,
			"uv": [ 7.0, 0.0 ],
			"rotationOrigin": [ -0.1, -0.2, 2.6 ],
			"faces": {
				"north": { "texture": "#blackguard-damaged", "uv": [ 0.0, 6.0, 6.0, 11.0 ] },
				"east": { "texture": "#blackguard-damaged", "uv": [ 17.0, 6.0, 22.0, 11.0 ] },
				"south": { "texture": "#blackguard-damaged", "uv": [ 11.0, 6.0, 17.0, 11.0 ] },
				"west": { "texture": "#blackguard-damaged", "uv": [ 6.0, 6.0, 11.0, 11.0 ] },
				"up": { "texture": "#blackguard-damaged", "uv": [ 6.0, 0.0, 11.0, 6.0 ], "rotation": 90 },
				"down": { "texture": "#blackguard-damaged", "uv": [ 0.5, 0.0, 5.5, 6.0 ], "rotation": 90 }
			},
			"children": [
				{
					"name": "ArmorNeck",
					"stepParentName": "Neck",
					"from": [ -0.1, 0.8, -0.1 ],
					"to": [ 3.1, 2.4, 3.1 ],
					"autoUnwrap": false,
					"uv": [ 11.5, 3.0 ],
					"rotationOrigin": [ -0.1, 0.8, 1.5 ],
					"faces": {
						"north": { "texture": "#blackguard-damaged", "uv": [ 11.0, 0.0, 14.0, 1.5 ] },
						"east": { "texture": "#blackguard-damaged", "uv": [ 20.0, 0.0, 23.0, 1.5 ] },
						"south": { "texture": "#blackguard-damaged", "uv": [ 17.0, 0.0, 20.0, 1.5 ] },
						"west": { "texture": "#blackguard-damaged", "uv": [ 14.0, 0.0, 17.0, 1.5 ] }
					}
				},
				{
					"name": "ArmorVisor",
					"from": [ -1.5, 1.5, 0.1 ],
					"to": [ 1.5, 4.5, 5.3 ],
					"autoUnwrap": false,
					"uv": [ 16.0, -0.5 ],
					"rotationOrigin": [ 0.0, 3.0, 2.6 ],
					"rotationX": 6.0,
					"rotationY": 2.0,
					"rotationZ": -45.0,
					"faces": {
						"north": { "texture": "#blackguard-damaged", "uv": [ 22.5, 2.0, 25.5, 5.0 ] },
						"south": { "texture": "#blackguard-damaged", "uv": [ 30.5, 2.0, 33.5, 5.0 ] },
						"west": { "texture": "#blackguard-damaged", "uv": [ 25.5, 0.5, 30.5, 3.5 ] },
						"down": { "texture": "#blackguard-damaged", "uv": [ 25.5, 3.5, 30.5, 6.5 ], "rotation": 90 }
					}
				},
				{
					"name": "ArmorHeadCrest1",
					"from": [ -0.2, 4.9, 2.5 ],
					"to": [ 0.4, 5.9, 3.0 ],
					"uv": [ 12.5, 1.5 ],
					"rotationOrigin": [ -0.2, 4.9, 2.8 ],
					"rotationX": 1.0,
					"rotationZ": 5.0,
					"faces": {
						"north": { "texture": "#blackguard-damaged", "uv": [ 12.5, 2.0, 13.0, 3.0 ] },
						"east": { "texture": "#blackguard-damaged", "uv": [ 13.0, 2.0, 13.5, 3.0 ] },
						"south": { "texture": "#blackguard-damaged", "uv": [ 13.5, 2.0, 14.0, 3.0 ], "rotation": 180 },
						"west": { "texture": "#blackguard-damaged", "uv": [ 14.0, 2.0, 14.5, 3.0 ] },
						"up": { "texture": "#blackguard-damaged", "uv": [ 12.5, 1.5, 13.0, 2.0 ] }
					}
				},
				{
					"name": "ArmorHeadCrest2",
					"from": [ 0.8, 4.9, 2.5 ],
					"to": [ 1.4, 5.9, 3.0 ],
					"uv": [ 12.5, 3.0 ],
					"rotationOrigin": [ 0.8, 4.9, 2.8 ],
					"faces": {
						"north": { "texture": "#blackguard-damaged", "uv": [ 12.5, 3.5, 13.0, 4.5 ] },
						"east": { "texture": "#blackguard-damaged", "uv": [ 13.0, 3.5, 13.5, 4.5 ] },
						"south": { "texture": "#blackguard-damaged", "uv": [ 13.5, 3.5, 14.0, 4.5 ], "rotation": 180 },
						"west": { "texture": "#blackguard-damaged", "uv": [ 14.0, 3.5, 14.5, 4.5 ] },
						"up": { "texture": "#blackguard-damaged", "uv": [ 12.5, 3.0, 13.0, 3.5 ] }
					}
				},
				{
					"name": "ArmorHeadCrest3",
					"from": [ 1.8, 4.9, 2.5 ],
					"to": [ 2.4, 5.9, 3.0 ],
					"uv": [ 14.5, 1.5 ],
					"rotationOrigin": [ 1.8, 4.9, 2.8 ],
					"rotationX": 4.0,
					"faces": {
						"north": { "texture": "#blackguard-damaged", "uv": [ 14.5, 2.0, 15.0, 3.0 ] },
						"east": { "texture": "#blackguard-damaged", "uv": [ 15.0, 2.0, 15.5, 3.0 ] },
						"south": { "texture": "#blackguard-damaged", "uv": [ 15.5, 2.0, 16.0, 3.0 ], "rotation": 180 },
						"west": { "texture": "#blackguard-damaged", "uv": [ 16.0, 2.0, 16.5, 3.0 ] },
						"up": { "texture": "#blackguard-damaged", "uv": [ 14.5, 1.5, 15.0, 2.0 ] }
					}
				},
				{
					"name": "ArmorHeadCrest5",
					"from": [ 3.8, 4.6, 2.5 ],
					"to": [ 4.4, 5.6, 3.0 ],
					"uv": [ 16.5, 3.0 ],
					"rotationOrigin": [ 3.8, 4.6, 2.8 ],
					"faces": {
						"north": { "texture": "#blackguard-damaged", "uv": [ 16.5, 3.5, 17.0, 4.5 ] },
						"east": { "texture": "#blackguard-damaged", "uv": [ 17.0, 3.5, 17.5, 4.5 ] },
						"south": { "texture": "#blackguard-damaged", "uv": [ 17.5, 3.5, 18.0, 4.5 ], "rotation": 180 },
						"west": { "texture": "#blackguard-damaged", "uv": [ 18.0, 3.5, 18.5, 4.5 ] },
						"up": { "texture": "#blackguard-damaged", "uv": [ 16.5, 3.0, 17.0, 3.5 ] }
					}
				},
				{
					"name": "ArmorHeadCrest7",
					"from": [ 5.8, 4.9, 2.5 ],
					"to": [ 6.4, 5.9, 3.0 ],
					"uv": [ 18.5, 1.5 ],
					"rotationOrigin": [ 5.8, 4.9, 2.8 ],
					"rotationZ": -9.0,
					"faces": {
						"north": { "texture": "#blackguard-damaged", "uv": [ 18.5, 2.0, 19.0, 3.0 ] },
						"east": { "texture": "#blackguard-damaged", "uv": [ 19.0, 2.0, 19.5, 3.0 ] },
						"south": { "texture": "#blackguard-damaged", "uv": [ 19.5, 2.0, 20.0, 3.0 ], "rotation": 180 },
						"west": { "texture": "#blackguard-damaged", "uv": [ 20.0, 2.0, 20.5, 3.0 ] },
						"up": { "texture": "#blackguard-damaged", "uv": [ 18.5, 1.5, 19.0, 2.0 ] },
						"down": { "texture": "#blackguard-damaged", "uv": [ 19.0, 1.5, 19.5, 2.0 ] }
					}
				}
			]
		}
	]}