{
	"editor": {
		"backDropShape": "entity/humanoid/seraph",
		"allAngles": true,
		"entityTextureMode": true
	},
	"textureWidth": 64,
	"textureHeight": 64,
	"textureSizes": {
		"seraph": [64,64]
	},
	"textures": {
	},
	"elements": [
		{
			"name": "hidefacialhair",
			"stepParentName": "Head",
			"from": [ 0.0, 0.0, 2.5 ],
			"to": [ 0.0, 0.0, 2.5 ],
			"uv": [ 0.0, 0.0 ],
			"rotationOrigin": [ 0.0, 0.0, 2.5 ],
			"faces": {
			},
			"children": [
				{
					"name": "Cube2",
					"from": [ 0.0, 0.0, 0.0 ],
					"to": [ 1.0, 1.0, 1.0 ],
					"uv": [ 44.25, 0.375 ],
					"faces": {
						"north": { "texture": "#seraph", "uv": [ 44.25, 1.125, 45.0, 1.875 ] },
						"east": { "texture": "#seraph", "uv": [ 45.0, 1.125, 45.75, 1.875 ] },
						"south": { "texture": "#seraph", "uv": [ 45.75, 1.125, 46.5, 1.875 ] },
						"west": { "texture": "#seraph", "uv": [ 46.5, 1.125, 47.25, 1.875 ] },
						"up": { "texture": "#seraph", "uv": [ 44.25, 0.375, 45.0, 1.125 ] },
						"down": { "texture": "#seraph", "uv": [ 45.0, 0.375, 45.75, 1.125 ] }
					},
					"children": [
						{
							"name": "Cube3",
							"from": [ 3.5, -0.1, 2.1 ],
							"to": [ 4.1, 0.3, 2.5 ],
							"uv": [ 45.375, 1.125 ],
							"rotationOrigin": [ 3.5, -0.1, 2.1 ],
							"rotationY": -30.0,
							"rotationZ": -45.0,
							"faces": {
								"north": { "texture": "#seraph", "uv": [ 45.375, 1.5, 45.75, 1.875 ] },
								"east": { "texture": "#seraph", "uv": [ 45.75, 1.5, 46.125, 1.875 ] },
								"south": { "texture": "#seraph", "uv": [ 46.125, 1.5, 46.5, 1.875 ] },
								"west": { "texture": "#seraph", "uv": [ 46.5, 1.5, 46.875, 1.875 ] },
								"up": { "texture": "#seraph", "uv": [ 45.375, 1.125, 45.75, 1.5 ] },
								"down": { "texture": "#seraph", "uv": [ 45.75, 1.125, 46.125, 1.5 ] }
							}
						},
						{
							"name": "Cube4",
							"from": [ 3.9, 0.3, 2.1 ],
							"to": [ 4.6, 0.7, 2.5 ],
							"uv": [ 45.75, 0.75 ],
							"rotationOrigin": [ 3.9, 0.3, 2.1 ],
							"rotationY": -30.0,
							"rotationZ": -40.0,
							"faces": {
								"north": { "texture": "#seraph", "uv": [ 45.75, 1.125, 46.125, 1.5 ] },
								"east": { "texture": "#seraph", "uv": [ 46.125, 1.125, 46.5, 1.5 ] },
								"south": { "texture": "#seraph", "uv": [ 46.5, 1.125, 46.875, 1.5 ] },
								"west": { "texture": "#seraph", "uv": [ 46.875, 1.125, 47.25, 1.5 ] },
								"up": { "texture": "#seraph", "uv": [ 45.75, 0.75, 46.125, 1.125 ] },
								"down": { "texture": "#seraph", "uv": [ 46.125, 0.75, 46.5, 1.125 ] }
							}
						},
						{
							"name": "Cube5",
							"from": [ 4.2, 0.8, 2.1 ],
							"to": [ 5.0, 1.2, 2.5 ],
							"uv": [ 45.0, 1.5 ],
							"rotationOrigin": [ 4.2, 0.8, 2.1 ],
							"rotationY": -30.0,
							"rotationZ": -30.0,
							"faces": {
								"north": { "texture": "#seraph", "uv": [ 45.0, 1.875, 45.75, 2.25 ] },
								"east": { "texture": "#seraph", "uv": [ 45.75, 1.875, 46.125, 2.25 ] },
								"south": { "texture": "#seraph", "uv": [ 46.125, 1.875, 46.875, 2.25 ] },
								"west": { "texture": "#seraph", "uv": [ 46.875, 1.875, 47.25, 2.25 ] },
								"up": { "texture": "#seraph", "uv": [ 45.0, 1.5, 45.75, 1.875 ] },
								"down": { "texture": "#seraph", "uv": [ 45.75, 1.5, 46.5, 1.875 ] }
							}
						},
						{
							"name": "Cube6",
							"from": [ 4.4, 1.5, 2.1 ],
							"to": [ 5.3, 1.9, 2.5 ],
							"uv": [ 45.0, 0.75 ],
							"rotationOrigin": [ 4.4, 1.5, 2.1 ],
							"rotationY": -30.0,
							"rotationZ": -25.0,
							"faces": {
								"north": { "texture": "#seraph", "uv": [ 45.0, 1.125, 45.75, 1.5 ] },
								"east": { "texture": "#seraph", "uv": [ 45.75, 1.125, 46.125, 1.5 ] },
								"south": { "texture": "#seraph", "uv": [ 46.125, 1.125, 46.875, 1.5 ] },
								"west": { "texture": "#seraph", "uv": [ 46.875, 1.125, 47.25, 1.5 ] },
								"up": { "texture": "#seraph", "uv": [ 45.0, 0.75, 45.75, 1.125 ] },
								"down": { "texture": "#seraph", "uv": [ 45.75, 0.75, 46.5, 1.125 ] }
							}
						},
						{
							"name": "Cube7",
							"from": [ 4.6, 2.2, 2.1 ],
							"to": [ 5.6, 2.6, 2.5 ],
							"uv": [ 45.375, 1.5 ],
							"rotationOrigin": [ 4.6, 2.2, 2.1 ],
							"rotationY": -30.0,
							"rotationZ": -20.0,
							"faces": {
								"north": { "texture": "#seraph", "uv": [ 45.375, 1.875, 46.125, 2.25 ] },
								"east": { "texture": "#seraph", "uv": [ 46.125, 1.875, 46.5, 2.25 ] },
								"south": { "texture": "#seraph", "uv": [ 46.5, 1.875, 47.25, 2.25 ] },
								"west": { "texture": "#seraph", "uv": [ 47.25, 1.875, 47.625, 2.25 ] },
								"up": { "texture": "#seraph", "uv": [ 45.375, 1.5, 46.125, 1.875 ] },
								"down": { "texture": "#seraph", "uv": [ 46.125, 1.5, 46.875, 1.875 ] }
							}
						}
					]
				},
				{
					"name": "Cube8",
					"from": [ 0.0, 0.0, 0.4 ],
					"to": [ 0.0, 0.0, 0.4 ],
					"uv": [ 45.375, 1.125 ],
					"rotationOrigin": [ 0.0, 0.0, 0.4 ],
					"faces": {
						"north": { "texture": "#seraph", "uv": [ 45.375, 1.5, 45.75, 1.875 ] },
						"east": { "texture": "#seraph", "uv": [ 45.75, 1.5, 46.125, 1.875 ] },
						"south": { "texture": "#seraph", "uv": [ 46.125, 1.5, 46.5, 1.875 ] },
						"west": { "texture": "#seraph", "uv": [ 46.5, 1.5, 46.875, 1.875 ] },
						"up": { "texture": "#seraph", "uv": [ 45.375, 1.125, 45.75, 1.5 ] },
						"down": { "texture": "#seraph", "uv": [ 45.75, 1.125, 46.125, 1.5 ] }
					},
					"children": [
						{
							"name": "Cube9",
							"from": [ 3.5, -0.1, -2.9 ],
							"to": [ 4.1, 0.3, -2.5 ],
							"uv": [ 45.75, 0.75 ],
							"rotationOrigin": [ 3.5, -0.1, -2.9 ],
							"rotationY": 30.0,
							"rotationZ": -45.0,
							"faces": {
								"north": { "texture": "#seraph", "uv": [ 45.75, 1.125, 46.125, 1.5 ] },
								"east": { "texture": "#seraph", "uv": [ 46.125, 1.125, 46.5, 1.5 ] },
								"south": { "texture": "#seraph", "uv": [ 46.5, 1.125, 46.875, 1.5 ] },
								"west": { "texture": "#seraph", "uv": [ 46.875, 1.125, 47.25, 1.5 ] },
								"up": { "texture": "#seraph", "uv": [ 45.75, 0.75, 46.125, 1.125 ] },
								"down": { "texture": "#seraph", "uv": [ 46.125, 0.75, 46.5, 1.125 ] }
							}
						},
						{
							"name": "Cube10",
							"from": [ 3.9, 0.3, -2.9 ],
							"to": [ 4.6, 0.7, -2.5 ],
							"uv": [ 45.375, 1.5 ],
							"rotationOrigin": [ 3.9, 0.3, -2.9 ],
							"rotationY": 30.0,
							"rotationZ": -40.0,
							"faces": {
								"north": { "texture": "#seraph", "uv": [ 45.375, 1.875, 45.75, 2.25 ] },
								"east": { "texture": "#seraph", "uv": [ 45.75, 1.875, 46.125, 2.25 ] },
								"south": { "texture": "#seraph", "uv": [ 46.125, 1.875, 46.5, 2.25 ] },
								"west": { "texture": "#seraph", "uv": [ 46.5, 1.875, 46.875, 2.25 ] },
								"up": { "texture": "#seraph", "uv": [ 45.375, 1.5, 45.75, 1.875 ] },
								"down": { "texture": "#seraph", "uv": [ 45.75, 1.5, 46.125, 1.875 ] }
							}
						},
						{
							"name": "Cube11",
							"from": [ 4.2, 0.8, -2.9 ],
							"to": [ 5.0, 1.2, -2.5 ],
							"uv": [ 45.0, 1.125 ],
							"rotationOrigin": [ 4.2, 0.8, -2.9 ],
							"rotationY": 30.0,
							"rotationZ": -30.0,
							"faces": {
								"north": { "texture": "#seraph", "uv": [ 45.0, 1.5, 45.75, 1.875 ] },
								"east": { "texture": "#seraph", "uv": [ 45.75, 1.5, 46.125, 1.875 ] },
								"south": { "texture": "#seraph", "uv": [ 46.125, 1.5, 46.875, 1.875 ] },
								"west": { "texture": "#seraph", "uv": [ 46.875, 1.5, 47.25, 1.875 ] },
								"up": { "texture": "#seraph", "uv": [ 45.0, 1.125, 45.75, 1.5 ] },
								"down": { "texture": "#seraph", "uv": [ 45.75, 1.125, 46.5, 1.5 ] }
							}
						},
						{
							"name": "Cube12",
							"from": [ 4.4, 1.5, -2.9 ],
							"to": [ 5.3, 1.9, -2.5 ],
							"uv": [ 45.0, 0.375 ],
							"rotationOrigin": [ 4.4, 1.5, -2.9 ],
							"rotationY": 30.0,
							"rotationZ": -25.0,
							"faces": {
								"north": { "texture": "#seraph", "uv": [ 45.0, 0.75, 45.75, 1.125 ] },
								"east": { "texture": "#seraph", "uv": [ 45.75, 0.75, 46.125, 1.125 ] },
								"south": { "texture": "#seraph", "uv": [ 46.125, 0.75, 46.875, 1.125 ] },
								"west": { "texture": "#seraph", "uv": [ 46.875, 0.75, 47.25, 1.125 ] },
								"up": { "texture": "#seraph", "uv": [ 45.0, 0.375, 45.75, 0.75 ] },
								"down": { "texture": "#seraph", "uv": [ 45.75, 0.375, 46.5, 0.75 ] }
							}
						},
						{
							"name": "Cube13",
							"from": [ 4.6, 2.2, -2.9 ],
							"to": [ 5.6, 2.6, -2.5 ],
							"uv": [ 45.0, 0.75 ],
							"rotationOrigin": [ 4.6, 2.2, -2.9 ],
							"rotationY": 30.0,
							"rotationZ": -20.0,
							"faces": {
								"north": { "texture": "#seraph", "uv": [ 45.0, 1.125, 45.75, 1.5 ] },
								"east": { "texture": "#seraph", "uv": [ 45.75, 1.125, 46.125, 1.5 ] },
								"south": { "texture": "#seraph", "uv": [ 46.125, 1.125, 46.875, 1.5 ] },
								"west": { "texture": "#seraph", "uv": [ 46.875, 1.125, 47.25, 1.5 ] },
								"up": { "texture": "#seraph", "uv": [ 45.0, 0.75, 45.75, 1.125 ] },
								"down": { "texture": "#seraph", "uv": [ 45.75, 0.75, 46.5, 1.125 ] }
							}
						}
					]
				}
			]
		}
	]}