{
	"editor": {
		"allAngles": true,
		"entityTextureMode": true
	},
	"textureWidth": 64,
	"textureHeight": 64,
	"textureSizes": {
		"seraph": [64,64]
	},
	"textures": {
	},
	"elements": [
		{
			"name": "hidefacialhair",
			"stepParentName": "Head",
			"from": [ 0.0, 0.0, 2.5 ],
			"to": [ 0.5, 0.4, 3.7 ],
			"unwrapMode": 2,
			"uv": [ 22.5, 0.625 ],
			"rotationOrigin": [ 0.0, 0.0, 2.5 ],
			"faces": {
				"north": { "texture": "#seraph", "uv": [ 22.875, 1.125, 23.25, 1.5 ] },
				"south": { "texture": "#seraph", "uv": [ 22.5, 1.125, 22.875, 1.5 ] },
				"west": { "texture": "#seraph", "uv": [ 23.25, 1.125, 24.375, 1.5 ] },
				"up": { "texture": "#seraph", "uv": [ 22.875, 0.75, 24.0, 1.125 ], "rotation": 270 },
				"down": { "texture": "#seraph", "uv": [ 22.875, 1.875, 24.0, 2.25 ], "rotation": 270 }
			},
			"children": [
				{
					"name": "Cube2",
					"from": [ -2.2, -1.5, -0.3 ],
					"to": [ -1.4, -0.8, 0.3 ],
					"uv": [ 31.125, 0.75 ],
					"rotationOrigin": [ -2.2, -1.5, 0.2 ],
					"rotationZ": 15.0,
					"faces": {
						"north": { "texture": "#seraph", "uv": [ 31.125, 1.125, 31.875, 1.5 ] },
						"east": { "texture": "#seraph", "uv": [ 31.875, 1.125, 32.25, 1.5 ] },
						"south": { "texture": "#seraph", "uv": [ 32.25, 1.125, 33.0, 1.5 ] },
						"west": { "texture": "#seraph", "uv": [ 33.0, 1.125, 33.375, 1.5 ] },
						"up": { "texture": "#seraph", "uv": [ 31.125, 0.75, 31.875, 1.125 ] },
						"down": { "texture": "#seraph", "uv": [ 31.875, 0.75, 32.625, 1.125 ] }
					}
				},
				{
					"name": "Cube3",
					"from": [ -2.0, -1.8, -0.2 ],
					"to": [ -1.4, -1.4, 0.2 ],
					"uv": [ 27.75, 1.125 ],
					"rotationOrigin": [ -2.0, -1.8, 0.3 ],
					"rotationZ": 15.0,
					"faces": {
						"north": { "texture": "#seraph", "uv": [ 27.75, 1.5, 28.125, 1.875 ] },
						"east": { "texture": "#seraph", "uv": [ 28.125, 1.5, 28.5, 1.875 ] },
						"south": { "texture": "#seraph", "uv": [ 28.5, 1.5, 28.875, 1.875 ] },
						"west": { "texture": "#seraph", "uv": [ 28.875, 1.5, 29.25, 1.875 ] },
						"up": { "texture": "#seraph", "uv": [ 27.75, 1.125, 28.125, 1.5 ] },
						"down": { "texture": "#seraph", "uv": [ 28.125, 1.125, 28.5, 1.5 ] }
					}
				}
			]
		}
	]}