{
	"editor": {
		"backDropShape": "entity/humanoid/seraph",
		"allAngles": true,
		"entityTextureMode": true
	},
	"textureWidth": 64,
	"textureHeight": 64,
	"textureSizes": {
		"seraph": [64,64]
	},
	"textures": {
	},
	"elements": [
		{
			"name": "hidefacialhair",
			"stepParentName": "Head",
			"from": [ 0.0, 0.0, 0.0 ],
			"to": [ 0.0, 0.0, 0.0 ],
			"uv": [ 0.0, 0.0 ],
			"faces": {
			},
			"children": [
				{
					"name": "Cube2",
					"from": [ -1.8, -0.4, 3.7 ],
					"to": [ -1.5, 0.6, 3.9 ],
					"uv": [ 29.25, 0.75 ],
					"rotationOrigin": [ -1.8, -0.4, 3.7 ],
					"rotationZ": 20.0,
					"faces": {
						"north": { "texture": "#seraph", "uv": [ 29.5, 1.5, 30.0, 2.5 ] },
						"east": { "texture": "#seraph", "uv": [ 30.0, 1.5, 30.5, 2.5 ] },
						"south": { "texture": "#seraph", "uv": [ 30.5, 1.5, 31.0, 2.5 ] },
						"west": { "texture": "#seraph", "uv": [ 31.0, 1.5, 31.5, 2.5 ] },
						"up": { "texture": "#seraph", "uv": [ 29.5, 1.0, 30.0, 1.5 ] },
						"down": { "texture": "#seraph", "uv": [ 30.0, 1.0, 30.5, 1.5 ] }
					}
				},
				{
					"name": "Cube3",
					"from": [ -1.8, -0.4, 1.1 ],
					"to": [ -1.5, 0.6, 1.3 ],
					"uv": [ 29.25, 0.75 ],
					"rotationOrigin": [ -1.8, -0.4, 1.1 ],
					"rotationZ": 20.0,
					"faces": {
						"north": { "texture": "#seraph", "uv": [ 29.5, 1.5, 30.0, 2.5 ] },
						"east": { "texture": "#seraph", "uv": [ 30.0, 1.5, 30.5, 2.5 ] },
						"south": { "texture": "#seraph", "uv": [ 30.5, 1.5, 31.0, 2.5 ] },
						"west": { "texture": "#seraph", "uv": [ 31.0, 1.5, 31.5, 2.5 ] },
						"up": { "texture": "#seraph", "uv": [ 29.5, 1.0, 30.0, 1.5 ] },
						"down": { "texture": "#seraph", "uv": [ 30.0, 1.0, 30.5, 1.5 ] }
					}
				}
			]
		}
	]}