{
	"editor": {
		"backDropShape": "entity/humanoid/seraph",
		"allAngles": true,
		"entityTextureMode": true
	},
	"textureWidth": 64,
	"textureHeight": 64,
	"textureSizes": {
		"seraph": [64,64]
	},
	"textures": {
	},
	"elements": [
		{
			"name": "Cube2",
			"stepParentName": "Tail1",
			"from": [ 2.0, 4.0, 1.8 ],
			"to": [ 4.0, 5.0, 2.2 ],
			"uv": [ 29.25, 0.75 ],
			"rotationOrigin": [ 2.0, 4.0, 1.8 ],
			"faces": {
				"north": { "texture": "#seraph", "uv": [ 29.5, 1.5, 31.5, 2.5 ] },
				"east": { "texture": "#seraph", "uv": [ 31.5, 1.5, 32.0, 2.5 ] },
				"south": { "texture": "#seraph", "uv": [ 32.0, 1.5, 34.0, 2.5 ] },
				"west": { "texture": "#seraph", "uv": [ 34.0, 1.5, 34.5, 2.5 ] },
				"up": { "texture": "#seraph", "uv": [ 29.5, 1.0, 31.5, 1.5 ] },
				"down": { "texture": "#seraph", "uv": [ 31.5, 1.0, 33.5, 1.5 ] }
			}
		},
		{
			"name": "Cube3",
			"stepParentName": "Tail1",
			"from": [ 5.0, 4.0, 1.8 ],
			"to": [ 7.0, 5.0, 2.2 ],
			"uv": [ 29.25, 0.75 ],
			"rotationOrigin": [ 5.0, 4.0, 1.8 ],
			"faces": {
				"north": { "texture": "#seraph", "uv": [ 29.5, 1.5, 31.5, 2.5 ] },
				"east": { "texture": "#seraph", "uv": [ 31.5, 1.5, 32.0, 2.5 ] },
				"south": { "texture": "#seraph", "uv": [ 32.0, 1.5, 34.0, 2.5 ] },
				"west": { "texture": "#seraph", "uv": [ 34.0, 1.5, 34.5, 2.5 ] },
				"up": { "texture": "#seraph", "uv": [ 29.5, 1.0, 31.5, 1.5 ] },
				"down": { "texture": "#seraph", "uv": [ 31.5, 1.0, 33.5, 1.5 ] }
			}
		},
		{
			"name": "Cube4",
			"stepParentName": "Tail2",
			"from": [ 1.5, 3.0, 1.3 ],
			"to": [ 3.0, 3.8, 1.7 ],
			"uv": [ 29.25, 0.75 ],
			"rotationOrigin": [ 1.5, 3.0, 1.3 ],
			"faces": {
				"north": { "texture": "#seraph", "uv": [ 29.5, 1.5, 31.0, 2.0 ] },
				"east": { "texture": "#seraph", "uv": [ 31.0, 1.5, 31.5, 2.0 ] },
				"south": { "texture": "#seraph", "uv": [ 31.5, 1.5, 33.0, 2.0 ] },
				"west": { "texture": "#seraph", "uv": [ 33.0, 1.5, 33.5, 2.0 ] },
				"up": { "texture": "#seraph", "uv": [ 29.5, 1.0, 31.0, 1.5 ] },
				"down": { "texture": "#seraph", "uv": [ 31.0, 1.0, 32.5, 1.5 ] }
			}
		},
		{
			"name": "Cube5",
			"stepParentName": "Tail2",
			"from": [ 4.5, 3.0, 1.3 ],
			"to": [ 6.0, 3.8, 1.7 ],
			"uv": [ 29.25, 0.75 ],
			"rotationOrigin": [ 4.5, 3.0, 1.3 ],
			"faces": {
				"north": { "texture": "#seraph", "uv": [ 29.5, 1.5, 31.0, 2.0 ] },
				"east": { "texture": "#seraph", "uv": [ 31.0, 1.5, 31.5, 2.0 ] },
				"south": { "texture": "#seraph", "uv": [ 31.5, 1.5, 33.0, 2.0 ] },
				"west": { "texture": "#seraph", "uv": [ 33.0, 1.5, 33.5, 2.0 ] },
				"up": { "texture": "#seraph", "uv": [ 29.5, 1.0, 31.0, 1.5 ] },
				"down": { "texture": "#seraph", "uv": [ 31.0, 1.0, 32.5, 1.5 ] }
			}
		},
		{
			"name": "Cube6",
			"stepParentName": "Tail3",
			"from": [ 1.6, 2.0, 0.9 ],
			"to": [ 2.4, 2.5, 1.3 ],
			"uv": [ 29.25, 0.75 ],
			"rotationOrigin": [ 1.6, 2.0, 0.9 ],
			"faces": {
				"north": { "texture": "#seraph", "uv": [ 29.5, 1.5, 30.0, 2.0 ] },
				"east": { "texture": "#seraph", "uv": [ 30.0, 1.5, 30.5, 2.0 ] },
				"south": { "texture": "#seraph", "uv": [ 30.5, 1.5, 31.0, 2.0 ] },
				"west": { "texture": "#seraph", "uv": [ 31.0, 1.5, 31.5, 2.0 ] },
				"up": { "texture": "#seraph", "uv": [ 29.5, 1.0, 30.0, 1.5 ] },
				"down": { "texture": "#seraph", "uv": [ 30.0, 1.0, 30.5, 1.5 ] }
			}
		},
		{
			"name": "Cube7",
			"stepParentName": "Tail3",
			"from": [ 2.8, 2.0, 0.9 ],
			"to": [ 3.6, 2.5, 1.3 ],
			"uv": [ 29.25, 0.75 ],
			"rotationOrigin": [ 2.8, 2.0, 0.9 ],
			"faces": {
				"north": { "texture": "#seraph", "uv": [ 29.5, 1.5, 30.0, 2.0 ] },
				"east": { "texture": "#seraph", "uv": [ 30.0, 1.5, 30.5, 2.0 ] },
				"south": { "texture": "#seraph", "uv": [ 30.5, 1.5, 31.0, 2.0 ] },
				"west": { "texture": "#seraph", "uv": [ 31.0, 1.5, 31.5, 2.0 ] },
				"up": { "texture": "#seraph", "uv": [ 29.5, 1.0, 30.0, 1.5 ] },
				"down": { "texture": "#seraph", "uv": [ 30.0, 1.0, 30.5, 1.5 ] }
			}
		}
	]}